/*---------------------------------------------------------------------------*\
| =========                 |                                                 |
| \\      /  F ield         | OpenFOAM: The Open Source CFD Toolbox           |
|  \\    /   O peration     | Version:  2512                                  |
|   \\  /    A nd           | Website:  www.openfoam.com                      |
|    \\/     M anipulation  |                                                 |
\*---------------------------------------------------------------------------*/
Build  : _87ed40d256-20251219 OPENFOAM=2512 version=v2512
Arch   : "LSB;label=32;scalar=64"
Exec   : decomposePar -constant
Date   : Oct 07 2026
Time   : 09:33:26
Host   : x1001c1s5b1n0
PID    : 988020
I/O    : uncollated
Case   : /scratch/users/industry/hpcadvisorycouncil/pengzhi/openfoam-occ-drivaer/runs/nosrx-hierarchical-2node.25710715
nProcs : 1
trapFpe: Floating point exception trapping enabled (FOAM_SIGFPE).
memory pool : not available
fileModificationChecking : Monitoring run-time modified files using timeStampMaster (fileModificationSkew 5, maxFileModificationPolls 20)
allowSystemOperations : Allowing user-supplied system call operations

// * * * * * * * * * * * * * * * * * * * * * * * * * * * * * * * * * * * * * //
Create time



Decomposing mesh

Create mesh

Calculating distribution of cells
Decomposition method hierarchical [256] (region region0)

Finished decomposition in 31.86 s

Calculating original mesh data

Distributing cells to processors

Distributing faces to processors

Distributing points to processors

Constructing processor meshes

Processor 0
    Number of cells = 255213
    Number of points = 299942
    Number of faces shared with processor 128 = 4696
    Number of faces shared with processor 129 = 1
    Number of faces shared with processor 1 = 4374
    Number of faces shared with processor 3 = 13
    Number of faces shared with processor 16 = 5383
    Number of faces shared with processor 145 = 4
    Number of faces shared with processor 17 = 3266
    Number of faces shared with processor 32 = 4
    Number of processor patches = 8
    Number of processor faces = 17741
    Number of boundary faces = 26832

Processor 1
    Number of cells = 255213
    Number of points = 303488
    Number of faces shared with processor 128 = 711
    Number of faces shared with processor 0 = 4374
    Number of faces shared with processor 129 = 2689
    Number of faces shared with processor 130 = 586
    Number of faces shared with processor 2 = 6408
    Number of faces shared with processor 3 = 3
    Number of faces shared with processor 145 = 1250
    Number of faces shared with processor 17 = 7037
    Number of processor patches = 8
    Number of processor faces = 23058
    Number of boundary faces = 25396

Processor 2
    Number of cells = 255213
    Number of points = 304257
    Number of faces shared with processor 1 = 6408
    Number of faces shared with processor 130 = 1939
    Number of faces shared with processor 3 = 5412
    Number of faces shared with processor 17 = 238
    Number of faces shared with processor 146 = 583
    Number of faces shared with processor 18 = 8488
    Number of faces shared with processor 147 = 1
    Number of faces shared with processor 19 = 213
    Number of processor patches = 8
    Number of processor faces = 23282
    Number of boundary faces = 30890

Processor 3
    Number of cells = 255213
    Number of points = 295403
    Number of faces shared with processor 128 = 7
    Number of faces shared with processor 0 = 13
    Number of faces shared with processor 1 = 3
    Number of faces shared with processor 130 = 807
    Number of faces shared with processor 2 = 5412
    Number of faces shared with processor 131 = 3054
    Number of faces shared with processor 4 = 4650
    Number of faces shared with processor 6 = 20
    Number of faces shared with processor 147 = 1407
    Number of faces shared with processor 19 = 5358
    Number of faces shared with processor 20 = 123
    Number of processor patches = 11
    Number of processor faces = 20854
    Number of boundary faces = 21780

Processor 4
    Number of cells = 255213
    Number of points = 283121
    Number of faces shared with processor 131 = 718
    Number of faces shared with processor 3 = 4650
    Number of faces shared with processor 132 = 2569
    Number of faces shared with processor 5 = 5566
    Number of faces shared with processor 20 = 3416
    Number of faces shared with processor 21 = 1009
    Number of processor patches = 6
    Number of processor faces = 17928
    Number of boundary faces = 16748

Processor 5
    Number of cells = 255213
    Number of points = 281887
    Number of faces shared with processor 132 = 735
    Number of faces shared with processor 4 = 5566
    Number of faces shared with processor 133 = 2629
    Number of faces shared with processor 134 = 290
    Number of faces shared with processor 6 = 5895
    Number of faces shared with processor 21 = 15132
    Number of faces shared with processor 22 = 460
    Number of processor patches = 7
    Number of processor faces = 30707
    Number of boundary faces = 4741

Processor 6
    Number of cells = 255213
    Number of points = 280545
    Number of faces shared with processor 3 = 20
    Number of faces shared with processor 5 = 5895
    Number of faces shared with processor 134 = 2879
    Number of faces shared with processor 135 = 112
    Number of faces shared with processor 7 = 5773
    Number of faces shared with processor 8 = 26
    Number of faces shared with processor 22 = 13697
    Number of processor patches = 7
    Number of processor faces = 28402
    Number of boundary faces = 5042

Processor 7
    Number of cells = 255213
    Number of points = 280540
    Number of faces shared with processor 6 = 5773
    Number of faces shared with processor 135 = 2839
    Number of faces shared with processor 8 = 6189
    Number of faces shared with processor 22 = 539
    Number of faces shared with processor 23 = 12122
    Number of processor patches = 5
    Number of processor faces = 27462
    Number of boundary faces = 6370

Processor 8
    Number of cells = 255213
    Number of points = 282721
    Number of faces shared with processor 6 = 26
    Number of faces shared with processor 135 = 154
    Number of faces shared with processor 7 = 6189
    Number of faces shared with processor 136 = 2938
    Number of faces shared with processor 137 = 764
    Number of faces shared with processor 9 = 5730
    Number of faces shared with processor 138 = 4
    Number of faces shared with processor 10 = 4
    Number of faces shared with processor 12 = 20
    Number of faces shared with processor 23 = 402
    Number of faces shared with processor 152 = 1203
    Number of faces shared with processor 24 = 9605
    Number of processor patches = 12
    Number of processor faces = 27039
    Number of boundary faces = 8311

Processor 9
    Number of cells = 255213
    Number of points = 295149
    Number of faces shared with processor 8 = 5730
    Number of faces shared with processor 137 = 2239
    Number of faces shared with processor 138 = 569
    Number of faces shared with processor 10 = 7317
    Number of faces shared with processor 152 = 1
    Number of faces shared with processor 24 = 779
    Number of faces shared with processor 153 = 1392
    Number of faces shared with processor 25 = 5263
    Number of processor patches = 8
    Number of processor faces = 23290
    Number of boundary faces = 20136

Processor 10
    Number of cells = 255213
    Number of points = 300577
    Number of faces shared with processor 8 = 4
    Number of faces shared with processor 9 = 7317
    Number of faces shared with processor 138 = 2074
    Number of faces shared with processor 11 = 7402
    Number of faces shared with processor 12 = 3
    Number of faces shared with processor 153 = 20
    Number of faces shared with processor 25 = 768
    Number of faces shared with processor 154 = 3761
    Number of faces shared with processor 26 = 6444
    Number of faces shared with processor 155 = 14
    Number of faces shared with processor 27 = 44
    Number of processor patches = 11
    Number of processor faces = 27851
    Number of boundary faces = 20366

Processor 11
    Number of cells = 255213
    Number of points = 292541
    Number of faces shared with processor 138 = 924
    Number of faces shared with processor 10 = 7402
    Number of faces shared with processor 139 = 2332
    Number of faces shared with processor 12 = 5829
    Number of faces shared with processor 155 = 1391
    Number of faces shared with processor 27 = 4619
    Number of faces shared with processor 28 = 1125
    Number of processor patches = 7
    Number of processor faces = 23622
    Number of boundary faces = 18129

Processor 12
    Number of cells = 255213
    Number of points = 273392
    Number of faces shared with processor 8 = 20
    Number of faces shared with processor 138 = 3
    Number of faces shared with processor 10 = 3
    Number of faces shared with processor 139 = 537
    Number of faces shared with processor 11 = 5829
    Number of faces shared with processor 140 = 2677
    Number of faces shared with processor 141 = 164
    Number of faces shared with processor 13 = 6261
    Number of faces shared with processor 14 = 20
    Number of faces shared with processor 156 = 523
    Number of faces shared with processor 28 = 5733
    Number of processor patches = 11
    Number of processor faces = 21770
    Number of boundary faces = 5173

Processor 13
    Number of cells = 255213
    Number of points = 273359
    Number of faces shared with processor 12 = 6261
    Number of faces shared with processor 141 = 2378
    Number of faces shared with processor 142 = 517
    Number of faces shared with processor 14 = 2510
    Number of faces shared with processor 29 = 5703
    Number of faces shared with processor 30 = 364
    Number of processor patches = 6
    Number of processor faces = 17733
    Number of boundary faces = 5976

Processor 14
    Number of cells = 255213
    Number of points = 283257
    Number of faces shared with processor 12 = 20
    Number of faces shared with processor 13 = 2510
    Number of faces shared with processor 142 = 5364
    Number of faces shared with processor 15 = 328
    Number of faces shared with processor 143 = 415
    Number of faces shared with processor 30 = 5796
    Number of faces shared with processor 31 = 318
    Number of faces shared with processor 159 = 478
    Number of faces shared with processor 175 = 95
    Number of faces shared with processor 47 = 90
    Number of processor patches = 10
    Number of processor faces = 15414
    Number of boundary faces = 19408

Processor 15
    Number of cells = 255214
    Number of points = 319030
    Number of faces shared with processor 14 = 328
    Number of faces shared with processor 143 = 58906
    Number of faces shared with processor 31 = 4078
    Number of processor patches = 3
    Number of processor faces = 63312
    Number of boundary faces = 58085

Processor 16
    Number of cells = 255213
    Number of points = 306488
    Number of faces shared with processor 128 = 881
    Number of faces shared with processor 0 = 5383
    Number of faces shared with processor 144 = 3725
    Number of faces shared with processor 145 = 442
    Number of faces shared with processor 17 = 1105
    Number of faces shared with processor 160 = 109
    Number of faces shared with processor 32 = 4806
    Number of faces shared with processor 161 = 508
    Number of faces shared with processor 33 = 3253
    Number of faces shared with processor 48 = 4
    Number of faces shared with processor 177 = 295
    Number of faces shared with processor 49 = 1874
    Number of processor patches = 12
    Number of processor faces = 22385
    Number of boundary faces = 28148

Processor 17
    Number of cells = 255213
    Number of points = 314993
    Number of faces shared with processor 128 = 4
    Number of faces shared with processor 0 = 3266
    Number of faces shared with processor 1 = 7037
    Number of faces shared with processor 2 = 238
    Number of faces shared with processor 16 = 1105
    Number of faces shared with processor 145 = 1842
    Number of faces shared with processor 146 = 218
    Number of faces shared with processor 18 = 3991
    Number of faces shared with processor 33 = 9928
    Number of processor patches = 9
    Number of processor faces = 27629
    Number of boundary faces = 38240

Processor 18
    Number of cells = 255213
    Number of points = 309442
    Number of faces shared with processor 2 = 8488
    Number of faces shared with processor 17 = 3991
    Number of faces shared with processor 146 = 1357
    Number of faces shared with processor 19 = 2756
    Number of faces shared with processor 33 = 357
    Number of faces shared with processor 34 = 5042
    Number of processor patches = 6
    Number of processor faces = 21991
    Number of boundary faces = 38619

Processor 19
    Number of cells = 255213
    Number of points = 309451
    Number of faces shared with processor 2 = 213
    Number of faces shared with processor 3 = 5358
    Number of faces shared with processor 146 = 327
    Number of faces shared with processor 18 = 2756
    Number of faces shared with processor 147 = 1920
    Number of faces shared with processor 20 = 1008
    Number of faces shared with processor 34 = 949
    Number of faces shared with processor 35 = 4923
    Number of processor patches = 8
    Number of processor faces = 17454
    Number of boundary faces = 35338

Processor 20
    Number of cells = 255213
    Number of points = 295035
    Number of faces shared with processor 131 = 94
    Number of faces shared with processor 3 = 123
    Number of faces shared with processor 132 = 2251
    Number of faces shared with processor 4 = 3416
    Number of faces shared with processor 147 = 203
    Number of faces shared with processor 19 = 1008
    Number of faces shared with processor 148 = 1569
    Number of faces shared with processor 149 = 110
    Number of faces shared with processor 21 = 1322
    Number of faces shared with processor 35 = 607
    Number of faces shared with processor 36 = 1693
    Number of faces shared with processor 165 = 29
    Number of faces shared with processor 37 = 798
    Number of processor patches = 13
    Number of processor faces = 13223
    Number of boundary faces = 29139

Processor 21
    Number of cells = 255213
    Number of points = 303037
    Number of faces shared with processor 132 = 521
    Number of faces shared with processor 4 = 1009
    Number of faces shared with processor 133 = 7931
    Number of faces shared with processor 5 = 15132
    Number of faces shared with processor 20 = 1322
    Number of faces shared with processor 149 = 687
    Number of faces shared with processor 150 = 144
    Number of faces shared with processor 22 = 1999
    Number of faces shared with processor 165 = 1403
    Number of faces shared with processor 37 = 2849
    Number of faces shared with processor 38 = 575
    Number of processor patches = 11
    Number of processor faces = 33572
    Number of boundary faces = 37823

Processor 22
    Number of cells = 255213
    Number of points = 295740
    Number of faces shared with processor 133 = 145
    Number of faces shared with processor 5 = 460
    Number of faces shared with processor 134 = 7283
    Number of faces shared with processor 6 = 13697
    Number of faces shared with processor 135 = 331
    Number of faces shared with processor 7 = 539
    Number of faces shared with processor 21 = 1999
    Number of faces shared with processor 150 = 747
    Number of faces shared with processor 151 = 32
    Number of faces shared with processor 23 = 1803
    Number of faces shared with processor 38 = 4259
    Number of processor patches = 11
    Number of processor faces = 31295
    Number of boundary faces = 33877

Processor 23
    Number of cells = 255213
    Number of points = 299550
    Number of faces shared with processor 135 = 3737
    Number of faces shared with processor 7 = 12122
    Number of faces shared with processor 136 = 148
    Number of faces shared with processor 8 = 402
    Number of faces shared with processor 22 = 1803
    Number of faces shared with processor 151 = 326
    Number of faces shared with processor 152 = 37
    Number of faces shared with processor 24 = 1782
    Number of faces shared with processor 38 = 845
    Number of faces shared with processor 39 = 2476
    Number of faces shared with processor 40 = 321
    Number of processor patches = 11
    Number of processor faces = 23999
    Number of boundary faces = 34437

Processor 24
    Number of cells = 255213
    Number of points = 305619
    Number of faces shared with processor 8 = 9605
    Number of faces shared with processor 137 = 1
    Number of faces shared with processor 9 = 779
    Number of faces shared with processor 23 = 1782
    Number of faces shared with processor 152 = 1137
    Number of faces shared with processor 25 = 1562
    Number of faces shared with processor 40 = 5599
    Number of faces shared with processor 41 = 90
    Number of processor patches = 8
    Number of processor faces = 20555
    Number of boundary faces = 34116

Processor 25
    Number of cells = 255213
    Number of points = 316173
    Number of faces shared with processor 9 = 5263
    Number of faces shared with processor 10 = 768
    Number of faces shared with processor 24 = 1562
    Number of faces shared with processor 153 = 1962
    Number of faces shared with processor 154 = 367
    Number of faces shared with processor 26 = 4196
    Number of faces shared with processor 40 = 2
    Number of faces shared with processor 41 = 8474
    Number of faces shared with processor 42 = 916
    Number of processor patches = 9
    Number of processor faces = 23510
    Number of boundary faces = 37805

Processor 26
    Number of cells = 255213
    Number of points = 309776
    Number of faces shared with processor 10 = 6444
    Number of faces shared with processor 25 = 4196
    Number of faces shared with processor 154 = 1569
    Number of faces shared with processor 27 = 3303
    Number of faces shared with processor 42 = 5283
    Number of processor patches = 5
    Number of processor faces = 20795
    Number of boundary faces = 43228

Processor 27
    Number of cells = 255213
    Number of points = 315122
    Number of faces shared with processor 10 = 44
    Number of faces shared with processor 11 = 4619
    Number of faces shared with processor 154 = 611
    Number of faces shared with processor 26 = 3303
    Number of faces shared with processor 155 = 1943
    Number of faces shared with processor 28 = 4336
    Number of faces shared with processor 170 = 87
    Number of faces shared with processor 42 = 1622
    Number of faces shared with processor 43 = 5721
    Number of faces shared with processor 172 = 2
    Number of faces shared with processor 44 = 75
    Number of processor patches = 11
    Number of processor faces = 22363
    Number of boundary faces = 35276

Processor 28
    Number of cells = 255213
    Number of points = 302030
    Number of faces shared with processor 139 = 70
    Number of faces shared with processor 11 = 1125
    Number of faces shared with processor 12 = 5733
    Number of faces shared with processor 155 = 2612
    Number of faces shared with processor 27 = 4336
    Number of faces shared with processor 156 = 1338
    Number of faces shared with processor 29 = 2730
    Number of faces shared with processor 172 = 3681
    Number of faces shared with processor 44 = 7420
    Number of processor patches = 9
    Number of processor faces = 29045
    Number of boundary faces = 26034

Processor 29
    Number of cells = 255213
    Number of points = 289997
    Number of faces shared with processor 141 = 359
    Number of faces shared with processor 13 = 5703
    Number of faces shared with processor 156 = 334
    Number of faces shared with processor 28 = 2730
    Number of faces shared with processor 157 = 2277
    Number of faces shared with processor 30 = 944
    Number of faces shared with processor 172 = 935
    Number of faces shared with processor 44 = 3268
    Number of faces shared with processor 173 = 824
    Number of faces shared with processor 45 = 5145
    Number of faces shared with processor 46 = 336
    Number of processor patches = 11
    Number of processor faces = 22855
    Number of boundary faces = 13278

Processor 30
    Number of cells = 255213
    Number of points = 271488
    Number of faces shared with processor 141 = 112
    Number of faces shared with processor 13 = 364
    Number of faces shared with processor 142 = 4787
    Number of faces shared with processor 14 = 5796
    Number of faces shared with processor 157 = 212
    Number of faces shared with processor 29 = 944
    Number of faces shared with processor 158 = 3834
    Number of faces shared with processor 174 = 1
    Number of faces shared with processor 46 = 10625
    Number of faces shared with processor 47 = 432
    Number of faces shared with processor 175 = 1176
    Number of processor patches = 11
    Number of processor faces = 28283
    Number of boundary faces = 3769

Processor 31
    Number of cells = 255214
    Number of points = 307254
    Number of faces shared with processor 14 = 318
    Number of faces shared with processor 143 = 707
    Number of faces shared with processor 15 = 4078
    Number of faces shared with processor 159 = 46126
    Number of faces shared with processor 47 = 4875
    Number of processor patches = 5
    Number of processor faces = 56104
    Number of boundary faces = 45897

Processor 32
    Number of cells = 255213
    Number of points = 299336
    Number of faces shared with processor 128 = 1
    Number of faces shared with processor 0 = 4
    Number of faces shared with processor 144 = 3
    Number of faces shared with processor 16 = 4806
    Number of faces shared with processor 160 = 1859
    Number of faces shared with processor 176 = 74
    Number of faces shared with processor 48 = 5461
    Number of faces shared with processor 49 = 1260
    Number of faces shared with processor 80 = 4
    Number of processor patches = 9
    Number of processor faces = 13472
    Number of boundary faces = 29360

Processor 33
    Number of cells = 255213
    Number of points = 315286
    Number of faces shared with processor 16 = 3253
    Number of faces shared with processor 145 = 758
    Number of faces shared with processor 17 = 9928
    Number of faces shared with processor 146 = 53
    Number of faces shared with processor 18 = 357
    Number of faces shared with processor 161 = 1935
    Number of faces shared with processor 162 = 173
    Number of faces shared with processor 34 = 4398
    Number of faces shared with processor 177 = 297
    Number of faces shared with processor 49 = 4646
    Number of processor patches = 10
    Number of processor faces = 25798
    Number of boundary faces = 34722

Processor 34
    Number of cells = 255213
    Number of points = 306587
    Number of faces shared with processor 146 = 565
    Number of faces shared with processor 18 = 5042
    Number of faces shared with processor 147 = 14
    Number of faces shared with processor 19 = 949
    Number of faces shared with processor 33 = 4398
    Number of faces shared with processor 162 = 1588
    Number of faces shared with processor 35 = 1585
    Number of faces shared with processor 177 = 16
    Number of faces shared with processor 49 = 227
    Number of faces shared with processor 50 = 3079
    Number of processor patches = 10
    Number of processor faces = 17463
    Number of boundary faces = 37266

Processor 35
    Number of cells = 255213
    Number of points = 301104
    Number of faces shared with processor 147 = 505
    Number of faces shared with processor 19 = 4923
    Number of faces shared with processor 20 = 607
    Number of faces shared with processor 162 = 42
    Number of faces shared with processor 34 = 1585
    Number of faces shared with processor 163 = 1879
    Number of faces shared with processor 36 = 932
    Number of faces shared with processor 178 = 84
    Number of faces shared with processor 50 = 3481
    Number of faces shared with processor 51 = 1915
    Number of processor patches = 10
    Number of processor faces = 15953
    Number of boundary faces = 28471

Processor 36
    Number of cells = 255213
    Number of points = 302202
    Number of faces shared with processor 20 = 1693
    Number of faces shared with processor 35 = 932
    Number of faces shared with processor 164 = 1804
    Number of faces shared with processor 37 = 1618
    Number of faces shared with processor 51 = 2104
    Number of faces shared with processor 52 = 4693
    Number of faces shared with processor 181 = 6
    Number of faces shared with processor 53 = 913
    Number of processor patches = 8
    Number of processor faces = 13763
    Number of boundary faces = 26376

Processor 37
    Number of cells = 255213
    Number of points = 293095
    Number of faces shared with processor 20 = 798
    Number of faces shared with processor 21 = 2849
    Number of faces shared with processor 36 = 1618
    Number of faces shared with processor 165 = 1168
    Number of faces shared with processor 38 = 1516
    Number of faces shared with processor 53 = 1620
    Number of faces shared with processor 54 = 1380
    Number of processor patches = 7
    Number of processor faces = 10949
    Number of boundary faces = 26830

Processor 38
    Number of cells = 255213
    Number of points = 297450
    Number of faces shared with processor 149 = 299
    Number of faces shared with processor 21 = 575
    Number of faces shared with processor 150 = 3303
    Number of faces shared with processor 22 = 4259
    Number of faces shared with processor 151 = 248
    Number of faces shared with processor 23 = 845
    Number of faces shared with processor 165 = 20
    Number of faces shared with processor 37 = 1516
    Number of faces shared with processor 166 = 1483
    Number of faces shared with processor 39 = 1293
    Number of faces shared with processor 54 = 2207
    Number of processor patches = 11
    Number of processor faces = 16048
    Number of boundary faces = 30167

Processor 39
    Number of cells = 255213
    Number of points = 297351
    Number of faces shared with processor 23 = 2476
    Number of faces shared with processor 38 = 1293
    Number of faces shared with processor 167 = 1225
    Number of faces shared with processor 40 = 1485
    Number of faces shared with processor 54 = 786
    Number of faces shared with processor 183 = 245
    Number of faces shared with processor 55 = 2757
    Number of faces shared with processor 184 = 186
    Number of faces shared with processor 56 = 1555
    Number of processor patches = 9
    Number of processor faces = 12008
    Number of boundary faces = 29845

Processor 40
    Number of cells = 255213
    Number of points = 305585
    Number of faces shared with processor 23 = 321
    Number of faces shared with processor 152 = 406
    Number of faces shared with processor 24 = 5599
    Number of faces shared with processor 25 = 2
    Number of faces shared with processor 39 = 1485
    Number of faces shared with processor 168 = 620
    Number of faces shared with processor 169 = 844
    Number of faces shared with processor 41 = 3003
    Number of faces shared with processor 56 = 2930
    Number of faces shared with processor 185 = 63
    Number of faces shared with processor 57 = 2114
    Number of processor patches = 11
    Number of processor faces = 17387
    Number of boundary faces = 31399

Processor 41
    Number of cells = 255213
    Number of points = 313568
    Number of faces shared with processor 24 = 90
    Number of faces shared with processor 153 = 2625
    Number of faces shared with processor 25 = 8474
    Number of faces shared with processor 40 = 3003
    Number of faces shared with processor 169 = 1779
    Number of faces shared with processor 170 = 607
    Number of faces shared with processor 42 = 4533
    Number of faces shared with processor 185 = 2844
    Number of faces shared with processor 57 = 2012
    Number of faces shared with processor 186 = 138
    Number of faces shared with processor 58 = 282
    Number of processor patches = 11
    Number of processor faces = 26387
    Number of boundary faces = 27776

Processor 42
    Number of cells = 255213
    Number of points = 304132
    Number of faces shared with processor 153 = 53
    Number of faces shared with processor 25 = 916
    Number of faces shared with processor 154 = 944
    Number of faces shared with processor 26 = 5283
    Number of faces shared with processor 27 = 1622
    Number of faces shared with processor 41 = 4533
    Number of faces shared with processor 170 = 1212
    Number of faces shared with processor 43 = 2244
    Number of faces shared with processor 58 = 1727
    Number of processor patches = 9
    Number of processor faces = 18534
    Number of boundary faces = 35160

Processor 43
    Number of cells = 255213
    Number of points = 309517
    Number of faces shared with processor 155 = 710
    Number of faces shared with processor 27 = 5721
    Number of faces shared with processor 170 = 313
    Number of faces shared with processor 42 = 2244
    Number of faces shared with processor 171 = 5386
    Number of faces shared with processor 172 = 675
    Number of faces shared with processor 44 = 2282
    Number of faces shared with processor 186 = 497
    Number of faces shared with processor 58 = 1883
    Number of faces shared with processor 187 = 960
    Number of faces shared with processor 59 = 2802
    Number of faces shared with processor 188 = 125
    Number of faces shared with processor 60 = 1479
    Number of processor patches = 13
    Number of processor faces = 25077
    Number of boundary faces = 25967

Processor 44
    Number of cells = 255213
    Number of points = 306560
    Number of faces shared with processor 27 = 75
    Number of faces shared with processor 28 = 7420
    Number of faces shared with processor 29 = 3268
    Number of faces shared with processor 43 = 2282
    Number of faces shared with processor 172 = 1823
    Number of faces shared with processor 45 = 895
    Number of faces shared with processor 188 = 45
    Number of faces shared with processor 60 = 2746
    Number of processor patches = 8
    Number of processor faces = 18554
    Number of boundary faces = 30224

Processor 45
    Number of cells = 255213
    Number of points = 302207
    Number of faces shared with processor 29 = 5145
    Number of faces shared with processor 172 = 525
    Number of faces shared with processor 44 = 895
    Number of faces shared with processor 173 = 1599
    Number of faces shared with processor 46 = 846
    Number of faces shared with processor 188 = 983
    Number of faces shared with processor 60 = 1859
    Number of faces shared with processor 61 = 4903
    Number of processor patches = 8
    Number of processor faces = 16755
    Number of boundary faces = 24795

Processor 46
    Number of cells = 255213
    Number of points = 271535
    Number of faces shared with processor 157 = 77
    Number of faces shared with processor 29 = 336
    Number of faces shared with processor 158 = 26
    Number of faces shared with processor 30 = 10625
    Number of faces shared with processor 173 = 396
    Number of faces shared with processor 45 = 846
    Number of faces shared with processor 174 = 3832
    Number of faces shared with processor 47 = 180
    Number of faces shared with processor 175 = 482
    Number of faces shared with processor 189 = 8
    Number of faces shared with processor 61 = 61
    Number of faces shared with processor 190 = 124
    Number of faces shared with processor 62 = 10456
    Number of faces shared with processor 63 = 252
    Number of faces shared with processor 191 = 718
    Number of processor patches = 15
    Number of processor faces = 28419
    Number of boundary faces = 3725

Processor 47
    Number of cells = 255214
    Number of points = 299052
    Number of faces shared with processor 14 = 90
    Number of faces shared with processor 30 = 432
    Number of faces shared with processor 159 = 3412
    Number of faces shared with processor 31 = 4875
    Number of faces shared with processor 46 = 180
    Number of faces shared with processor 175 = 8646
    Number of faces shared with processor 191 = 159
    Number of faces shared with processor 63 = 8102
    Number of processor patches = 8
    Number of processor faces = 25896
    Number of boundary faces = 33612

Processor 48
    Number of cells = 255213
    Number of points = 297090
    Number of faces shared with processor 16 = 4
    Number of faces shared with processor 32 = 5461
    Number of faces shared with processor 176 = 1590
    Number of faces shared with processor 49 = 945
    Number of faces shared with processor 192 = 17
    Number of faces shared with processor 64 = 5061
    Number of faces shared with processor 65 = 81
    Number of faces shared with processor 80 = 4
    Number of processor patches = 8
    Number of processor faces = 13163
    Number of boundary faces = 30843

Processor 49
    Number of cells = 255213
    Number of points = 300564
    Number of faces shared with processor 16 = 1874
    Number of faces shared with processor 32 = 1260
    Number of faces shared with processor 33 = 4646
    Number of faces shared with processor 34 = 227
    Number of faces shared with processor 48 = 945
    Number of faces shared with processor 177 = 1345
    Number of faces shared with processor 50 = 5157
    Number of faces shared with processor 65 = 1178
    Number of processor patches = 8
    Number of processor faces = 16632
    Number of boundary faces = 24821

Processor 50
    Number of cells = 255213
    Number of points = 302220
    Number of faces shared with processor 162 = 78
    Number of faces shared with processor 34 = 3079
    Number of faces shared with processor 35 = 3481
    Number of faces shared with processor 177 = 368
    Number of faces shared with processor 49 = 5157
    Number of faces shared with processor 178 = 1553
    Number of faces shared with processor 51 = 1767
    Number of faces shared with processor 65 = 117
    Number of faces shared with processor 66 = 978
    Number of processor patches = 9
    Number of processor faces = 16578
    Number of boundary faces = 27009

Processor 51
    Number of cells = 255213
    Number of points = 300391
    Number of faces shared with processor 35 = 1915
    Number of faces shared with processor 164 = 218
    Number of faces shared with processor 36 = 2104
    Number of faces shared with processor 50 = 1767
    Number of faces shared with processor 179 = 3514
    Number of faces shared with processor 52 = 792
    Number of faces shared with processor 66 = 26
    Number of faces shared with processor 67 = 1903
    Number of faces shared with processor 68 = 7
    Number of processor patches = 9
    Number of processor faces = 12246
    Number of boundary faces = 30511

Processor 52
    Number of cells = 255213
    Number of points = 303464
    Number of faces shared with processor 164 = 866
    Number of faces shared with processor 36 = 4693
    Number of faces shared with processor 51 = 792
    Number of faces shared with processor 180 = 918
    Number of faces shared with processor 181 = 567
    Number of faces shared with processor 53 = 1803
    Number of faces shared with processor 68 = 2918
    Number of faces shared with processor 69 = 208
    Number of processor patches = 8
    Number of processor faces = 12765
    Number of boundary faces = 38456

Processor 53
    Number of cells = 255213
    Number of points = 298044
    Number of faces shared with processor 36 = 913
    Number of faces shared with processor 37 = 1620
    Number of faces shared with processor 52 = 1803
    Number of faces shared with processor 181 = 2926
    Number of faces shared with processor 182 = 250
    Number of faces shared with processor 54 = 1280
    Number of faces shared with processor 69 = 3532
    Number of faces shared with processor 198 = 4
    Number of faces shared with processor 70 = 31
    Number of processor patches = 9
    Number of processor faces = 12359
    Number of boundary faces = 37512

Processor 54
    Number of cells = 255213
    Number of points = 296069
    Number of faces shared with processor 37 = 1380
    Number of faces shared with processor 38 = 2207
    Number of faces shared with processor 39 = 786
    Number of faces shared with processor 53 = 1280
    Number of faces shared with processor 182 = 2507
    Number of faces shared with processor 55 = 2042
    Number of faces shared with processor 70 = 3761
    Number of processor patches = 7
    Number of processor faces = 13963
    Number of boundary faces = 24916

Processor 55
    Number of cells = 255213
    Number of points = 303030
    Number of faces shared with processor 39 = 2757
    Number of faces shared with processor 182 = 107
    Number of faces shared with processor 54 = 2042
    Number of faces shared with processor 183 = 3278
    Number of faces shared with processor 56 = 1393
    Number of faces shared with processor 198 = 3
    Number of faces shared with processor 70 = 144
    Number of faces shared with processor 199 = 1314
    Number of faces shared with processor 71 = 2273
    Number of faces shared with processor 200 = 314
    Number of faces shared with processor 72 = 390
    Number of processor patches = 11
    Number of processor faces = 14015
    Number of boundary faces = 28917

Processor 56
    Number of cells = 255213
    Number of points = 304572
    Number of faces shared with processor 39 = 1555
    Number of faces shared with processor 40 = 2930
    Number of faces shared with processor 55 = 1393
    Number of faces shared with processor 184 = 3206
    Number of faces shared with processor 57 = 3421
    Number of faces shared with processor 200 = 1018
    Number of faces shared with processor 72 = 2586
    Number of faces shared with processor 73 = 263
    Number of processor patches = 8
    Number of processor faces = 16372
    Number of boundary faces = 28656

Processor 57
    Number of cells = 255213
    Number of points = 305070
    Number of faces shared with processor 40 = 2114
    Number of faces shared with processor 41 = 2012
    Number of faces shared with processor 184 = 1048
    Number of faces shared with processor 56 = 3421
    Number of faces shared with processor 185 = 2322
    Number of faces shared with processor 58 = 6657
    Number of faces shared with processor 73 = 930
    Number of faces shared with processor 74 = 52
    Number of processor patches = 8
    Number of processor faces = 18556
    Number of boundary faces = 27952

Processor 58
    Number of cells = 255213
    Number of points = 306633
    Number of faces shared with processor 41 = 282
    Number of faces shared with processor 170 = 145
    Number of faces shared with processor 42 = 1727
    Number of faces shared with processor 43 = 1883
    Number of faces shared with processor 185 = 90
    Number of faces shared with processor 57 = 6657
    Number of faces shared with processor 186 = 1864
    Number of faces shared with processor 187 = 125
    Number of faces shared with processor 59 = 6057
    Number of faces shared with processor 74 = 1823
    Number of processor patches = 10
    Number of processor faces = 20653
    Number of boundary faces = 30831

Processor 59
    Number of cells = 255213
    Number of points = 310976
    Number of faces shared with processor 43 = 2802
    Number of faces shared with processor 58 = 6057
    Number of faces shared with processor 187 = 3186
    Number of faces shared with processor 188 = 375
    Number of faces shared with processor 60 = 3458
    Number of faces shared with processor 74 = 267
    Number of faces shared with processor 75 = 1279
    Number of faces shared with processor 76 = 1284
    Number of processor patches = 8
    Number of processor faces = 18708
    Number of boundary faces = 24767

Processor 60
    Number of cells = 255213
    Number of points = 302520
    Number of faces shared with processor 43 = 1479
    Number of faces shared with processor 44 = 2746
    Number of faces shared with processor 45 = 1859
    Number of faces shared with processor 59 = 3458
    Number of faces shared with processor 188 = 1976
    Number of faces shared with processor 61 = 1001
    Number of faces shared with processor 76 = 2093
    Number of processor patches = 7
    Number of processor faces = 14612
    Number of boundary faces = 29747

Processor 61
    Number of cells = 255213
    Number of points = 292028
    Number of faces shared with processor 173 = 1093
    Number of faces shared with processor 45 = 4903
    Number of faces shared with processor 46 = 61
    Number of faces shared with processor 188 = 25
    Number of faces shared with processor 60 = 1001
    Number of faces shared with processor 189 = 1827
    Number of faces shared with processor 62 = 1299
    Number of faces shared with processor 76 = 1248
    Number of faces shared with processor 77 = 4573
    Number of processor patches = 9
    Number of processor faces = 16030
    Number of boundary faces = 22627

Processor 62
    Number of cells = 255213
    Number of points = 271486
    Number of faces shared with processor 46 = 10456
    Number of faces shared with processor 189 = 158
    Number of faces shared with processor 61 = 1299
    Number of faces shared with processor 190 = 3830
    Number of faces shared with processor 63 = 432
    Number of faces shared with processor 191 = 1163
    Number of faces shared with processor 205 = 15
    Number of faces shared with processor 77 = 194
    Number of faces shared with processor 206 = 10
    Number of faces shared with processor 78 = 10614
    Number of faces shared with processor 79 = 18
    Number of faces shared with processor 207 = 62
    Number of processor patches = 12
    Number of processor faces = 28251
    Number of boundary faces = 3795

Processor 63
    Number of cells = 255214
    Number of points = 298282
    Number of faces shared with processor 46 = 252
    Number of faces shared with processor 175 = 121
    Number of faces shared with processor 47 = 8102
    Number of faces shared with processor 62 = 432
    Number of faces shared with processor 191 = 9313
    Number of faces shared with processor 207 = 32
    Number of faces shared with processor 79 = 8116
    Number of processor patches = 7
    Number of processor faces = 26368
    Number of boundary faces = 33192

Processor 64
    Number of cells = 255213
    Number of points = 296890
    Number of faces shared with processor 48 = 5061
    Number of faces shared with processor 192 = 1688
    Number of faces shared with processor 65 = 1026
    Number of faces shared with processor 80 = 5197
    Number of processor patches = 4
    Number of processor faces = 12972
    Number of boundary faces = 30888

Processor 65
    Number of cells = 255213
    Number of points = 298466
    Number of faces shared with processor 48 = 81
    Number of faces shared with processor 49 = 1178
    Number of faces shared with processor 50 = 117
    Number of faces shared with processor 64 = 1026
    Number of faces shared with processor 193 = 1254
    Number of faces shared with processor 66 = 4629
    Number of faces shared with processor 80 = 1250
    Number of faces shared with processor 81 = 3226
    Number of faces shared with processor 82 = 52
    Number of faces shared with processor 96 = 1878
    Number of processor patches = 10
    Number of processor faces = 14691
    Number of boundary faces = 24953

Processor 66
    Number of cells = 255213
    Number of points = 301878
    Number of faces shared with processor 50 = 978
    Number of faces shared with processor 51 = 26
    Number of faces shared with processor 193 = 431
    Number of faces shared with processor 65 = 4629
    Number of faces shared with processor 194 = 1411
    Number of faces shared with processor 67 = 1705
    Number of faces shared with processor 210 = 82
    Number of faces shared with processor 82 = 2951
    Number of faces shared with processor 83 = 3551
    Number of processor patches = 9
    Number of processor faces = 15764
    Number of boundary faces = 27009

Processor 67
    Number of cells = 255213
    Number of points = 301698
    Number of faces shared with processor 51 = 1903
    Number of faces shared with processor 66 = 1705
    Number of faces shared with processor 195 = 2258
    Number of faces shared with processor 68 = 909
    Number of faces shared with processor 83 = 1650
    Number of faces shared with processor 212 = 861
    Number of faces shared with processor 84 = 1831
    Number of processor patches = 7
    Number of processor faces = 11117
    Number of boundary faces = 31342

Processor 68
    Number of cells = 255213
    Number of points = 305909
    Number of faces shared with processor 51 = 7
    Number of faces shared with processor 52 = 2918
    Number of faces shared with processor 195 = 33
    Number of faces shared with processor 67 = 909
    Number of faces shared with processor 196 = 1514
    Number of faces shared with processor 197 = 476
    Number of faces shared with processor 69 = 2012
    Number of faces shared with processor 212 = 2024
    Number of faces shared with processor 84 = 3043
    Number of processor patches = 9
    Number of processor faces = 12936
    Number of boundary faces = 36362

Processor 69
    Number of cells = 255213
    Number of points = 296693
    Number of faces shared with processor 52 = 208
    Number of faces shared with processor 53 = 3532
    Number of faces shared with processor 68 = 2012
    Number of faces shared with processor 197 = 2962
    Number of faces shared with processor 198 = 145
    Number of faces shared with processor 70 = 2129
    Number of faces shared with processor 212 = 74
    Number of faces shared with processor 84 = 721
    Number of faces shared with processor 85 = 1975
    Number of processor patches = 9
    Number of processor faces = 13758
    Number of boundary faces = 32920

Processor 70
    Number of cells = 255213
    Number of points = 297139
    Number of faces shared with processor 53 = 31
    Number of faces shared with processor 182 = 383
    Number of faces shared with processor 54 = 3761
    Number of faces shared with processor 55 = 144
    Number of faces shared with processor 69 = 2129
    Number of faces shared with processor 198 = 2274
    Number of faces shared with processor 199 = 230
    Number of faces shared with processor 71 = 1842
    Number of faces shared with processor 85 = 1245
    Number of faces shared with processor 86 = 2920
    Number of faces shared with processor 87 = 747
    Number of processor patches = 11
    Number of processor faces = 15706
    Number of boundary faces = 23886

Processor 71
    Number of cells = 255213
    Number of points = 302030
    Number of faces shared with processor 55 = 2273
    Number of faces shared with processor 70 = 1842
    Number of faces shared with processor 199 = 3261
    Number of faces shared with processor 200 = 13
    Number of faces shared with processor 72 = 1916
    Number of faces shared with processor 215 = 74
    Number of faces shared with processor 87 = 2256
    Number of processor patches = 7
    Number of processor faces = 11635
    Number of boundary faces = 29338

Processor 72
    Number of cells = 255213
    Number of points = 301734
    Number of faces shared with processor 55 = 390
    Number of faces shared with processor 56 = 2586
    Number of faces shared with processor 71 = 1916
    Number of faces shared with processor 200 = 2093
    Number of faces shared with processor 73 = 3724
    Number of faces shared with processor 87 = 711
    Number of faces shared with processor 88 = 2521
    Number of processor patches = 7
    Number of processor faces = 13941
    Number of boundary faces = 27110

Processor 73
    Number of cells = 255213
    Number of points = 305248
    Number of faces shared with processor 56 = 263
    Number of faces shared with processor 57 = 930
    Number of faces shared with processor 72 = 3724
    Number of faces shared with processor 201 = 1003
    Number of faces shared with processor 74 = 5995
    Number of faces shared with processor 88 = 1652
    Number of faces shared with processor 89 = 2771
    Number of processor patches = 7
    Number of processor faces = 16338
    Number of boundary faces = 28915

Processor 74
    Number of cells = 255213
    Number of points = 307626
    Number of faces shared with processor 57 = 52
    Number of faces shared with processor 58 = 1823
    Number of faces shared with processor 59 = 267
    Number of faces shared with processor 201 = 201
    Number of faces shared with processor 73 = 5995
    Number of faces shared with processor 202 = 3222
    Number of faces shared with processor 75 = 6549
    Number of faces shared with processor 89 = 413
    Number of faces shared with processor 218 = 340
    Number of faces shared with processor 90 = 1786
    Number of faces shared with processor 91 = 2304
    Number of processor patches = 11
    Number of processor faces = 22952
    Number of boundary faces = 30924

Processor 75
    Number of cells = 255213
    Number of points = 305446
    Number of faces shared with processor 59 = 1279
    Number of faces shared with processor 74 = 6549
    Number of faces shared with processor 203 = 2078
    Number of faces shared with processor 76 = 2483
    Number of faces shared with processor 91 = 3356
    Number of faces shared with processor 92 = 897
    Number of processor patches = 6
    Number of processor faces = 16642
    Number of boundary faces = 28816

Processor 76
    Number of cells = 255213
    Number of points = 294579
    Number of faces shared with processor 59 = 1284
    Number of faces shared with processor 188 = 444
    Number of faces shared with processor 60 = 2093
    Number of faces shared with processor 189 = 488
    Number of faces shared with processor 61 = 1248
    Number of faces shared with processor 75 = 2483
    Number of faces shared with processor 204 = 7610
    Number of faces shared with processor 205 = 782
    Number of faces shared with processor 77 = 1961
    Number of faces shared with processor 220 = 512
    Number of faces shared with processor 92 = 2438
    Number of faces shared with processor 221 = 103
    Number of faces shared with processor 93 = 260
    Number of processor patches = 13
    Number of processor faces = 21706
    Number of boundary faces = 29478

Processor 77
    Number of cells = 255213
    Number of points = 288922
    Number of faces shared with processor 189 = 134
    Number of faces shared with processor 61 = 4573
    Number of faces shared with processor 62 = 194
    Number of faces shared with processor 76 = 1961
    Number of faces shared with processor 205 = 2027
    Number of faces shared with processor 78 = 1242
    Number of faces shared with processor 221 = 203
    Number of faces shared with processor 93 = 4754
    Number of processor patches = 8
    Number of processor faces = 15088
    Number of boundary faces = 22012

Processor 78
    Number of cells = 255213
    Number of points = 271559
    Number of faces shared with processor 62 = 10614
    Number of faces shared with processor 205 = 95
    Number of faces shared with processor 77 = 1242
    Number of faces shared with processor 206 = 3841
    Number of faces shared with processor 79 = 432
    Number of faces shared with processor 207 = 1176
    Number of faces shared with processor 221 = 35
    Number of faces shared with processor 93 = 315
    Number of faces shared with processor 222 = 56
    Number of faces shared with processor 94 = 10633
    Number of processor patches = 10
    Number of processor faces = 28439
    Number of boundary faces = 3753

Processor 79
    Number of cells = 255214
    Number of points = 298771
    Number of faces shared with processor 62 = 18
    Number of faces shared with processor 191 = 74
    Number of faces shared with processor 63 = 8116
    Number of faces shared with processor 78 = 432
    Number of faces shared with processor 207 = 8663
    Number of faces shared with processor 94 = 234
    Number of faces shared with processor 223 = 173
    Number of faces shared with processor 95 = 8218
    Number of processor patches = 8
    Number of processor faces = 25928
    Number of boundary faces = 33381

Processor 80
    Number of cells = 255213
    Number of points = 298993
    Number of faces shared with processor 32 = 4
    Number of faces shared with processor 48 = 4
    Number of faces shared with processor 192 = 73
    Number of faces shared with processor 64 = 5197
    Number of faces shared with processor 65 = 1250
    Number of faces shared with processor 208 = 1696
    Number of faces shared with processor 224 = 1
    Number of faces shared with processor 96 = 4716
    Number of faces shared with processor 240 = 1
    Number of faces shared with processor 112 = 4
    Number of processor patches = 10
    Number of processor faces = 12946
    Number of boundary faces = 29475

Processor 81
    Number of cells = 255213
    Number of points = 313063
    Number of faces shared with processor 193 = 180
    Number of faces shared with processor 65 = 3226
    Number of faces shared with processor 209 = 2155
    Number of faces shared with processor 210 = 222
    Number of faces shared with processor 82 = 4574
    Number of faces shared with processor 96 = 2876
    Number of faces shared with processor 225 = 631
    Number of faces shared with processor 97 = 8737
    Number of faces shared with processor 226 = 21
    Number of faces shared with processor 98 = 241
    Number of processor patches = 10
    Number of processor faces = 22863
    Number of boundary faces = 34377

Processor 82
    Number of cells = 255213
    Number of points = 306857
    Number of faces shared with processor 193 = 6
    Number of faces shared with processor 65 = 52
    Number of faces shared with processor 66 = 2951
    Number of faces shared with processor 81 = 4574
    Number of faces shared with processor 210 = 1530
    Number of faces shared with processor 83 = 1832
    Number of faces shared with processor 226 = 543
    Number of faces shared with processor 98 = 4997
    Number of faces shared with processor 227 = 8
    Number of faces shared with processor 99 = 1029
    Number of processor patches = 10
    Number of processor faces = 17522
    Number of boundary faces = 37161

Processor 83
    Number of cells = 255213
    Number of points = 301763
    Number of faces shared with processor 194 = 78
    Number of faces shared with processor 66 = 3551
    Number of faces shared with processor 67 = 1650
    Number of faces shared with processor 210 = 46
    Number of faces shared with processor 82 = 1832
    Number of faces shared with processor 211 = 2054
    Number of faces shared with processor 84 = 823
    Number of faces shared with processor 227 = 494
    Number of faces shared with processor 99 = 5432
    Number of faces shared with processor 100 = 653
    Number of processor patches = 10
    Number of processor faces = 16613
    Number of boundary faces = 28641

Processor 84
    Number of cells = 255213
    Number of points = 301665
    Number of faces shared with processor 67 = 1831
    Number of faces shared with processor 68 = 3043
    Number of faces shared with processor 69 = 721
    Number of faces shared with processor 83 = 823
    Number of faces shared with processor 212 = 2567
    Number of faces shared with processor 85 = 1669
    Number of faces shared with processor 100 = 1613
    Number of processor patches = 7
    Number of processor faces = 12267
    Number of boundary faces = 26125

Processor 85
    Number of cells = 255213
    Number of points = 293388
    Number of faces shared with processor 69 = 1975
    Number of faces shared with processor 70 = 1245
    Number of faces shared with processor 84 = 1669
    Number of faces shared with processor 213 = 1478
    Number of faces shared with processor 86 = 1447
    Number of faces shared with processor 100 = 905
    Number of faces shared with processor 101 = 2754
    Number of processor patches = 7
    Number of processor faces = 11473
    Number of boundary faces = 26762

Processor 86
    Number of cells = 255213
    Number of points = 297860
    Number of faces shared with processor 70 = 2920
    Number of faces shared with processor 213 = 28
    Number of faces shared with processor 85 = 1447
    Number of faces shared with processor 214 = 1276
    Number of faces shared with processor 87 = 1306
    Number of faces shared with processor 229 = 273
    Number of faces shared with processor 101 = 444
    Number of faces shared with processor 230 = 3805
    Number of faces shared with processor 102 = 4189
    Number of faces shared with processor 231 = 240
    Number of faces shared with processor 103 = 714
    Number of processor patches = 11
    Number of processor faces = 16642
    Number of boundary faces = 30109

Processor 87
    Number of cells = 255213
    Number of points = 299602
    Number of faces shared with processor 70 = 747
    Number of faces shared with processor 71 = 2256
    Number of faces shared with processor 72 = 711
    Number of faces shared with processor 86 = 1306
    Number of faces shared with processor 215 = 5574
    Number of faces shared with processor 88 = 1829
    Number of faces shared with processor 103 = 2695
    Number of processor patches = 7
    Number of processor faces = 15118
    Number of boundary faces = 28124

Processor 88
    Number of cells = 255213
    Number of points = 306265
    Number of faces shared with processor 72 = 2521
    Number of faces shared with processor 73 = 1652
    Number of faces shared with processor 215 = 162
    Number of faces shared with processor 87 = 1829
    Number of faces shared with processor 216 = 706
    Number of faces shared with processor 89 = 3075
    Number of faces shared with processor 103 = 269
    Number of faces shared with processor 104 = 6035
    Number of faces shared with processor 105 = 2
    Number of processor patches = 9
    Number of processor faces = 16251
    Number of boundary faces = 30837

Processor 89
    Number of cells = 255213
    Number of points = 313840
    Number of faces shared with processor 201 = 2214
    Number of faces shared with processor 73 = 2771
    Number of faces shared with processor 202 = 108
    Number of faces shared with processor 74 = 413
    Number of faces shared with processor 216 = 254
    Number of faces shared with processor 88 = 3075
    Number of faces shared with processor 217 = 1884
    Number of faces shared with processor 218 = 574
    Number of faces shared with processor 90 = 4050
    Number of faces shared with processor 104 = 27
    Number of faces shared with processor 233 = 2419
    Number of faces shared with processor 105 = 8104
    Number of processor patches = 12
    Number of processor faces = 25893
    Number of boundary faces = 27673

Processor 90
    Number of cells = 255213
    Number of points = 304513
    Number of faces shared with processor 74 = 1786
    Number of faces shared with processor 89 = 4050
    Number of faces shared with processor 218 = 1693
    Number of faces shared with processor 91 = 2033
    Number of faces shared with processor 233 = 33
    Number of faces shared with processor 105 = 966
    Number of faces shared with processor 234 = 916
    Number of faces shared with processor 106 = 5413
    Number of faces shared with processor 107 = 1796
    Number of processor patches = 9
    Number of processor faces = 18686
    Number of boundary faces = 35736

Processor 91
    Number of cells = 255213
    Number of points = 310172
    Number of faces shared with processor 202 = 127
    Number of faces shared with processor 74 = 2304
    Number of faces shared with processor 203 = 704
    Number of faces shared with processor 75 = 3356
    Number of faces shared with processor 218 = 286
    Number of faces shared with processor 90 = 2033
    Number of faces shared with processor 219 = 7564
    Number of faces shared with processor 92 = 3630
    Number of faces shared with processor 235 = 702
    Number of faces shared with processor 107 = 5577
    Number of faces shared with processor 108 = 71
    Number of processor patches = 11
    Number of processor faces = 26354
    Number of boundary faces = 26305

Processor 92
    Number of cells = 255213
    Number of points = 300127
    Number of faces shared with processor 75 = 897
    Number of faces shared with processor 76 = 2438
    Number of faces shared with processor 219 = 305
    Number of faces shared with processor 91 = 3630
    Number of faces shared with processor 220 = 652
    Number of faces shared with processor 93 = 2124
    Number of faces shared with processor 236 = 1299
    Number of faces shared with processor 108 = 4385
    Number of faces shared with processor 237 = 841
    Number of faces shared with processor 109 = 2069
    Number of processor patches = 10
    Number of processor faces = 18640
    Number of boundary faces = 27248

Processor 93
    Number of cells = 255213
    Number of points = 293552
    Number of faces shared with processor 76 = 260
    Number of faces shared with processor 77 = 4754
    Number of faces shared with processor 78 = 315
    Number of faces shared with processor 92 = 2124
    Number of faces shared with processor 221 = 1954
    Number of faces shared with processor 94 = 1069
    Number of faces shared with processor 237 = 148
    Number of faces shared with processor 109 = 4819
    Number of processor patches = 8
    Number of processor faces = 15443
    Number of boundary faces = 21782

Processor 94
    Number of cells = 255213
    Number of points = 271560
    Number of faces shared with processor 78 = 10633
    Number of faces shared with processor 207 = 637
    Number of faces shared with processor 79 = 234
    Number of faces shared with processor 221 = 119
    Number of faces shared with processor 93 = 1069
    Number of faces shared with processor 222 = 3836
    Number of faces shared with processor 95 = 198
    Number of faces shared with processor 223 = 539
    Number of faces shared with processor 237 = 63
    Number of faces shared with processor 109 = 413
    Number of faces shared with processor 238 = 42
    Number of faces shared with processor 110 = 10652
    Number of processor patches = 12
    Number of processor faces = 28435
    Number of boundary faces = 3759

Processor 95
    Number of cells = 255214
    Number of points = 299316
    Number of faces shared with processor 207 = 104
    Number of faces shared with processor 79 = 8218
    Number of faces shared with processor 94 = 198
    Number of faces shared with processor 223 = 8582
    Number of faces shared with processor 110 = 432
    Number of faces shared with processor 239 = 3776
    Number of faces shared with processor 111 = 4816
    Number of faces shared with processor 126 = 54
    Number of processor patches = 8
    Number of processor faces = 26180
    Number of boundary faces = 33621

Processor 96
    Number of cells = 255213
    Number of points = 306730
    Number of faces shared with processor 193 = 344
    Number of faces shared with processor 65 = 1878
    Number of faces shared with processor 208 = 68
    Number of faces shared with processor 80 = 4716
    Number of faces shared with processor 209 = 498
    Number of faces shared with processor 81 = 2876
    Number of faces shared with processor 224 = 4245
    Number of faces shared with processor 225 = 420
    Number of faces shared with processor 97 = 1099
    Number of faces shared with processor 240 = 910
    Number of faces shared with processor 112 = 5401
    Number of processor patches = 11
    Number of processor faces = 22455
    Number of boundary faces = 28144

Processor 97
    Number of cells = 255213
    Number of points = 314805
    Number of faces shared with processor 81 = 8737
    Number of faces shared with processor 96 = 1099
    Number of faces shared with processor 225 = 1986
    Number of faces shared with processor 226 = 316
    Number of faces shared with processor 98 = 4222
    Number of faces shared with processor 240 = 17
    Number of faces shared with processor 112 = 2867
    Number of faces shared with processor 113 = 7267
    Number of faces shared with processor 114 = 205
    Number of processor patches = 9
    Number of processor faces = 26716
    Number of boundary faces = 37445

Processor 98
    Number of cells = 255213
    Number of points = 309989
    Number of faces shared with processor 81 = 241
    Number of faces shared with processor 82 = 4997
    Number of faces shared with processor 97 = 4222
    Number of faces shared with processor 226 = 1228
    Number of faces shared with processor 99 = 3055
    Number of faces shared with processor 114 = 8626
    Number of processor patches = 6
    Number of processor faces = 22369
    Number of boundary faces = 39069

Processor 99
    Number of cells = 255213
    Number of points = 309594
    Number of faces shared with processor 82 = 1029
    Number of faces shared with processor 83 = 5432
    Number of faces shared with processor 226 = 391
    Number of faces shared with processor 98 = 3055
    Number of faces shared with processor 227 = 2026
    Number of faces shared with processor 100 = 1066
    Number of faces shared with processor 114 = 265
    Number of faces shared with processor 115 = 5157
    Number of processor patches = 8
    Number of processor faces = 18421
    Number of boundary faces = 35464

Processor 100
    Number of cells = 255213
    Number of points = 295174
    Number of faces shared with processor 83 = 653
    Number of faces shared with processor 84 = 1613
    Number of faces shared with processor 213 = 29
    Number of faces shared with processor 85 = 905
    Number of faces shared with processor 227 = 235
    Number of faces shared with processor 99 = 1066
    Number of faces shared with processor 228 = 1559
    Number of faces shared with processor 229 = 118
    Number of faces shared with processor 101 = 1506
    Number of faces shared with processor 243 = 92
    Number of faces shared with processor 115 = 113
    Number of faces shared with processor 244 = 1921
    Number of faces shared with processor 116 = 3424
    Number of processor patches = 13
    Number of processor faces = 13234
    Number of boundary faces = 29188

Processor 101
    Number of cells = 255213
    Number of points = 303140
    Number of faces shared with processor 213 = 1382
    Number of faces shared with processor 85 = 2754
    Number of faces shared with processor 86 = 444
    Number of faces shared with processor 100 = 1506
    Number of faces shared with processor 229 = 734
    Number of faces shared with processor 230 = 128
    Number of faces shared with processor 102 = 1956
    Number of faces shared with processor 244 = 539
    Number of faces shared with processor 116 = 1065
    Number of faces shared with processor 245 = 8104
    Number of faces shared with processor 117 = 15408
    Number of processor patches = 11
    Number of processor faces = 34020
    Number of boundary faces = 38003

Processor 102
    Number of cells = 255213
    Number of points = 296322
    Number of faces shared with processor 86 = 4189
    Number of faces shared with processor 101 = 1956
    Number of faces shared with processor 230 = 761
    Number of faces shared with processor 231 = 40
    Number of faces shared with processor 103 = 1742
    Number of faces shared with processor 245 = 114
    Number of faces shared with processor 117 = 328
    Number of faces shared with processor 246 = 7755
    Number of faces shared with processor 118 = 14540
    Number of faces shared with processor 247 = 319
    Number of faces shared with processor 119 = 550
    Number of processor patches = 11
    Number of processor faces = 32294
    Number of boundary faces = 34336

Processor 103
    Number of cells = 255213
    Number of points = 299857
    Number of faces shared with processor 86 = 714
    Number of faces shared with processor 87 = 2695
    Number of faces shared with processor 88 = 269
    Number of faces shared with processor 102 = 1742
    Number of faces shared with processor 231 = 312
    Number of faces shared with processor 232 = 34
    Number of faces shared with processor 104 = 1885
    Number of faces shared with processor 247 = 3740
    Number of faces shared with processor 119 = 11675
    Number of faces shared with processor 248 = 153
    Number of faces shared with processor 120 = 422
    Number of processor patches = 11
    Number of processor faces = 23641
    Number of boundary faces = 34739

Processor 104
    Number of cells = 255213
    Number of points = 305540
    Number of faces shared with processor 216 = 228
    Number of faces shared with processor 88 = 6035
    Number of faces shared with processor 89 = 27
    Number of faces shared with processor 103 = 1885
    Number of faces shared with processor 232 = 1162
    Number of faces shared with processor 105 = 1690
    Number of faces shared with processor 120 = 9097
    Number of faces shared with processor 121 = 1058
    Number of processor patches = 8
    Number of processor faces = 21182
    Number of boundary faces = 33533

Processor 105
    Number of cells = 255213
    Number of points = 315551
    Number of faces shared with processor 88 = 2
    Number of faces shared with processor 89 = 8104
    Number of faces shared with processor 90 = 966
    Number of faces shared with processor 104 = 1690
    Number of faces shared with processor 233 = 1935
    Number of faces shared with processor 234 = 384
    Number of faces shared with processor 106 = 4141
    Number of faces shared with processor 121 = 5162
    Number of faces shared with processor 122 = 807
    Number of processor patches = 9
    Number of processor faces = 23191
    Number of boundary faces = 37658

Processor 106
    Number of cells = 255213
    Number of points = 310481
    Number of faces shared with processor 90 = 5413
    Number of faces shared with processor 105 = 4141
    Number of faces shared with processor 234 = 1530
    Number of faces shared with processor 107 = 3394
    Number of faces shared with processor 122 = 7040
    Number of faces shared with processor 123 = 1
    Number of processor patches = 6
    Number of processor faces = 21519
    Number of boundary faces = 43102

Processor 107
    Number of cells = 255213
    Number of points = 314681
    Number of faces shared with processor 218 = 145
    Number of faces shared with processor 90 = 1796
    Number of faces shared with processor 91 = 5577
    Number of faces shared with processor 234 = 656
    Number of faces shared with processor 106 = 3394
    Number of faces shared with processor 235 = 1839
    Number of faces shared with processor 108 = 4125
    Number of faces shared with processor 122 = 41
    Number of faces shared with processor 123 = 4339
    Number of processor patches = 9
    Number of processor faces = 21912
    Number of boundary faces = 35508

Processor 108
    Number of cells = 255213
    Number of points = 299932
    Number of faces shared with processor 219 = 25
    Number of faces shared with processor 91 = 71
    Number of faces shared with processor 92 = 4385
    Number of faces shared with processor 235 = 2715
    Number of faces shared with processor 107 = 4125
    Number of faces shared with processor 236 = 1257
    Number of faces shared with processor 109 = 2856
    Number of faces shared with processor 251 = 102
    Number of faces shared with processor 123 = 1178
    Number of faces shared with processor 124 = 6083
    Number of faces shared with processor 253 = 2
    Number of faces shared with processor 125 = 103
    Number of processor patches = 12
    Number of processor faces = 22902
    Number of boundary faces = 25638

Processor 109
    Number of cells = 255213
    Number of points = 284762
    Number of faces shared with processor 92 = 2069
    Number of faces shared with processor 93 = 4819
    Number of faces shared with processor 94 = 413
    Number of faces shared with processor 236 = 371
    Number of faces shared with processor 108 = 2856
    Number of faces shared with processor 237 = 2424
    Number of faces shared with processor 110 = 1070
    Number of faces shared with processor 253 = 770
    Number of faces shared with processor 125 = 5685
    Number of processor patches = 9
    Number of processor faces = 20477
    Number of boundary faces = 10811

Processor 110
    Number of cells = 255213
    Number of points = 271551
    Number of faces shared with processor 94 = 10652
    Number of faces shared with processor 223 = 1176
    Number of faces shared with processor 95 = 432
    Number of faces shared with processor 237 = 154
    Number of faces shared with processor 109 = 1070
    Number of faces shared with processor 238 = 3833
    Number of faces shared with processor 253 = 90
    Number of faces shared with processor 125 = 329
    Number of faces shared with processor 254 = 4860
    Number of faces shared with processor 126 = 5815
    Number of processor patches = 10
    Number of processor faces = 28411
    Number of boundary faces = 3765

Processor 111
    Number of cells = 255214
    Number of points = 307046
    Number of faces shared with processor 95 = 4816
    Number of faces shared with processor 239 = 45816
    Number of faces shared with processor 126 = 318
    Number of faces shared with processor 255 = 1007
    Number of faces shared with processor 127 = 3960
    Number of processor patches = 5
    Number of processor faces = 55917
    Number of boundary faces = 45658

Processor 112
    Number of cells = 255216
    Number of points = 299735
    Number of faces shared with processor 80 = 4
    Number of faces shared with processor 96 = 5401
    Number of faces shared with processor 225 = 2
    Number of faces shared with processor 97 = 2867
    Number of faces shared with processor 240 = 4689
    Number of faces shared with processor 241 = 1
    Number of faces shared with processor 113 = 4348
    Number of faces shared with processor 115 = 20
    Number of processor patches = 8
    Number of processor faces = 17332
    Number of boundary faces = 26959

Processor 113
    Number of cells = 255216
    Number of points = 303265
    Number of faces shared with processor 225 = 1214
    Number of faces shared with processor 97 = 7267
    Number of faces shared with processor 240 = 668
    Number of faces shared with processor 112 = 4348
    Number of faces shared with processor 241 = 2639
    Number of faces shared with processor 242 = 553
    Number of faces shared with processor 114 = 6196
    Number of faces shared with processor 115 = 3
    Number of processor patches = 8
    Number of processor faces = 22888
    Number of boundary faces = 25541

Processor 114
    Number of cells = 255216
    Number of points = 304405
    Number of faces shared with processor 97 = 205
    Number of faces shared with processor 226 = 607
    Number of faces shared with processor 98 = 8626
    Number of faces shared with processor 227 = 1
    Number of faces shared with processor 99 = 265
    Number of faces shared with processor 113 = 6196
    Number of faces shared with processor 242 = 1830
    Number of faces shared with processor 115 = 5544
    Number of processor patches = 8
    Number of processor faces = 23274
    Number of boundary faces = 30712

Processor 115
    Number of cells = 255216
    Number of points = 295541
    Number of faces shared with processor 227 = 1471
    Number of faces shared with processor 99 = 5157
    Number of faces shared with processor 100 = 113
    Number of faces shared with processor 112 = 20
    Number of faces shared with processor 113 = 3
    Number of faces shared with processor 242 = 765
    Number of faces shared with processor 114 = 5544
    Number of faces shared with processor 243 = 3128
    Number of faces shared with processor 116 = 4633
    Number of faces shared with processor 118 = 20
    Number of processor patches = 10
    Number of processor faces = 20854
    Number of boundary faces = 21578

Processor 116
    Number of cells = 255216
    Number of points = 283321
    Number of faces shared with processor 100 = 3424
    Number of faces shared with processor 101 = 1065
    Number of faces shared with processor 243 = 718
    Number of faces shared with processor 115 = 4633
    Number of faces shared with processor 244 = 2662
    Number of faces shared with processor 117 = 5678
    Number of processor patches = 6
    Number of processor faces = 18180
    Number of boundary faces = 16659

Processor 117
    Number of cells = 255216
    Number of points = 281848
    Number of faces shared with processor 101 = 15408
    Number of faces shared with processor 102 = 328
    Number of faces shared with processor 244 = 799
    Number of faces shared with processor 116 = 5678
    Number of faces shared with processor 245 = 2616
    Number of faces shared with processor 246 = 316
    Number of faces shared with processor 118 = 5838
    Number of faces shared with processor 119 = 4
    Number of processor patches = 8
    Number of processor faces = 30987
    Number of boundary faces = 4323

Processor 118
    Number of cells = 255216
    Number of points = 281134
    Number of faces shared with processor 102 = 14540
    Number of faces shared with processor 115 = 20
    Number of faces shared with processor 117 = 5838
    Number of faces shared with processor 246 = 2839
    Number of faces shared with processor 247 = 103
    Number of faces shared with processor 119 = 5691
    Number of faces shared with processor 120 = 22
    Number of processor patches = 7
    Number of processor faces = 29053
    Number of boundary faces = 5010

Processor 119
    Number of cells = 255216
    Number of points = 279578
    Number of faces shared with processor 102 = 550
    Number of faces shared with processor 103 = 11675
    Number of faces shared with processor 117 = 4
    Number of faces shared with processor 118 = 5691
    Number of faces shared with processor 247 = 2977
    Number of faces shared with processor 120 = 5981
    Number of processor patches = 6
    Number of processor faces = 26878
    Number of boundary faces = 5856

Processor 120
    Number of cells = 255216
    Number of points = 282054
    Number of faces shared with processor 103 = 422
    Number of faces shared with processor 232 = 1443
    Number of faces shared with processor 104 = 9097
    Number of faces shared with processor 118 = 22
    Number of faces shared with processor 247 = 144
    Number of faces shared with processor 119 = 5981
    Number of faces shared with processor 248 = 2915
    Number of faces shared with processor 249 = 759
    Number of faces shared with processor 121 = 5549
    Number of faces shared with processor 250 = 4
    Number of faces shared with processor 122 = 4
    Number of faces shared with processor 124 = 20
    Number of processor patches = 12
    Number of processor faces = 26360
    Number of boundary faces = 8093

Processor 121
    Number of cells = 255216
    Number of points = 294877
    Number of faces shared with processor 232 = 9
    Number of faces shared with processor 104 = 1058
    Number of faces shared with processor 233 = 1390
    Number of faces shared with processor 105 = 5162
    Number of faces shared with processor 120 = 5549
    Number of faces shared with processor 249 = 2253
    Number of faces shared with processor 250 = 472
    Number of faces shared with processor 122 = 7153
    Number of processor patches = 8
    Number of processor faces = 23046
    Number of boundary faces = 20193

Processor 122
    Number of cells = 255216
    Number of points = 301183
    Number of faces shared with processor 233 = 20
    Number of faces shared with processor 105 = 807
    Number of faces shared with processor 234 = 3861
    Number of faces shared with processor 106 = 7040
    Number of faces shared with processor 235 = 5
    Number of faces shared with processor 107 = 41
    Number of faces shared with processor 120 = 4
    Number of faces shared with processor 121 = 7153
    Number of faces shared with processor 250 = 2015
    Number of faces shared with processor 123 = 7709
    Number of faces shared with processor 124 = 3
    Number of processor patches = 11
    Number of processor faces = 28658
    Number of boundary faces = 20222

Processor 123
    Number of cells = 255216
    Number of points = 292278
    Number of faces shared with processor 106 = 1
    Number of faces shared with processor 235 = 1284
    Number of faces shared with processor 107 = 4339
    Number of faces shared with processor 108 = 1178
    Number of faces shared with processor 250 = 865
    Number of faces shared with processor 122 = 7709
    Number of faces shared with processor 251 = 2396
    Number of faces shared with processor 124 = 5818
    Number of processor patches = 8
    Number of processor faces = 23590
    Number of boundary faces = 18078

Processor 124
    Number of cells = 255216
    Number of points = 273477
    Number of faces shared with processor 236 = 153
    Number of faces shared with processor 108 = 6083
    Number of faces shared with processor 120 = 20
    Number of faces shared with processor 250 = 3
    Number of faces shared with processor 122 = 3
    Number of faces shared with processor 251 = 672
    Number of faces shared with processor 123 = 5818
    Number of faces shared with processor 252 = 2719
    Number of faces shared with processor 253 = 181
    Number of faces shared with processor 125 = 6193
    Number of faces shared with processor 126 = 20
    Number of processor patches = 11
    Number of processor faces = 21865
    Number of boundary faces = 5119

Processor 125
    Number of cells = 255216
    Number of points = 273376
    Number of faces shared with processor 108 = 103
    Number of faces shared with processor 109 = 5685
    Number of faces shared with processor 110 = 329
    Number of faces shared with processor 124 = 6193
    Number of faces shared with processor 253 = 2489
    Number of faces shared with processor 254 = 459
    Number of faces shared with processor 126 = 2465
    Number of processor patches = 7
    Number of processor faces = 17723
    Number of boundary faces = 5885

Processor 126
    Number of cells = 255216
    Number of points = 283361
    Number of faces shared with processor 223 = 57
    Number of faces shared with processor 95 = 54
    Number of faces shared with processor 110 = 5815
    Number of faces shared with processor 239 = 511
    Number of faces shared with processor 111 = 318
    Number of faces shared with processor 124 = 20
    Number of faces shared with processor 125 = 2465
    Number of faces shared with processor 254 = 5309
    Number of faces shared with processor 127 = 353
    Number of faces shared with processor 255 = 452
    Number of processor patches = 10
    Number of processor faces = 15354
    Number of boundary faces = 19398

Processor 127
    Number of cells = 255216
    Number of points = 319156
    Number of faces shared with processor 111 = 3960
    Number of faces shared with processor 126 = 353
    Number of faces shared with processor 255 = 58779
    Number of processor patches = 3
    Number of processor faces = 63092
    Number of boundary faces = 58183

Processor 128
    Number of cells = 255214
    Number of points = 303001
    Number of faces shared with processor 0 = 4696
    Number of faces shared with processor 129 = 5877
    Number of faces shared with processor 1 = 711
    Number of faces shared with processor 131 = 103
    Number of faces shared with processor 3 = 7
    Number of faces shared with processor 133 = 143
    Number of faces shared with processor 144 = 7543
    Number of faces shared with processor 16 = 881
    Number of faces shared with processor 17 = 4
    Number of faces shared with processor 145 = 2909
    Number of faces shared with processor 149 = 9
    Number of faces shared with processor 160 = 88
    Number of faces shared with processor 32 = 1
    Number of faces shared with processor 208 = 4
    Number of faces shared with processor 240 = 268
    Number of processor patches = 15
    Number of processor faces = 23244
    Number of boundary faces = 16313

Processor 129
    Number of cells = 255214
    Number of points = 309319
    Number of faces shared with processor 128 = 5877
    Number of faces shared with processor 0 = 1
    Number of faces shared with processor 1 = 2689
    Number of faces shared with processor 130 = 7465
    Number of faces shared with processor 131 = 77
    Number of faces shared with processor 145 = 8365
    Number of faces shared with processor 146 = 1
    Number of faces shared with processor 177 = 5
    Number of processor patches = 8
    Number of processor faces = 24480
    Number of boundary faces = 22796

Processor 130
    Number of cells = 255214
    Number of points = 304947
    Number of faces shared with processor 129 = 7465
    Number of faces shared with processor 1 = 586
    Number of faces shared with processor 2 = 1939
    Number of faces shared with processor 131 = 6234
    Number of faces shared with processor 3 = 807
    Number of faces shared with processor 145 = 303
    Number of faces shared with processor 146 = 7989
    Number of faces shared with processor 147 = 307
    Number of processor patches = 8
    Number of processor faces = 25630
    Number of boundary faces = 24739

Processor 131
    Number of cells = 255214
    Number of points = 302768
    Number of faces shared with processor 128 = 103
    Number of faces shared with processor 129 = 77
    Number of faces shared with processor 130 = 6234
    Number of faces shared with processor 3 = 3054
    Number of faces shared with processor 132 = 4446
    Number of faces shared with processor 4 = 718
    Number of faces shared with processor 133 = 32
    Number of faces shared with processor 134 = 103
    Number of faces shared with processor 146 = 1
    Number of faces shared with processor 147 = 6145
    Number of faces shared with processor 148 = 87
    Number of faces shared with processor 20 = 94
    Number of faces shared with processor 149 = 1
    Number of faces shared with processor 163 = 9
    Number of processor patches = 14
    Number of processor faces = 21104
    Number of boundary faces = 20978

Processor 132
    Number of cells = 255214
    Number of points = 290385
    Number of faces shared with processor 131 = 4446
    Number of faces shared with processor 4 = 2569
    Number of faces shared with processor 133 = 5972
    Number of faces shared with processor 5 = 735
    Number of faces shared with processor 148 = 3130
    Number of faces shared with processor 20 = 2251
    Number of faces shared with processor 149 = 843
    Number of faces shared with processor 21 = 521
    Number of processor patches = 8
    Number of processor faces = 20467
    Number of boundary faces = 16121

Processor 133
    Number of cells = 255214
    Number of points = 289350
    Number of faces shared with processor 128 = 143
    Number of faces shared with processor 131 = 32
    Number of faces shared with processor 132 = 5972
    Number of faces shared with processor 5 = 2629
    Number of faces shared with processor 134 = 5498
    Number of faces shared with processor 139 = 143
    Number of faces shared with processor 149 = 6143
    Number of faces shared with processor 21 = 7931
    Number of faces shared with processor 150 = 150
    Number of faces shared with processor 22 = 145
    Number of faces shared with processor 165 = 5
    Number of processor patches = 11
    Number of processor faces = 28791
    Number of boundary faces = 7013

Processor 134
    Number of cells = 255214
    Number of points = 283004
    Number of faces shared with processor 131 = 103
    Number of faces shared with processor 133 = 5498
    Number of faces shared with processor 5 = 290
    Number of faces shared with processor 6 = 2879
    Number of faces shared with processor 135 = 5673
    Number of faces shared with processor 136 = 177
    Number of faces shared with processor 149 = 1
    Number of faces shared with processor 150 = 9438
    Number of faces shared with processor 22 = 7283
    Number of faces shared with processor 166 = 13
    Number of faces shared with processor 182 = 4
    Number of processor patches = 11
    Number of processor faces = 31359
    Number of boundary faces = 1254

Processor 135
    Number of cells = 255214
    Number of points = 280284
    Number of faces shared with processor 134 = 5673
    Number of faces shared with processor 6 = 112
    Number of faces shared with processor 7 = 2839
    Number of faces shared with processor 136 = 6015
    Number of faces shared with processor 8 = 154
    Number of faces shared with processor 150 = 331
    Number of faces shared with processor 22 = 331
    Number of faces shared with processor 151 = 10464
    Number of faces shared with processor 23 = 3737
    Number of processor patches = 9
    Number of processor faces = 29656
    Number of boundary faces = 1674

Processor 136
    Number of cells = 255214
    Number of points = 285083
    Number of faces shared with processor 134 = 177
    Number of faces shared with processor 135 = 6015
    Number of faces shared with processor 8 = 2938
    Number of faces shared with processor 137 = 7188
    Number of faces shared with processor 138 = 98
    Number of faces shared with processor 139 = 32
    Number of faces shared with processor 140 = 103
    Number of faces shared with processor 151 = 260
    Number of faces shared with processor 23 = 148
    Number of faces shared with processor 152 = 14901
    Number of faces shared with processor 155 = 1
    Number of faces shared with processor 168 = 6
    Number of faces shared with processor 184 = 4
    Number of processor patches = 13
    Number of processor faces = 31871
    Number of boundary faces = 3675

Processor 137
    Number of cells = 255214
    Number of points = 291990
    Number of faces shared with processor 136 = 7188
    Number of faces shared with processor 8 = 764
    Number of faces shared with processor 9 = 2239
    Number of faces shared with processor 138 = 9515
    Number of faces shared with processor 152 = 1832
    Number of faces shared with processor 24 = 1
    Number of faces shared with processor 153 = 7196
    Number of faces shared with processor 169 = 4
    Number of processor patches = 8
    Number of processor faces = 28739
    Number of boundary faces = 13019

Processor 138
    Number of cells = 255214
    Number of points = 293038
    Number of faces shared with processor 136 = 98
    Number of faces shared with processor 8 = 4
    Number of faces shared with processor 137 = 9515
    Number of faces shared with processor 9 = 569
    Number of faces shared with processor 10 = 2074
    Number of faces shared with processor 139 = 8968
    Number of faces shared with processor 11 = 924
    Number of faces shared with processor 140 = 74
    Number of faces shared with processor 12 = 3
    Number of faces shared with processor 153 = 560
    Number of faces shared with processor 154 = 7055
    Number of faces shared with processor 155 = 27
    Number of faces shared with processor 170 = 9
    Number of processor patches = 13
    Number of processor faces = 29880
    Number of boundary faces = 14412

Processor 139
    Number of cells = 255214
    Number of points = 289860
    Number of faces shared with processor 133 = 143
    Number of faces shared with processor 136 = 32
    Number of faces shared with processor 138 = 8968
    Number of faces shared with processor 11 = 2332
    Number of faces shared with processor 140 = 6913
    Number of faces shared with processor 12 = 537
    Number of faces shared with processor 142 = 143
    Number of faces shared with processor 155 = 7851
    Number of faces shared with processor 156 = 1234
    Number of faces shared with processor 28 = 70
    Number of processor patches = 10
    Number of processor faces = 28223
    Number of boundary faces = 9846

Processor 140
    Number of cells = 255214
    Number of points = 273090
    Number of faces shared with processor 136 = 103
    Number of faces shared with processor 138 = 74
    Number of faces shared with processor 139 = 6913
    Number of faces shared with processor 12 = 2677
    Number of faces shared with processor 141 = 6865
    Number of faces shared with processor 142 = 103
    Number of faces shared with processor 155 = 1
    Number of faces shared with processor 156 = 7753
    Number of faces shared with processor 157 = 1
    Number of faces shared with processor 172 = 5
    Number of faces shared with processor 188 = 4
    Number of processor patches = 11
    Number of processor faces = 24499
    Number of boundary faces = 3

Processor 141
    Number of cells = 255214
    Number of points = 272927
    Number of faces shared with processor 140 = 6865
    Number of faces shared with processor 12 = 164
    Number of faces shared with processor 13 = 2378
    Number of faces shared with processor 142 = 2510
    Number of faces shared with processor 156 = 16
    Number of faces shared with processor 157 = 7884
    Number of faces shared with processor 29 = 359
    Number of faces shared with processor 158 = 559
    Number of faces shared with processor 30 = 112
    Number of processor patches = 9
    Number of processor faces = 20847
    Number of boundary faces = 0

Processor 142
    Number of cells = 255214
    Number of points = 281042
    Number of faces shared with processor 139 = 143
    Number of faces shared with processor 140 = 103
    Number of faces shared with processor 141 = 2510
    Number of faces shared with processor 13 = 517
    Number of faces shared with processor 14 = 5364
    Number of faces shared with processor 143 = 810
    Number of faces shared with processor 158 = 12156
    Number of faces shared with processor 30 = 4787
    Number of faces shared with processor 159 = 1689
    Number of faces shared with processor 174 = 37
    Number of faces shared with processor 175 = 525
    Number of processor patches = 11
    Number of processor faces = 28641
    Number of boundary faces = 34

Processor 143
    Number of cells = 255215
    Number of points = 336362
    Number of faces shared with processor 142 = 810
    Number of faces shared with processor 14 = 415
    Number of faces shared with processor 15 = 58906
    Number of faces shared with processor 159 = 16843
    Number of faces shared with processor 31 = 707
    Number of faces shared with processor 175 = 390
    Number of processor patches = 6
    Number of processor faces = 78071
    Number of boundary faces = 4999

Processor 144
    Number of cells = 255214
    Number of points = 316491
    Number of faces shared with processor 128 = 7543
    Number of faces shared with processor 16 = 3725
    Number of faces shared with processor 145 = 477
    Number of faces shared with processor 32 = 3
    Number of faces shared with processor 160 = 6872
    Number of faces shared with processor 161 = 1932
    Number of faces shared with processor 176 = 99
    Number of faces shared with processor 177 = 1678
    Number of processor patches = 8
    Number of processor faces = 22329
    Number of boundary faces = 26116

Processor 145
    Number of cells = 255214
    Number of points = 318257
    Number of faces shared with processor 128 = 2909
    Number of faces shared with processor 0 = 4
    Number of faces shared with processor 129 = 8365
    Number of faces shared with processor 1 = 1250
    Number of faces shared with processor 130 = 303
    Number of faces shared with processor 144 = 477
    Number of faces shared with processor 16 = 442
    Number of faces shared with processor 17 = 1842
    Number of faces shared with processor 146 = 4480
    Number of faces shared with processor 161 = 10643
    Number of faces shared with processor 33 = 758
    Number of faces shared with processor 177 = 5
    Number of processor patches = 12
    Number of processor faces = 31478
    Number of boundary faces = 32955

Processor 146
    Number of cells = 255214
    Number of points = 313555
    Number of faces shared with processor 129 = 1
    Number of faces shared with processor 130 = 7989
    Number of faces shared with processor 2 = 583
    Number of faces shared with processor 131 = 1
    Number of faces shared with processor 145 = 4480
    Number of faces shared with processor 17 = 218
    Number of faces shared with processor 18 = 1357
    Number of faces shared with processor 147 = 3283
    Number of faces shared with processor 19 = 327
    Number of faces shared with processor 161 = 368
    Number of faces shared with processor 33 = 53
    Number of faces shared with processor 162 = 7199
    Number of faces shared with processor 34 = 565
    Number of faces shared with processor 163 = 2
    Number of faces shared with processor 178 = 4
    Number of processor patches = 15
    Number of processor faces = 26430
    Number of boundary faces = 31948

Processor 147
    Number of cells = 255214
    Number of points = 310326
    Number of faces shared with processor 130 = 307
    Number of faces shared with processor 2 = 1
    Number of faces shared with processor 131 = 6145
    Number of faces shared with processor 3 = 1407
    Number of faces shared with processor 146 = 3283
    Number of faces shared with processor 19 = 1920
    Number of faces shared with processor 148 = 994
    Number of faces shared with processor 20 = 203
    Number of faces shared with processor 162 = 1220
    Number of faces shared with processor 34 = 14
    Number of faces shared with processor 163 = 6250
    Number of faces shared with processor 35 = 505
    Number of processor patches = 12
    Number of processor faces = 22249
    Number of boundary faces = 33057

Processor 148
    Number of cells = 255214
    Number of points = 307562
    Number of faces shared with processor 131 = 87
    Number of faces shared with processor 132 = 3130
    Number of faces shared with processor 147 = 994
    Number of faces shared with processor 20 = 1569
    Number of faces shared with processor 149 = 4333
    Number of faces shared with processor 163 = 1465
    Number of faces shared with processor 164 = 2544
    Number of faces shared with processor 165 = 1559
    Number of processor patches = 8
    Number of processor faces = 15681
    Number of boundary faces = 23387

Processor 149
    Number of cells = 255214
    Number of points = 295934
    Number of faces shared with processor 128 = 9
    Number of faces shared with processor 131 = 1
    Number of faces shared with processor 132 = 843
    Number of faces shared with processor 133 = 6143
    Number of faces shared with processor 134 = 1
    Number of faces shared with processor 148 = 4333
    Number of faces shared with processor 20 = 110
    Number of faces shared with processor 21 = 687
    Number of faces shared with processor 150 = 2420
    Number of faces shared with processor 155 = 9
    Number of faces shared with processor 163 = 1
    Number of faces shared with processor 165 = 4990
    Number of faces shared with processor 166 = 489
    Number of faces shared with processor 38 = 299
    Number of faces shared with processor 182 = 1
    Number of faces shared with processor 229 = 9
    Number of processor patches = 16
    Number of processor faces = 20345
    Number of boundary faces = 23069

Processor 150
    Number of cells = 255214
    Number of points = 296280
    Number of faces shared with processor 133 = 150
    Number of faces shared with processor 134 = 9438
    Number of faces shared with processor 135 = 331
    Number of faces shared with processor 149 = 2420
    Number of faces shared with processor 21 = 144
    Number of faces shared with processor 22 = 747
    Number of faces shared with processor 151 = 2243
    Number of faces shared with processor 166 = 2816
    Number of faces shared with processor 38 = 3303
    Number of processor patches = 9
    Number of processor faces = 21592
    Number of boundary faces = 24717

Processor 151
    Number of cells = 255214
    Number of points = 294930
    Number of faces shared with processor 135 = 10464
    Number of faces shared with processor 136 = 260
    Number of faces shared with processor 150 = 2243
    Number of faces shared with processor 22 = 32
    Number of faces shared with processor 23 = 326
    Number of faces shared with processor 152 = 2393
    Number of faces shared with processor 166 = 864
    Number of faces shared with processor 38 = 248
    Number of faces shared with processor 167 = 4785
    Number of faces shared with processor 168 = 912
    Number of processor patches = 10
    Number of processor faces = 22527
    Number of boundary faces = 27028

Processor 152
    Number of cells = 255214
    Number of points = 307717
    Number of faces shared with processor 136 = 14901
    Number of faces shared with processor 8 = 1203
    Number of faces shared with processor 9 = 1
    Number of faces shared with processor 137 = 1832
    Number of faces shared with processor 151 = 2393
    Number of faces shared with processor 23 = 37
    Number of faces shared with processor 24 = 1137
    Number of faces shared with processor 153 = 4157
    Number of faces shared with processor 168 = 5409
    Number of faces shared with processor 40 = 406
    Number of faces shared with processor 169 = 150
    Number of processor patches = 11
    Number of processor faces = 31626
    Number of boundary faces = 31336

Processor 153
    Number of cells = 255214
    Number of points = 314963
    Number of faces shared with processor 137 = 7196
    Number of faces shared with processor 9 = 1392
    Number of faces shared with processor 138 = 560
    Number of faces shared with processor 10 = 20
    Number of faces shared with processor 152 = 4157
    Number of faces shared with processor 25 = 1962
    Number of faces shared with processor 154 = 5354
    Number of faces shared with processor 169 = 8345
    Number of faces shared with processor 41 = 2625
    Number of faces shared with processor 170 = 624
    Number of faces shared with processor 42 = 53
    Number of processor patches = 11
    Number of processor faces = 32288
    Number of boundary faces = 29529

Processor 154
    Number of cells = 255214
    Number of points = 313881
    Number of faces shared with processor 138 = 7055
    Number of faces shared with processor 10 = 3761
    Number of faces shared with processor 153 = 5354
    Number of faces shared with processor 25 = 367
    Number of faces shared with processor 26 = 1569
    Number of faces shared with processor 155 = 3570
    Number of faces shared with processor 27 = 611
    Number of faces shared with processor 170 = 7171
    Number of faces shared with processor 42 = 944
    Number of processor patches = 9
    Number of processor faces = 30402
    Number of boundary faces = 32220

Processor 155
    Number of cells = 255214
    Number of points = 311375
    Number of faces shared with processor 136 = 1
    Number of faces shared with processor 138 = 27
    Number of faces shared with processor 10 = 14
    Number of faces shared with processor 139 = 7851
    Number of faces shared with processor 11 = 1391
    Number of faces shared with processor 140 = 1
    Number of faces shared with processor 149 = 9
    Number of faces shared with processor 154 = 3570
    Number of faces shared with processor 27 = 1943
    Number of faces shared with processor 156 = 2596
    Number of faces shared with processor 28 = 2612
    Number of faces shared with processor 158 = 9
    Number of faces shared with processor 170 = 1553
    Number of faces shared with processor 171 = 6618
    Number of faces shared with processor 43 = 710
    Number of faces shared with processor 172 = 214
    Number of faces shared with processor 184 = 1
    Number of faces shared with processor 188 = 1
    Number of faces shared with processor 251 = 9
    Number of processor patches = 19
    Number of processor faces = 29130
    Number of boundary faces = 29209

Processor 156
    Number of cells = 255214
    Number of points = 292311
    Number of faces shared with processor 139 = 1234
    Number of faces shared with processor 140 = 7753
    Number of faces shared with processor 12 = 523
    Number of faces shared with processor 141 = 16
    Number of faces shared with processor 155 = 2596
    Number of faces shared with processor 28 = 1338
    Number of faces shared with processor 157 = 3939
    Number of faces shared with processor 29 = 334
    Number of faces shared with processor 172 = 5521
    Number of processor patches = 9
    Number of processor faces = 23254
    Number of boundary faces = 18776

Processor 157
    Number of cells = 255214
    Number of points = 283522
    Number of faces shared with processor 140 = 1
    Number of faces shared with processor 141 = 7884
    Number of faces shared with processor 156 = 3939
    Number of faces shared with processor 29 = 2277
    Number of faces shared with processor 158 = 1415
    Number of faces shared with processor 30 = 212
    Number of faces shared with processor 172 = 3167
    Number of faces shared with processor 173 = 6612
    Number of faces shared with processor 174 = 473
    Number of faces shared with processor 46 = 77
    Number of faces shared with processor 188 = 1
    Number of faces shared with processor 189 = 5
    Number of processor patches = 12
    Number of processor faces = 26063
    Number of boundary faces = 6208

Processor 158
    Number of cells = 255214
    Number of points = 273394
    Number of faces shared with processor 141 = 559
    Number of faces shared with processor 142 = 12156
    Number of faces shared with processor 155 = 9
    Number of faces shared with processor 157 = 1415
    Number of faces shared with processor 30 = 3834
    Number of faces shared with processor 174 = 12035
    Number of faces shared with processor 46 = 26
    Number of faces shared with processor 175 = 1856
    Number of faces shared with processor 238 = 9
    Number of processor patches = 9
    Number of processor faces = 31899
    Number of boundary faces = 1

Processor 159
    Number of cells = 255215
    Number of points = 327546
    Number of faces shared with processor 142 = 1689
    Number of faces shared with processor 14 = 478
    Number of faces shared with processor 143 = 16843
    Number of faces shared with processor 31 = 46126
    Number of faces shared with processor 175 = 18400
    Number of faces shared with processor 47 = 3412
    Number of faces shared with processor 191 = 340
    Number of processor patches = 7
    Number of processor faces = 87288
    Number of boundary faces = 535

Processor 160
    Number of cells = 255214
    Number of points = 303749
    Number of faces shared with processor 128 = 88
    Number of faces shared with processor 144 = 6872
    Number of faces shared with processor 16 = 109
    Number of faces shared with processor 32 = 1859
    Number of faces shared with processor 163 = 4
    Number of faces shared with processor 176 = 7397
    Number of faces shared with processor 177 = 1521
    Number of faces shared with processor 208 = 61
    Number of processor patches = 8
    Number of processor faces = 17911
    Number of boundary faces = 26872

Processor 161
    Number of cells = 255214
    Number of points = 315084
    Number of faces shared with processor 144 = 1932
    Number of faces shared with processor 16 = 508
    Number of faces shared with processor 145 = 10643
    Number of faces shared with processor 146 = 368
    Number of faces shared with processor 33 = 1935
    Number of faces shared with processor 162 = 5396
    Number of faces shared with processor 177 = 6158
    Number of processor patches = 7
    Number of processor faces = 26940
    Number of boundary faces = 30753

Processor 162
    Number of cells = 255214
    Number of points = 308967
    Number of faces shared with processor 146 = 7199
    Number of faces shared with processor 147 = 1220
    Number of faces shared with processor 161 = 5396
    Number of faces shared with processor 33 = 173
    Number of faces shared with processor 34 = 1588
    Number of faces shared with processor 163 = 2202
    Number of faces shared with processor 35 = 42
    Number of faces shared with processor 177 = 371
    Number of faces shared with processor 178 = 4297
    Number of faces shared with processor 50 = 78
    Number of processor patches = 10
    Number of processor faces = 22566
    Number of boundary faces = 29272

Processor 163
    Number of cells = 255214
    Number of points = 309775
    Number of faces shared with processor 131 = 9
    Number of faces shared with processor 146 = 2
    Number of faces shared with processor 147 = 6250
    Number of faces shared with processor 148 = 1465
    Number of faces shared with processor 149 = 1
    Number of faces shared with processor 160 = 4
    Number of faces shared with processor 162 = 2202
    Number of faces shared with processor 35 = 1879
    Number of faces shared with processor 164 = 1394
    Number of faces shared with processor 177 = 5
    Number of faces shared with processor 178 = 3550
    Number of faces shared with processor 179 = 2318
    Number of faces shared with processor 182 = 4
    Number of faces shared with processor 211 = 4
    Number of processor patches = 14
    Number of processor faces = 19087
    Number of boundary faces = 27131

Processor 164
    Number of cells = 255214
    Number of points = 301977
    Number of faces shared with processor 148 = 2544
    Number of faces shared with processor 163 = 1394
    Number of faces shared with processor 36 = 1804
    Number of faces shared with processor 165 = 2018
    Number of faces shared with processor 179 = 2047
    Number of faces shared with processor 51 = 218
    Number of faces shared with processor 180 = 6933
    Number of faces shared with processor 52 = 866
    Number of faces shared with processor 181 = 766
    Number of faces shared with processor 212 = 5
    Number of processor patches = 10
    Number of processor faces = 18595
    Number of boundary faces = 27682

Processor 165
    Number of cells = 255214
    Number of points = 302333
    Number of faces shared with processor 133 = 5
    Number of faces shared with processor 148 = 1559
    Number of faces shared with processor 20 = 29
    Number of faces shared with processor 149 = 4990
    Number of faces shared with processor 21 = 1403
    Number of faces shared with processor 164 = 2018
    Number of faces shared with processor 37 = 1168
    Number of faces shared with processor 166 = 2513
    Number of faces shared with processor 38 = 20
    Number of faces shared with processor 181 = 1947
    Number of faces shared with processor 182 = 1128
    Number of processor patches = 11
    Number of processor faces = 16780
    Number of boundary faces = 23773

Processor 166
    Number of cells = 255214
    Number of points = 291982
    Number of faces shared with processor 134 = 13
    Number of faces shared with processor 149 = 489
    Number of faces shared with processor 150 = 2816
    Number of faces shared with processor 151 = 864
    Number of faces shared with processor 165 = 2513
    Number of faces shared with processor 38 = 1483
    Number of faces shared with processor 167 = 2628
    Number of faces shared with processor 168 = 5
    Number of faces shared with processor 182 = 2477
    Number of faces shared with processor 183 = 2
    Number of processor patches = 10
    Number of processor faces = 13290
    Number of boundary faces = 21425

Processor 167
    Number of cells = 255214
    Number of points = 293065
    Number of faces shared with processor 151 = 4785
    Number of faces shared with processor 166 = 2628
    Number of faces shared with processor 39 = 1225
    Number of faces shared with processor 168 = 2688
    Number of faces shared with processor 182 = 745
    Number of faces shared with processor 183 = 2473
    Number of faces shared with processor 184 = 795
    Number of processor patches = 7
    Number of processor faces = 15339
    Number of boundary faces = 25141

Processor 168
    Number of cells = 255214
    Number of points = 296445
    Number of faces shared with processor 136 = 6
    Number of faces shared with processor 151 = 912
    Number of faces shared with processor 152 = 5409
    Number of faces shared with processor 166 = 5
    Number of faces shared with processor 167 = 2688
    Number of faces shared with processor 40 = 620
    Number of faces shared with processor 169 = 4431
    Number of faces shared with processor 170 = 5
    Number of faces shared with processor 184 = 2011
    Number of faces shared with processor 185 = 1339
    Number of processor patches = 10
    Number of processor faces = 17426
    Number of boundary faces = 24170

Processor 169
    Number of cells = 255214
    Number of points = 310516
    Number of faces shared with processor 137 = 4
    Number of faces shared with processor 152 = 150
    Number of faces shared with processor 153 = 8345
    Number of faces shared with processor 168 = 4431
    Number of faces shared with processor 40 = 844
    Number of faces shared with processor 41 = 1779
    Number of faces shared with processor 170 = 5293
    Number of faces shared with processor 185 = 5894
    Number of faces shared with processor 186 = 855
    Number of processor patches = 9
    Number of processor faces = 27595
    Number of boundary faces = 26232

Processor 170
    Number of cells = 255214
    Number of points = 306554
    Number of faces shared with processor 138 = 9
    Number of faces shared with processor 153 = 624
    Number of faces shared with processor 154 = 7171
    Number of faces shared with processor 155 = 1553
    Number of faces shared with processor 27 = 87
    Number of faces shared with processor 168 = 5
    Number of faces shared with processor 169 = 5293
    Number of faces shared with processor 41 = 607
    Number of faces shared with processor 42 = 1212
    Number of faces shared with processor 171 = 3785
    Number of faces shared with processor 43 = 313
    Number of faces shared with processor 172 = 5
    Number of faces shared with processor 184 = 1
    Number of faces shared with processor 185 = 1
    Number of faces shared with processor 186 = 4798
    Number of faces shared with processor 58 = 145
    Number of processor patches = 16
    Number of processor faces = 25609
    Number of boundary faces = 25211

Processor 171
    Number of cells = 255214
    Number of points = 310597
    Number of faces shared with processor 155 = 6618
    Number of faces shared with processor 170 = 3785
    Number of faces shared with processor 43 = 5386
    Number of faces shared with processor 172 = 3610
    Number of faces shared with processor 186 = 2418
    Number of faces shared with processor 187 = 2303
    Number of faces shared with processor 188 = 886
    Number of processor patches = 7
    Number of processor faces = 25006
    Number of boundary faces = 26060

Processor 172
    Number of cells = 255214
    Number of points = 302713
    Number of faces shared with processor 140 = 5
    Number of faces shared with processor 155 = 214
    Number of faces shared with processor 27 = 2
    Number of faces shared with processor 156 = 5521
    Number of faces shared with processor 28 = 3681
    Number of faces shared with processor 157 = 3167
    Number of faces shared with processor 29 = 935
    Number of faces shared with processor 170 = 5
    Number of faces shared with processor 171 = 3610
    Number of faces shared with processor 43 = 675
    Number of faces shared with processor 44 = 1823
    Number of faces shared with processor 173 = 558
    Number of faces shared with processor 45 = 525
    Number of faces shared with processor 188 = 3905
    Number of faces shared with processor 204 = 5
    Number of processor patches = 15
    Number of processor faces = 24631
    Number of boundary faces = 29777

Processor 173
    Number of cells = 255214
    Number of points = 292612
    Number of faces shared with processor 157 = 6612
    Number of faces shared with processor 29 = 824
    Number of faces shared with processor 172 = 558
    Number of faces shared with processor 45 = 1599
    Number of faces shared with processor 174 = 1485
    Number of faces shared with processor 46 = 396
    Number of faces shared with processor 188 = 1796
    Number of faces shared with processor 189 = 5626
    Number of faces shared with processor 61 = 1093
    Number of processor patches = 9
    Number of processor faces = 19989
    Number of boundary faces = 18768

Processor 174
    Number of cells = 255214
    Number of points = 273285
    Number of faces shared with processor 142 = 37
    Number of faces shared with processor 157 = 473
    Number of faces shared with processor 158 = 12035
    Number of faces shared with processor 30 = 1
    Number of faces shared with processor 173 = 1485
    Number of faces shared with processor 46 = 3832
    Number of faces shared with processor 175 = 701
    Number of faces shared with processor 188 = 4
    Number of faces shared with processor 189 = 36
    Number of faces shared with processor 190 = 11948
    Number of faces shared with processor 191 = 1130
    Number of faces shared with processor 222 = 12
    Number of processor patches = 12
    Number of processor faces = 31694
    Number of boundary faces = 0

Processor 175
    Number of cells = 255215
    Number of points = 288649
    Number of faces shared with processor 142 = 525
    Number of faces shared with processor 14 = 95
    Number of faces shared with processor 143 = 390
    Number of faces shared with processor 158 = 1856
    Number of faces shared with processor 30 = 1176
    Number of faces shared with processor 159 = 18400
    Number of faces shared with processor 174 = 701
    Number of faces shared with processor 46 = 482
    Number of faces shared with processor 47 = 8646
    Number of faces shared with processor 63 = 121
    Number of faces shared with processor 191 = 18715
    Number of faces shared with processor 223 = 390
    Number of processor patches = 12
    Number of processor faces = 51497
    Number of boundary faces = 53

Processor 176
    Number of cells = 255214
    Number of points = 298064
    Number of faces shared with processor 144 = 99
    Number of faces shared with processor 160 = 7397
    Number of faces shared with processor 32 = 74
    Number of faces shared with processor 48 = 1590
    Number of faces shared with processor 177 = 1110
    Number of faces shared with processor 192 = 6960
    Number of faces shared with processor 193 = 93
    Number of faces shared with processor 208 = 99
    Number of processor patches = 8
    Number of processor faces = 17422
    Number of boundary faces = 29016

Processor 177
    Number of cells = 255214
    Number of points = 302922
    Number of faces shared with processor 129 = 5
    Number of faces shared with processor 144 = 1678
    Number of faces shared with processor 16 = 295
    Number of faces shared with processor 145 = 5
    Number of faces shared with processor 160 = 1521
    Number of faces shared with processor 161 = 6158
    Number of faces shared with processor 33 = 297
    Number of faces shared with processor 162 = 371
    Number of faces shared with processor 34 = 16
    Number of faces shared with processor 163 = 5
    Number of faces shared with processor 176 = 1110
    Number of faces shared with processor 49 = 1345
    Number of faces shared with processor 178 = 7430
    Number of faces shared with processor 50 = 368
    Number of faces shared with processor 179 = 5
    Number of faces shared with processor 193 = 1448
    Number of processor patches = 16
    Number of processor faces = 22057
    Number of boundary faces = 24252

Processor 178
    Number of cells = 255214
    Number of points = 304074
    Number of faces shared with processor 146 = 4
    Number of faces shared with processor 162 = 4297
    Number of faces shared with processor 163 = 3550
    Number of faces shared with processor 35 = 84
    Number of faces shared with processor 177 = 7430
    Number of faces shared with processor 50 = 1553
    Number of faces shared with processor 179 = 2210
    Number of faces shared with processor 193 = 132
    Number of faces shared with processor 194 = 954
    Number of processor patches = 9
    Number of processor faces = 20214
    Number of boundary faces = 26553

Processor 179
    Number of cells = 255214
    Number of points = 297737
    Number of faces shared with processor 163 = 2318
    Number of faces shared with processor 164 = 2047
    Number of faces shared with processor 177 = 5
    Number of faces shared with processor 178 = 2210
    Number of faces shared with processor 51 = 3514
    Number of faces shared with processor 180 = 1970
    Number of faces shared with processor 194 = 45
    Number of faces shared with processor 195 = 3428
    Number of faces shared with processor 196 = 30
    Number of processor patches = 9
    Number of processor faces = 15567
    Number of boundary faces = 31631

Processor 180
    Number of cells = 255214
    Number of points = 305284
    Number of faces shared with processor 164 = 6933
    Number of faces shared with processor 179 = 1970
    Number of faces shared with processor 52 = 918
    Number of faces shared with processor 181 = 2196
    Number of faces shared with processor 196 = 4995
    Number of faces shared with processor 197 = 218
    Number of processor patches = 6
    Number of processor faces = 17230
    Number of boundary faces = 30870

Processor 181
    Number of cells = 255214
    Number of points = 300634
    Number of faces shared with processor 164 = 766
    Number of faces shared with processor 36 = 6
    Number of faces shared with processor 165 = 1947
    Number of faces shared with processor 180 = 2196
    Number of faces shared with processor 52 = 567
    Number of faces shared with processor 53 = 2926
    Number of faces shared with processor 182 = 2325
    Number of faces shared with processor 183 = 2
    Number of faces shared with processor 197 = 4411
    Number of faces shared with processor 198 = 97
    Number of processor patches = 10
    Number of processor faces = 15243
    Number of boundary faces = 33842

Processor 182
    Number of cells = 255214
    Number of points = 295253
    Number of faces shared with processor 134 = 4
    Number of faces shared with processor 149 = 1
    Number of faces shared with processor 163 = 4
    Number of faces shared with processor 165 = 1128
    Number of faces shared with processor 166 = 2477
    Number of faces shared with processor 167 = 745
    Number of faces shared with processor 181 = 2325
    Number of faces shared with processor 53 = 250
    Number of faces shared with processor 54 = 2507
    Number of faces shared with processor 183 = 2621
    Number of faces shared with processor 55 = 107
    Number of faces shared with processor 184 = 7
    Number of faces shared with processor 198 = 4514
    Number of faces shared with processor 70 = 383
    Number of faces shared with processor 199 = 1
    Number of processor patches = 15
    Number of processor faces = 17074
    Number of boundary faces = 26494

Processor 183
    Number of cells = 255214
    Number of points = 295769
    Number of faces shared with processor 166 = 2
    Number of faces shared with processor 167 = 2473
    Number of faces shared with processor 39 = 245
    Number of faces shared with processor 181 = 2
    Number of faces shared with processor 182 = 2621
    Number of faces shared with processor 55 = 3278
    Number of faces shared with processor 184 = 1562
    Number of faces shared with processor 198 = 283
    Number of faces shared with processor 199 = 3643
    Number of faces shared with processor 200 = 1156
    Number of processor patches = 10
    Number of processor faces = 15265
    Number of boundary faces = 30391

Processor 184
    Number of cells = 255214
    Number of points = 301933
    Number of faces shared with processor 136 = 4
    Number of faces shared with processor 155 = 1
    Number of faces shared with processor 167 = 795
    Number of faces shared with processor 39 = 186
    Number of faces shared with processor 168 = 2011
    Number of faces shared with processor 170 = 1
    Number of faces shared with processor 182 = 7
    Number of faces shared with processor 183 = 1562
    Number of faces shared with processor 56 = 3206
    Number of faces shared with processor 185 = 3043
    Number of faces shared with processor 57 = 1048
    Number of faces shared with processor 186 = 6
    Number of faces shared with processor 188 = 4
    Number of faces shared with processor 200 = 3139
    Number of faces shared with processor 201 = 239
    Number of processor patches = 15
    Number of processor faces = 15252
    Number of boundary faces = 31994

Processor 185
    Number of cells = 255214
    Number of points = 302910
    Number of faces shared with processor 168 = 1339
    Number of faces shared with processor 40 = 63
    Number of faces shared with processor 169 = 5894
    Number of faces shared with processor 41 = 2844
    Number of faces shared with processor 170 = 1
    Number of faces shared with processor 184 = 3043
    Number of faces shared with processor 57 = 2322
    Number of faces shared with processor 186 = 5853
    Number of faces shared with processor 58 = 90
    Number of faces shared with processor 201 = 1643
    Number of faces shared with processor 202 = 58
    Number of processor patches = 11
    Number of processor faces = 23150
    Number of boundary faces = 29465

Processor 186
    Number of cells = 255214
    Number of points = 298636
    Number of faces shared with processor 169 = 855
    Number of faces shared with processor 41 = 138
    Number of faces shared with processor 170 = 4798
    Number of faces shared with processor 171 = 2418
    Number of faces shared with processor 43 = 497
    Number of faces shared with processor 184 = 6
    Number of faces shared with processor 185 = 5853
    Number of faces shared with processor 58 = 1864
    Number of faces shared with processor 187 = 4714
    Number of faces shared with processor 202 = 1554
    Number of faces shared with processor 203 = 1
    Number of faces shared with processor 204 = 5
    Number of processor patches = 12
    Number of processor faces = 22703
    Number of boundary faces = 26184

Processor 187
    Number of cells = 255214
    Number of points = 298112
    Number of faces shared with processor 171 = 2303
    Number of faces shared with processor 43 = 960
    Number of faces shared with processor 186 = 4714
    Number of faces shared with processor 58 = 125
    Number of faces shared with processor 59 = 3186
    Number of faces shared with processor 188 = 3839
    Number of faces shared with processor 202 = 199
    Number of faces shared with processor 203 = 2173
    Number of faces shared with processor 204 = 1649
    Number of processor patches = 9
    Number of processor faces = 19148
    Number of boundary faces = 25937

Processor 188
    Number of cells = 255214
    Number of points = 293022
    Number of faces shared with processor 140 = 4
    Number of faces shared with processor 155 = 1
    Number of faces shared with processor 157 = 1
    Number of faces shared with processor 171 = 886
    Number of faces shared with processor 43 = 125
    Number of faces shared with processor 172 = 3905
    Number of faces shared with processor 44 = 45
    Number of faces shared with processor 173 = 1796
    Number of faces shared with processor 45 = 983
    Number of faces shared with processor 174 = 4
    Number of faces shared with processor 184 = 4
    Number of faces shared with processor 187 = 3839
    Number of faces shared with processor 59 = 375
    Number of faces shared with processor 60 = 1976
    Number of faces shared with processor 189 = 995
    Number of faces shared with processor 61 = 25
    Number of faces shared with processor 204 = 3404
    Number of faces shared with processor 76 = 444
    Number of faces shared with processor 220 = 4
    Number of processor patches = 19
    Number of processor faces = 18816
    Number of boundary faces = 24482

Processor 189
    Number of cells = 255214
    Number of points = 289955
    Number of faces shared with processor 157 = 5
    Number of faces shared with processor 173 = 5626
    Number of faces shared with processor 174 = 36
    Number of faces shared with processor 46 = 8
    Number of faces shared with processor 188 = 995
    Number of faces shared with processor 61 = 1827
    Number of faces shared with processor 190 = 1743
    Number of faces shared with processor 62 = 158
    Number of faces shared with processor 204 = 1187
    Number of faces shared with processor 76 = 488
    Number of faces shared with processor 205 = 5855
    Number of faces shared with processor 77 = 134
    Number of processor patches = 12
    Number of processor faces = 18062
    Number of boundary faces = 19105

Processor 190
    Number of cells = 255214
    Number of points = 273351
    Number of faces shared with processor 174 = 11948
    Number of faces shared with processor 46 = 124
    Number of faces shared with processor 189 = 1743
    Number of faces shared with processor 62 = 3830
    Number of faces shared with processor 191 = 1791
    Number of faces shared with processor 205 = 248
    Number of faces shared with processor 206 = 12023
    Number of faces shared with processor 207 = 109
    Number of processor patches = 8
    Number of processor faces = 31816
    Number of boundary faces = 0

Processor 191
    Number of cells = 255215
    Number of points = 288908
    Number of faces shared with processor 159 = 340
    Number of faces shared with processor 174 = 1130
    Number of faces shared with processor 46 = 718
    Number of faces shared with processor 175 = 18715
    Number of faces shared with processor 47 = 159
    Number of faces shared with processor 190 = 1791
    Number of faces shared with processor 62 = 1163
    Number of faces shared with processor 63 = 9313
    Number of faces shared with processor 79 = 74
    Number of faces shared with processor 207 = 18106
    Number of processor patches = 10
    Number of processor faces = 51509
    Number of boundary faces = 37

Processor 192
    Number of cells = 255214
    Number of points = 297514
    Number of faces shared with processor 176 = 6960
    Number of faces shared with processor 48 = 17
    Number of faces shared with processor 64 = 1688
    Number of faces shared with processor 193 = 1197
    Number of faces shared with processor 208 = 7052
    Number of faces shared with processor 80 = 73
    Number of processor patches = 6
    Number of processor faces = 16987
    Number of boundary faces = 29163

Processor 193
    Number of cells = 255214
    Number of points = 301242
    Number of faces shared with processor 176 = 93
    Number of faces shared with processor 177 = 1448
    Number of faces shared with processor 178 = 132
    Number of faces shared with processor 192 = 1197
    Number of faces shared with processor 65 = 1254
    Number of faces shared with processor 194 = 6713
    Number of faces shared with processor 66 = 431
    Number of faces shared with processor 195 = 5
    Number of faces shared with processor 208 = 1517
    Number of faces shared with processor 209 = 5303
    Number of faces shared with processor 81 = 180
    Number of faces shared with processor 210 = 45
    Number of faces shared with processor 82 = 6
    Number of faces shared with processor 224 = 1658
    Number of faces shared with processor 96 = 344
    Number of faces shared with processor 225 = 4
    Number of processor patches = 16
    Number of processor faces = 20330
    Number of boundary faces = 24721

Processor 194
    Number of cells = 255214
    Number of points = 303487
    Number of faces shared with processor 178 = 954
    Number of faces shared with processor 179 = 45
    Number of faces shared with processor 193 = 6713
    Number of faces shared with processor 66 = 1411
    Number of faces shared with processor 195 = 2178
    Number of faces shared with processor 210 = 4178
    Number of faces shared with processor 211 = 3642
    Number of faces shared with processor 83 = 78
    Number of faces shared with processor 226 = 4
    Number of processor patches = 9
    Number of processor faces = 19203
    Number of boundary faces = 26472

Processor 195
    Number of cells = 255214
    Number of points = 297896
    Number of faces shared with processor 179 = 3428
    Number of faces shared with processor 193 = 5
    Number of faces shared with processor 194 = 2178
    Number of faces shared with processor 67 = 2258
    Number of faces shared with processor 196 = 2023
    Number of faces shared with processor 68 = 33
    Number of faces shared with processor 211 = 2126
    Number of faces shared with processor 212 = 1867
    Number of processor patches = 8
    Number of processor faces = 13918
    Number of boundary faces = 31043

Processor 196
    Number of cells = 255214
    Number of points = 306160
    Number of faces shared with processor 179 = 30
    Number of faces shared with processor 180 = 4995
    Number of faces shared with processor 195 = 2023
    Number of faces shared with processor 68 = 1514
    Number of faces shared with processor 197 = 2293
    Number of faces shared with processor 212 = 5443
    Number of processor patches = 6
    Number of processor faces = 16298
    Number of boundary faces = 31182

Processor 197
    Number of cells = 255214
    Number of points = 300696
    Number of faces shared with processor 180 = 218
    Number of faces shared with processor 181 = 4411
    Number of faces shared with processor 196 = 2293
    Number of faces shared with processor 68 = 476
    Number of faces shared with processor 69 = 2962
    Number of faces shared with processor 198 = 2445
    Number of faces shared with processor 199 = 3
    Number of faces shared with processor 212 = 768
    Number of faces shared with processor 213 = 2134
    Number of processor patches = 9
    Number of processor faces = 15710
    Number of boundary faces = 33740

Processor 198
    Number of cells = 255214
    Number of points = 295352
    Number of faces shared with processor 181 = 97
    Number of faces shared with processor 53 = 4
    Number of faces shared with processor 182 = 4514
    Number of faces shared with processor 183 = 283
    Number of faces shared with processor 55 = 3
    Number of faces shared with processor 197 = 2445
    Number of faces shared with processor 69 = 145
    Number of faces shared with processor 70 = 2274
    Number of faces shared with processor 199 = 2489
    Number of faces shared with processor 200 = 6
    Number of faces shared with processor 211 = 4
    Number of faces shared with processor 213 = 1049
    Number of faces shared with processor 214 = 2524
    Number of faces shared with processor 215 = 701
    Number of faces shared with processor 229 = 1
    Number of faces shared with processor 246 = 4
    Number of processor patches = 16
    Number of processor faces = 16543
    Number of boundary faces = 27013

Processor 199
    Number of cells = 255214
    Number of points = 299133
    Number of faces shared with processor 182 = 1
    Number of faces shared with processor 183 = 3643
    Number of faces shared with processor 55 = 1314
    Number of faces shared with processor 197 = 3
    Number of faces shared with processor 198 = 2489
    Number of faces shared with processor 70 = 230
    Number of faces shared with processor 71 = 3261
    Number of faces shared with processor 200 = 1683
    Number of faces shared with processor 215 = 1858
    Number of processor patches = 9
    Number of processor faces = 14482
    Number of boundary faces = 31350

Processor 200
    Number of cells = 255214
    Number of points = 297026
    Number of faces shared with processor 183 = 1156
    Number of faces shared with processor 55 = 314
    Number of faces shared with processor 184 = 3139
    Number of faces shared with processor 56 = 1018
    Number of faces shared with processor 198 = 6
    Number of faces shared with processor 199 = 1683
    Number of faces shared with processor 71 = 13
    Number of faces shared with processor 72 = 2093
    Number of faces shared with processor 201 = 3249
    Number of faces shared with processor 202 = 6
    Number of faces shared with processor 215 = 797
    Number of faces shared with processor 216 = 2162
    Number of faces shared with processor 218 = 1
    Number of faces shared with processor 220 = 4
    Number of faces shared with processor 248 = 4
    Number of faces shared with processor 251 = 1
    Number of processor patches = 16
    Number of processor faces = 15646
    Number of boundary faces = 29236

Processor 201
    Number of cells = 255214
    Number of points = 298864
    Number of faces shared with processor 184 = 239
    Number of faces shared with processor 185 = 1643
    Number of faces shared with processor 200 = 3249
    Number of faces shared with processor 73 = 1003
    Number of faces shared with processor 202 = 6784
    Number of faces shared with processor 74 = 201
    Number of faces shared with processor 216 = 957
    Number of faces shared with processor 217 = 5456
    Number of faces shared with processor 89 = 2214
    Number of faces shared with processor 218 = 1
    Number of faces shared with processor 233 = 4
    Number of processor patches = 11
    Number of processor faces = 21751
    Number of boundary faces = 25308

Processor 202
    Number of cells = 255214
    Number of points = 294147
    Number of faces shared with processor 185 = 58
    Number of faces shared with processor 186 = 1554
    Number of faces shared with processor 187 = 199
    Number of faces shared with processor 200 = 6
    Number of faces shared with processor 201 = 6784
    Number of faces shared with processor 74 = 3222
    Number of faces shared with processor 203 = 5354
    Number of faces shared with processor 204 = 5
    Number of faces shared with processor 217 = 833
    Number of faces shared with processor 89 = 108
    Number of faces shared with processor 218 = 4356
    Number of faces shared with processor 219 = 2758
    Number of faces shared with processor 91 = 127
    Number of processor patches = 13
    Number of processor faces = 25364
    Number of boundary faces = 20960

Processor 203
    Number of cells = 255214
    Number of points = 290179
    Number of faces shared with processor 186 = 1
    Number of faces shared with processor 187 = 2173
    Number of faces shared with processor 202 = 5354
    Number of faces shared with processor 75 = 2078
    Number of faces shared with processor 204 = 3986
    Number of faces shared with processor 219 = 2553
    Number of faces shared with processor 91 = 704
    Number of faces shared with processor 220 = 1824
    Number of processor patches = 8
    Number of processor faces = 18673
    Number of boundary faces = 21284

Processor 204
    Number of cells = 255214
    Number of points = 284251
    Number of faces shared with processor 172 = 5
    Number of faces shared with processor 186 = 5
    Number of faces shared with processor 187 = 1649
    Number of faces shared with processor 188 = 3404
    Number of faces shared with processor 189 = 1187
    Number of faces shared with processor 202 = 5
    Number of faces shared with processor 203 = 3986
    Number of faces shared with processor 76 = 7610
    Number of faces shared with processor 205 = 1941
    Number of faces shared with processor 220 = 3323
    Number of faces shared with processor 221 = 249
    Number of processor patches = 11
    Number of processor faces = 23364
    Number of boundary faces = 10162

Processor 205
    Number of cells = 255214
    Number of points = 288750
    Number of faces shared with processor 189 = 5855
    Number of faces shared with processor 190 = 248
    Number of faces shared with processor 62 = 15
    Number of faces shared with processor 204 = 1941
    Number of faces shared with processor 76 = 782
    Number of faces shared with processor 77 = 2027
    Number of faces shared with processor 206 = 1538
    Number of faces shared with processor 78 = 95
    Number of faces shared with processor 220 = 1
    Number of faces shared with processor 221 = 5692
    Number of faces shared with processor 237 = 5
    Number of processor patches = 11
    Number of processor faces = 18199
    Number of boundary faces = 18895

Processor 206
    Number of cells = 255214
    Number of points = 273308
    Number of faces shared with processor 190 = 12023
    Number of faces shared with processor 62 = 10
    Number of faces shared with processor 205 = 1538
    Number of faces shared with processor 78 = 3841
    Number of faces shared with processor 207 = 1865
    Number of faces shared with processor 221 = 397
    Number of faces shared with processor 222 = 12058
    Number of processor patches = 7
    Number of processor faces = 31732
    Number of boundary faces = 0

Processor 207
    Number of cells = 255215
    Number of points = 288168
    Number of faces shared with processor 190 = 109
    Number of faces shared with processor 62 = 62
    Number of faces shared with processor 63 = 32
    Number of faces shared with processor 191 = 18106
    Number of faces shared with processor 206 = 1865
    Number of faces shared with processor 78 = 1176
    Number of faces shared with processor 79 = 8663
    Number of faces shared with processor 222 = 1017
    Number of faces shared with processor 94 = 637
    Number of faces shared with processor 223 = 18646
    Number of faces shared with processor 95 = 104
    Number of faces shared with processor 239 = 340
    Number of processor patches = 12
    Number of processor faces = 50757
    Number of boundary faces = 37

Processor 208
    Number of cells = 255214
    Number of points = 303561
    Number of faces shared with processor 128 = 4
    Number of faces shared with processor 160 = 61
    Number of faces shared with processor 176 = 99
    Number of faces shared with processor 192 = 7052
    Number of faces shared with processor 193 = 1517
    Number of faces shared with processor 80 = 1696
    Number of faces shared with processor 209 = 1
    Number of faces shared with processor 211 = 4
    Number of faces shared with processor 224 = 6959
    Number of faces shared with processor 96 = 68
    Number of faces shared with processor 240 = 88
    Number of processor patches = 11
    Number of processor faces = 17549
    Number of boundary faces = 26932

Processor 209
    Number of cells = 255214
    Number of points = 314118
    Number of faces shared with processor 193 = 5303
    Number of faces shared with processor 208 = 1
    Number of faces shared with processor 81 = 2155
    Number of faces shared with processor 210 = 5410
    Number of faces shared with processor 211 = 5
    Number of faces shared with processor 224 = 2115
    Number of faces shared with processor 96 = 498
    Number of faces shared with processor 225 = 9309
    Number of faces shared with processor 226 = 248
    Number of faces shared with processor 241 = 5
    Number of processor patches = 10
    Number of processor faces = 25049
    Number of boundary faces = 30597

Processor 210
    Number of cells = 255214
    Number of points = 308792
    Number of faces shared with processor 193 = 45
    Number of faces shared with processor 194 = 4178
    Number of faces shared with processor 66 = 82
    Number of faces shared with processor 209 = 5410
    Number of faces shared with processor 81 = 222
    Number of faces shared with processor 82 = 1530
    Number of faces shared with processor 211 = 2302
    Number of faces shared with processor 83 = 46
    Number of faces shared with processor 226 = 6988
    Number of faces shared with processor 227 = 1229
    Number of processor patches = 10
    Number of processor faces = 22032
    Number of boundary faces = 29096

Processor 211
    Number of cells = 255214
    Number of points = 309755
    Number of faces shared with processor 163 = 4
    Number of faces shared with processor 194 = 3642
    Number of faces shared with processor 195 = 2126
    Number of faces shared with processor 198 = 4
    Number of faces shared with processor 208 = 4
    Number of faces shared with processor 209 = 5
    Number of faces shared with processor 210 = 2302
    Number of faces shared with processor 83 = 2054
    Number of faces shared with processor 212 = 1307
    Number of faces shared with processor 226 = 2
    Number of faces shared with processor 227 = 5962
    Number of faces shared with processor 228 = 1682
    Number of faces shared with processor 229 = 1
    Number of faces shared with processor 243 = 9
    Number of processor patches = 14
    Number of processor faces = 19104
    Number of boundary faces = 27129

Processor 212
    Number of cells = 255214
    Number of points = 303573
    Number of faces shared with processor 164 = 5
    Number of faces shared with processor 195 = 1867
    Number of faces shared with processor 67 = 861
    Number of faces shared with processor 196 = 5443
    Number of faces shared with processor 68 = 2024
    Number of faces shared with processor 197 = 768
    Number of faces shared with processor 69 = 74
    Number of faces shared with processor 211 = 1307
    Number of faces shared with processor 84 = 2567
    Number of faces shared with processor 213 = 2113
    Number of faces shared with processor 228 = 2896
    Number of processor patches = 11
    Number of processor faces = 19925
    Number of boundary faces = 27682

Processor 213
    Number of cells = 255214
    Number of points = 302514
    Number of faces shared with processor 197 = 2134
    Number of faces shared with processor 198 = 1049
    Number of faces shared with processor 212 = 2113
    Number of faces shared with processor 85 = 1478
    Number of faces shared with processor 214 = 2504
    Number of faces shared with processor 86 = 28
    Number of faces shared with processor 215 = 4
    Number of faces shared with processor 228 = 1675
    Number of faces shared with processor 100 = 29
    Number of faces shared with processor 229 = 4904
    Number of faces shared with processor 101 = 1382
    Number of faces shared with processor 245 = 5
    Number of processor patches = 12
    Number of processor faces = 17305
    Number of boundary faces = 23899

Processor 214
    Number of cells = 255214
    Number of points = 292005
    Number of faces shared with processor 198 = 2524
    Number of faces shared with processor 213 = 2504
    Number of faces shared with processor 86 = 1276
    Number of faces shared with processor 215 = 2848
    Number of faces shared with processor 216 = 1
    Number of faces shared with processor 229 = 384
    Number of faces shared with processor 230 = 2868
    Number of faces shared with processor 231 = 795
    Number of faces shared with processor 246 = 8
    Number of faces shared with processor 247 = 1
    Number of processor patches = 10
    Number of processor faces = 13209
    Number of boundary faces = 21579

Processor 215
    Number of cells = 255214
    Number of points = 293621
    Number of faces shared with processor 198 = 701
    Number of faces shared with processor 199 = 1858
    Number of faces shared with processor 71 = 74
    Number of faces shared with processor 200 = 797
    Number of faces shared with processor 213 = 4
    Number of faces shared with processor 214 = 2848
    Number of faces shared with processor 87 = 5574
    Number of faces shared with processor 216 = 2266
    Number of faces shared with processor 88 = 162
    Number of faces shared with processor 231 = 4952
    Number of faces shared with processor 247 = 4
    Number of processor patches = 11
    Number of processor faces = 19240
    Number of boundary faces = 26184

Processor 216
    Number of cells = 255214
    Number of points = 298139
    Number of faces shared with processor 200 = 2162
    Number of faces shared with processor 201 = 957
    Number of faces shared with processor 214 = 1
    Number of faces shared with processor 215 = 2266
    Number of faces shared with processor 88 = 706
    Number of faces shared with processor 217 = 4779
    Number of faces shared with processor 89 = 254
    Number of faces shared with processor 218 = 5
    Number of faces shared with processor 231 = 804
    Number of faces shared with processor 232 = 6523
    Number of faces shared with processor 104 = 228
    Number of faces shared with processor 248 = 5
    Number of processor patches = 12
    Number of processor faces = 18690
    Number of boundary faces = 25131

Processor 217
    Number of cells = 255214
    Number of points = 309437
    Number of faces shared with processor 201 = 5456
    Number of faces shared with processor 202 = 833
    Number of faces shared with processor 216 = 4779
    Number of faces shared with processor 89 = 1884
    Number of faces shared with processor 218 = 4752
    Number of faces shared with processor 232 = 95
    Number of faces shared with processor 233 = 7667
    Number of processor patches = 7
    Number of processor faces = 25466
    Number of boundary faces = 26154

Processor 218
    Number of cells = 255214
    Number of points = 307203
    Number of faces shared with processor 200 = 1
    Number of faces shared with processor 201 = 1
    Number of faces shared with processor 202 = 4356
    Number of faces shared with processor 74 = 340
    Number of faces shared with processor 216 = 5
    Number of faces shared with processor 217 = 4752
    Number of faces shared with processor 89 = 574
    Number of faces shared with processor 90 = 1693
    Number of faces shared with processor 219 = 3868
    Number of faces shared with processor 91 = 286
    Number of faces shared with processor 220 = 5
    Number of faces shared with processor 233 = 657
    Number of faces shared with processor 234 = 7780
    Number of faces shared with processor 235 = 1687
    Number of faces shared with processor 107 = 145
    Number of faces shared with processor 250 = 9
    Number of processor patches = 16
    Number of processor faces = 26159
    Number of boundary faces = 25110

Processor 219
    Number of cells = 255214
    Number of points = 310606
    Number of faces shared with processor 202 = 2758
    Number of faces shared with processor 203 = 2553
    Number of faces shared with processor 218 = 3868
    Number of faces shared with processor 91 = 7564
    Number of faces shared with processor 220 = 3420
    Number of faces shared with processor 92 = 305
    Number of faces shared with processor 235 = 7079
    Number of faces shared with processor 236 = 58
    Number of faces shared with processor 108 = 25
    Number of processor patches = 9
    Number of processor faces = 27630
    Number of boundary faces = 26630

Processor 220
    Number of cells = 255214
    Number of points = 289518
    Number of faces shared with processor 188 = 4
    Number of faces shared with processor 200 = 4
    Number of faces shared with processor 203 = 1824
    Number of faces shared with processor 204 = 3323
    Number of faces shared with processor 76 = 512
    Number of faces shared with processor 205 = 1
    Number of faces shared with processor 218 = 5
    Number of faces shared with processor 219 = 3420
    Number of faces shared with processor 92 = 652
    Number of faces shared with processor 221 = 2429
    Number of faces shared with processor 222 = 4
    Number of faces shared with processor 235 = 6
    Number of faces shared with processor 236 = 4036
    Number of faces shared with processor 237 = 2084
    Number of faces shared with processor 251 = 1
    Number of faces shared with processor 252 = 9
    Number of processor patches = 16
    Number of processor faces = 18314
    Number of boundary faces = 15548

Processor 221
    Number of cells = 255214
    Number of points = 291994
    Number of faces shared with processor 204 = 249
    Number of faces shared with processor 76 = 103
    Number of faces shared with processor 205 = 5692
    Number of faces shared with processor 77 = 203
    Number of faces shared with processor 206 = 397
    Number of faces shared with processor 78 = 35
    Number of faces shared with processor 220 = 2429
    Number of faces shared with processor 93 = 1954
    Number of faces shared with processor 222 = 1374
    Number of faces shared with processor 94 = 119
    Number of faces shared with processor 237 = 6085
    Number of processor patches = 11
    Number of processor faces = 18640
    Number of boundary faces = 18000

Processor 222
    Number of cells = 255214
    Number of points = 273364
    Number of faces shared with processor 174 = 12
    Number of faces shared with processor 78 = 56
    Number of faces shared with processor 206 = 12058
    Number of faces shared with processor 207 = 1017
    Number of faces shared with processor 220 = 4
    Number of faces shared with processor 221 = 1374
    Number of faces shared with processor 94 = 3836
    Number of faces shared with processor 223 = 838
    Number of faces shared with processor 237 = 557
    Number of faces shared with processor 238 = 12061
    Number of faces shared with processor 254 = 37
    Number of processor patches = 11
    Number of processor faces = 31850
    Number of boundary faces = 0

Processor 223
    Number of cells = 255215
    Number of points = 288489
    Number of faces shared with processor 175 = 390
    Number of faces shared with processor 207 = 18646
    Number of faces shared with processor 79 = 173
    Number of faces shared with processor 222 = 838
    Number of faces shared with processor 94 = 539
    Number of faces shared with processor 95 = 8582
    Number of faces shared with processor 238 = 1882
    Number of faces shared with processor 110 = 1176
    Number of faces shared with processor 239 = 18188
    Number of faces shared with processor 254 = 339
    Number of faces shared with processor 126 = 57
    Number of faces shared with processor 255 = 390
    Number of processor patches = 12
    Number of processor faces = 51200
    Number of boundary faces = 53

Processor 224
    Number of cells = 255214
    Number of points = 316644
    Number of faces shared with processor 193 = 1658
    Number of faces shared with processor 208 = 6959
    Number of faces shared with processor 80 = 1
    Number of faces shared with processor 209 = 2115
    Number of faces shared with processor 96 = 4245
    Number of faces shared with processor 225 = 506
    Number of faces shared with processor 240 = 7426
    Number of processor patches = 7
    Number of processor faces = 22910
    Number of boundary faces = 25916

Processor 225
    Number of cells = 255214
    Number of points = 317142
    Number of faces shared with processor 193 = 4
    Number of faces shared with processor 209 = 9309
    Number of faces shared with processor 81 = 631
    Number of faces shared with processor 224 = 506
    Number of faces shared with processor 96 = 420
    Number of faces shared with processor 97 = 1986
    Number of faces shared with processor 226 = 4275
    Number of faces shared with processor 240 = 2793
    Number of faces shared with processor 112 = 2
    Number of faces shared with processor 241 = 7881
    Number of faces shared with processor 113 = 1214
    Number of faces shared with processor 242 = 328
    Number of processor patches = 12
    Number of processor faces = 29349
    Number of boundary faces = 32530

Processor 226
    Number of cells = 255214
    Number of points = 314068
    Number of faces shared with processor 194 = 4
    Number of faces shared with processor 209 = 248
    Number of faces shared with processor 81 = 21
    Number of faces shared with processor 210 = 6988
    Number of faces shared with processor 82 = 543
    Number of faces shared with processor 211 = 2
    Number of faces shared with processor 225 = 4275
    Number of faces shared with processor 97 = 316
    Number of faces shared with processor 98 = 1228
    Number of faces shared with processor 227 = 3535
    Number of faces shared with processor 99 = 391
    Number of faces shared with processor 242 = 8032
    Number of faces shared with processor 114 = 607
    Number of processor patches = 13
    Number of processor faces = 26190
    Number of boundary faces = 32184

Processor 227
    Number of cells = 255214
    Number of points = 310346
    Number of faces shared with processor 210 = 1229
    Number of faces shared with processor 82 = 8
    Number of faces shared with processor 211 = 5962
    Number of faces shared with processor 83 = 494
    Number of faces shared with processor 226 = 3535
    Number of faces shared with processor 99 = 2026
    Number of faces shared with processor 228 = 982
    Number of faces shared with processor 100 = 235
    Number of faces shared with processor 242 = 332
    Number of faces shared with processor 114 = 1
    Number of faces shared with processor 243 = 6237
    Number of faces shared with processor 115 = 1471
    Number of processor patches = 12
    Number of processor faces = 22512
    Number of boundary faces = 33291

Processor 228
    Number of cells = 255214
    Number of points = 307860
    Number of faces shared with processor 211 = 1682
    Number of faces shared with processor 212 = 2896
    Number of faces shared with processor 213 = 1675
    Number of faces shared with processor 227 = 982
    Number of faces shared with processor 100 = 1559
    Number of faces shared with processor 229 = 4324
    Number of faces shared with processor 243 = 63
    Number of faces shared with processor 244 = 3174
    Number of processor patches = 8
    Number of processor faces = 16355
    Number of boundary faces = 23261

Processor 229
    Number of cells = 255214
    Number of points = 296214
    Number of faces shared with processor 149 = 9
    Number of faces shared with processor 198 = 1
    Number of faces shared with processor 211 = 1
    Number of faces shared with processor 213 = 4904
    Number of faces shared with processor 214 = 384
    Number of faces shared with processor 86 = 273
    Number of faces shared with processor 228 = 4324
    Number of faces shared with processor 100 = 118
    Number of faces shared with processor 101 = 734
    Number of faces shared with processor 230 = 2457
    Number of faces shared with processor 240 = 9
    Number of faces shared with processor 243 = 1
    Number of faces shared with processor 244 = 911
    Number of faces shared with processor 245 = 6118
    Number of faces shared with processor 246 = 1
    Number of faces shared with processor 251 = 9
    Number of processor patches = 16
    Number of processor faces = 20254
    Number of boundary faces = 23282

Processor 230
    Number of cells = 255214
    Number of points = 296352
    Number of faces shared with processor 214 = 2868
    Number of faces shared with processor 86 = 3805
    Number of faces shared with processor 229 = 2457
    Number of faces shared with processor 101 = 128
    Number of faces shared with processor 102 = 761
    Number of faces shared with processor 231 = 2274
    Number of faces shared with processor 245 = 65
    Number of faces shared with processor 246 = 10117
    Number of faces shared with processor 247 = 306
    Number of processor patches = 9
    Number of processor faces = 22781
    Number of boundary faces = 24813

Processor 231
    Number of cells = 255214
    Number of points = 295048
    Number of faces shared with processor 214 = 795
    Number of faces shared with processor 86 = 240
    Number of faces shared with processor 215 = 4952
    Number of faces shared with processor 216 = 804
    Number of faces shared with processor 230 = 2274
    Number of faces shared with processor 102 = 40
    Number of faces shared with processor 103 = 312
    Number of faces shared with processor 232 = 2291
    Number of faces shared with processor 247 = 10542
    Number of faces shared with processor 248 = 290
    Number of processor patches = 10
    Number of processor faces = 22540
    Number of boundary faces = 26835

Processor 232
    Number of cells = 255214
    Number of points = 308167
    Number of faces shared with processor 216 = 6523
    Number of faces shared with processor 217 = 95
    Number of faces shared with processor 231 = 2291
    Number of faces shared with processor 103 = 34
    Number of faces shared with processor 104 = 1162
    Number of faces shared with processor 233 = 3830
    Number of faces shared with processor 248 = 15008
    Number of faces shared with processor 120 = 1443
    Number of faces shared with processor 249 = 1740
    Number of faces shared with processor 121 = 9
    Number of processor patches = 10
    Number of processor faces = 32135
    Number of boundary faces = 31636

Processor 233
    Number of cells = 255214
    Number of points = 313514
    Number of faces shared with processor 201 = 4
    Number of faces shared with processor 217 = 7667
    Number of faces shared with processor 89 = 2419
    Number of faces shared with processor 90 = 33
    Number of faces shared with processor 218 = 657
    Number of faces shared with processor 232 = 3830
    Number of faces shared with processor 105 = 1935
    Number of faces shared with processor 234 = 4869
    Number of faces shared with processor 249 = 7506
    Number of faces shared with processor 121 = 1390
    Number of faces shared with processor 250 = 545
    Number of faces shared with processor 122 = 20
    Number of processor patches = 12
    Number of processor faces = 30875
    Number of boundary faces = 29418

Processor 234
    Number of cells = 255214
    Number of points = 314227
    Number of faces shared with processor 218 = 7780
    Number of faces shared with processor 90 = 916
    Number of faces shared with processor 233 = 4869
    Number of faces shared with processor 105 = 384
    Number of faces shared with processor 106 = 1530
    Number of faces shared with processor 235 = 3730
    Number of faces shared with processor 107 = 656
    Number of faces shared with processor 250 = 7003
    Number of faces shared with processor 122 = 3861
    Number of processor patches = 9
    Number of processor faces = 30729
    Number of boundary faces = 32212

Processor 235
    Number of cells = 255214
    Number of points = 311272
    Number of faces shared with processor 218 = 1687
    Number of faces shared with processor 219 = 7079
    Number of faces shared with processor 91 = 702
    Number of faces shared with processor 220 = 6
    Number of faces shared with processor 234 = 3730
    Number of faces shared with processor 107 = 1839
    Number of faces shared with processor 236 = 2621
    Number of faces shared with processor 108 = 2715
    Number of faces shared with processor 250 = 42
    Number of faces shared with processor 122 = 5
    Number of faces shared with processor 251 = 7782
    Number of faces shared with processor 123 = 1284
    Number of processor patches = 12
    Number of processor faces = 29492
    Number of boundary faces = 29186

Processor 236
    Number of cells = 255214
    Number of points = 292346
    Number of faces shared with processor 219 = 58
    Number of faces shared with processor 220 = 4036
    Number of faces shared with processor 92 = 1299
    Number of faces shared with processor 235 = 2621
    Number of faces shared with processor 108 = 1257
    Number of faces shared with processor 109 = 371
    Number of faces shared with processor 237 = 3749
    Number of faces shared with processor 251 = 993
    Number of faces shared with processor 252 = 7745
    Number of faces shared with processor 124 = 153
    Number of faces shared with processor 253 = 156
    Number of processor patches = 11
    Number of processor faces = 22438
    Number of boundary faces = 18558

Processor 237
    Number of cells = 255214
    Number of points = 284457
    Number of faces shared with processor 205 = 5
    Number of faces shared with processor 220 = 2084
    Number of faces shared with processor 92 = 841
    Number of faces shared with processor 221 = 6085
    Number of faces shared with processor 93 = 148
    Number of faces shared with processor 222 = 557
    Number of faces shared with processor 94 = 63
    Number of faces shared with processor 236 = 3749
    Number of faces shared with processor 109 = 2424
    Number of faces shared with processor 238 = 1438
    Number of faces shared with processor 110 = 154
    Number of faces shared with processor 253 = 7256
    Number of processor patches = 12
    Number of processor faces = 24804
    Number of boundary faces = 7015

Processor 238
    Number of cells = 255214
    Number of points = 273379
    Number of faces shared with processor 158 = 9
    Number of faces shared with processor 222 = 12061
    Number of faces shared with processor 94 = 42
    Number of faces shared with processor 223 = 1882
    Number of faces shared with processor 237 = 1438
    Number of faces shared with processor 110 = 3833
    Number of faces shared with processor 251 = 9
    Number of faces shared with processor 253 = 490
    Number of faces shared with processor 254 = 12105
    Number of processor patches = 9
    Number of processor faces = 31869
    Number of boundary faces = 1

Processor 239
    Number of cells = 255215
    Number of points = 327223
    Number of faces shared with processor 207 = 340
    Number of faces shared with processor 223 = 18188
    Number of faces shared with processor 95 = 3776
    Number of faces shared with processor 111 = 45816
    Number of faces shared with processor 254 = 1816
    Number of faces shared with processor 126 = 511
    Number of faces shared with processor 255 = 16530
    Number of processor patches = 7
    Number of processor faces = 86977
    Number of boundary faces = 491

Processor 240
    Number of cells = 255217
    Number of points = 303091
    Number of faces shared with processor 128 = 268
    Number of faces shared with processor 208 = 88
    Number of faces shared with processor 80 = 1
    Number of faces shared with processor 224 = 7426
    Number of faces shared with processor 96 = 910
    Number of faces shared with processor 97 = 17
    Number of faces shared with processor 225 = 2793
    Number of faces shared with processor 229 = 9
    Number of faces shared with processor 112 = 4689
    Number of faces shared with processor 241 = 6067
    Number of faces shared with processor 113 = 668
    Number of faces shared with processor 243 = 103
    Number of faces shared with processor 245 = 143
    Number of processor patches = 13
    Number of processor faces = 23182
    Number of boundary faces = 16375

Processor 241
    Number of cells = 255217
    Number of points = 309126
    Number of faces shared with processor 209 = 5
    Number of faces shared with processor 225 = 7881
    Number of faces shared with processor 240 = 6067
    Number of faces shared with processor 112 = 1
    Number of faces shared with processor 113 = 2639
    Number of faces shared with processor 242 = 7100
    Number of faces shared with processor 243 = 77
    Number of processor patches = 7
    Number of processor faces = 23770
    Number of boundary faces = 23011

Processor 242
    Number of cells = 255217
    Number of points = 304704
    Number of faces shared with processor 225 = 328
    Number of faces shared with processor 226 = 8032
    Number of faces shared with processor 227 = 332
    Number of faces shared with processor 241 = 7100
    Number of faces shared with processor 113 = 553
    Number of faces shared with processor 114 = 1830
    Number of faces shared with processor 243 = 6081
    Number of faces shared with processor 115 = 765
    Number of processor patches = 8
    Number of processor faces = 25021
    Number of boundary faces = 24820

Processor 243
    Number of cells = 255217
    Number of points = 302799
    Number of faces shared with processor 211 = 9
    Number of faces shared with processor 227 = 6237
    Number of faces shared with processor 228 = 63
    Number of faces shared with processor 100 = 92
    Number of faces shared with processor 229 = 1
    Number of faces shared with processor 240 = 103
    Number of faces shared with processor 241 = 77
    Number of faces shared with processor 242 = 6081
    Number of faces shared with processor 115 = 3128
    Number of faces shared with processor 244 = 4452
    Number of faces shared with processor 116 = 718
    Number of faces shared with processor 245 = 32
    Number of faces shared with processor 246 = 103
    Number of processor patches = 13
    Number of processor faces = 21096
    Number of boundary faces = 20942

Processor 244
    Number of cells = 255217
    Number of points = 290355
    Number of faces shared with processor 228 = 3174
    Number of faces shared with processor 100 = 1921
    Number of faces shared with processor 229 = 911
    Number of faces shared with processor 101 = 539
    Number of faces shared with processor 243 = 4452
    Number of faces shared with processor 116 = 2662
    Number of faces shared with processor 117 = 799
    Number of faces shared with processor 245 = 6236
    Number of processor patches = 8
    Number of processor faces = 20694
    Number of boundary faces = 15898

Processor 245
    Number of cells = 255217
    Number of points = 289552
    Number of faces shared with processor 213 = 5
    Number of faces shared with processor 229 = 6118
    Number of faces shared with processor 101 = 8104
    Number of faces shared with processor 230 = 65
    Number of faces shared with processor 102 = 114
    Number of faces shared with processor 240 = 143
    Number of faces shared with processor 243 = 32
    Number of faces shared with processor 244 = 6236
    Number of faces shared with processor 117 = 2616
    Number of faces shared with processor 246 = 5343
    Number of faces shared with processor 247 = 74
    Number of faces shared with processor 251 = 143
    Number of processor patches = 12
    Number of processor faces = 28993
    Number of boundary faces = 7145

Processor 246
    Number of cells = 255217
    Number of points = 284234
    Number of faces shared with processor 198 = 4
    Number of faces shared with processor 214 = 8
    Number of faces shared with processor 229 = 1
    Number of faces shared with processor 230 = 10117
    Number of faces shared with processor 102 = 7755
    Number of faces shared with processor 243 = 103
    Number of faces shared with processor 245 = 5343
    Number of faces shared with processor 117 = 316
    Number of faces shared with processor 118 = 2839
    Number of faces shared with processor 247 = 5544
    Number of faces shared with processor 248 = 103
    Number of processor patches = 11
    Number of processor faces = 32133
    Number of boundary faces = 1447

Processor 247
    Number of cells = 255217
    Number of points = 280144
    Number of faces shared with processor 214 = 1
    Number of faces shared with processor 215 = 4
    Number of faces shared with processor 230 = 306
    Number of faces shared with processor 102 = 319
    Number of faces shared with processor 231 = 10542
    Number of faces shared with processor 103 = 3740
    Number of faces shared with processor 245 = 74
    Number of faces shared with processor 246 = 5544
    Number of faces shared with processor 118 = 103
    Number of faces shared with processor 119 = 2977
    Number of faces shared with processor 248 = 5981
    Number of faces shared with processor 120 = 144
    Number of processor patches = 12
    Number of processor faces = 29735
    Number of boundary faces = 1186

Processor 248
    Number of cells = 255217
    Number of points = 284815
    Number of faces shared with processor 200 = 4
    Number of faces shared with processor 216 = 5
    Number of faces shared with processor 231 = 290
    Number of faces shared with processor 103 = 153
    Number of faces shared with processor 232 = 15008
    Number of faces shared with processor 246 = 103
    Number of faces shared with processor 247 = 5981
    Number of faces shared with processor 120 = 2915
    Number of faces shared with processor 249 = 7096
    Number of faces shared with processor 250 = 98
    Number of faces shared with processor 251 = 33
    Number of faces shared with processor 252 = 103
    Number of processor patches = 12
    Number of processor faces = 31789
    Number of boundary faces = 3457

Processor 249
    Number of cells = 255217
    Number of points = 292256
    Number of faces shared with processor 232 = 1740
    Number of faces shared with processor 233 = 7506
    Number of faces shared with processor 248 = 7096
    Number of faces shared with processor 120 = 759
    Number of faces shared with processor 121 = 2253
    Number of faces shared with processor 250 = 9296
    Number of processor patches = 6
    Number of processor faces = 28650
    Number of boundary faces = 13218

Processor 250
    Number of cells = 255217
    Number of points = 292810
    Number of faces shared with processor 218 = 9
    Number of faces shared with processor 233 = 545
    Number of faces shared with processor 234 = 7003
    Number of faces shared with processor 235 = 42
    Number of faces shared with processor 248 = 98
    Number of faces shared with processor 120 = 4
    Number of faces shared with processor 249 = 9296
    Number of faces shared with processor 121 = 472
    Number of faces shared with processor 122 = 2015
    Number of faces shared with processor 251 = 9208
    Number of faces shared with processor 123 = 865
    Number of faces shared with processor 252 = 74
    Number of faces shared with processor 124 = 3
    Number of processor patches = 13
    Number of processor faces = 29634
    Number of boundary faces = 14469

Processor 251
    Number of cells = 255217
    Number of points = 290179
    Number of faces shared with processor 155 = 9
    Number of faces shared with processor 200 = 1
    Number of faces shared with processor 220 = 1
    Number of faces shared with processor 229 = 9
    Number of faces shared with processor 235 = 7782
    Number of faces shared with processor 236 = 993
    Number of faces shared with processor 108 = 102
    Number of faces shared with processor 238 = 9
    Number of faces shared with processor 245 = 143
    Number of faces shared with processor 248 = 33
    Number of faces shared with processor 250 = 9208
    Number of faces shared with processor 123 = 2396
    Number of faces shared with processor 252 = 6843
    Number of faces shared with processor 124 = 672
    Number of faces shared with processor 254 = 143
    Number of processor patches = 15
    Number of processor faces = 28344
    Number of boundary faces = 9905

Processor 252
    Number of cells = 255217
    Number of points = 272895
    Number of faces shared with processor 220 = 9
    Number of faces shared with processor 236 = 7745
    Number of faces shared with processor 248 = 103
    Number of faces shared with processor 250 = 74
    Number of faces shared with processor 251 = 6843
    Number of faces shared with processor 124 = 2719
    Number of faces shared with processor 253 = 6723
    Number of faces shared with processor 254 = 103
    Number of processor patches = 8
    Number of processor faces = 24319
    Number of boundary faces = 3

Processor 253
    Number of cells = 255217
    Number of points = 272817
    Number of faces shared with processor 236 = 156
    Number of faces shared with processor 108 = 2
    Number of faces shared with processor 237 = 7256
    Number of faces shared with processor 109 = 770
    Number of faces shared with processor 238 = 490
    Number of faces shared with processor 110 = 90
    Number of faces shared with processor 252 = 6723
    Number of faces shared with processor 124 = 181
    Number of faces shared with processor 125 = 2489
    Number of faces shared with processor 254 = 2482
    Number of processor patches = 10
    Number of processor faces = 20639
    Number of boundary faces = 0

Processor 254
    Number of cells = 255217
    Number of points = 280824
    Number of faces shared with processor 222 = 37
    Number of faces shared with processor 223 = 339
    Number of faces shared with processor 238 = 12105
    Number of faces shared with processor 110 = 4860
    Number of faces shared with processor 239 = 1816
    Number of faces shared with processor 251 = 143
    Number of faces shared with processor 252 = 103
    Number of faces shared with processor 253 = 2482
    Number of faces shared with processor 125 = 459
    Number of faces shared with processor 126 = 5309
    Number of faces shared with processor 255 = 834
    Number of processor patches = 11
    Number of processor faces = 28487
    Number of boundary faces = 34

Processor 255
    Number of cells = 255216
    Number of points = 336131
    Number of faces shared with processor 223 = 390
    Number of faces shared with processor 239 = 16530
    Number of faces shared with processor 111 = 1007
    Number of faces shared with processor 254 = 834
    Number of faces shared with processor 126 = 452
    Number of faces shared with processor 127 = 58779
    Number of processor patches = 6
    Number of processor faces = 77992
    Number of boundary faces = 4919

Number of processor faces = 3054282
Max number of cells = 255217 (0.001204565440772612% above average 255213.92578125)
Max number of processor patches = 19 (93.63057324840764% above average 9.8125)
Max number of faces between processors = 87288 (265.8098368127108% above average 23861.578125)

Time = constant
--> FOAM Warning : 
    From bool Foam::IOobject::readHeader(Foam::dictionary&, Foam::Istream&)
    in file db/IOobject/IOobjectReadHeader.C at line 118
    Reading "constant/README.md" at line 1
    First token could not be read or is not 'FoamFile'

Check header is of the form:

/*--------------------------------*- C++ -*----------------------------------*\
| =========                 |                                                 |
| \\      /  F ield         | OpenFOAM: The Open Source CFD Toolbox           |
|  \\    /   O peration     | Version:  2512                                  |
|   \\  /    A nd           | Website:  www.openfoam.com                      |
|    \\/     M anipulation  |                                                 |
\*---------------------------------------------------------------------------*/
FoamFile
{
    version     2.0;
    format      ascii;
    arch        "LSB;label=32;scalar=64";
    class       IOobject;
    location    "constant";
    object      README.md;
}
// * * * * * * * * * * * * * * * * * * * * * * * * * * * * * * * * * * * * * //


Processor 0: field transfer
Processor 1: field transfer
Processor 2: field transfer
Processor 3: field transfer
Processor 4: field transfer
Processor 5: field transfer
Processor 6: field transfer
Processor 7: field transfer
Processor 8: field transfer
Processor 9: field transfer
Processor 10: field transfer
Processor 11: field transfer
Processor 12: field transfer
Processor 13: field transfer
Processor 14: field transfer
Processor 15: field transfer
Processor 16: field transfer
Processor 17: field transfer
Processor 18: field transfer
Processor 19: field transfer
Processor 20: field transfer
Processor 21: field transfer
Processor 22: field transfer
Processor 23: field transfer
Processor 24: field transfer
Processor 25: field transfer
Processor 26: field transfer
Processor 27: field transfer
Processor 28: field transfer
Processor 29: field transfer
Processor 30: field transfer
Processor 31: field transfer
Processor 32: field transfer
Processor 33: field transfer
Processor 34: field transfer
Processor 35: field transfer
Processor 36: field transfer
Processor 37: field transfer
Processor 38: field transfer
Processor 39: field transfer
Processor 40: field transfer
Processor 41: field transfer
Processor 42: field transfer
Processor 43: field transfer
Processor 44: field transfer
Processor 45: field transfer
Processor 46: field transfer
Processor 47: field transfer
Processor 48: field transfer
Processor 49: field transfer
Processor 50: field transfer
Processor 51: field transfer
Processor 52: field transfer
Processor 53: field transfer
Processor 54: field transfer
Processor 55: field transfer
Processor 56: field transfer
Processor 57: field transfer
Processor 58: field transfer
Processor 59: field transfer
Processor 60: field transfer
Processor 61: field transfer
Processor 62: field transfer
Processor 63: field transfer
Processor 64: field transfer
Processor 65: field transfer
Processor 66: field transfer
Processor 67: field transfer
Processor 68: field transfer
Processor 69: field transfer
Processor 70: field transfer
Processor 71: field transfer
Processor 72: field transfer
Processor 73: field transfer
Processor 74: field transfer
Processor 75: field transfer
Processor 76: field transfer
Processor 77: field transfer
Processor 78: field transfer
Processor 79: field transfer
Processor 80: field transfer
Processor 81: field transfer
Processor 82: field transfer
Processor 83: field transfer
Processor 84: field transfer
Processor 85: field transfer
Processor 86: field transfer
Processor 87: field transfer
Processor 88: field transfer
Processor 89: field transfer
Processor 90: field transfer
Processor 91: field transfer
Processor 92: field transfer
Processor 93: field transfer
Processor 94: field transfer
Processor 95: field transfer
Processor 96: field transfer
Processor 97: field transfer
Processor 98: field transfer
Processor 99: field transfer
Processor 100: field transfer
Processor 101: field transfer
Processor 102: field transfer
Processor 103: field transfer
Processor 104: field transfer
Processor 105: field transfer
Processor 106: field transfer
Processor 107: field transfer
Processor 108: field transfer
Processor 109: field transfer
Processor 110: field transfer
Processor 111: field transfer
Processor 112: field transfer
Processor 113: field transfer
Processor 114: field transfer
Processor 115: field transfer
Processor 116: field transfer
Processor 117: field transfer
Processor 118: field transfer
Processor 119: field transfer
Processor 120: field transfer
Processor 121: field transfer
Processor 122: field transfer
Processor 123: field transfer
Processor 124: field transfer
Processor 125: field transfer
Processor 126: field transfer
Processor 127: field transfer
Processor 128: field transfer
Processor 129: field transfer
Processor 130: field transfer
Processor 131: field transfer
Processor 132: field transfer
Processor 133: field transfer
Processor 134: field transfer
Processor 135: field transfer
Processor 136: field transfer
Processor 137: field transfer
Processor 138: field transfer
Processor 139: field transfer
Processor 140: field transfer
Processor 141: field transfer
Processor 142: field transfer
Processor 143: field transfer
Processor 144: field transfer
Processor 145: field transfer
Processor 146: field transfer
Processor 147: field transfer
Processor 148: field transfer
Processor 149: field transfer
Processor 150: field transfer
Processor 151: field transfer
Processor 152: field transfer
Processor 153: field transfer
Processor 154: field transfer
Processor 155: field transfer
Processor 156: field transfer
Processor 157: field transfer
Processor 158: field transfer
Processor 159: field transfer
Processor 160: field transfer
Processor 161: field transfer
Processor 162: field transfer
Processor 163: field transfer
Processor 164: field transfer
Processor 165: field transfer
Processor 166: field transfer
Processor 167: field transfer
Processor 168: field transfer
Processor 169: field transfer
Processor 170: field transfer
Processor 171: field transfer
Processor 172: field transfer
Processor 173: field transfer
Processor 174: field transfer
Processor 175: field transfer
Processor 176: field transfer
Processor 177: field transfer
Processor 178: field transfer
Processor 179: field transfer
Processor 180: field transfer
Processor 181: field transfer
Processor 182: field transfer
Processor 183: field transfer
Processor 184: field transfer
Processor 185: field transfer
Processor 186: field transfer
Processor 187: field transfer
Processor 188: field transfer
Processor 189: field transfer
Processor 190: field transfer
Processor 191: field transfer
Processor 192: field transfer
Processor 193: field transfer
Processor 194: field transfer
Processor 195: field transfer
Processor 196: field transfer
Processor 197: field transfer
Processor 198: field transfer
Processor 199: field transfer
Processor 200: field transfer
Processor 201: field transfer
Processor 202: field transfer
Processor 203: field transfer
Processor 204: field transfer
Processor 205: field transfer
Processor 206: field transfer
Processor 207: field transfer
Processor 208: field transfer
Processor 209: field transfer
Processor 210: field transfer
Processor 211: field transfer
Processor 212: field transfer
Processor 213: field transfer
Processor 214: field transfer
Processor 215: field transfer
Processor 216: field transfer
Processor 217: field transfer
Processor 218: field transfer
Processor 219: field transfer
Processor 220: field transfer
Processor 221: field transfer
Processor 222: field transfer
Processor 223: field transfer
Processor 224: field transfer
Processor 225: field transfer
Processor 226: field transfer
Processor 227: field transfer
Processor 228: field transfer
Processor 229: field transfer
Processor 230: field transfer
Processor 231: field transfer
Processor 232: field transfer
Processor 233: field transfer
Processor 234: field transfer
Processor 235: field transfer
Processor 236: field transfer
Processor 237: field transfer
Processor 238: field transfer
Processor 239: field transfer
Processor 240: field transfer
Processor 241: field transfer
Processor 242: field transfer
Processor 243: field transfer
Processor 244: field transfer
Processor 245: field transfer
Processor 246: field transfer
Processor 247: field transfer
Processor 248: field transfer
Processor 249: field transfer
Processor 250: field transfer
Processor 251: field transfer
Processor 252: field transfer
Processor 253: field transfer
Processor 254: field transfer
Processor 255: field transfer

End

