/*---------------------------------------------------------------------------*\
| =========                 |                                                 |
| \\      /  F ield         | OpenFOAM: The Open Source CFD Toolbox           |
|  \\    /   O peration     | Version:  2512                                  |
|   \\  /    A nd           | Website:  www.openfoam.com                      |
|    \\/     M anipulation  |                                                 |
\*---------------------------------------------------------------------------*/
Build  : _87ed40d256-20251219 OPENFOAM=2512 version=v2512
Arch   : "LSB;label=32;scalar=64"
Exec   : decomposePar -constant
Date   : Oct 06 2026
Time   : 07:37:54
Host   : gadi-cpu-spr-0458.gadi.nci.org.au
PID    : 2959576
I/O    : uncollated
Case   : /scratch/vp91/pz7344/openfoam-occ-drivaer/runs/vanilla-4node.180554003
nProcs : 1
trapFpe: Floating point exception trapping enabled (FOAM_SIGFPE).
memory pool : not available
fileModificationChecking : Monitoring run-time modified files using timeStampMaster (fileModificationSkew 5, maxFileModificationPolls 20)
allowSystemOperations : Allowing user-supplied system call operations

// * * * * * * * * * * * * * * * * * * * * * * * * * * * * * * * * * * * * * //
Create time



Decomposing mesh

Create mesh

Calculating distribution of cells
Decomposition method hierarchical [416] (region region0)

Finished decomposition in 34.44 s

Calculating original mesh data

Distributing cells to processors

Distributing faces to processors

Distributing points to processors

Constructing processor meshes

Processor 0
    Number of cells = 157054
    Number of points = 183125
    Number of faces shared with processor 1 = 2103
    Number of faces shared with processor 13 = 2145
    Number of faces shared with processor 14 = 502
    Number of faces shared with processor 104 = 7865
    Number of processor patches = 4
    Number of processor faces = 12615
    Number of boundary faces = 20616

Processor 1
    Number of cells = 157054
    Number of points = 188854
    Number of faces shared with processor 0 = 2103
    Number of faces shared with processor 2 = 3591
    Number of faces shared with processor 14 = 4543
    Number of faces shared with processor 15 = 116
    Number of faces shared with processor 104 = 969
    Number of faces shared with processor 105 = 2774
    Number of faces shared with processor 118 = 1147
    Number of processor patches = 7
    Number of processor faces = 15243
    Number of boundary faces = 19684

Processor 2
    Number of cells = 157054
    Number of points = 187988
    Number of faces shared with processor 1 = 3591
    Number of faces shared with processor 3 = 3279
    Number of faces shared with processor 15 = 4146
    Number of faces shared with processor 16 = 32
    Number of faces shared with processor 210 = 7
    Number of faces shared with processor 104 = 3
    Number of faces shared with processor 105 = 748
    Number of faces shared with processor 106 = 3245
    Number of faces shared with processor 107 = 1
    Number of faces shared with processor 119 = 930
    Number of faces shared with processor 120 = 136
    Number of processor patches = 11
    Number of processor faces = 16118
    Number of boundary faces = 14161

Processor 3
    Number of cells = 157054
    Number of points = 174980
    Number of faces shared with processor 2 = 3279
    Number of faces shared with processor 4 = 3157
    Number of faces shared with processor 16 = 2144
    Number of faces shared with processor 17 = 392
    Number of faces shared with processor 106 = 128
    Number of faces shared with processor 107 = 4029
    Number of faces shared with processor 120 = 1781
    Number of faces shared with processor 121 = 285
    Number of processor patches = 8
    Number of processor faces = 15195
    Number of boundary faces = 8987

Processor 4
    Number of cells = 157054
    Number of points = 172242
    Number of faces shared with processor 3 = 3157
    Number of faces shared with processor 5 = 3344
    Number of faces shared with processor 17 = 2216
    Number of faces shared with processor 18 = 31
    Number of faces shared with processor 107 = 553
    Number of faces shared with processor 108 = 3302
    Number of faces shared with processor 109 = 348
    Number of faces shared with processor 121 = 3300
    Number of faces shared with processor 122 = 19
    Number of processor patches = 9
    Number of processor faces = 16270
    Number of boundary faces = 5506

Processor 5
    Number of cells = 157054
    Number of points = 170532
    Number of faces shared with processor 4 = 3344
    Number of faces shared with processor 6 = 3395
    Number of faces shared with processor 18 = 2516
    Number of faces shared with processor 109 = 3527
    Number of faces shared with processor 110 = 3
    Number of faces shared with processor 122 = 1068
    Number of processor patches = 6
    Number of processor faces = 13853
    Number of boundary faces = 6158

Processor 6
    Number of cells = 157054
    Number of points = 170586
    Number of faces shared with processor 5 = 3395
    Number of faces shared with processor 7 = 3404
    Number of faces shared with processor 8 = 3
    Number of faces shared with processor 18 = 37
    Number of faces shared with processor 19 = 2533
    Number of faces shared with processor 109 = 74
    Number of faces shared with processor 110 = 3472
    Number of faces shared with processor 111 = 4
    Number of faces shared with processor 122 = 22
    Number of faces shared with processor 123 = 1233
    Number of processor patches = 10
    Number of processor faces = 14177
    Number of boundary faces = 5987

Processor 7
    Number of cells = 157054
    Number of points = 179289
    Number of faces shared with processor 6 = 3404
    Number of faces shared with processor 8 = 3801
    Number of faces shared with processor 19 = 212
    Number of faces shared with processor 20 = 2809
    Number of faces shared with processor 110 = 117
    Number of faces shared with processor 111 = 3021
    Number of faces shared with processor 112 = 712
    Number of faces shared with processor 123 = 181
    Number of faces shared with processor 124 = 236
    Number of processor patches = 9
    Number of processor faces = 14493
    Number of boundary faces = 11072

Processor 8
    Number of cells = 157054
    Number of points = 183890
    Number of faces shared with processor 6 = 3
    Number of faces shared with processor 7 = 3801
    Number of faces shared with processor 9 = 4144
    Number of faces shared with processor 20 = 188
    Number of faces shared with processor 21 = 2071
    Number of faces shared with processor 22 = 45
    Number of faces shared with processor 216 = 3
    Number of faces shared with processor 111 = 1
    Number of faces shared with processor 112 = 2594
    Number of faces shared with processor 125 = 1073
    Number of processor patches = 10
    Number of processor faces = 13923
    Number of boundary faces = 14769

Processor 9
    Number of cells = 157054
    Number of points = 175321
    Number of faces shared with processor 8 = 4144
    Number of faces shared with processor 10 = 3619
    Number of faces shared with processor 22 = 2614
    Number of faces shared with processor 112 = 901
    Number of faces shared with processor 113 = 3164
    Number of faces shared with processor 114 = 326
    Number of faces shared with processor 126 = 63
    Number of processor patches = 7
    Number of processor faces = 14831
    Number of boundary faces = 8899

Processor 10
    Number of cells = 157054
    Number of points = 170041
    Number of faces shared with processor 9 = 3619
    Number of faces shared with processor 11 = 1714
    Number of faces shared with processor 23 = 3034
    Number of faces shared with processor 24 = 833
    Number of faces shared with processor 114 = 3612
    Number of faces shared with processor 115 = 1154
    Number of processor patches = 6
    Number of processor faces = 13966
    Number of boundary faces = 5926

Processor 11
    Number of cells = 157054
    Number of points = 179867
    Number of faces shared with processor 129 = 280
    Number of faces shared with processor 10 = 1714
    Number of faces shared with processor 12 = 228
    Number of faces shared with processor 24 = 2410
    Number of faces shared with processor 25 = 188
    Number of faces shared with processor 220 = 272
    Number of faces shared with processor 115 = 8665
    Number of faces shared with processor 116 = 174
    Number of processor patches = 8
    Number of processor faces = 13931
    Number of boundary faces = 18323

Processor 12
    Number of cells = 157054
    Number of points = 230167
    Number of faces shared with processor 11 = 228
    Number of faces shared with processor 25 = 2238
    Number of faces shared with processor 220 = 18
    Number of faces shared with processor 116 = 71662
    Number of processor patches = 4
    Number of processor faces = 74146
    Number of boundary faces = 69149

Processor 13
    Number of cells = 157054
    Number of points = 189436
    Number of faces shared with processor 0 = 2145
    Number of faces shared with processor 130 = 643
    Number of faces shared with processor 131 = 42
    Number of faces shared with processor 14 = 722
    Number of faces shared with processor 144 = 111
    Number of faces shared with processor 26 = 3155
    Number of faces shared with processor 27 = 1138
    Number of faces shared with processor 39 = 4
    Number of faces shared with processor 40 = 153
    Number of faces shared with processor 221 = 4
    Number of faces shared with processor 104 = 2979
    Number of faces shared with processor 117 = 2669
    Number of processor patches = 12
    Number of processor faces = 13765
    Number of boundary faces = 16910

Processor 14
    Number of cells = 157054
    Number of points = 188884
    Number of faces shared with processor 0 = 502
    Number of faces shared with processor 1 = 4543
    Number of faces shared with processor 13 = 722
    Number of faces shared with processor 15 = 2300
    Number of faces shared with processor 27 = 3133
    Number of faces shared with processor 118 = 2243
    Number of processor patches = 6
    Number of processor faces = 13443
    Number of boundary faces = 25165

Processor 15
    Number of cells = 157054
    Number of points = 192105
    Number of faces shared with processor 1 = 116
    Number of faces shared with processor 2 = 4146
    Number of faces shared with processor 14 = 2300
    Number of faces shared with processor 16 = 549
    Number of faces shared with processor 27 = 36
    Number of faces shared with processor 28 = 3840
    Number of faces shared with processor 118 = 243
    Number of faces shared with processor 119 = 2090
    Number of faces shared with processor 120 = 1031
    Number of processor patches = 9
    Number of processor faces = 14351
    Number of boundary faces = 21931

Processor 16
    Number of cells = 157054
    Number of points = 186246
    Number of faces shared with processor 2 = 32
    Number of faces shared with processor 3 = 2144
    Number of faces shared with processor 15 = 549
    Number of faces shared with processor 145 = 72
    Number of faces shared with processor 17 = 651
    Number of faces shared with processor 28 = 1047
    Number of faces shared with processor 29 = 2123
    Number of faces shared with processor 30 = 889
    Number of faces shared with processor 41 = 194
    Number of faces shared with processor 120 = 13224
    Number of processor patches = 10
    Number of processor faces = 20925
    Number of boundary faces = 8711

Processor 17
    Number of cells = 157054
    Number of points = 179980
    Number of faces shared with processor 3 = 392
    Number of faces shared with processor 4 = 2216
    Number of faces shared with processor 134 = 880
    Number of faces shared with processor 135 = 50
    Number of faces shared with processor 16 = 651
    Number of faces shared with processor 18 = 1274
    Number of faces shared with processor 30 = 1040
    Number of faces shared with processor 31 = 134
    Number of faces shared with processor 120 = 549
    Number of faces shared with processor 121 = 5637
    Number of processor patches = 10
    Number of processor faces = 12823
    Number of boundary faces = 12661

Processor 18
    Number of cells = 157054
    Number of points = 180183
    Number of faces shared with processor 4 = 31
    Number of faces shared with processor 5 = 2516
    Number of faces shared with processor 6 = 37
    Number of faces shared with processor 135 = 1952
    Number of faces shared with processor 17 = 1274
    Number of faces shared with processor 19 = 1061
    Number of faces shared with processor 31 = 3158
    Number of faces shared with processor 121 = 41
    Number of faces shared with processor 122 = 6224
    Number of processor patches = 9
    Number of processor faces = 16294
    Number of boundary faces = 12856

Processor 19
    Number of cells = 157054
    Number of points = 179636
    Number of faces shared with processor 6 = 2533
    Number of faces shared with processor 135 = 18
    Number of faces shared with processor 7 = 212
    Number of faces shared with processor 136 = 252
    Number of faces shared with processor 18 = 1061
    Number of faces shared with processor 20 = 722
    Number of faces shared with processor 31 = 128
    Number of faces shared with processor 32 = 2219
    Number of faces shared with processor 33 = 182
    Number of faces shared with processor 122 = 62
    Number of faces shared with processor 123 = 4220
    Number of processor patches = 11
    Number of processor faces = 11609
    Number of boundary faces = 12683

Processor 20
    Number of cells = 157054
    Number of points = 194243
    Number of faces shared with processor 7 = 2809
    Number of faces shared with processor 8 = 188
    Number of faces shared with processor 138 = 327
    Number of faces shared with processor 19 = 722
    Number of faces shared with processor 21 = 1361
    Number of faces shared with processor 33 = 3739
    Number of faces shared with processor 34 = 156
    Number of faces shared with processor 112 = 22
    Number of faces shared with processor 123 = 369
    Number of faces shared with processor 124 = 2141
    Number of faces shared with processor 125 = 401
    Number of processor patches = 11
    Number of processor faces = 12235
    Number of boundary faces = 20858

Processor 21
    Number of cells = 157054
    Number of points = 188032
    Number of faces shared with processor 8 = 2071
    Number of faces shared with processor 138 = 1512
    Number of faces shared with processor 20 = 1361
    Number of faces shared with processor 22 = 624
    Number of faces shared with processor 34 = 1688
    Number of faces shared with processor 125 = 2337
    Number of processor patches = 6
    Number of processor faces = 9593
    Number of boundary faces = 27050

Processor 22
    Number of cells = 157054
    Number of points = 191292
    Number of faces shared with processor 8 = 45
    Number of faces shared with processor 9 = 2614
    Number of faces shared with processor 138 = 520
    Number of faces shared with processor 21 = 624
    Number of faces shared with processor 23 = 1376
    Number of faces shared with processor 34 = 282
    Number of faces shared with processor 35 = 3590
    Number of faces shared with processor 125 = 1046
    Number of faces shared with processor 126 = 2351
    Number of processor patches = 9
    Number of processor faces = 12448
    Number of boundary faces = 19693

Processor 23
    Number of cells = 157054
    Number of points = 184199
    Number of faces shared with processor 10 = 3034
    Number of faces shared with processor 140 = 360
    Number of faces shared with processor 22 = 1376
    Number of faces shared with processor 24 = 1357
    Number of faces shared with processor 35 = 534
    Number of faces shared with processor 36 = 4298
    Number of faces shared with processor 37 = 5
    Number of faces shared with processor 114 = 809
    Number of faces shared with processor 126 = 597
    Number of faces shared with processor 127 = 3838
    Number of processor patches = 10
    Number of processor faces = 16208
    Number of boundary faces = 10201

Processor 24
    Number of cells = 157054
    Number of points = 170033
    Number of faces shared with processor 128 = 4114
    Number of faces shared with processor 129 = 30
    Number of faces shared with processor 10 = 833
    Number of faces shared with processor 11 = 2410
    Number of faces shared with processor 142 = 520
    Number of faces shared with processor 23 = 1357
    Number of faces shared with processor 25 = 12
    Number of faces shared with processor 36 = 18
    Number of faces shared with processor 37 = 4744
    Number of faces shared with processor 38 = 120
    Number of faces shared with processor 233 = 54
    Number of faces shared with processor 114 = 238
    Number of faces shared with processor 115 = 3620
    Number of processor patches = 13
    Number of processor faces = 18070
    Number of boundary faces = 4076

Processor 25
    Number of cells = 157054
    Number of points = 206506
    Number of faces shared with processor 129 = 45312
    Number of faces shared with processor 11 = 188
    Number of faces shared with processor 12 = 2238
    Number of faces shared with processor 24 = 12
    Number of faces shared with processor 38 = 3192
    Number of faces shared with processor 116 = 863
    Number of processor patches = 6
    Number of processor faces = 51805
    Number of boundary faces = 45106

Processor 26
    Number of cells = 157054
    Number of points = 183323
    Number of faces shared with processor 130 = 6234
    Number of faces shared with processor 13 = 3155
    Number of faces shared with processor 144 = 603
    Number of faces shared with processor 39 = 3284
    Number of faces shared with processor 40 = 1108
    Number of processor patches = 5
    Number of processor faces = 14384
    Number of boundary faces = 13892

Processor 27
    Number of cells = 157054
    Number of points = 189763
    Number of faces shared with processor 131 = 3458
    Number of faces shared with processor 13 = 1138
    Number of faces shared with processor 14 = 3133
    Number of faces shared with processor 15 = 36
    Number of faces shared with processor 144 = 491
    Number of faces shared with processor 28 = 2026
    Number of faces shared with processor 40 = 1067
    Number of faces shared with processor 118 = 613
    Number of processor patches = 8
    Number of processor faces = 11962
    Number of boundary faces = 21877

Processor 28
    Number of cells = 157054
    Number of points = 194510
    Number of faces shared with processor 131 = 400
    Number of faces shared with processor 132 = 3026
    Number of faces shared with processor 15 = 3840
    Number of faces shared with processor 144 = 135
    Number of faces shared with processor 16 = 1047
    Number of faces shared with processor 145 = 1266
    Number of faces shared with processor 27 = 2026
    Number of faces shared with processor 40 = 190
    Number of faces shared with processor 41 = 503
    Number of faces shared with processor 119 = 607
    Number of faces shared with processor 120 = 1208
    Number of processor patches = 11
    Number of processor faces = 14248
    Number of boundary faces = 17570

Processor 29
    Number of cells = 157054
    Number of points = 184963
    Number of faces shared with processor 133 = 2948
    Number of faces shared with processor 134 = 342
    Number of faces shared with processor 16 = 2123
    Number of faces shared with processor 145 = 1190
    Number of faces shared with processor 30 = 1320
    Number of faces shared with processor 41 = 1300
    Number of faces shared with processor 42 = 1175
    Number of faces shared with processor 43 = 542
    Number of faces shared with processor 120 = 158
    Number of processor patches = 9
    Number of processor faces = 11098
    Number of boundary faces = 15028

Processor 30
    Number of cells = 157054
    Number of points = 191910
    Number of faces shared with processor 134 = 27061
    Number of faces shared with processor 16 = 889
    Number of faces shared with processor 17 = 1040
    Number of faces shared with processor 29 = 1320
    Number of faces shared with processor 31 = 921
    Number of faces shared with processor 43 = 2248
    Number of faces shared with processor 44 = 687
    Number of faces shared with processor 120 = 154
    Number of processor patches = 8
    Number of processor faces = 34320
    Number of boundary faces = 1913

Processor 31
    Number of cells = 157054
    Number of points = 190051
    Number of faces shared with processor 134 = 589
    Number of faces shared with processor 135 = 14271
    Number of faces shared with processor 17 = 134
    Number of faces shared with processor 18 = 3158
    Number of faces shared with processor 19 = 128
    Number of faces shared with processor 148 = 524
    Number of faces shared with processor 30 = 921
    Number of faces shared with processor 32 = 1083
    Number of faces shared with processor 44 = 2147
    Number of processor patches = 9
    Number of processor faces = 22955
    Number of boundary faces = 9663

Processor 32
    Number of cells = 157054
    Number of points = 184602
    Number of faces shared with processor 135 = 234
    Number of faces shared with processor 136 = 8443
    Number of faces shared with processor 19 = 2219
    Number of faces shared with processor 148 = 257
    Number of faces shared with processor 31 = 1083
    Number of faces shared with processor 33 = 656
    Number of faces shared with processor 44 = 404
    Number of faces shared with processor 45 = 1210
    Number of faces shared with processor 46 = 655
    Number of processor patches = 9
    Number of processor faces = 15161
    Number of boundary faces = 12586

Processor 33
    Number of cells = 157054
    Number of points = 192191
    Number of faces shared with processor 136 = 1125
    Number of faces shared with processor 137 = 2103
    Number of faces shared with processor 138 = 801
    Number of faces shared with processor 19 = 182
    Number of faces shared with processor 20 = 3739
    Number of faces shared with processor 150 = 169
    Number of faces shared with processor 151 = 21
    Number of faces shared with processor 32 = 656
    Number of faces shared with processor 34 = 1357
    Number of faces shared with processor 46 = 1009
    Number of faces shared with processor 47 = 133
    Number of faces shared with processor 123 = 100
    Number of faces shared with processor 124 = 633
    Number of processor patches = 13
    Number of processor faces = 12028
    Number of boundary faces = 18123

Processor 34
    Number of cells = 157054
    Number of points = 184434
    Number of faces shared with processor 138 = 2582
    Number of faces shared with processor 20 = 156
    Number of faces shared with processor 21 = 1688
    Number of faces shared with processor 22 = 282
    Number of faces shared with processor 33 = 1357
    Number of faces shared with processor 35 = 812
    Number of faces shared with processor 47 = 792
    Number of processor patches = 7
    Number of processor faces = 7669
    Number of boundary faces = 25164

Processor 35
    Number of cells = 157054
    Number of points = 191266
    Number of faces shared with processor 138 = 1348
    Number of faces shared with processor 139 = 4229
    Number of faces shared with processor 22 = 3590
    Number of faces shared with processor 23 = 534
    Number of faces shared with processor 151 = 388
    Number of faces shared with processor 152 = 551
    Number of faces shared with processor 34 = 812
    Number of faces shared with processor 36 = 1247
    Number of faces shared with processor 47 = 588
    Number of faces shared with processor 48 = 1557
    Number of faces shared with processor 49 = 89
    Number of faces shared with processor 126 = 1337
    Number of processor patches = 12
    Number of processor faces = 16270
    Number of boundary faces = 16673

Processor 36
    Number of cells = 157054
    Number of points = 189548
    Number of faces shared with processor 140 = 4632
    Number of faces shared with processor 23 = 4298
    Number of faces shared with processor 24 = 18
    Number of faces shared with processor 153 = 806
    Number of faces shared with processor 35 = 1247
    Number of faces shared with processor 37 = 1134
    Number of faces shared with processor 49 = 3002
    Number of processor patches = 7
    Number of processor faces = 15137
    Number of boundary faces = 13265

Processor 37
    Number of cells = 157054
    Number of points = 171816
    Number of faces shared with processor 128 = 638
    Number of faces shared with processor 140 = 1214
    Number of faces shared with processor 141 = 4623
    Number of faces shared with processor 142 = 436
    Number of faces shared with processor 23 = 5
    Number of faces shared with processor 24 = 4744
    Number of faces shared with processor 153 = 558
    Number of faces shared with processor 154 = 1
    Number of faces shared with processor 155 = 394
    Number of faces shared with processor 36 = 1134
    Number of faces shared with processor 38 = 90
    Number of faces shared with processor 49 = 847
    Number of faces shared with processor 50 = 5801
    Number of faces shared with processor 51 = 72
    Number of processor patches = 14
    Number of processor faces = 20557
    Number of boundary faces = 3876

Processor 38
    Number of cells = 157054
    Number of points = 193680
    Number of faces shared with processor 129 = 1384
    Number of faces shared with processor 142 = 31007
    Number of faces shared with processor 24 = 120
    Number of faces shared with processor 25 = 3192
    Number of faces shared with processor 155 = 107
    Number of faces shared with processor 37 = 90
    Number of faces shared with processor 51 = 4574
    Number of processor patches = 7
    Number of processor faces = 40474
    Number of boundary faces = 30745

Processor 39
    Number of cells = 157054
    Number of points = 183474
    Number of faces shared with processor 130 = 295
    Number of faces shared with processor 13 = 4
    Number of faces shared with processor 143 = 6232
    Number of faces shared with processor 144 = 365
    Number of faces shared with processor 26 = 3284
    Number of faces shared with processor 156 = 11
    Number of faces shared with processor 157 = 18
    Number of faces shared with processor 40 = 893
    Number of faces shared with processor 52 = 3517
    Number of faces shared with processor 53 = 43
    Number of faces shared with processor 247 = 4
    Number of processor patches = 11
    Number of processor faces = 14666
    Number of boundary faces = 14192

Processor 40
    Number of cells = 157054
    Number of points = 181469
    Number of faces shared with processor 13 = 153
    Number of faces shared with processor 144 = 3084
    Number of faces shared with processor 145 = 34
    Number of faces shared with processor 26 = 1108
    Number of faces shared with processor 27 = 1067
    Number of faces shared with processor 28 = 190
    Number of faces shared with processor 157 = 29
    Number of faces shared with processor 39 = 893
    Number of faces shared with processor 41 = 2348
    Number of faces shared with processor 53 = 1183
    Number of processor patches = 10
    Number of processor faces = 10089
    Number of boundary faces = 14910

Processor 41
    Number of cells = 157054
    Number of points = 183691
    Number of faces shared with processor 16 = 194
    Number of faces shared with processor 145 = 11582
    Number of faces shared with processor 28 = 503
    Number of faces shared with processor 29 = 1300
    Number of faces shared with processor 158 = 23
    Number of faces shared with processor 40 = 2348
    Number of faces shared with processor 42 = 547
    Number of faces shared with processor 53 = 87
    Number of faces shared with processor 54 = 1439
    Number of processor patches = 9
    Number of processor faces = 18023
    Number of boundary faces = 9996

Processor 42
    Number of cells = 157054
    Number of points = 188418
    Number of faces shared with processor 133 = 1266
    Number of faces shared with processor 145 = 1515
    Number of faces shared with processor 146 = 6268
    Number of faces shared with processor 29 = 1175
    Number of faces shared with processor 158 = 68
    Number of faces shared with processor 41 = 547
    Number of faces shared with processor 43 = 902
    Number of faces shared with processor 54 = 29
    Number of faces shared with processor 55 = 3390
    Number of faces shared with processor 56 = 117
    Number of processor patches = 10
    Number of processor faces = 15277
    Number of boundary faces = 14809

Processor 43
    Number of cells = 157054
    Number of points = 188496
    Number of faces shared with processor 133 = 284
    Number of faces shared with processor 134 = 874
    Number of faces shared with processor 146 = 259
    Number of faces shared with processor 147 = 13081
    Number of faces shared with processor 148 = 649
    Number of faces shared with processor 29 = 542
    Number of faces shared with processor 30 = 2248
    Number of faces shared with processor 160 = 166
    Number of faces shared with processor 161 = 9
    Number of faces shared with processor 42 = 902
    Number of faces shared with processor 44 = 739
    Number of faces shared with processor 56 = 2621
    Number of processor patches = 12
    Number of processor faces = 22374
    Number of boundary faces = 14545

Processor 44
    Number of cells = 157054
    Number of points = 189451
    Number of faces shared with processor 134 = 457
    Number of faces shared with processor 148 = 17877
    Number of faces shared with processor 30 = 687
    Number of faces shared with processor 31 = 2147
    Number of faces shared with processor 32 = 404
    Number of faces shared with processor 161 = 75
    Number of faces shared with processor 43 = 739
    Number of faces shared with processor 45 = 1249
    Number of faces shared with processor 57 = 1015
    Number of faces shared with processor 58 = 33
    Number of processor patches = 10
    Number of processor faces = 24683
    Number of boundary faces = 7568

Processor 45
    Number of cells = 157054
    Number of points = 184981
    Number of faces shared with processor 136 = 270
    Number of faces shared with processor 148 = 819
    Number of faces shared with processor 149 = 5799
    Number of faces shared with processor 32 = 1210
    Number of faces shared with processor 162 = 160
    Number of faces shared with processor 163 = 17
    Number of faces shared with processor 44 = 1249
    Number of faces shared with processor 46 = 1147
    Number of faces shared with processor 58 = 1038
    Number of faces shared with processor 59 = 252
    Number of processor patches = 10
    Number of processor faces = 11961
    Number of boundary faces = 14243

Processor 46
    Number of cells = 157054
    Number of points = 189867
    Number of faces shared with processor 136 = 487
    Number of faces shared with processor 149 = 757
    Number of faces shared with processor 150 = 5981
    Number of faces shared with processor 32 = 655
    Number of faces shared with processor 33 = 1009
    Number of faces shared with processor 163 = 326
    Number of faces shared with processor 45 = 1147
    Number of faces shared with processor 47 = 2994
    Number of faces shared with processor 59 = 1231
    Number of faces shared with processor 60 = 38
    Number of processor patches = 10
    Number of processor faces = 14625
    Number of boundary faces = 15279

Processor 47
    Number of cells = 157054
    Number of points = 188828
    Number of faces shared with processor 138 = 297
    Number of faces shared with processor 150 = 466
    Number of faces shared with processor 151 = 3915
    Number of faces shared with processor 33 = 133
    Number of faces shared with processor 34 = 792
    Number of faces shared with processor 35 = 588
    Number of faces shared with processor 164 = 130
    Number of faces shared with processor 165 = 36
    Number of faces shared with processor 46 = 2994
    Number of faces shared with processor 48 = 1962
    Number of faces shared with processor 60 = 2037
    Number of faces shared with processor 61 = 58
    Number of processor patches = 12
    Number of processor faces = 13408
    Number of boundary faces = 14605

Processor 48
    Number of cells = 157054
    Number of points = 189893
    Number of faces shared with processor 151 = 259
    Number of faces shared with processor 152 = 3154
    Number of faces shared with processor 35 = 1557
    Number of faces shared with processor 165 = 642
    Number of faces shared with processor 47 = 1962
    Number of faces shared with processor 49 = 1753
    Number of faces shared with processor 61 = 1869
    Number of faces shared with processor 62 = 264
    Number of processor patches = 8
    Number of processor faces = 11460
    Number of boundary faces = 14269

Processor 49
    Number of cells = 157054
    Number of points = 184043
    Number of faces shared with processor 152 = 56
    Number of faces shared with processor 153 = 5392
    Number of faces shared with processor 35 = 89
    Number of faces shared with processor 36 = 3002
    Number of faces shared with processor 37 = 847
    Number of faces shared with processor 166 = 260
    Number of faces shared with processor 48 = 1753
    Number of faces shared with processor 50 = 799
    Number of faces shared with processor 62 = 2302
    Number of processor patches = 9
    Number of processor faces = 14500
    Number of boundary faces = 12412

Processor 50
    Number of cells = 157054
    Number of points = 173633
    Number of faces shared with processor 141 = 129
    Number of faces shared with processor 153 = 1504
    Number of faces shared with processor 154 = 4879
    Number of faces shared with processor 155 = 682
    Number of faces shared with processor 37 = 5801
    Number of faces shared with processor 166 = 1441
    Number of faces shared with processor 167 = 1
    Number of faces shared with processor 168 = 31
    Number of faces shared with processor 49 = 799
    Number of faces shared with processor 51 = 132
    Number of faces shared with processor 62 = 773
    Number of faces shared with processor 63 = 6136
    Number of faces shared with processor 64 = 6
    Number of processor patches = 13
    Number of processor faces = 22314
    Number of boundary faces = 4036

Processor 51
    Number of cells = 157054
    Number of points = 193603
    Number of faces shared with processor 142 = 1
    Number of faces shared with processor 155 = 30937
    Number of faces shared with processor 37 = 72
    Number of faces shared with processor 38 = 4574
    Number of faces shared with processor 168 = 148
    Number of faces shared with processor 50 = 132
    Number of faces shared with processor 64 = 4540
    Number of processor patches = 7
    Number of processor faces = 40404
    Number of boundary faces = 30668

Processor 52
    Number of cells = 157054
    Number of points = 183534
    Number of faces shared with processor 260 = 4
    Number of faces shared with processor 156 = 6310
    Number of faces shared with processor 157 = 457
    Number of faces shared with processor 39 = 3517
    Number of faces shared with processor 169 = 395
    Number of faces shared with processor 53 = 863
    Number of faces shared with processor 65 = 3417
    Number of faces shared with processor 78 = 4
    Number of processor patches = 8
    Number of processor faces = 14967
    Number of boundary faces = 14202

Processor 53
    Number of cells = 157054
    Number of points = 182198
    Number of faces shared with processor 157 = 4761
    Number of faces shared with processor 158 = 8
    Number of faces shared with processor 39 = 43
    Number of faces shared with processor 40 = 1183
    Number of faces shared with processor 41 = 87
    Number of faces shared with processor 52 = 863
    Number of faces shared with processor 54 = 2471
    Number of faces shared with processor 65 = 1132
    Number of faces shared with processor 66 = 1117
    Number of faces shared with processor 67 = 156
    Number of faces shared with processor 78 = 134
    Number of processor patches = 11
    Number of processor faces = 11955
    Number of boundary faces = 13900

Processor 54
    Number of cells = 157054
    Number of points = 183371
    Number of faces shared with processor 158 = 10536
    Number of faces shared with processor 41 = 1439
    Number of faces shared with processor 42 = 29
    Number of faces shared with processor 53 = 2471
    Number of faces shared with processor 55 = 546
    Number of faces shared with processor 67 = 529
    Number of faces shared with processor 68 = 1302
    Number of faces shared with processor 81 = 270
    Number of processor patches = 8
    Number of processor faces = 17122
    Number of boundary faces = 10579

Processor 55
    Number of cells = 157054
    Number of points = 190308
    Number of faces shared with processor 146 = 99
    Number of faces shared with processor 158 = 1537
    Number of faces shared with processor 159 = 6488
    Number of faces shared with processor 160 = 54
    Number of faces shared with processor 42 = 3390
    Number of faces shared with processor 172 = 1470
    Number of faces shared with processor 54 = 546
    Number of faces shared with processor 56 = 1203
    Number of faces shared with processor 68 = 1166
    Number of processor patches = 9
    Number of processor faces = 15953
    Number of boundary faces = 16844

Processor 56
    Number of cells = 157054
    Number of points = 187074
    Number of faces shared with processor 146 = 22
    Number of faces shared with processor 160 = 9225
    Number of faces shared with processor 161 = 759
    Number of faces shared with processor 42 = 117
    Number of faces shared with processor 43 = 2621
    Number of faces shared with processor 172 = 401
    Number of faces shared with processor 173 = 1084
    Number of faces shared with processor 55 = 1203
    Number of faces shared with processor 57 = 847
    Number of faces shared with processor 68 = 335
    Number of faces shared with processor 69 = 2410
    Number of processor patches = 11
    Number of processor faces = 19024
    Number of boundary faces = 14070

Processor 57
    Number of cells = 157054
    Number of points = 188038
    Number of faces shared with processor 161 = 16118
    Number of faces shared with processor 44 = 1015
    Number of faces shared with processor 173 = 469
    Number of faces shared with processor 56 = 847
    Number of faces shared with processor 58 = 1107
    Number of faces shared with processor 69 = 701
    Number of faces shared with processor 70 = 2462
    Number of faces shared with processor 71 = 377
    Number of processor patches = 8
    Number of processor faces = 23096
    Number of boundary faces = 8185

Processor 58
    Number of cells = 157054
    Number of points = 187665
    Number of faces shared with processor 148 = 12
    Number of faces shared with processor 161 = 410
    Number of faces shared with processor 162 = 7930
    Number of faces shared with processor 44 = 33
    Number of faces shared with processor 45 = 1038
    Number of faces shared with processor 175 = 583
    Number of faces shared with processor 57 = 1107
    Number of faces shared with processor 59 = 1672
    Number of faces shared with processor 71 = 1992
    Number of processor patches = 9
    Number of processor faces = 14777
    Number of boundary faces = 13773

Processor 59
    Number of cells = 157054
    Number of points = 188291
    Number of faces shared with processor 162 = 112
    Number of faces shared with processor 163 = 8553
    Number of faces shared with processor 45 = 252
    Number of faces shared with processor 46 = 1231
    Number of faces shared with processor 175 = 800
    Number of faces shared with processor 58 = 1672
    Number of faces shared with processor 60 = 2861
    Number of faces shared with processor 71 = 685
    Number of faces shared with processor 72 = 726
    Number of processor patches = 9
    Number of processor faces = 16892
    Number of boundary faces = 13113

Processor 60
    Number of cells = 157054
    Number of points = 186767
    Number of faces shared with processor 163 = 687
    Number of faces shared with processor 164 = 4174
    Number of faces shared with processor 165 = 138
    Number of faces shared with processor 46 = 38
    Number of faces shared with processor 47 = 2037
    Number of faces shared with processor 177 = 189
    Number of faces shared with processor 59 = 2861
    Number of faces shared with processor 61 = 2640
    Number of faces shared with processor 72 = 121
    Number of faces shared with processor 73 = 797
    Number of faces shared with processor 74 = 548
    Number of processor patches = 11
    Number of processor faces = 14230
    Number of boundary faces = 14573

Processor 61
    Number of cells = 157054
    Number of points = 186016
    Number of faces shared with processor 165 = 10104
    Number of faces shared with processor 47 = 58
    Number of faces shared with processor 48 = 1869
    Number of faces shared with processor 60 = 2640
    Number of faces shared with processor 62 = 1385
    Number of faces shared with processor 74 = 961
    Number of faces shared with processor 75 = 734
    Number of processor patches = 7
    Number of processor faces = 17751
    Number of boundary faces = 11168

Processor 62
    Number of cells = 157054
    Number of points = 175964
    Number of faces shared with processor 165 = 443
    Number of faces shared with processor 166 = 2606
    Number of faces shared with processor 48 = 264
    Number of faces shared with processor 49 = 2302
    Number of faces shared with processor 50 = 773
    Number of faces shared with processor 61 = 1385
    Number of faces shared with processor 63 = 1192
    Number of faces shared with processor 75 = 2266
    Number of processor patches = 8
    Number of processor faces = 11231
    Number of boundary faces = 12004

Processor 63
    Number of cells = 157054
    Number of points = 173658
    Number of faces shared with processor 154 = 12
    Number of faces shared with processor 166 = 2358
    Number of faces shared with processor 167 = 4723
    Number of faces shared with processor 168 = 719
    Number of faces shared with processor 50 = 6136
    Number of faces shared with processor 179 = 694
    Number of faces shared with processor 180 = 316
    Number of faces shared with processor 62 = 1192
    Number of faces shared with processor 64 = 138
    Number of faces shared with processor 75 = 287
    Number of faces shared with processor 76 = 5693
    Number of processor patches = 11
    Number of processor faces = 22268
    Number of boundary faces = 4077

Processor 64
    Number of cells = 157054
    Number of points = 193861
    Number of faces shared with processor 155 = 3
    Number of faces shared with processor 168 = 31224
    Number of faces shared with processor 50 = 6
    Number of faces shared with processor 51 = 4540
    Number of faces shared with processor 181 = 144
    Number of faces shared with processor 63 = 138
    Number of faces shared with processor 76 = 60
    Number of faces shared with processor 77 = 4517
    Number of processor patches = 8
    Number of processor faces = 40632
    Number of boundary faces = 30947

Processor 65
    Number of cells = 157054
    Number of points = 183432
    Number of faces shared with processor 157 = 732
    Number of faces shared with processor 169 = 6286
    Number of faces shared with processor 52 = 3417
    Number of faces shared with processor 53 = 1132
    Number of faces shared with processor 78 = 3136
    Number of processor patches = 5
    Number of processor faces = 14703
    Number of boundary faces = 13819

Processor 66
    Number of cells = 157054
    Number of points = 189479
    Number of faces shared with processor 157 = 520
    Number of faces shared with processor 170 = 3485
    Number of faces shared with processor 53 = 1117
    Number of faces shared with processor 183 = 524
    Number of faces shared with processor 184 = 1
    Number of faces shared with processor 67 = 2161
    Number of faces shared with processor 78 = 1218
    Number of faces shared with processor 79 = 2859
    Number of faces shared with processor 80 = 25
    Number of processor patches = 9
    Number of processor faces = 11910
    Number of boundary faces = 21804

Processor 67
    Number of cells = 157054
    Number of points = 194298
    Number of faces shared with processor 157 = 116
    Number of faces shared with processor 158 = 1173
    Number of faces shared with processor 170 = 366
    Number of faces shared with processor 171 = 3330
    Number of faces shared with processor 53 = 156
    Number of faces shared with processor 54 = 529
    Number of faces shared with processor 184 = 584
    Number of faces shared with processor 185 = 1179
    Number of faces shared with processor 66 = 2161
    Number of faces shared with processor 80 = 3959
    Number of faces shared with processor 81 = 998
    Number of processor patches = 11
    Number of processor faces = 14551
    Number of boundary faces = 17900

Processor 68
    Number of cells = 157054
    Number of points = 185618
    Number of faces shared with processor 158 = 566
    Number of faces shared with processor 172 = 7643
    Number of faces shared with processor 173 = 190
    Number of faces shared with processor 54 = 1302
    Number of faces shared with processor 55 = 1166
    Number of faces shared with processor 56 = 335
    Number of faces shared with processor 185 = 209
    Number of faces shared with processor 69 = 1250
    Number of faces shared with processor 81 = 2049
    Number of processor patches = 9
    Number of processor faces = 14710
    Number of boundary faces = 12894

Processor 69
    Number of cells = 157054
    Number of points = 191975
    Number of faces shared with processor 173 = 26308
    Number of faces shared with processor 56 = 2410
    Number of faces shared with processor 185 = 198
    Number of faces shared with processor 57 = 701
    Number of faces shared with processor 68 = 1250
    Number of faces shared with processor 70 = 1052
    Number of faces shared with processor 81 = 853
    Number of faces shared with processor 82 = 1018
    Number of processor patches = 8
    Number of processor faces = 33790
    Number of boundary faces = 2356

Processor 70
    Number of cells = 157054
    Number of points = 189852
    Number of faces shared with processor 161 = 301
    Number of faces shared with processor 173 = 573
    Number of faces shared with processor 174 = 13493
    Number of faces shared with processor 57 = 2462
    Number of faces shared with processor 69 = 1052
    Number of faces shared with processor 71 = 1081
    Number of faces shared with processor 82 = 127
    Number of faces shared with processor 83 = 3223
    Number of faces shared with processor 84 = 124
    Number of processor patches = 9
    Number of processor faces = 22436
    Number of boundary faces = 9721

Processor 71
    Number of cells = 157054
    Number of points = 191720
    Number of faces shared with processor 161 = 84
    Number of faces shared with processor 174 = 242
    Number of faces shared with processor 175 = 17909
    Number of faces shared with processor 57 = 377
    Number of faces shared with processor 58 = 1992
    Number of faces shared with processor 59 = 685
    Number of faces shared with processor 70 = 1081
    Number of faces shared with processor 72 = 636
    Number of faces shared with processor 84 = 2062
    Number of processor patches = 9
    Number of processor faces = 25068
    Number of boundary faces = 9078

Processor 72
    Number of cells = 157054
    Number of points = 192102
    Number of faces shared with processor 279 = 673
    Number of faces shared with processor 163 = 408
    Number of faces shared with processor 164 = 59
    Number of faces shared with processor 175 = 631
    Number of faces shared with processor 176 = 1913
    Number of faces shared with processor 177 = 955
    Number of faces shared with processor 59 = 726
    Number of faces shared with processor 188 = 127
    Number of faces shared with processor 60 = 121
    Number of faces shared with processor 189 = 636
    Number of faces shared with processor 71 = 636
    Number of faces shared with processor 73 = 1366
    Number of faces shared with processor 84 = 174
    Number of faces shared with processor 85 = 3344
    Number of processor patches = 14
    Number of processor faces = 11769
    Number of boundary faces = 18082

Processor 73
    Number of cells = 157054
    Number of points = 184719
    Number of faces shared with processor 177 = 2892
    Number of faces shared with processor 60 = 797
    Number of faces shared with processor 72 = 1366
    Number of faces shared with processor 74 = 876
    Number of faces shared with processor 85 = 138
    Number of faces shared with processor 86 = 1698
    Number of faces shared with processor 87 = 354
    Number of processor patches = 7
    Number of processor faces = 8121
    Number of boundary faces = 25389

Processor 74
    Number of cells = 157054
    Number of points = 188552
    Number of faces shared with processor 164 = 794
    Number of faces shared with processor 165 = 589
    Number of faces shared with processor 177 = 1462
    Number of faces shared with processor 178 = 2695
    Number of faces shared with processor 60 = 548
    Number of faces shared with processor 61 = 961
    Number of faces shared with processor 191 = 953
    Number of faces shared with processor 73 = 876
    Number of faces shared with processor 75 = 930
    Number of faces shared with processor 87 = 3578
    Number of faces shared with processor 88 = 827
    Number of processor patches = 11
    Number of processor faces = 14213
    Number of boundary faces = 16512

Processor 75
    Number of cells = 157054
    Number of points = 181647
    Number of faces shared with processor 165 = 361
    Number of faces shared with processor 166 = 70
    Number of faces shared with processor 179 = 5778
    Number of faces shared with processor 61 = 734
    Number of faces shared with processor 62 = 2266
    Number of faces shared with processor 63 = 287
    Number of faces shared with processor 74 = 930
    Number of faces shared with processor 76 = 1361
    Number of faces shared with processor 88 = 2620
    Number of processor patches = 9
    Number of processor faces = 14407
    Number of boundary faces = 10992

Processor 76
    Number of cells = 157054
    Number of points = 170141
    Number of faces shared with processor 168 = 315
    Number of faces shared with processor 179 = 834
    Number of faces shared with processor 180 = 4585
    Number of faces shared with processor 181 = 480
    Number of faces shared with processor 63 = 5693
    Number of faces shared with processor 192 = 96
    Number of faces shared with processor 64 = 60
    Number of faces shared with processor 193 = 657
    Number of faces shared with processor 75 = 1361
    Number of faces shared with processor 77 = 96
    Number of faces shared with processor 88 = 246
    Number of faces shared with processor 89 = 4800
    Number of processor patches = 12
    Number of processor faces = 19223
    Number of boundary faces = 3817

Processor 77
    Number of cells = 157054
    Number of points = 193947
    Number of faces shared with processor 168 = 1
    Number of faces shared with processor 181 = 31232
    Number of faces shared with processor 64 = 4517
    Number of faces shared with processor 194 = 1585
    Number of faces shared with processor 76 = 96
    Number of faces shared with processor 89 = 108
    Number of faces shared with processor 90 = 3148
    Number of processor patches = 7
    Number of processor faces = 40687
    Number of boundary faces = 31065

Processor 78
    Number of cells = 157054
    Number of points = 189330
    Number of faces shared with processor 157 = 101
    Number of faces shared with processor 286 = 4
    Number of faces shared with processor 169 = 608
    Number of faces shared with processor 170 = 51
    Number of faces shared with processor 52 = 4
    Number of faces shared with processor 53 = 134
    Number of faces shared with processor 182 = 2836
    Number of faces shared with processor 65 = 3136
    Number of faces shared with processor 66 = 1218
    Number of faces shared with processor 195 = 2834
    Number of faces shared with processor 79 = 787
    Number of faces shared with processor 91 = 2162
    Number of processor patches = 12
    Number of processor faces = 13875
    Number of boundary faces = 16966

Processor 79
    Number of cells = 157054
    Number of points = 188677
    Number of faces shared with processor 183 = 2079
    Number of faces shared with processor 66 = 2859
    Number of faces shared with processor 78 = 787
    Number of faces shared with processor 80 = 2363
    Number of faces shared with processor 91 = 491
    Number of faces shared with processor 92 = 4387
    Number of processor patches = 6
    Number of processor faces = 12966
    Number of boundary faces = 25102

Processor 80
    Number of cells = 157054
    Number of points = 192583
    Number of faces shared with processor 183 = 275
    Number of faces shared with processor 184 = 1912
    Number of faces shared with processor 185 = 1131
    Number of faces shared with processor 66 = 25
    Number of faces shared with processor 67 = 3959
    Number of faces shared with processor 79 = 2363
    Number of faces shared with processor 81 = 584
    Number of faces shared with processor 92 = 113
    Number of faces shared with processor 93 = 4132
    Number of processor patches = 9
    Number of processor faces = 14494
    Number of boundary faces = 21720

Processor 81
    Number of cells = 157054
    Number of points = 186613
    Number of faces shared with processor 158 = 79
    Number of faces shared with processor 54 = 270
    Number of faces shared with processor 185 = 14370
    Number of faces shared with processor 67 = 998
    Number of faces shared with processor 68 = 2049
    Number of faces shared with processor 69 = 853
    Number of faces shared with processor 80 = 584
    Number of faces shared with processor 82 = 629
    Number of faces shared with processor 93 = 32
    Number of faces shared with processor 94 = 2144
    Number of processor patches = 10
    Number of processor faces = 22008
    Number of boundary faces = 8028

Processor 82
    Number of cells = 157054
    Number of points = 179342
    Number of faces shared with processor 173 = 419
    Number of faces shared with processor 174 = 49
    Number of faces shared with processor 185 = 478
    Number of faces shared with processor 186 = 5516
    Number of faces shared with processor 187 = 2
    Number of faces shared with processor 69 = 1018
    Number of faces shared with processor 70 = 127
    Number of faces shared with processor 81 = 629
    Number of faces shared with processor 83 = 1431
    Number of faces shared with processor 94 = 399
    Number of faces shared with processor 95 = 2194
    Number of processor patches = 11
    Number of processor faces = 12262
    Number of boundary faces = 12841

Processor 83
    Number of cells = 157054
    Number of points = 180529
    Number of faces shared with processor 174 = 2279
    Number of faces shared with processor 186 = 35
    Number of faces shared with processor 187 = 5969
    Number of faces shared with processor 70 = 3223
    Number of faces shared with processor 82 = 1431
    Number of faces shared with processor 84 = 1098
    Number of faces shared with processor 96 = 2573
    Number of faces shared with processor 97 = 74
    Number of processor patches = 8
    Number of processor faces = 16682
    Number of boundary faces = 12922

Processor 84
    Number of cells = 157054
    Number of points = 179660
    Number of faces shared with processor 174 = 18
    Number of faces shared with processor 175 = 361
    Number of faces shared with processor 187 = 70
    Number of faces shared with processor 188 = 4227
    Number of faces shared with processor 70 = 124
    Number of faces shared with processor 71 = 2062
    Number of faces shared with processor 72 = 174
    Number of faces shared with processor 83 = 1098
    Number of faces shared with processor 85 = 746
    Number of faces shared with processor 97 = 2508
    Number of faces shared with processor 98 = 228
    Number of processor patches = 11
    Number of processor faces = 11616
    Number of boundary faces = 12693

Processor 85
    Number of cells = 157054
    Number of points = 193937
    Number of faces shared with processor 177 = 404
    Number of faces shared with processor 188 = 422
    Number of faces shared with processor 189 = 1905
    Number of faces shared with processor 190 = 419
    Number of faces shared with processor 72 = 3344
    Number of faces shared with processor 73 = 138
    Number of faces shared with processor 203 = 30
    Number of faces shared with processor 84 = 746
    Number of faces shared with processor 86 = 1407
    Number of faces shared with processor 98 = 2750
    Number of faces shared with processor 99 = 202
    Number of processor patches = 11
    Number of processor faces = 11767
    Number of boundary faces = 20900

Processor 86
    Number of cells = 157054
    Number of points = 188379
    Number of faces shared with processor 177 = 1724
    Number of faces shared with processor 190 = 2103
    Number of faces shared with processor 73 = 1698
    Number of faces shared with processor 85 = 1407
    Number of faces shared with processor 87 = 755
    Number of faces shared with processor 99 = 2251
    Number of processor patches = 6
    Number of processor faces = 9938
    Number of boundary faces = 26915

Processor 87
    Number of cells = 157054
    Number of points = 191538
    Number of faces shared with processor 177 = 649
    Number of faces shared with processor 190 = 1228
    Number of faces shared with processor 191 = 2491
    Number of faces shared with processor 73 = 354
    Number of faces shared with processor 74 = 3578
    Number of faces shared with processor 86 = 755
    Number of faces shared with processor 88 = 1305
    Number of faces shared with processor 99 = 63
    Number of faces shared with processor 100 = 2546
    Number of processor patches = 9
    Number of processor faces = 12969
    Number of boundary faces = 19615

Processor 88
    Number of cells = 157054
    Number of points = 180719
    Number of faces shared with processor 179 = 461
    Number of faces shared with processor 191 = 135
    Number of faces shared with processor 192 = 2696
    Number of faces shared with processor 74 = 827
    Number of faces shared with processor 75 = 2620
    Number of faces shared with processor 76 = 246
    Number of faces shared with processor 205 = 540
    Number of faces shared with processor 87 = 1305
    Number of faces shared with processor 89 = 1203
    Number of faces shared with processor 101 = 3000
    Number of processor patches = 10
    Number of processor faces = 13033
    Number of boundary faces = 9965

Processor 89
    Number of cells = 157054
    Number of points = 170137
    Number of faces shared with processor 298 = 90
    Number of faces shared with processor 181 = 468
    Number of faces shared with processor 192 = 116
    Number of faces shared with processor 193 = 4091
    Number of faces shared with processor 194 = 50
    Number of faces shared with processor 76 = 4800
    Number of faces shared with processor 77 = 108
    Number of faces shared with processor 205 = 221
    Number of faces shared with processor 206 = 3771
    Number of faces shared with processor 88 = 1203
    Number of faces shared with processor 90 = 20
    Number of faces shared with processor 101 = 850
    Number of faces shared with processor 102 = 2425
    Number of processor patches = 13
    Number of processor faces = 18213
    Number of boundary faces = 4035

Processor 90
    Number of cells = 157054
    Number of points = 205932
    Number of faces shared with processor 194 = 44698
    Number of faces shared with processor 77 = 3148
    Number of faces shared with processor 207 = 1245
    Number of faces shared with processor 89 = 20
    Number of faces shared with processor 102 = 180
    Number of faces shared with processor 103 = 1984
    Number of processor patches = 6
    Number of processor faces = 51275
    Number of boundary faces = 44493

Processor 91
    Number of cells = 157056
    Number of points = 182970
    Number of faces shared with processor 195 = 7615
    Number of faces shared with processor 78 = 2162
    Number of faces shared with processor 79 = 491
    Number of faces shared with processor 92 = 2240
    Number of processor patches = 4
    Number of processor faces = 12508
    Number of boundary faces = 20523

Processor 92
    Number of cells = 157056
    Number of points = 188962
    Number of faces shared with processor 183 = 1224
    Number of faces shared with processor 184 = 4
    Number of faces shared with processor 195 = 982
    Number of faces shared with processor 196 = 2670
    Number of faces shared with processor 79 = 4387
    Number of faces shared with processor 80 = 113
    Number of faces shared with processor 91 = 2240
    Number of faces shared with processor 93 = 3776
    Number of processor patches = 8
    Number of processor faces = 15396
    Number of boundary faces = 19529

Processor 93
    Number of cells = 157056
    Number of points = 187819
    Number of faces shared with processor 301 = 3
    Number of faces shared with processor 184 = 807
    Number of faces shared with processor 185 = 134
    Number of faces shared with processor 195 = 3
    Number of faces shared with processor 196 = 767
    Number of faces shared with processor 197 = 3198
    Number of faces shared with processor 198 = 2
    Number of faces shared with processor 80 = 4132
    Number of faces shared with processor 81 = 32
    Number of faces shared with processor 92 = 3776
    Number of faces shared with processor 94 = 3596
    Number of processor patches = 11
    Number of processor faces = 16450
    Number of boundary faces = 14034

Processor 94
    Number of cells = 157056
    Number of points = 175371
    Number of faces shared with processor 185 = 1699
    Number of faces shared with processor 186 = 278
    Number of faces shared with processor 197 = 164
    Number of faces shared with processor 198 = 3887
    Number of faces shared with processor 81 = 2144
    Number of faces shared with processor 82 = 399
    Number of faces shared with processor 93 = 3596
    Number of faces shared with processor 95 = 3202
    Number of processor patches = 8
    Number of processor faces = 15369
    Number of boundary faces = 9325

Processor 95
    Number of cells = 157056
    Number of points = 170549
    Number of faces shared with processor 186 = 1864
    Number of faces shared with processor 187 = 8
    Number of faces shared with processor 198 = 524
    Number of faces shared with processor 199 = 3151
    Number of faces shared with processor 200 = 375
    Number of faces shared with processor 82 = 2194
    Number of faces shared with processor 94 = 3202
    Number of faces shared with processor 96 = 3263
    Number of processor patches = 8
    Number of processor faces = 14581
    Number of boundary faces = 5403

Processor 96
    Number of cells = 157056
    Number of points = 170435
    Number of faces shared with processor 408 = 8
    Number of faces shared with processor 187 = 1123
    Number of faces shared with processor 198 = 8
    Number of faces shared with processor 200 = 3502
    Number of faces shared with processor 201 = 4
    Number of faces shared with processor 83 = 2573
    Number of faces shared with processor 95 = 3263
    Number of faces shared with processor 97 = 3269
    Number of faces shared with processor 98 = 8
    Number of processor patches = 9
    Number of processor faces = 13758
    Number of boundary faces = 6114

Processor 97
    Number of cells = 157056
    Number of points = 170333
    Number of faces shared with processor 187 = 26
    Number of faces shared with processor 188 = 1008
    Number of faces shared with processor 200 = 31
    Number of faces shared with processor 201 = 3464
    Number of faces shared with processor 202 = 3
    Number of faces shared with processor 83 = 74
    Number of faces shared with processor 84 = 2508
    Number of faces shared with processor 96 = 3269
    Number of faces shared with processor 98 = 3432
    Number of faces shared with processor 99 = 3
    Number of processor patches = 10
    Number of processor faces = 13818
    Number of boundary faces = 6011

Processor 98
    Number of cells = 157056
    Number of points = 179430
    Number of faces shared with processor 410 = 17
    Number of faces shared with processor 188 = 224
    Number of faces shared with processor 189 = 245
    Number of faces shared with processor 200 = 9
    Number of faces shared with processor 201 = 175
    Number of faces shared with processor 202 = 2861
    Number of faces shared with processor 203 = 776
    Number of faces shared with processor 205 = 17
    Number of faces shared with processor 84 = 228
    Number of faces shared with processor 85 = 2750
    Number of faces shared with processor 96 = 8
    Number of faces shared with processor 97 = 3432
    Number of faces shared with processor 99 = 3926
    Number of processor patches = 13
    Number of processor faces = 14668
    Number of boundary faces = 11171

Processor 99
    Number of cells = 157056
    Number of points = 184096
    Number of faces shared with processor 307 = 3
    Number of faces shared with processor 190 = 1271
    Number of faces shared with processor 202 = 3
    Number of faces shared with processor 203 = 2515
    Number of faces shared with processor 85 = 202
    Number of faces shared with processor 86 = 2251
    Number of faces shared with processor 87 = 63
    Number of faces shared with processor 97 = 3
    Number of faces shared with processor 98 = 3926
    Number of faces shared with processor 100 = 4336
    Number of processor patches = 10
    Number of processor faces = 14573
    Number of boundary faces = 14569

Processor 100
    Number of cells = 157056
    Number of points = 175338
    Number of faces shared with processor 191 = 61
    Number of faces shared with processor 203 = 810
    Number of faces shared with processor 204 = 3196
    Number of faces shared with processor 205 = 270
    Number of faces shared with processor 87 = 2546
    Number of faces shared with processor 99 = 4336
    Number of faces shared with processor 101 = 3656
    Number of processor patches = 7
    Number of processor faces = 14875
    Number of boundary faces = 8953

Processor 101
    Number of cells = 157056
    Number of points = 169981
    Number of faces shared with processor 205 = 3499
    Number of faces shared with processor 206 = 1154
    Number of faces shared with processor 88 = 3000
    Number of faces shared with processor 89 = 850
    Number of faces shared with processor 100 = 3656
    Number of faces shared with processor 102 = 1682
    Number of processor patches = 6
    Number of processor faces = 13841
    Number of boundary faces = 5887

Processor 102
    Number of cells = 157056
    Number of points = 179691
    Number of faces shared with processor 311 = 243
    Number of faces shared with processor 194 = 268
    Number of faces shared with processor 206 = 8507
    Number of faces shared with processor 207 = 167
    Number of faces shared with processor 89 = 2425
    Number of faces shared with processor 90 = 180
    Number of faces shared with processor 101 = 1682
    Number of faces shared with processor 103 = 236
    Number of processor patches = 8
    Number of processor faces = 13708
    Number of boundary faces = 18243

Processor 103
    Number of cells = 157055
    Number of points = 230454
    Number of faces shared with processor 311 = 188
    Number of faces shared with processor 207 = 71705
    Number of faces shared with processor 90 = 1984
    Number of faces shared with processor 102 = 236
    Number of processor patches = 4
    Number of processor faces = 74113
    Number of boundary faces = 69407

Processor 104
    Number of cells = 157054
    Number of points = 191686
    Number of faces shared with processor 0 = 7865
    Number of faces shared with processor 1 = 969
    Number of faces shared with processor 130 = 4
    Number of faces shared with processor 2 = 3
    Number of faces shared with processor 13 = 2979
    Number of faces shared with processor 312 = 128
    Number of faces shared with processor 208 = 4939
    Number of faces shared with processor 209 = 1
    Number of faces shared with processor 105 = 1586
    Number of faces shared with processor 107 = 20
    Number of faces shared with processor 117 = 3117
    Number of processor patches = 11
    Number of processor faces = 21611
    Number of boundary faces = 13391

Processor 105
    Number of cells = 157054
    Number of points = 186380
    Number of faces shared with processor 1 = 2774
    Number of faces shared with processor 2 = 748
    Number of faces shared with processor 208 = 1
    Number of faces shared with processor 209 = 2912
    Number of faces shared with processor 222 = 809
    Number of faces shared with processor 104 = 1586
    Number of faces shared with processor 106 = 1987
    Number of faces shared with processor 118 = 3546
    Number of faces shared with processor 119 = 80
    Number of processor patches = 9
    Number of processor faces = 14443
    Number of boundary faces = 17369

Processor 106
    Number of cells = 157054
    Number of points = 187418
    Number of faces shared with processor 2 = 3245
    Number of faces shared with processor 3 = 128
    Number of faces shared with processor 209 = 718
    Number of faces shared with processor 210 = 3463
    Number of faces shared with processor 223 = 2012
    Number of faces shared with processor 224 = 115
    Number of faces shared with processor 105 = 1987
    Number of faces shared with processor 107 = 2087
    Number of faces shared with processor 119 = 2671
    Number of faces shared with processor 120 = 155
    Number of processor patches = 10
    Number of processor faces = 16581
    Number of boundary faces = 15607

Processor 107
    Number of cells = 157054
    Number of points = 177980
    Number of faces shared with processor 2 = 1
    Number of faces shared with processor 3 = 4029
    Number of faces shared with processor 4 = 553
    Number of faces shared with processor 315 = 23
    Number of faces shared with processor 210 = 745
    Number of faces shared with processor 211 = 3316
    Number of faces shared with processor 104 = 20
    Number of faces shared with processor 106 = 2087
    Number of faces shared with processor 108 = 1867
    Number of faces shared with processor 109 = 20
    Number of faces shared with processor 120 = 25
    Number of faces shared with processor 121 = 506
    Number of processor patches = 12
    Number of processor faces = 13192
    Number of boundary faces = 12384

Processor 108
    Number of cells = 157054
    Number of points = 176568
    Number of faces shared with processor 4 = 3302
    Number of faces shared with processor 211 = 877
    Number of faces shared with processor 212 = 3192
    Number of faces shared with processor 213 = 251
    Number of faces shared with processor 107 = 1867
    Number of faces shared with processor 109 = 2371
    Number of faces shared with processor 121 = 12601
    Number of faces shared with processor 122 = 240
    Number of processor patches = 8
    Number of processor faces = 24701
    Number of boundary faces = 749

Processor 109
    Number of cells = 157054
    Number of points = 177191
    Number of faces shared with processor 4 = 348
    Number of faces shared with processor 5 = 3527
    Number of faces shared with processor 6 = 74
    Number of faces shared with processor 317 = 21
    Number of faces shared with processor 212 = 2
    Number of faces shared with processor 213 = 3595
    Number of faces shared with processor 214 = 32
    Number of faces shared with processor 107 = 20
    Number of faces shared with processor 108 = 2371
    Number of faces shared with processor 110 = 2585
    Number of faces shared with processor 111 = 20
    Number of faces shared with processor 122 = 13270
    Number of processor patches = 12
    Number of processor faces = 25865
    Number of boundary faces = 21

Processor 110
    Number of cells = 157054
    Number of points = 177538
    Number of faces shared with processor 5 = 3
    Number of faces shared with processor 6 = 3472
    Number of faces shared with processor 7 = 117
    Number of faces shared with processor 318 = 1
    Number of faces shared with processor 213 = 2
    Number of faces shared with processor 214 = 3664
    Number of faces shared with processor 215 = 338
    Number of faces shared with processor 216 = 3
    Number of faces shared with processor 109 = 2585
    Number of faces shared with processor 111 = 2436
    Number of faces shared with processor 122 = 326
    Number of faces shared with processor 123 = 13162
    Number of processor patches = 12
    Number of processor faces = 26109
    Number of boundary faces = 416

Processor 111
    Number of cells = 157054
    Number of points = 182408
    Number of faces shared with processor 6 = 4
    Number of faces shared with processor 7 = 3021
    Number of faces shared with processor 8 = 1
    Number of faces shared with processor 319 = 20
    Number of faces shared with processor 214 = 2
    Number of faces shared with processor 215 = 2728
    Number of faces shared with processor 216 = 1100
    Number of faces shared with processor 228 = 1401
    Number of faces shared with processor 109 = 20
    Number of faces shared with processor 110 = 2436
    Number of faces shared with processor 112 = 2333
    Number of faces shared with processor 114 = 20
    Number of faces shared with processor 123 = 1055
    Number of faces shared with processor 124 = 2117
    Number of processor patches = 14
    Number of processor faces = 16258
    Number of boundary faces = 11313

Processor 112
    Number of cells = 157054
    Number of points = 186846
    Number of faces shared with processor 7 = 712
    Number of faces shared with processor 8 = 2594
    Number of faces shared with processor 9 = 901
    Number of faces shared with processor 20 = 22
    Number of faces shared with processor 216 = 2535
    Number of faces shared with processor 229 = 4375
    Number of faces shared with processor 230 = 57
    Number of faces shared with processor 111 = 2333
    Number of faces shared with processor 113 = 2251
    Number of faces shared with processor 124 = 371
    Number of faces shared with processor 125 = 4940
    Number of faces shared with processor 126 = 73
    Number of processor patches = 12
    Number of processor faces = 21164
    Number of boundary faces = 10356

Processor 113
    Number of cells = 157054
    Number of points = 180482
    Number of faces shared with processor 9 = 3164
    Number of faces shared with processor 321 = 3
    Number of faces shared with processor 216 = 1078
    Number of faces shared with processor 217 = 3076
    Number of faces shared with processor 218 = 1
    Number of faces shared with processor 230 = 1772
    Number of faces shared with processor 231 = 17
    Number of faces shared with processor 112 = 2251
    Number of faces shared with processor 114 = 2450
    Number of faces shared with processor 126 = 3011
    Number of faces shared with processor 127 = 52
    Number of processor patches = 11
    Number of processor faces = 16875
    Number of boundary faces = 9236

Processor 114
    Number of cells = 157054
    Number of points = 167843
    Number of faces shared with processor 128 = 746
    Number of faces shared with processor 9 = 326
    Number of faces shared with processor 10 = 3612
    Number of faces shared with processor 23 = 809
    Number of faces shared with processor 24 = 238
    Number of faces shared with processor 322 = 20
    Number of faces shared with processor 217 = 453
    Number of faces shared with processor 218 = 3177
    Number of faces shared with processor 219 = 917
    Number of faces shared with processor 231 = 858
    Number of faces shared with processor 111 = 20
    Number of faces shared with processor 113 = 2450
    Number of faces shared with processor 115 = 1203
    Number of faces shared with processor 127 = 1994
    Number of processor patches = 14
    Number of processor faces = 16823
    Number of boundary faces = 21

Processor 115
    Number of cells = 157054
    Number of points = 173422
    Number of faces shared with processor 128 = 1402
    Number of faces shared with processor 129 = 30
    Number of faces shared with processor 10 = 1154
    Number of faces shared with processor 11 = 8665
    Number of faces shared with processor 24 = 3620
    Number of faces shared with processor 323 = 40
    Number of faces shared with processor 324 = 250
    Number of faces shared with processor 219 = 5575
    Number of faces shared with processor 220 = 42
    Number of faces shared with processor 233 = 513
    Number of faces shared with processor 114 = 1203
    Number of processor patches = 11
    Number of processor faces = 22494
    Number of boundary faces = 54

Processor 116
    Number of cells = 157054
    Number of points = 233479
    Number of faces shared with processor 129 = 1187
    Number of faces shared with processor 11 = 174
    Number of faces shared with processor 12 = 71662
    Number of faces shared with processor 25 = 863
    Number of faces shared with processor 220 = 71703
    Number of processor patches = 5
    Number of processor faces = 145589
    Number of boundary faces = 1609

Processor 117
    Number of cells = 157054
    Number of points = 190144
    Number of faces shared with processor 130 = 1984
    Number of faces shared with processor 131 = 430
    Number of faces shared with processor 13 = 2669
    Number of faces shared with processor 144 = 233
    Number of faces shared with processor 208 = 558
    Number of faces shared with processor 221 = 3812
    Number of faces shared with processor 104 = 3117
    Number of faces shared with processor 234 = 148
    Number of faces shared with processor 235 = 163
    Number of faces shared with processor 248 = 38
    Number of processor patches = 10
    Number of processor faces = 13152
    Number of boundary faces = 20819

Processor 118
    Number of cells = 157054
    Number of points = 192902
    Number of faces shared with processor 1 = 1147
    Number of faces shared with processor 131 = 3198
    Number of faces shared with processor 14 = 2243
    Number of faces shared with processor 15 = 243
    Number of faces shared with processor 27 = 613
    Number of faces shared with processor 222 = 1976
    Number of faces shared with processor 105 = 3546
    Number of faces shared with processor 119 = 1917
    Number of processor patches = 8
    Number of processor faces = 14883
    Number of boundary faces = 22082

Processor 119
    Number of cells = 157054
    Number of points = 193403
    Number of faces shared with processor 2 = 930
    Number of faces shared with processor 131 = 29
    Number of faces shared with processor 132 = 2721
    Number of faces shared with processor 15 = 2090
    Number of faces shared with processor 28 = 607
    Number of faces shared with processor 222 = 78
    Number of faces shared with processor 223 = 2605
    Number of faces shared with processor 224 = 42
    Number of faces shared with processor 105 = 80
    Number of faces shared with processor 106 = 2671
    Number of faces shared with processor 118 = 1917
    Number of faces shared with processor 120 = 1414
    Number of processor patches = 12
    Number of processor faces = 15184
    Number of boundary faces = 22534

Processor 120
    Number of cells = 157054
    Number of points = 191909
    Number of faces shared with processor 2 = 136
    Number of faces shared with processor 3 = 1781
    Number of faces shared with processor 132 = 1342
    Number of faces shared with processor 134 = 182
    Number of faces shared with processor 15 = 1031
    Number of faces shared with processor 16 = 13224
    Number of faces shared with processor 17 = 549
    Number of faces shared with processor 28 = 1208
    Number of faces shared with processor 29 = 158
    Number of faces shared with processor 30 = 154
    Number of faces shared with processor 224 = 262
    Number of faces shared with processor 106 = 155
    Number of faces shared with processor 107 = 25
    Number of faces shared with processor 238 = 35
    Number of faces shared with processor 119 = 1414
    Number of faces shared with processor 121 = 213
    Number of processor patches = 16
    Number of processor faces = 21869
    Number of boundary faces = 28201

Processor 121
    Number of cells = 157054
    Number of points = 197850
    Number of faces shared with processor 3 = 285
    Number of faces shared with processor 4 = 3300
    Number of faces shared with processor 134 = 1281
    Number of faces shared with processor 135 = 163
    Number of faces shared with processor 17 = 5637
    Number of faces shared with processor 18 = 41
    Number of faces shared with processor 315 = 206
    Number of faces shared with processor 211 = 457
    Number of faces shared with processor 212 = 10687
    Number of faces shared with processor 225 = 922
    Number of faces shared with processor 226 = 173
    Number of faces shared with processor 107 = 506
    Number of faces shared with processor 108 = 12601
    Number of faces shared with processor 238 = 1178
    Number of faces shared with processor 120 = 213
    Number of faces shared with processor 122 = 648
    Number of processor patches = 16
    Number of processor faces = 38298
    Number of boundary faces = 33901

Processor 122
    Number of cells = 157054
    Number of points = 193286
    Number of faces shared with processor 4 = 19
    Number of faces shared with processor 5 = 1068
    Number of faces shared with processor 6 = 22
    Number of faces shared with processor 135 = 1265
    Number of faces shared with processor 18 = 6224
    Number of faces shared with processor 19 = 62
    Number of faces shared with processor 212 = 113
    Number of faces shared with processor 213 = 8989
    Number of faces shared with processor 214 = 264
    Number of faces shared with processor 226 = 785
    Number of faces shared with processor 227 = 31
    Number of faces shared with processor 108 = 240
    Number of faces shared with processor 109 = 13270
    Number of faces shared with processor 110 = 326
    Number of faces shared with processor 121 = 648
    Number of faces shared with processor 123 = 793
    Number of processor patches = 16
    Number of processor faces = 34119
    Number of boundary faces = 30855

Processor 123
    Number of cells = 157054
    Number of points = 197159
    Number of faces shared with processor 6 = 1233
    Number of faces shared with processor 135 = 101
    Number of faces shared with processor 7 = 181
    Number of faces shared with processor 136 = 716
    Number of faces shared with processor 137 = 525
    Number of faces shared with processor 19 = 4220
    Number of faces shared with processor 20 = 369
    Number of faces shared with processor 33 = 100
    Number of faces shared with processor 214 = 7102
    Number of faces shared with processor 215 = 78
    Number of faces shared with processor 227 = 673
    Number of faces shared with processor 228 = 260
    Number of faces shared with processor 110 = 13162
    Number of faces shared with processor 111 = 1055
    Number of faces shared with processor 240 = 47
    Number of faces shared with processor 122 = 793
    Number of faces shared with processor 124 = 1813
    Number of processor patches = 17
    Number of processor faces = 32428
    Number of boundary faces = 31536

Processor 124
    Number of cells = 157054
    Number of points = 193273
    Number of faces shared with processor 7 = 236
    Number of faces shared with processor 137 = 2510
    Number of faces shared with processor 138 = 514
    Number of faces shared with processor 20 = 2141
    Number of faces shared with processor 33 = 633
    Number of faces shared with processor 228 = 2313
    Number of faces shared with processor 229 = 1514
    Number of faces shared with processor 111 = 2117
    Number of faces shared with processor 112 = 371
    Number of faces shared with processor 242 = 10
    Number of faces shared with processor 123 = 1813
    Number of faces shared with processor 125 = 1468
    Number of processor patches = 12
    Number of processor faces = 15640
    Number of boundary faces = 21637

Processor 125
    Number of cells = 157054
    Number of points = 195705
    Number of faces shared with processor 8 = 1073
    Number of faces shared with processor 138 = 3390
    Number of faces shared with processor 20 = 401
    Number of faces shared with processor 21 = 2337
    Number of faces shared with processor 22 = 1046
    Number of faces shared with processor 229 = 1958
    Number of faces shared with processor 112 = 4940
    Number of faces shared with processor 124 = 1468
    Number of faces shared with processor 126 = 779
    Number of processor patches = 9
    Number of processor faces = 17392
    Number of boundary faces = 25672

Processor 126
    Number of cells = 157054
    Number of points = 193113
    Number of faces shared with processor 9 = 63
    Number of faces shared with processor 138 = 337
    Number of faces shared with processor 139 = 1845
    Number of faces shared with processor 22 = 2351
    Number of faces shared with processor 23 = 597
    Number of faces shared with processor 35 = 1337
    Number of faces shared with processor 229 = 1129
    Number of faces shared with processor 230 = 2355
    Number of faces shared with processor 112 = 73
    Number of faces shared with processor 113 = 3011
    Number of faces shared with processor 242 = 85
    Number of faces shared with processor 125 = 779
    Number of faces shared with processor 127 = 832
    Number of processor patches = 13
    Number of processor faces = 14794
    Number of boundary faces = 22852

Processor 127
    Number of cells = 157054
    Number of points = 184914
    Number of faces shared with processor 128 = 911
    Number of faces shared with processor 140 = 1509
    Number of faces shared with processor 23 = 3838
    Number of faces shared with processor 230 = 730
    Number of faces shared with processor 231 = 3451
    Number of faces shared with processor 113 = 52
    Number of faces shared with processor 114 = 1994
    Number of faces shared with processor 244 = 1722
    Number of faces shared with processor 126 = 832
    Number of processor patches = 9
    Number of processor faces = 15039
    Number of boundary faces = 21469

Processor 128
    Number of cells = 157054
    Number of points = 170433
    Number of faces shared with processor 141 = 4213
    Number of faces shared with processor 142 = 138
    Number of faces shared with processor 24 = 4114
    Number of faces shared with processor 37 = 638
    Number of faces shared with processor 218 = 325
    Number of faces shared with processor 219 = 4470
    Number of faces shared with processor 231 = 889
    Number of faces shared with processor 232 = 4039
    Number of faces shared with processor 233 = 96
    Number of faces shared with processor 114 = 746
    Number of faces shared with processor 115 = 1402
    Number of faces shared with processor 244 = 49
    Number of faces shared with processor 245 = 154
    Number of faces shared with processor 246 = 502
    Number of faces shared with processor 127 = 911
    Number of processor patches = 15
    Number of processor faces = 22686
    Number of boundary faces = 0

Processor 129
    Number of cells = 157054
    Number of points = 208628
    Number of faces shared with processor 11 = 280
    Number of faces shared with processor 142 = 2840
    Number of faces shared with processor 24 = 30
    Number of faces shared with processor 25 = 45312
    Number of faces shared with processor 38 = 1384
    Number of faces shared with processor 220 = 2802
    Number of faces shared with processor 233 = 12943
    Number of faces shared with processor 115 = 30
    Number of faces shared with processor 116 = 1187
    Number of processor patches = 9
    Number of processor faces = 66808
    Number of boundary faces = 556

Processor 130
    Number of cells = 157054
    Number of points = 190931
    Number of faces shared with processor 13 = 643
    Number of faces shared with processor 143 = 1729
    Number of faces shared with processor 144 = 907
    Number of faces shared with processor 26 = 6234
    Number of faces shared with processor 39 = 295
    Number of faces shared with processor 169 = 4
    Number of faces shared with processor 312 = 1
    Number of faces shared with processor 338 = 4
    Number of faces shared with processor 221 = 1
    Number of faces shared with processor 104 = 4
    Number of faces shared with processor 234 = 2743
    Number of faces shared with processor 117 = 1984
    Number of faces shared with processor 247 = 62
    Number of faces shared with processor 248 = 54
    Number of processor patches = 14
    Number of processor faces = 14665
    Number of boundary faces = 21547

Processor 131
    Number of cells = 157054
    Number of points = 191506
    Number of faces shared with processor 132 = 1930
    Number of faces shared with processor 13 = 42
    Number of faces shared with processor 144 = 2149
    Number of faces shared with processor 27 = 3458
    Number of faces shared with processor 28 = 400
    Number of faces shared with processor 222 = 548
    Number of faces shared with processor 223 = 4
    Number of faces shared with processor 235 = 2109
    Number of faces shared with processor 117 = 430
    Number of faces shared with processor 118 = 3198
    Number of faces shared with processor 119 = 29
    Number of processor patches = 11
    Number of processor faces = 14297
    Number of boundary faces = 23156

Processor 132
    Number of cells = 157054
    Number of points = 192402
    Number of faces shared with processor 131 = 1930
    Number of faces shared with processor 144 = 1117
    Number of faces shared with processor 145 = 863
    Number of faces shared with processor 28 = 3026
    Number of faces shared with processor 223 = 593
    Number of faces shared with processor 224 = 336
    Number of faces shared with processor 235 = 290
    Number of faces shared with processor 236 = 2577
    Number of faces shared with processor 119 = 2721
    Number of faces shared with processor 120 = 1342
    Number of faces shared with processor 249 = 679
    Number of processor patches = 11
    Number of processor faces = 15474
    Number of boundary faces = 19960

Processor 133
    Number of cells = 157054
    Number of points = 193265
    Number of faces shared with processor 145 = 2182
    Number of faces shared with processor 146 = 4456
    Number of faces shared with processor 147 = 295
    Number of faces shared with processor 29 = 2948
    Number of faces shared with processor 42 = 1266
    Number of faces shared with processor 43 = 284
    Number of faces shared with processor 237 = 3162
    Number of faces shared with processor 249 = 1375
    Number of faces shared with processor 251 = 6
    Number of processor patches = 9
    Number of processor faces = 15974
    Number of boundary faces = 16095

Processor 134
    Number of cells = 157054
    Number of points = 196790
    Number of faces shared with processor 135 = 166
    Number of faces shared with processor 17 = 880
    Number of faces shared with processor 148 = 73
    Number of faces shared with processor 29 = 342
    Number of faces shared with processor 30 = 27061
    Number of faces shared with processor 31 = 589
    Number of faces shared with processor 43 = 874
    Number of faces shared with processor 44 = 457
    Number of faces shared with processor 238 = 2007
    Number of faces shared with processor 120 = 182
    Number of faces shared with processor 121 = 1281
    Number of processor patches = 11
    Number of processor faces = 33912
    Number of boundary faces = 30792

Processor 135
    Number of cells = 157054
    Number of points = 192991
    Number of faces shared with processor 134 = 166
    Number of faces shared with processor 136 = 172
    Number of faces shared with processor 17 = 50
    Number of faces shared with processor 18 = 1952
    Number of faces shared with processor 19 = 18
    Number of faces shared with processor 148 = 1561
    Number of faces shared with processor 31 = 14271
    Number of faces shared with processor 32 = 234
    Number of faces shared with processor 329 = 248
    Number of faces shared with processor 330 = 4062
    Number of faces shared with processor 331 = 221
    Number of faces shared with processor 238 = 57
    Number of faces shared with processor 239 = 1558
    Number of faces shared with processor 240 = 3
    Number of faces shared with processor 121 = 163
    Number of faces shared with processor 122 = 1265
    Number of faces shared with processor 123 = 101
    Number of processor patches = 17
    Number of processor faces = 26102
    Number of boundary faces = 27363

Processor 136
    Number of cells = 157054
    Number of points = 194454
    Number of faces shared with processor 135 = 172
    Number of faces shared with processor 137 = 496
    Number of faces shared with processor 19 = 252
    Number of faces shared with processor 149 = 5112
    Number of faces shared with processor 150 = 556
    Number of faces shared with processor 32 = 8443
    Number of faces shared with processor 33 = 1125
    Number of faces shared with processor 45 = 270
    Number of faces shared with processor 46 = 487
    Number of faces shared with processor 240 = 1204
    Number of faces shared with processor 123 = 716
    Number of faces shared with processor 253 = 3125
    Number of processor patches = 12
    Number of processor faces = 21958
    Number of boundary faces = 21795

Processor 137
    Number of cells = 157054
    Number of points = 190679
    Number of faces shared with processor 136 = 496
    Number of faces shared with processor 138 = 548
    Number of faces shared with processor 150 = 554
    Number of faces shared with processor 151 = 169
    Number of faces shared with processor 33 = 2103
    Number of faces shared with processor 228 = 1283
    Number of faces shared with processor 240 = 171
    Number of faces shared with processor 241 = 2551
    Number of faces shared with processor 242 = 294
    Number of faces shared with processor 123 = 525
    Number of faces shared with processor 124 = 2510
    Number of faces shared with processor 254 = 755
    Number of faces shared with processor 255 = 229
    Number of processor patches = 13
    Number of processor faces = 12188
    Number of boundary faces = 19150

Processor 138
    Number of cells = 157054
    Number of points = 192214
    Number of faces shared with processor 137 = 548
    Number of faces shared with processor 139 = 182
    Number of faces shared with processor 20 = 327
    Number of faces shared with processor 21 = 1512
    Number of faces shared with processor 22 = 520
    Number of faces shared with processor 151 = 1038
    Number of faces shared with processor 33 = 801
    Number of faces shared with processor 34 = 2582
    Number of faces shared with processor 35 = 1348
    Number of faces shared with processor 47 = 297
    Number of faces shared with processor 229 = 1931
    Number of faces shared with processor 242 = 1357
    Number of faces shared with processor 124 = 514
    Number of faces shared with processor 125 = 3390
    Number of faces shared with processor 126 = 337
    Number of processor patches = 15
    Number of processor faces = 16684
    Number of boundary faces = 16663

Processor 139
    Number of cells = 157054
    Number of points = 191796
    Number of faces shared with processor 256 = 1044
    Number of faces shared with processor 138 = 182
    Number of faces shared with processor 151 = 946
    Number of faces shared with processor 152 = 1586
    Number of faces shared with processor 35 = 4229
    Number of faces shared with processor 230 = 625
    Number of faces shared with processor 242 = 660
    Number of faces shared with processor 243 = 6533
    Number of faces shared with processor 126 = 1845
    Number of faces shared with processor 255 = 562
    Number of processor patches = 10
    Number of processor faces = 18212
    Number of boundary faces = 17536

Processor 140
    Number of cells = 157054
    Number of points = 193031
    Number of faces shared with processor 141 = 255
    Number of faces shared with processor 23 = 360
    Number of faces shared with processor 153 = 1855
    Number of faces shared with processor 36 = 4632
    Number of faces shared with processor 37 = 1214
    Number of faces shared with processor 244 = 3184
    Number of faces shared with processor 127 = 1509
    Number of processor patches = 7
    Number of processor faces = 13009
    Number of boundary faces = 20042

Processor 141
    Number of cells = 157054
    Number of points = 175524
    Number of faces shared with processor 128 = 4213
    Number of faces shared with processor 257 = 2272
    Number of faces shared with processor 258 = 446
    Number of faces shared with processor 259 = 312
    Number of faces shared with processor 140 = 255
    Number of faces shared with processor 142 = 35
    Number of faces shared with processor 153 = 1015
    Number of faces shared with processor 154 = 4729
    Number of faces shared with processor 155 = 26
    Number of faces shared with processor 37 = 4623
    Number of faces shared with processor 50 = 129
    Number of faces shared with processor 244 = 2335
    Number of faces shared with processor 245 = 4545
    Number of faces shared with processor 246 = 336
    Number of processor patches = 14
    Number of processor faces = 25271
    Number of boundary faces = 2338

Processor 142
    Number of cells = 157054
    Number of points = 197908
    Number of faces shared with processor 128 = 138
    Number of faces shared with processor 129 = 2840
    Number of faces shared with processor 259 = 3
    Number of faces shared with processor 141 = 35
    Number of faces shared with processor 24 = 520
    Number of faces shared with processor 155 = 7456
    Number of faces shared with processor 37 = 436
    Number of faces shared with processor 38 = 31007
    Number of faces shared with processor 168 = 30
    Number of faces shared with processor 51 = 1
    Number of faces shared with processor 350 = 30
    Number of faces shared with processor 233 = 4332
    Number of faces shared with processor 246 = 4840
    Number of processor patches = 13
    Number of processor faces = 51668
    Number of boundary faces = 352

Processor 143
    Number of cells = 157054
    Number of points = 186994
    Number of faces shared with processor 130 = 1729
    Number of faces shared with processor 156 = 1883
    Number of faces shared with processor 39 = 6232
    Number of faces shared with processor 247 = 1867
    Number of processor patches = 4
    Number of processor faces = 11711
    Number of boundary faces = 23293

Processor 144
    Number of cells = 157054
    Number of points = 190652
    Number of faces shared with processor 130 = 907
    Number of faces shared with processor 131 = 2149
    Number of faces shared with processor 132 = 1117
    Number of faces shared with processor 13 = 111
    Number of faces shared with processor 145 = 721
    Number of faces shared with processor 26 = 603
    Number of faces shared with processor 27 = 491
    Number of faces shared with processor 28 = 135
    Number of faces shared with processor 157 = 12
    Number of faces shared with processor 39 = 365
    Number of faces shared with processor 40 = 3084
    Number of faces shared with processor 235 = 179
    Number of faces shared with processor 236 = 26
    Number of faces shared with processor 117 = 233
    Number of faces shared with processor 248 = 1665
    Number of faces shared with processor 249 = 466
    Number of processor patches = 16
    Number of processor faces = 12264
    Number of boundary faces = 18014

Processor 145
    Number of cells = 157054
    Number of points = 195852
    Number of faces shared with processor 132 = 863
    Number of faces shared with processor 133 = 2182
    Number of faces shared with processor 144 = 721
    Number of faces shared with processor 16 = 72
    Number of faces shared with processor 146 = 325
    Number of faces shared with processor 28 = 1266
    Number of faces shared with processor 29 = 1190
    Number of faces shared with processor 158 = 321
    Number of faces shared with processor 40 = 34
    Number of faces shared with processor 41 = 11582
    Number of faces shared with processor 42 = 1515
    Number of faces shared with processor 249 = 1541
    Number of processor patches = 12
    Number of processor faces = 21612
    Number of boundary faces = 26656

Processor 146
    Number of cells = 157054
    Number of points = 195266
    Number of faces shared with processor 133 = 4456
    Number of faces shared with processor 145 = 325
    Number of faces shared with processor 147 = 1262
    Number of faces shared with processor 159 = 174
    Number of faces shared with processor 160 = 79
    Number of faces shared with processor 42 = 6268
    Number of faces shared with processor 43 = 259
    Number of faces shared with processor 55 = 99
    Number of faces shared with processor 56 = 22
    Number of faces shared with processor 237 = 2662
    Number of faces shared with processor 249 = 404
    Number of faces shared with processor 250 = 2272
    Number of faces shared with processor 251 = 1313
    Number of processor patches = 13
    Number of processor faces = 19595
    Number of boundary faces = 30579

Processor 147
    Number of cells = 157054
    Number of points = 194220
    Number of faces shared with processor 133 = 295
    Number of faces shared with processor 265 = 11
    Number of faces shared with processor 146 = 1262
    Number of faces shared with processor 148 = 123
    Number of faces shared with processor 160 = 1858
    Number of faces shared with processor 161 = 7
    Number of faces shared with processor 43 = 13081
    Number of faces shared with processor 251 = 3687
    Number of faces shared with processor 252 = 637
    Number of processor patches = 9
    Number of processor faces = 20961
    Number of boundary faces = 30399

Processor 148
    Number of cells = 157054
    Number of points = 195696
    Number of faces shared with processor 134 = 73
    Number of faces shared with processor 135 = 1561
    Number of faces shared with processor 147 = 123
    Number of faces shared with processor 149 = 319
    Number of faces shared with processor 31 = 524
    Number of faces shared with processor 32 = 257
    Number of faces shared with processor 161 = 2717
    Number of faces shared with processor 162 = 76
    Number of faces shared with processor 43 = 649
    Number of faces shared with processor 44 = 17877
    Number of faces shared with processor 45 = 819
    Number of faces shared with processor 58 = 12
    Number of faces shared with processor 252 = 4047
    Number of processor patches = 13
    Number of processor faces = 29054
    Number of boundary faces = 25622

Processor 149
    Number of cells = 157054
    Number of points = 195073
    Number of faces shared with processor 136 = 5112
    Number of faces shared with processor 266 = 1292
    Number of faces shared with processor 148 = 319
    Number of faces shared with processor 150 = 940
    Number of faces shared with processor 162 = 1590
    Number of faces shared with processor 163 = 354
    Number of faces shared with processor 45 = 5799
    Number of faces shared with processor 46 = 757
    Number of faces shared with processor 252 = 286
    Number of faces shared with processor 253 = 3794
    Number of processor patches = 10
    Number of processor faces = 20243
    Number of boundary faces = 23952

Processor 150
    Number of cells = 157054
    Number of points = 193321
    Number of faces shared with processor 136 = 556
    Number of faces shared with processor 137 = 554
    Number of faces shared with processor 267 = 76
    Number of faces shared with processor 149 = 940
    Number of faces shared with processor 151 = 1338
    Number of faces shared with processor 33 = 169
    Number of faces shared with processor 163 = 511
    Number of faces shared with processor 46 = 5981
    Number of faces shared with processor 47 = 466
    Number of faces shared with processor 240 = 74
    Number of faces shared with processor 253 = 1300
    Number of faces shared with processor 254 = 5072
    Number of processor patches = 12
    Number of processor faces = 17037
    Number of boundary faces = 17866

Processor 151
    Number of cells = 157054
    Number of points = 190394
    Number of faces shared with processor 256 = 186
    Number of faces shared with processor 137 = 169
    Number of faces shared with processor 138 = 1038
    Number of faces shared with processor 139 = 946
    Number of faces shared with processor 150 = 1338
    Number of faces shared with processor 152 = 2834
    Number of faces shared with processor 33 = 21
    Number of faces shared with processor 35 = 388
    Number of faces shared with processor 164 = 128
    Number of faces shared with processor 165 = 170
    Number of faces shared with processor 47 = 3915
    Number of faces shared with processor 48 = 259
    Number of faces shared with processor 242 = 87
    Number of faces shared with processor 254 = 541
    Number of faces shared with processor 255 = 2163
    Number of processor patches = 15
    Number of processor faces = 14183
    Number of boundary faces = 22602

Processor 152
    Number of cells = 157054
    Number of points = 193994
    Number of faces shared with processor 256 = 4604
    Number of faces shared with processor 139 = 1586
    Number of faces shared with processor 151 = 2834
    Number of faces shared with processor 153 = 627
    Number of faces shared with processor 35 = 551
    Number of faces shared with processor 165 = 723
    Number of faces shared with processor 48 = 3154
    Number of faces shared with processor 49 = 56
    Number of processor patches = 8
    Number of processor faces = 14135
    Number of boundary faces = 17112

Processor 153
    Number of cells = 157054
    Number of points = 191461
    Number of faces shared with processor 256 = 157
    Number of faces shared with processor 257 = 2694
    Number of faces shared with processor 140 = 1855
    Number of faces shared with processor 141 = 1015
    Number of faces shared with processor 152 = 627
    Number of faces shared with processor 154 = 31
    Number of faces shared with processor 36 = 806
    Number of faces shared with processor 37 = 558
    Number of faces shared with processor 166 = 296
    Number of faces shared with processor 49 = 5392
    Number of faces shared with processor 50 = 1504
    Number of faces shared with processor 244 = 276
    Number of processor patches = 12
    Number of processor faces = 15211
    Number of boundary faces = 24842

Processor 154
    Number of cells = 157054
    Number of points = 176760
    Number of faces shared with processor 258 = 4642
    Number of faces shared with processor 259 = 484
    Number of faces shared with processor 141 = 4729
    Number of faces shared with processor 271 = 1
    Number of faces shared with processor 272 = 22
    Number of faces shared with processor 153 = 31
    Number of faces shared with processor 155 = 44
    Number of faces shared with processor 37 = 1
    Number of faces shared with processor 167 = 4549
    Number of faces shared with processor 168 = 2
    Number of faces shared with processor 50 = 4879
    Number of faces shared with processor 63 = 12
    Number of processor patches = 12
    Number of processor faces = 19396
    Number of boundary faces = 8857

Processor 155
    Number of cells = 157054
    Number of points = 197829
    Number of faces shared with processor 259 = 4543
    Number of faces shared with processor 141 = 26
    Number of faces shared with processor 142 = 7456
    Number of faces shared with processor 272 = 18
    Number of faces shared with processor 154 = 44
    Number of faces shared with processor 37 = 394
    Number of faces shared with processor 38 = 107
    Number of faces shared with processor 168 = 7102
    Number of faces shared with processor 50 = 682
    Number of faces shared with processor 51 = 30937
    Number of faces shared with processor 64 = 3
    Number of faces shared with processor 246 = 79
    Number of processor patches = 12
    Number of processor faces = 51391
    Number of boundary faces = 324

Processor 156
    Number of cells = 157054
    Number of points = 187002
    Number of faces shared with processor 260 = 1794
    Number of faces shared with processor 143 = 1883
    Number of faces shared with processor 273 = 2
    Number of faces shared with processor 39 = 11
    Number of faces shared with processor 169 = 1950
    Number of faces shared with processor 52 = 6310
    Number of faces shared with processor 247 = 2
    Number of processor patches = 7
    Number of processor faces = 11952
    Number of boundary faces = 23399

Processor 157
    Number of cells = 157054
    Number of points = 191735
    Number of faces shared with processor 261 = 1738
    Number of faces shared with processor 262 = 517
    Number of faces shared with processor 144 = 12
    Number of faces shared with processor 274 = 151
    Number of faces shared with processor 275 = 13
    Number of faces shared with processor 158 = 806
    Number of faces shared with processor 39 = 18
    Number of faces shared with processor 40 = 29
    Number of faces shared with processor 169 = 817
    Number of faces shared with processor 170 = 2085
    Number of faces shared with processor 171 = 1162
    Number of faces shared with processor 52 = 457
    Number of faces shared with processor 53 = 4761
    Number of faces shared with processor 182 = 206
    Number of faces shared with processor 65 = 732
    Number of faces shared with processor 66 = 520
    Number of faces shared with processor 67 = 116
    Number of faces shared with processor 78 = 101
    Number of processor patches = 18
    Number of processor faces = 14241
    Number of boundary faces = 19168

Processor 158
    Number of cells = 157054
    Number of points = 195679
    Number of faces shared with processor 262 = 1620
    Number of faces shared with processor 145 = 321
    Number of faces shared with processor 276 = 111
    Number of faces shared with processor 157 = 806
    Number of faces shared with processor 159 = 414
    Number of faces shared with processor 41 = 23
    Number of faces shared with processor 42 = 68
    Number of faces shared with processor 171 = 921
    Number of faces shared with processor 172 = 2640
    Number of faces shared with processor 53 = 8
    Number of faces shared with processor 54 = 10536
    Number of faces shared with processor 55 = 1537
    Number of faces shared with processor 67 = 1173
    Number of faces shared with processor 68 = 566
    Number of faces shared with processor 81 = 79
    Number of processor patches = 15
    Number of processor faces = 20823
    Number of boundary faces = 26358

Processor 159
    Number of cells = 157054
    Number of points = 195656
    Number of faces shared with processor 262 = 622
    Number of faces shared with processor 263 = 2928
    Number of faces shared with processor 264 = 1005
    Number of faces shared with processor 146 = 174
    Number of faces shared with processor 276 = 3451
    Number of faces shared with processor 158 = 414
    Number of faces shared with processor 160 = 1323
    Number of faces shared with processor 172 = 1370
    Number of faces shared with processor 55 = 6488
    Number of processor patches = 9
    Number of processor faces = 17775
    Number of boundary faces = 25966

Processor 160
    Number of cells = 157054
    Number of points = 190171
    Number of faces shared with processor 264 = 3651
    Number of faces shared with processor 265 = 594
    Number of faces shared with processor 146 = 79
    Number of faces shared with processor 147 = 1858
    Number of faces shared with processor 276 = 3
    Number of faces shared with processor 159 = 1323
    Number of faces shared with processor 161 = 386
    Number of faces shared with processor 43 = 166
    Number of faces shared with processor 172 = 139
    Number of faces shared with processor 55 = 54
    Number of faces shared with processor 56 = 9225
    Number of processor patches = 11
    Number of processor faces = 17478
    Number of boundary faces = 25549

Processor 161
    Number of cells = 157054
    Number of points = 194860
    Number of faces shared with processor 265 = 3269
    Number of faces shared with processor 147 = 7
    Number of faces shared with processor 148 = 2717
    Number of faces shared with processor 160 = 386
    Number of faces shared with processor 162 = 1393
    Number of faces shared with processor 43 = 9
    Number of faces shared with processor 44 = 75
    Number of faces shared with processor 173 = 60
    Number of faces shared with processor 174 = 1570
    Number of faces shared with processor 56 = 759
    Number of faces shared with processor 57 = 16118
    Number of faces shared with processor 58 = 410
    Number of faces shared with processor 70 = 301
    Number of faces shared with processor 71 = 84
    Number of faces shared with processor 252 = 227
    Number of processor patches = 15
    Number of processor faces = 27385
    Number of boundary faces = 23993

Processor 162
    Number of cells = 157054
    Number of points = 192363
    Number of faces shared with processor 265 = 183
    Number of faces shared with processor 266 = 4241
    Number of faces shared with processor 148 = 76
    Number of faces shared with processor 149 = 1590
    Number of faces shared with processor 161 = 1393
    Number of faces shared with processor 163 = 710
    Number of faces shared with processor 45 = 160
    Number of faces shared with processor 175 = 93
    Number of faces shared with processor 58 = 7930
    Number of faces shared with processor 59 = 112
    Number of processor patches = 10
    Number of processor faces = 16488
    Number of boundary faces = 21139

Processor 163
    Number of cells = 157054
    Number of points = 195750
    Number of faces shared with processor 266 = 132
    Number of faces shared with processor 267 = 1609
    Number of faces shared with processor 149 = 354
    Number of faces shared with processor 150 = 511
    Number of faces shared with processor 279 = 216
    Number of faces shared with processor 162 = 710
    Number of faces shared with processor 164 = 1038
    Number of faces shared with processor 45 = 17
    Number of faces shared with processor 46 = 326
    Number of faces shared with processor 175 = 194
    Number of faces shared with processor 176 = 500
    Number of faces shared with processor 59 = 8553
    Number of faces shared with processor 60 = 687
    Number of faces shared with processor 72 = 408
    Number of faces shared with processor 253 = 240
    Number of processor patches = 15
    Number of processor faces = 15495
    Number of boundary faces = 23081

Processor 164
    Number of cells = 157054
    Number of points = 193870
    Number of faces shared with processor 267 = 489
    Number of faces shared with processor 268 = 3331
    Number of faces shared with processor 151 = 128
    Number of faces shared with processor 281 = 328
    Number of faces shared with processor 163 = 1038
    Number of faces shared with processor 165 = 2894
    Number of faces shared with processor 47 = 130
    Number of faces shared with processor 176 = 253
    Number of faces shared with processor 177 = 998
    Number of faces shared with processor 178 = 1591
    Number of faces shared with processor 60 = 4174
    Number of faces shared with processor 72 = 59
    Number of faces shared with processor 74 = 794
    Number of processor patches = 13
    Number of processor faces = 16207
    Number of boundary faces = 22887

Processor 165
    Number of cells = 157054
    Number of points = 196656
    Number of faces shared with processor 256 = 207
    Number of faces shared with processor 269 = 1571
    Number of faces shared with processor 151 = 170
    Number of faces shared with processor 152 = 723
    Number of faces shared with processor 282 = 10
    Number of faces shared with processor 164 = 2894
    Number of faces shared with processor 47 = 36
    Number of faces shared with processor 48 = 642
    Number of faces shared with processor 178 = 2239
    Number of faces shared with processor 60 = 138
    Number of faces shared with processor 61 = 10104
    Number of faces shared with processor 62 = 443
    Number of faces shared with processor 74 = 589
    Number of faces shared with processor 75 = 361
    Number of faces shared with processor 255 = 21
    Number of processor patches = 15
    Number of processor faces = 20148
    Number of boundary faces = 25227

Processor 166
    Number of cells = 157054
    Number of points = 190136
    Number of faces shared with processor 257 = 655
    Number of faces shared with processor 258 = 3050
    Number of faces shared with processor 270 = 1096
    Number of faces shared with processor 271 = 4076
    Number of faces shared with processor 153 = 296
    Number of faces shared with processor 283 = 592
    Number of faces shared with processor 49 = 260
    Number of faces shared with processor 50 = 1441
    Number of faces shared with processor 179 = 846
    Number of faces shared with processor 62 = 2606
    Number of faces shared with processor 63 = 2358
    Number of faces shared with processor 75 = 70
    Number of processor patches = 12
    Number of processor faces = 17346
    Number of boundary faces = 25577

Processor 167
    Number of cells = 157054
    Number of points = 176646
    Number of faces shared with processor 258 = 9
    Number of faces shared with processor 271 = 4562
    Number of faces shared with processor 272 = 484
    Number of faces shared with processor 154 = 4549
    Number of faces shared with processor 168 = 22
    Number of faces shared with processor 50 = 1
    Number of faces shared with processor 179 = 42
    Number of faces shared with processor 180 = 4584
    Number of faces shared with processor 63 = 4723
    Number of processor patches = 9
    Number of processor faces = 18976
    Number of boundary faces = 8890

Processor 168
    Number of cells = 157054
    Number of points = 198638
    Number of faces shared with processor 142 = 30
    Number of faces shared with processor 272 = 4574
    Number of faces shared with processor 154 = 2
    Number of faces shared with processor 155 = 7102
    Number of faces shared with processor 285 = 225
    Number of faces shared with processor 167 = 22
    Number of faces shared with processor 298 = 30
    Number of faces shared with processor 50 = 31
    Number of faces shared with processor 51 = 148
    Number of faces shared with processor 180 = 33
    Number of faces shared with processor 181 = 7716
    Number of faces shared with processor 63 = 719
    Number of faces shared with processor 64 = 31224
    Number of faces shared with processor 76 = 315
    Number of faces shared with processor 77 = 1
    Number of faces shared with processor 376 = 30
    Number of processor patches = 16
    Number of processor faces = 52202
    Number of boundary faces = 354

Processor 169
    Number of cells = 157054
    Number of points = 191000
    Number of faces shared with processor 130 = 4
    Number of faces shared with processor 260 = 43
    Number of faces shared with processor 261 = 67
    Number of faces shared with processor 273 = 2690
    Number of faces shared with processor 403 = 1
    Number of faces shared with processor 156 = 1950
    Number of faces shared with processor 157 = 817
    Number of faces shared with processor 286 = 1
    Number of faces shared with processor 52 = 395
    Number of faces shared with processor 182 = 1881
    Number of faces shared with processor 65 = 6286
    Number of faces shared with processor 195 = 4
    Number of faces shared with processor 78 = 608
    Number of faces shared with processor 377 = 4
    Number of processor patches = 14
    Number of processor faces = 14751
    Number of boundary faces = 21584

Processor 170
    Number of cells = 157054
    Number of points = 191176
    Number of faces shared with processor 274 = 2081
    Number of faces shared with processor 157 = 2085
    Number of faces shared with processor 287 = 499
    Number of faces shared with processor 171 = 1916
    Number of faces shared with processor 182 = 427
    Number of faces shared with processor 183 = 2780
    Number of faces shared with processor 184 = 28
    Number of faces shared with processor 66 = 3485
    Number of faces shared with processor 67 = 366
    Number of faces shared with processor 78 = 51
    Number of processor patches = 10
    Number of processor faces = 13718
    Number of boundary faces = 23172

Processor 171
    Number of cells = 157054
    Number of points = 193399
    Number of faces shared with processor 261 = 2
    Number of faces shared with processor 262 = 709
    Number of faces shared with processor 274 = 229
    Number of faces shared with processor 275 = 2694
    Number of faces shared with processor 157 = 1162
    Number of faces shared with processor 158 = 921
    Number of faces shared with processor 288 = 598
    Number of faces shared with processor 289 = 594
    Number of faces shared with processor 170 = 1916
    Number of faces shared with processor 184 = 2759
    Number of faces shared with processor 185 = 1438
    Number of faces shared with processor 67 = 3330
    Number of processor patches = 12
    Number of processor faces = 16352
    Number of boundary faces = 20004

Processor 172
    Number of cells = 157054
    Number of points = 196270
    Number of faces shared with processor 276 = 3019
    Number of faces shared with processor 158 = 2640
    Number of faces shared with processor 159 = 1370
    Number of faces shared with processor 160 = 139
    Number of faces shared with processor 173 = 149
    Number of faces shared with processor 55 = 1470
    Number of faces shared with processor 56 = 401
    Number of faces shared with processor 68 = 7643
    Number of processor patches = 8
    Number of processor faces = 16831
    Number of boundary faces = 19524

Processor 173
    Number of cells = 157054
    Number of points = 196184
    Number of faces shared with processor 277 = 2274
    Number of faces shared with processor 161 = 60
    Number of faces shared with processor 172 = 149
    Number of faces shared with processor 174 = 206
    Number of faces shared with processor 56 = 1084
    Number of faces shared with processor 185 = 169
    Number of faces shared with processor 57 = 469
    Number of faces shared with processor 186 = 1262
    Number of faces shared with processor 68 = 190
    Number of faces shared with processor 69 = 26308
    Number of faces shared with processor 70 = 573
    Number of faces shared with processor 82 = 419
    Number of processor patches = 12
    Number of processor faces = 33163
    Number of boundary faces = 30115

Processor 174
    Number of cells = 157054
    Number of points = 192482
    Number of faces shared with processor 394 = 232
    Number of faces shared with processor 395 = 3768
    Number of faces shared with processor 396 = 261
    Number of faces shared with processor 277 = 50
    Number of faces shared with processor 278 = 1786
    Number of faces shared with processor 279 = 127
    Number of faces shared with processor 161 = 1570
    Number of faces shared with processor 173 = 206
    Number of faces shared with processor 175 = 98
    Number of faces shared with processor 186 = 144
    Number of faces shared with processor 187 = 788
    Number of faces shared with processor 188 = 99
    Number of faces shared with processor 70 = 13493
    Number of faces shared with processor 71 = 242
    Number of faces shared with processor 82 = 49
    Number of faces shared with processor 83 = 2279
    Number of faces shared with processor 84 = 18
    Number of processor patches = 17
    Number of processor faces = 25210
    Number of boundary faces = 27194

Processor 175
    Number of cells = 157054
    Number of points = 193641
    Number of faces shared with processor 279 = 2549
    Number of faces shared with processor 162 = 93
    Number of faces shared with processor 163 = 194
    Number of faces shared with processor 174 = 98
    Number of faces shared with processor 58 = 583
    Number of faces shared with processor 59 = 800
    Number of faces shared with processor 188 = 206
    Number of faces shared with processor 71 = 17909
    Number of faces shared with processor 72 = 631
    Number of faces shared with processor 84 = 361
    Number of processor patches = 10
    Number of processor faces = 23424
    Number of boundary faces = 25529

Processor 176
    Number of cells = 157054
    Number of points = 190984
    Number of faces shared with processor 267 = 1067
    Number of faces shared with processor 268 = 133
    Number of faces shared with processor 279 = 553
    Number of faces shared with processor 280 = 2582
    Number of faces shared with processor 281 = 348
    Number of faces shared with processor 163 = 500
    Number of faces shared with processor 164 = 253
    Number of faces shared with processor 293 = 1165
    Number of faces shared with processor 177 = 515
    Number of faces shared with processor 188 = 445
    Number of faces shared with processor 189 = 2375
    Number of faces shared with processor 72 = 1913
    Number of processor patches = 12
    Number of processor faces = 11849
    Number of boundary faces = 19160

Processor 177
    Number of cells = 157054
    Number of points = 192431
    Number of faces shared with processor 281 = 1560
    Number of faces shared with processor 164 = 998
    Number of faces shared with processor 294 = 1668
    Number of faces shared with processor 176 = 515
    Number of faces shared with processor 178 = 162
    Number of faces shared with processor 60 = 189
    Number of faces shared with processor 189 = 548
    Number of faces shared with processor 190 = 3689
    Number of faces shared with processor 191 = 605
    Number of faces shared with processor 72 = 955
    Number of faces shared with processor 73 = 2892
    Number of faces shared with processor 74 = 1462
    Number of faces shared with processor 85 = 404
    Number of faces shared with processor 86 = 1724
    Number of faces shared with processor 87 = 649
    Number of processor patches = 15
    Number of processor faces = 18020
    Number of boundary faces = 16812

Processor 178
    Number of cells = 157054
    Number of points = 192986
    Number of faces shared with processor 268 = 110
    Number of faces shared with processor 281 = 627
    Number of faces shared with processor 282 = 9270
    Number of faces shared with processor 164 = 1591
    Number of faces shared with processor 165 = 2239
    Number of faces shared with processor 295 = 760
    Number of faces shared with processor 177 = 162
    Number of faces shared with processor 191 = 1500
    Number of faces shared with processor 74 = 2695
    Number of processor patches = 9
    Number of processor faces = 18954
    Number of boundary faces = 17448

Processor 179
    Number of cells = 157054
    Number of points = 194345
    Number of faces shared with processor 271 = 423
    Number of faces shared with processor 283 = 875
    Number of faces shared with processor 284 = 869
    Number of faces shared with processor 166 = 846
    Number of faces shared with processor 167 = 42
    Number of faces shared with processor 296 = 460
    Number of faces shared with processor 180 = 4600
    Number of faces shared with processor 63 = 694
    Number of faces shared with processor 192 = 1454
    Number of faces shared with processor 75 = 5778
    Number of faces shared with processor 76 = 834
    Number of faces shared with processor 88 = 461
    Number of processor patches = 12
    Number of processor faces = 17336
    Number of boundary faces = 24492

Processor 180
    Number of cells = 157054
    Number of points = 174564
    Number of faces shared with processor 271 = 253
    Number of faces shared with processor 272 = 253
    Number of faces shared with processor 284 = 4679
    Number of faces shared with processor 285 = 384
    Number of faces shared with processor 167 = 4584
    Number of faces shared with processor 296 = 24
    Number of faces shared with processor 168 = 33
    Number of faces shared with processor 179 = 4600
    Number of faces shared with processor 181 = 32
    Number of faces shared with processor 63 = 316
    Number of faces shared with processor 192 = 400
    Number of faces shared with processor 193 = 4272
    Number of faces shared with processor 76 = 4585
    Number of processor patches = 13
    Number of processor faces = 24415
    Number of boundary faces = 2277

Processor 181
    Number of cells = 157054
    Number of points = 198560
    Number of faces shared with processor 285 = 4730
    Number of faces shared with processor 168 = 7716
    Number of faces shared with processor 298 = 4309
    Number of faces shared with processor 180 = 32
    Number of faces shared with processor 64 = 144
    Number of faces shared with processor 193 = 126
    Number of faces shared with processor 194 = 3581
    Number of faces shared with processor 76 = 480
    Number of faces shared with processor 77 = 31232
    Number of faces shared with processor 89 = 468
    Number of processor patches = 10
    Number of processor faces = 52818
    Number of boundary faces = 352

Processor 182
    Number of cells = 157054
    Number of points = 189931
    Number of faces shared with processor 261 = 34
    Number of faces shared with processor 273 = 137
    Number of faces shared with processor 274 = 130
    Number of faces shared with processor 157 = 206
    Number of faces shared with processor 286 = 3721
    Number of faces shared with processor 169 = 1881
    Number of faces shared with processor 170 = 427
    Number of faces shared with processor 299 = 555
    Number of faces shared with processor 195 = 2919
    Number of faces shared with processor 78 = 2836
    Number of processor patches = 10
    Number of processor faces = 12846
    Number of boundary faces = 20712

Processor 183
    Number of cells = 157054
    Number of points = 192618
    Number of faces shared with processor 287 = 2111
    Number of faces shared with processor 170 = 2780
    Number of faces shared with processor 184 = 2003
    Number of faces shared with processor 66 = 524
    Number of faces shared with processor 196 = 3734
    Number of faces shared with processor 79 = 2079
    Number of faces shared with processor 80 = 275
    Number of faces shared with processor 92 = 1224
    Number of processor patches = 8
    Number of processor faces = 14730
    Number of boundary faces = 21937

Processor 184
    Number of cells = 157054
    Number of points = 193561
    Number of faces shared with processor 287 = 99
    Number of faces shared with processor 288 = 2545
    Number of faces shared with processor 289 = 147
    Number of faces shared with processor 170 = 28
    Number of faces shared with processor 171 = 2759
    Number of faces shared with processor 183 = 2003
    Number of faces shared with processor 185 = 1367
    Number of faces shared with processor 66 = 1
    Number of faces shared with processor 67 = 584
    Number of faces shared with processor 196 = 100
    Number of faces shared with processor 197 = 2214
    Number of faces shared with processor 80 = 1912
    Number of faces shared with processor 92 = 4
    Number of faces shared with processor 93 = 807
    Number of processor patches = 14
    Number of processor faces = 14570
    Number of boundary faces = 22867

Processor 185
    Number of cells = 157054
    Number of points = 193084
    Number of faces shared with processor 277 = 24
    Number of faces shared with processor 289 = 313
    Number of faces shared with processor 171 = 1438
    Number of faces shared with processor 173 = 169
    Number of faces shared with processor 184 = 1367
    Number of faces shared with processor 186 = 173
    Number of faces shared with processor 67 = 1179
    Number of faces shared with processor 68 = 209
    Number of faces shared with processor 197 = 51
    Number of faces shared with processor 69 = 198
    Number of faces shared with processor 198 = 60
    Number of faces shared with processor 80 = 1131
    Number of faces shared with processor 81 = 14370
    Number of faces shared with processor 82 = 478
    Number of faces shared with processor 93 = 134
    Number of faces shared with processor 94 = 1699
    Number of processor patches = 16
    Number of processor faces = 22993
    Number of boundary faces = 28815

Processor 186
    Number of cells = 157054
    Number of points = 197098
    Number of faces shared with processor 277 = 788
    Number of faces shared with processor 406 = 159
    Number of faces shared with processor 290 = 903
    Number of faces shared with processor 291 = 168
    Number of faces shared with processor 173 = 1262
    Number of faces shared with processor 302 = 451
    Number of faces shared with processor 174 = 144
    Number of faces shared with processor 303 = 10356
    Number of faces shared with processor 185 = 173
    Number of faces shared with processor 187 = 802
    Number of faces shared with processor 198 = 511
    Number of faces shared with processor 199 = 12912
    Number of faces shared with processor 82 = 5516
    Number of faces shared with processor 83 = 35
    Number of faces shared with processor 94 = 278
    Number of faces shared with processor 95 = 1864
    Number of processor patches = 16
    Number of processor faces = 36322
    Number of boundary faces = 33740

Processor 187
    Number of cells = 157054
    Number of points = 192802
    Number of faces shared with processor 291 = 822
    Number of faces shared with processor 292 = 21
    Number of faces shared with processor 174 = 788
    Number of faces shared with processor 303 = 66
    Number of faces shared with processor 304 = 8494
    Number of faces shared with processor 305 = 280
    Number of faces shared with processor 186 = 802
    Number of faces shared with processor 188 = 811
    Number of faces shared with processor 199 = 174
    Number of faces shared with processor 200 = 13852
    Number of faces shared with processor 201 = 346
    Number of faces shared with processor 82 = 2
    Number of faces shared with processor 83 = 5969
    Number of faces shared with processor 84 = 70
    Number of faces shared with processor 95 = 8
    Number of faces shared with processor 96 = 1123
    Number of faces shared with processor 97 = 26
    Number of processor patches = 17
    Number of processor faces = 33654
    Number of boundary faces = 30579

Processor 188
    Number of cells = 157054
    Number of points = 196561
    Number of faces shared with processor 279 = 472
    Number of faces shared with processor 292 = 657
    Number of faces shared with processor 293 = 132
    Number of faces shared with processor 174 = 99
    Number of faces shared with processor 175 = 206
    Number of faces shared with processor 176 = 445
    Number of faces shared with processor 305 = 6930
    Number of faces shared with processor 306 = 89
    Number of faces shared with processor 187 = 811
    Number of faces shared with processor 189 = 1641
    Number of faces shared with processor 72 = 127
    Number of faces shared with processor 201 = 11514
    Number of faces shared with processor 202 = 1171
    Number of faces shared with processor 84 = 4227
    Number of faces shared with processor 85 = 422
    Number of faces shared with processor 97 = 1008
    Number of faces shared with processor 98 = 224
    Number of processor patches = 17
    Number of processor faces = 30175
    Number of boundary faces = 31322

Processor 189
    Number of cells = 157054
    Number of points = 193013
    Number of faces shared with processor 281 = 27
    Number of faces shared with processor 293 = 2393
    Number of faces shared with processor 294 = 1476
    Number of faces shared with processor 176 = 2375
    Number of faces shared with processor 177 = 548
    Number of faces shared with processor 188 = 1641
    Number of faces shared with processor 190 = 2030
    Number of faces shared with processor 72 = 636
    Number of faces shared with processor 202 = 1948
    Number of faces shared with processor 203 = 362
    Number of faces shared with processor 85 = 1905
    Number of faces shared with processor 98 = 245
    Number of processor patches = 12
    Number of processor faces = 15586
    Number of boundary faces = 21282

Processor 190
    Number of cells = 157054
    Number of points = 196692
    Number of faces shared with processor 294 = 1939
    Number of faces shared with processor 177 = 3689
    Number of faces shared with processor 189 = 2030
    Number of faces shared with processor 191 = 1043
    Number of faces shared with processor 203 = 5410
    Number of faces shared with processor 85 = 419
    Number of faces shared with processor 86 = 2103
    Number of faces shared with processor 87 = 1228
    Number of faces shared with processor 99 = 1271
    Number of processor patches = 9
    Number of processor faces = 19132
    Number of boundary faces = 25906

Processor 191
    Number of cells = 157054
    Number of points = 193403
    Number of faces shared with processor 281 = 87
    Number of faces shared with processor 294 = 1117
    Number of faces shared with processor 295 = 2120
    Number of faces shared with processor 177 = 605
    Number of faces shared with processor 178 = 1500
    Number of faces shared with processor 190 = 1043
    Number of faces shared with processor 192 = 370
    Number of faces shared with processor 74 = 953
    Number of faces shared with processor 203 = 75
    Number of faces shared with processor 204 = 2716
    Number of faces shared with processor 205 = 1
    Number of faces shared with processor 87 = 2491
    Number of faces shared with processor 88 = 135
    Number of faces shared with processor 100 = 61
    Number of processor patches = 14
    Number of processor faces = 13274
    Number of boundary faces = 23554

Processor 192
    Number of cells = 157054
    Number of points = 184276
    Number of faces shared with processor 295 = 493
    Number of faces shared with processor 296 = 2229
    Number of faces shared with processor 179 = 1454
    Number of faces shared with processor 180 = 400
    Number of faces shared with processor 309 = 874
    Number of faces shared with processor 191 = 370
    Number of faces shared with processor 193 = 1653
    Number of faces shared with processor 76 = 96
    Number of faces shared with processor 205 = 3510
    Number of faces shared with processor 88 = 2696
    Number of faces shared with processor 89 = 116
    Number of processor patches = 11
    Number of processor faces = 13891
    Number of boundary faces = 15601

Processor 193
    Number of cells = 157054
    Number of points = 170579
    Number of faces shared with processor 284 = 167
    Number of faces shared with processor 285 = 450
    Number of faces shared with processor 296 = 146
    Number of faces shared with processor 297 = 4110
    Number of faces shared with processor 298 = 160
    Number of faces shared with processor 180 = 4272
    Number of faces shared with processor 309 = 306
    Number of faces shared with processor 181 = 126
    Number of faces shared with processor 310 = 4567
    Number of faces shared with processor 192 = 1653
    Number of faces shared with processor 76 = 657
    Number of faces shared with processor 205 = 765
    Number of faces shared with processor 206 = 1386
    Number of faces shared with processor 89 = 4091
    Number of processor patches = 14
    Number of processor faces = 22856
    Number of boundary faces = 0

Processor 194
    Number of cells = 157054
    Number of points = 208520
    Number of faces shared with processor 415 = 2
    Number of faces shared with processor 298 = 12719
    Number of faces shared with processor 181 = 3581
    Number of faces shared with processor 311 = 3292
    Number of faces shared with processor 77 = 1585
    Number of faces shared with processor 206 = 30
    Number of faces shared with processor 207 = 907
    Number of faces shared with processor 89 = 50
    Number of faces shared with processor 90 = 44698
    Number of faces shared with processor 102 = 268
    Number of processor patches = 10
    Number of processor faces = 67132
    Number of boundary faces = 581

Processor 195
    Number of cells = 157056
    Number of points = 191305
    Number of faces shared with processor 403 = 153
    Number of faces shared with processor 169 = 4
    Number of faces shared with processor 299 = 5033
    Number of faces shared with processor 182 = 2919
    Number of faces shared with processor 196 = 1554
    Number of faces shared with processor 198 = 20
    Number of faces shared with processor 78 = 2834
    Number of faces shared with processor 91 = 7615
    Number of faces shared with processor 92 = 982
    Number of faces shared with processor 93 = 3
    Number of processor patches = 10
    Number of processor faces = 21117
    Number of boundary faces = 13352

Processor 196
    Number of cells = 157056
    Number of points = 186124
    Number of faces shared with processor 287 = 839
    Number of faces shared with processor 299 = 35
    Number of faces shared with processor 300 = 2830
    Number of faces shared with processor 183 = 3734
    Number of faces shared with processor 184 = 100
    Number of faces shared with processor 195 = 1554
    Number of faces shared with processor 197 = 2114
    Number of faces shared with processor 92 = 2670
    Number of faces shared with processor 93 = 767
    Number of processor patches = 9
    Number of processor faces = 14643
    Number of boundary faces = 17347

Processor 197
    Number of cells = 157056
    Number of points = 186791
    Number of faces shared with processor 288 = 1850
    Number of faces shared with processor 289 = 38
    Number of faces shared with processor 300 = 681
    Number of faces shared with processor 301 = 3381
    Number of faces shared with processor 184 = 2214
    Number of faces shared with processor 185 = 51
    Number of faces shared with processor 196 = 2114
    Number of faces shared with processor 198 = 2476
    Number of faces shared with processor 93 = 3198
    Number of faces shared with processor 94 = 164
    Number of processor patches = 10
    Number of processor faces = 16167
    Number of boundary faces = 15072

Processor 198
    Number of cells = 157056
    Number of points = 178398
    Number of faces shared with processor 406 = 23
    Number of faces shared with processor 289 = 60
    Number of faces shared with processor 301 = 737
    Number of faces shared with processor 302 = 3324
    Number of faces shared with processor 185 = 60
    Number of faces shared with processor 186 = 511
    Number of faces shared with processor 195 = 20
    Number of faces shared with processor 197 = 2476
    Number of faces shared with processor 199 = 1827
    Number of faces shared with processor 200 = 12
    Number of faces shared with processor 93 = 2
    Number of faces shared with processor 94 = 3887
    Number of faces shared with processor 95 = 524
    Number of faces shared with processor 96 = 8
    Number of processor patches = 14
    Number of processor faces = 13471
    Number of boundary faces = 12776

Processor 199
    Number of cells = 157056
    Number of points = 176539
    Number of faces shared with processor 302 = 920
    Number of faces shared with processor 303 = 3272
    Number of faces shared with processor 304 = 271
    Number of faces shared with processor 186 = 12912
    Number of faces shared with processor 187 = 174
    Number of faces shared with processor 198 = 1827
    Number of faces shared with processor 200 = 2486
    Number of faces shared with processor 95 = 3151
    Number of processor patches = 8
    Number of processor faces = 25013
    Number of boundary faces = 0

Processor 200
    Number of cells = 157056
    Number of points = 177516
    Number of faces shared with processor 408 = 12
    Number of faces shared with processor 303 = 3
    Number of faces shared with processor 304 = 3575
    Number of faces shared with processor 305 = 76
    Number of faces shared with processor 187 = 13852
    Number of faces shared with processor 198 = 12
    Number of faces shared with processor 199 = 2486
    Number of faces shared with processor 201 = 2553
    Number of faces shared with processor 202 = 3
    Number of faces shared with processor 95 = 375
    Number of faces shared with processor 96 = 3502
    Number of faces shared with processor 97 = 31
    Number of faces shared with processor 98 = 9
    Number of processor patches = 13
    Number of processor faces = 26489
    Number of boundary faces = 12

Processor 201
    Number of cells = 157056
    Number of points = 176004
    Number of faces shared with processor 304 = 3
    Number of faces shared with processor 305 = 3736
    Number of faces shared with processor 306 = 296
    Number of faces shared with processor 307 = 3
    Number of faces shared with processor 187 = 346
    Number of faces shared with processor 188 = 11514
    Number of faces shared with processor 200 = 2553
    Number of faces shared with processor 202 = 2471
    Number of faces shared with processor 96 = 4
    Number of faces shared with processor 97 = 3464
    Number of faces shared with processor 98 = 175
    Number of processor patches = 11
    Number of processor faces = 24565
    Number of boundary faces = 342

Processor 202
    Number of cells = 157056
    Number of points = 182727
    Number of faces shared with processor 410 = 3
    Number of faces shared with processor 293 = 1347
    Number of faces shared with processor 305 = 2
    Number of faces shared with processor 306 = 2658
    Number of faces shared with processor 307 = 1153
    Number of faces shared with processor 188 = 1171
    Number of faces shared with processor 189 = 1948
    Number of faces shared with processor 200 = 3
    Number of faces shared with processor 201 = 2471
    Number of faces shared with processor 203 = 2509
    Number of faces shared with processor 205 = 3
    Number of faces shared with processor 97 = 3
    Number of faces shared with processor 98 = 2861
    Number of faces shared with processor 99 = 3
    Number of processor patches = 14
    Number of processor faces = 16135
    Number of boundary faces = 11558

Processor 203
    Number of cells = 157056
    Number of points = 187304
    Number of faces shared with processor 294 = 4304
    Number of faces shared with processor 295 = 50
    Number of faces shared with processor 307 = 2499
    Number of faces shared with processor 189 = 362
    Number of faces shared with processor 190 = 5410
    Number of faces shared with processor 191 = 75
    Number of faces shared with processor 202 = 2509
    Number of faces shared with processor 204 = 2487
    Number of faces shared with processor 85 = 30
    Number of faces shared with processor 98 = 776
    Number of faces shared with processor 99 = 2515
    Number of faces shared with processor 100 = 810
    Number of processor patches = 12
    Number of processor faces = 21827
    Number of boundary faces = 10432

Processor 204
    Number of cells = 157056
    Number of points = 180607
    Number of faces shared with processor 412 = 3
    Number of faces shared with processor 295 = 1896
    Number of faces shared with processor 307 = 1051
    Number of faces shared with processor 308 = 3066
    Number of faces shared with processor 309 = 1
    Number of faces shared with processor 191 = 2716
    Number of faces shared with processor 203 = 2487
    Number of faces shared with processor 205 = 2476
    Number of faces shared with processor 100 = 3196
    Number of processor patches = 9
    Number of processor faces = 16892
    Number of boundary faces = 9322

Processor 205
    Number of cells = 157056
    Number of points = 168368
    Number of faces shared with processor 413 = 20
    Number of faces shared with processor 295 = 57
    Number of faces shared with processor 308 = 603
    Number of faces shared with processor 309 = 3211
    Number of faces shared with processor 310 = 932
    Number of faces shared with processor 191 = 1
    Number of faces shared with processor 192 = 3510
    Number of faces shared with processor 193 = 765
    Number of faces shared with processor 202 = 3
    Number of faces shared with processor 204 = 2476
    Number of faces shared with processor 206 = 1175
    Number of faces shared with processor 88 = 540
    Number of faces shared with processor 89 = 221
    Number of faces shared with processor 98 = 17
    Number of faces shared with processor 100 = 270
    Number of faces shared with processor 101 = 3499
    Number of processor patches = 16
    Number of processor faces = 17300
    Number of boundary faces = 21

Processor 206
    Number of cells = 157056
    Number of points = 173422
    Number of faces shared with processor 414 = 40
    Number of faces shared with processor 415 = 262
    Number of faces shared with processor 298 = 490
    Number of faces shared with processor 310 = 5592
    Number of faces shared with processor 311 = 35
    Number of faces shared with processor 193 = 1386
    Number of faces shared with processor 194 = 30
    Number of faces shared with processor 205 = 1175
    Number of faces shared with processor 89 = 3771
    Number of faces shared with processor 101 = 1154
    Number of faces shared with processor 102 = 8507
    Number of processor patches = 11
    Number of processor faces = 22442
    Number of boundary faces = 54

Processor 207
    Number of cells = 157055
    Number of points = 233270
    Number of faces shared with processor 311 = 71161
    Number of faces shared with processor 194 = 907
    Number of faces shared with processor 90 = 1245
    Number of faces shared with processor 102 = 167
    Number of faces shared with processor 103 = 71705
    Number of processor patches = 5
    Number of processor faces = 145185
    Number of boundary faces = 1316

Processor 208
    Number of cells = 157054
    Number of points = 190247
    Number of faces shared with processor 312 = 4284
    Number of faces shared with processor 313 = 442
    Number of faces shared with processor 325 = 11
    Number of faces shared with processor 326 = 430
    Number of faces shared with processor 209 = 1843
    Number of faces shared with processor 210 = 3
    Number of faces shared with processor 221 = 4151
    Number of faces shared with processor 104 = 4939
    Number of faces shared with processor 105 = 1
    Number of faces shared with processor 117 = 558
    Number of processor patches = 10
    Number of processor faces = 16662
    Number of boundary faces = 14282

Processor 209
    Number of cells = 157054
    Number of points = 188812
    Number of faces shared with processor 313 = 2141
    Number of faces shared with processor 326 = 782
    Number of faces shared with processor 327 = 24
    Number of faces shared with processor 208 = 1843
    Number of faces shared with processor 210 = 2435
    Number of faces shared with processor 222 = 3930
    Number of faces shared with processor 223 = 98
    Number of faces shared with processor 104 = 1
    Number of faces shared with processor 105 = 2912
    Number of faces shared with processor 106 = 718
    Number of processor patches = 10
    Number of processor faces = 14884
    Number of boundary faces = 17094

Processor 210
    Number of cells = 157054
    Number of points = 190228
    Number of faces shared with processor 2 = 7
    Number of faces shared with processor 313 = 478
    Number of faces shared with processor 314 = 2691
    Number of faces shared with processor 327 = 1742
    Number of faces shared with processor 208 = 3
    Number of faces shared with processor 209 = 2435
    Number of faces shared with processor 211 = 917
    Number of faces shared with processor 223 = 1743
    Number of faces shared with processor 224 = 9
    Number of faces shared with processor 106 = 3463
    Number of faces shared with processor 107 = 745
    Number of processor patches = 11
    Number of processor faces = 14233
    Number of boundary faces = 16719

Processor 211
    Number of cells = 157054
    Number of points = 177469
    Number of faces shared with processor 314 = 1442
    Number of faces shared with processor 315 = 3444
    Number of faces shared with processor 210 = 917
    Number of faces shared with processor 212 = 1514
    Number of faces shared with processor 107 = 3316
    Number of faces shared with processor 108 = 877
    Number of faces shared with processor 121 = 457
    Number of processor patches = 7
    Number of processor faces = 11967
    Number of boundary faces = 12526

Processor 212
    Number of cells = 157054
    Number of points = 176228
    Number of faces shared with processor 315 = 1426
    Number of faces shared with processor 316 = 2304
    Number of faces shared with processor 317 = 623
    Number of faces shared with processor 211 = 1514
    Number of faces shared with processor 213 = 2182
    Number of faces shared with processor 225 = 2225
    Number of faces shared with processor 226 = 62
    Number of faces shared with processor 108 = 3192
    Number of faces shared with processor 109 = 2
    Number of faces shared with processor 121 = 10687
    Number of faces shared with processor 122 = 113
    Number of processor patches = 11
    Number of processor faces = 24330
    Number of boundary faces = 0

Processor 213
    Number of cells = 157054
    Number of points = 180502
    Number of faces shared with processor 317 = 3195
    Number of faces shared with processor 212 = 2182
    Number of faces shared with processor 214 = 2461
    Number of faces shared with processor 226 = 6296
    Number of faces shared with processor 108 = 251
    Number of faces shared with processor 109 = 3595
    Number of faces shared with processor 110 = 2
    Number of faces shared with processor 122 = 8989
    Number of processor patches = 8
    Number of processor faces = 26971
    Number of boundary faces = 1218

Processor 214
    Number of cells = 157054
    Number of points = 177666
    Number of faces shared with processor 317 = 8
    Number of faces shared with processor 318 = 2717
    Number of faces shared with processor 319 = 374
    Number of faces shared with processor 320 = 2
    Number of faces shared with processor 213 = 2461
    Number of faces shared with processor 215 = 2376
    Number of faces shared with processor 226 = 101
    Number of faces shared with processor 227 = 6586
    Number of faces shared with processor 109 = 32
    Number of faces shared with processor 110 = 3664
    Number of faces shared with processor 111 = 2
    Number of faces shared with processor 122 = 264
    Number of faces shared with processor 123 = 7102
    Number of processor patches = 13
    Number of processor faces = 25689
    Number of boundary faces = 313

Processor 215
    Number of cells = 157054
    Number of points = 184203
    Number of faces shared with processor 319 = 2489
    Number of faces shared with processor 320 = 1051
    Number of faces shared with processor 332 = 2562
    Number of faces shared with processor 214 = 2376
    Number of faces shared with processor 216 = 2529
    Number of faces shared with processor 227 = 250
    Number of faces shared with processor 228 = 1683
    Number of faces shared with processor 110 = 338
    Number of faces shared with processor 111 = 2728
    Number of faces shared with processor 123 = 78
    Number of processor patches = 10
    Number of processor faces = 16084
    Number of boundary faces = 11940

Processor 216
    Number of cells = 157054
    Number of points = 183609
    Number of faces shared with processor 8 = 3
    Number of faces shared with processor 320 = 2858
    Number of faces shared with processor 332 = 72
    Number of faces shared with processor 333 = 2003
    Number of faces shared with processor 334 = 9
    Number of faces shared with processor 215 = 2529
    Number of faces shared with processor 217 = 2405
    Number of faces shared with processor 229 = 704
    Number of faces shared with processor 230 = 32
    Number of faces shared with processor 110 = 3
    Number of faces shared with processor 111 = 1100
    Number of faces shared with processor 112 = 2535
    Number of faces shared with processor 113 = 1078
    Number of processor patches = 13
    Number of processor faces = 15331
    Number of boundary faces = 12079

Processor 217
    Number of cells = 157054
    Number of points = 180691
    Number of faces shared with processor 320 = 999
    Number of faces shared with processor 321 = 2570
    Number of faces shared with processor 334 = 2326
    Number of faces shared with processor 216 = 2405
    Number of faces shared with processor 218 = 2167
    Number of faces shared with processor 230 = 2532
    Number of faces shared with processor 231 = 84
    Number of faces shared with processor 113 = 3076
    Number of faces shared with processor 114 = 453
    Number of processor patches = 9
    Number of processor faces = 16612
    Number of boundary faces = 8234

Processor 218
    Number of cells = 157054
    Number of points = 167435
    Number of faces shared with processor 128 = 325
    Number of faces shared with processor 321 = 919
    Number of faces shared with processor 322 = 2810
    Number of faces shared with processor 323 = 1
    Number of faces shared with processor 335 = 675
    Number of faces shared with processor 217 = 2167
    Number of faces shared with processor 219 = 1776
    Number of faces shared with processor 231 = 3149
    Number of faces shared with processor 232 = 750
    Number of faces shared with processor 113 = 1
    Number of faces shared with processor 114 = 3177
    Number of processor patches = 11
    Number of processor faces = 15750
    Number of boundary faces = 0

Processor 219
    Number of cells = 157054
    Number of points = 174279
    Number of faces shared with processor 128 = 4470
    Number of faces shared with processor 322 = 114
    Number of faces shared with processor 323 = 3352
    Number of faces shared with processor 324 = 116
    Number of faces shared with processor 337 = 20
    Number of faces shared with processor 218 = 1776
    Number of faces shared with processor 232 = 4166
    Number of faces shared with processor 233 = 847
    Number of faces shared with processor 114 = 917
    Number of faces shared with processor 115 = 5575
    Number of processor patches = 10
    Number of processor faces = 21353
    Number of boundary faces = 0

Processor 220
    Number of cells = 157054
    Number of points = 234148
    Number of faces shared with processor 129 = 2802
    Number of faces shared with processor 11 = 272
    Number of faces shared with processor 12 = 18
    Number of faces shared with processor 324 = 21584
    Number of faces shared with processor 233 = 276
    Number of faces shared with processor 115 = 42
    Number of faces shared with processor 116 = 71703
    Number of processor patches = 7
    Number of processor faces = 96697
    Number of boundary faces = 1768

Processor 221
    Number of cells = 157054
    Number of points = 195395
    Number of faces shared with processor 130 = 1
    Number of faces shared with processor 13 = 4
    Number of faces shared with processor 325 = 2556
    Number of faces shared with processor 326 = 637
    Number of faces shared with processor 208 = 4151
    Number of faces shared with processor 339 = 841
    Number of faces shared with processor 234 = 2491
    Number of faces shared with processor 235 = 305
    Number of faces shared with processor 117 = 3812
    Number of faces shared with processor 247 = 4
    Number of faces shared with processor 248 = 434
    Number of processor patches = 11
    Number of processor faces = 15236
    Number of boundary faces = 19428

Processor 222
    Number of cells = 157054
    Number of points = 194162
    Number of faces shared with processor 131 = 548
    Number of faces shared with processor 326 = 1666
    Number of faces shared with processor 209 = 3930
    Number of faces shared with processor 223 = 2081
    Number of faces shared with processor 105 = 809
    Number of faces shared with processor 235 = 3246
    Number of faces shared with processor 118 = 1976
    Number of faces shared with processor 119 = 78
    Number of processor patches = 8
    Number of processor faces = 14334
    Number of boundary faces = 21230

Processor 223
    Number of cells = 157054
    Number of points = 194886
    Number of faces shared with processor 131 = 4
    Number of faces shared with processor 132 = 593
    Number of faces shared with processor 326 = 115
    Number of faces shared with processor 327 = 1731
    Number of faces shared with processor 209 = 98
    Number of faces shared with processor 210 = 1743
    Number of faces shared with processor 222 = 2081
    Number of faces shared with processor 224 = 1544
    Number of faces shared with processor 106 = 2012
    Number of faces shared with processor 235 = 30
    Number of faces shared with processor 236 = 2800
    Number of faces shared with processor 119 = 2605
    Number of processor patches = 12
    Number of processor faces = 15356
    Number of boundary faces = 21014

Processor 224
    Number of cells = 157054
    Number of points = 193097
    Number of faces shared with processor 132 = 336
    Number of faces shared with processor 314 = 77
    Number of faces shared with processor 315 = 3634
    Number of faces shared with processor 327 = 707
    Number of faces shared with processor 328 = 3585
    Number of faces shared with processor 210 = 9
    Number of faces shared with processor 340 = 663
    Number of faces shared with processor 341 = 223
    Number of faces shared with processor 223 = 1544
    Number of faces shared with processor 353 = 204
    Number of faces shared with processor 225 = 928
    Number of faces shared with processor 106 = 115
    Number of faces shared with processor 236 = 1102
    Number of faces shared with processor 237 = 718
    Number of faces shared with processor 119 = 42
    Number of faces shared with processor 120 = 262
    Number of processor patches = 16
    Number of processor faces = 14149
    Number of boundary faces = 20834

Processor 225
    Number of cells = 157054
    Number of points = 183899
    Number of faces shared with processor 315 = 689
    Number of faces shared with processor 316 = 1785
    Number of faces shared with processor 328 = 380
    Number of faces shared with processor 329 = 2682
    Number of faces shared with processor 330 = 334
    Number of faces shared with processor 212 = 2225
    Number of faces shared with processor 224 = 928
    Number of faces shared with processor 226 = 790
    Number of faces shared with processor 121 = 922
    Number of processor patches = 9
    Number of processor faces = 10735
    Number of boundary faces = 18649

Processor 226
    Number of cells = 157054
    Number of points = 186037
    Number of faces shared with processor 316 = 11
    Number of faces shared with processor 317 = 3050
    Number of faces shared with processor 318 = 34
    Number of faces shared with processor 330 = 3834
    Number of faces shared with processor 212 = 62
    Number of faces shared with processor 213 = 6296
    Number of faces shared with processor 214 = 101
    Number of faces shared with processor 225 = 790
    Number of faces shared with processor 227 = 751
    Number of faces shared with processor 121 = 173
    Number of faces shared with processor 122 = 785
    Number of processor patches = 11
    Number of processor faces = 15887
    Number of boundary faces = 21548

Processor 227
    Number of cells = 157054
    Number of points = 186137
    Number of faces shared with processor 318 = 3206
    Number of faces shared with processor 319 = 776
    Number of faces shared with processor 330 = 200
    Number of faces shared with processor 331 = 4924
    Number of faces shared with processor 332 = 825
    Number of faces shared with processor 214 = 6586
    Number of faces shared with processor 215 = 250
    Number of faces shared with processor 226 = 751
    Number of faces shared with processor 122 = 31
    Number of faces shared with processor 123 = 673
    Number of processor patches = 10
    Number of processor faces = 18222
    Number of boundary faces = 21867

Processor 228
    Number of cells = 157054
    Number of points = 194628
    Number of faces shared with processor 137 = 1283
    Number of faces shared with processor 332 = 1888
    Number of faces shared with processor 333 = 151
    Number of faces shared with processor 215 = 1683
    Number of faces shared with processor 229 = 1191
    Number of faces shared with processor 111 = 1401
    Number of faces shared with processor 241 = 2434
    Number of faces shared with processor 242 = 344
    Number of faces shared with processor 123 = 260
    Number of faces shared with processor 124 = 2313
    Number of processor patches = 10
    Number of processor faces = 12948
    Number of boundary faces = 22166

Processor 229
    Number of cells = 157054
    Number of points = 197427
    Number of faces shared with processor 138 = 1931
    Number of faces shared with processor 333 = 2247
    Number of faces shared with processor 216 = 704
    Number of faces shared with processor 228 = 1191
    Number of faces shared with processor 230 = 516
    Number of faces shared with processor 112 = 4375
    Number of faces shared with processor 242 = 2117
    Number of faces shared with processor 124 = 1514
    Number of faces shared with processor 125 = 1958
    Number of faces shared with processor 126 = 1129
    Number of processor patches = 10
    Number of processor faces = 17682
    Number of boundary faces = 23443

Processor 230
    Number of cells = 157054
    Number of points = 194368
    Number of faces shared with processor 139 = 625
    Number of faces shared with processor 333 = 495
    Number of faces shared with processor 334 = 1169
    Number of faces shared with processor 216 = 32
    Number of faces shared with processor 217 = 2532
    Number of faces shared with processor 346 = 18
    Number of faces shared with processor 229 = 516
    Number of faces shared with processor 231 = 579
    Number of faces shared with processor 112 = 57
    Number of faces shared with processor 113 = 1772
    Number of faces shared with processor 242 = 568
    Number of faces shared with processor 243 = 2834
    Number of faces shared with processor 126 = 2355
    Number of faces shared with processor 127 = 730
    Number of processor patches = 14
    Number of processor faces = 14282
    Number of boundary faces = 22846

Processor 231
    Number of cells = 157054
    Number of points = 183026
    Number of faces shared with processor 128 = 889
    Number of faces shared with processor 321 = 8
    Number of faces shared with processor 334 = 738
    Number of faces shared with processor 335 = 1995
    Number of faces shared with processor 217 = 84
    Number of faces shared with processor 218 = 3149
    Number of faces shared with processor 230 = 579
    Number of faces shared with processor 232 = 879
    Number of faces shared with processor 113 = 17
    Number of faces shared with processor 114 = 858
    Number of faces shared with processor 244 = 1839
    Number of faces shared with processor 127 = 3451
    Number of processor patches = 12
    Number of processor faces = 14486
    Number of boundary faces = 15695

Processor 232
    Number of cells = 157054
    Number of points = 170278
    Number of faces shared with processor 128 = 4039
    Number of faces shared with processor 322 = 387
    Number of faces shared with processor 323 = 1860
    Number of faces shared with processor 335 = 685
    Number of faces shared with processor 336 = 4001
    Number of faces shared with processor 337 = 33
    Number of faces shared with processor 218 = 750
    Number of faces shared with processor 219 = 4166
    Number of faces shared with processor 348 = 5
    Number of faces shared with processor 350 = 40
    Number of faces shared with processor 231 = 879
    Number of faces shared with processor 233 = 63
    Number of faces shared with processor 244 = 41
    Number of faces shared with processor 245 = 4828
    Number of faces shared with processor 246 = 600
    Number of processor patches = 15
    Number of processor faces = 22377
    Number of boundary faces = 0

Processor 233
    Number of cells = 157054
    Number of points = 183254
    Number of faces shared with processor 128 = 96
    Number of faces shared with processor 129 = 12943
    Number of faces shared with processor 142 = 4332
    Number of faces shared with processor 24 = 54
    Number of faces shared with processor 324 = 5171
    Number of faces shared with processor 337 = 4432
    Number of faces shared with processor 219 = 847
    Number of faces shared with processor 220 = 276
    Number of faces shared with processor 232 = 63
    Number of faces shared with processor 115 = 513
    Number of faces shared with processor 246 = 6013
    Number of processor patches = 11
    Number of processor faces = 34740
    Number of boundary faces = 37

Processor 234
    Number of cells = 157054
    Number of points = 191684
    Number of faces shared with processor 130 = 2743
    Number of faces shared with processor 325 = 754
    Number of faces shared with processor 338 = 1858
    Number of faces shared with processor 221 = 2491
    Number of faces shared with processor 351 = 255
    Number of faces shared with processor 117 = 148
    Number of faces shared with processor 247 = 2122
    Number of faces shared with processor 248 = 955
    Number of processor patches = 8
    Number of processor faces = 11326
    Number of boundary faces = 20120

Processor 235
    Number of cells = 157054
    Number of points = 191015
    Number of faces shared with processor 131 = 2109
    Number of faces shared with processor 132 = 290
    Number of faces shared with processor 144 = 179
    Number of faces shared with processor 326 = 344
    Number of faces shared with processor 339 = 2907
    Number of faces shared with processor 221 = 305
    Number of faces shared with processor 222 = 3246
    Number of faces shared with processor 223 = 30
    Number of faces shared with processor 236 = 2369
    Number of faces shared with processor 117 = 163
    Number of faces shared with processor 248 = 1426
    Number of processor patches = 11
    Number of processor faces = 13368
    Number of boundary faces = 20099

Processor 236
    Number of cells = 157054
    Number of points = 191536
    Number of faces shared with processor 132 = 2577
    Number of faces shared with processor 144 = 26
    Number of faces shared with processor 327 = 522
    Number of faces shared with processor 339 = 267
    Number of faces shared with processor 340 = 2679
    Number of faces shared with processor 223 = 2800
    Number of faces shared with processor 224 = 1102
    Number of faces shared with processor 235 = 2369
    Number of faces shared with processor 248 = 575
    Number of faces shared with processor 249 = 1048
    Number of processor patches = 10
    Number of processor faces = 13965
    Number of boundary faces = 18644

Processor 237
    Number of cells = 157054
    Number of points = 195078
    Number of faces shared with processor 133 = 3162
    Number of faces shared with processor 146 = 2662
    Number of faces shared with processor 341 = 5740
    Number of faces shared with processor 224 = 718
    Number of faces shared with processor 353 = 605
    Number of faces shared with processor 354 = 409
    Number of faces shared with processor 249 = 1673
    Number of faces shared with processor 250 = 3951
    Number of processor patches = 8
    Number of processor faces = 18920
    Number of boundary faces = 24527

Processor 238
    Number of cells = 157054
    Number of points = 191452
    Number of faces shared with processor 134 = 2007
    Number of faces shared with processor 135 = 57
    Number of faces shared with processor 328 = 1657
    Number of faces shared with processor 329 = 4203
    Number of faces shared with processor 341 = 1307
    Number of faces shared with processor 342 = 4670
    Number of faces shared with processor 355 = 576
    Number of faces shared with processor 239 = 522
    Number of faces shared with processor 120 = 35
    Number of faces shared with processor 121 = 1178
    Number of processor patches = 10
    Number of processor faces = 16212
    Number of boundary faces = 19122

Processor 239
    Number of cells = 157054
    Number of points = 183410
    Number of faces shared with processor 135 = 1558
    Number of faces shared with processor 329 = 208
    Number of faces shared with processor 330 = 2272
    Number of faces shared with processor 331 = 253
    Number of faces shared with processor 342 = 768
    Number of faces shared with processor 343 = 3317
    Number of faces shared with processor 238 = 522
    Number of faces shared with processor 240 = 827
    Number of processor patches = 8
    Number of processor faces = 9725
    Number of boundary faces = 17835

Processor 240
    Number of cells = 157054
    Number of points = 186043
    Number of faces shared with processor 135 = 3
    Number of faces shared with processor 136 = 1204
    Number of faces shared with processor 137 = 171
    Number of faces shared with processor 150 = 74
    Number of faces shared with processor 331 = 4976
    Number of faces shared with processor 343 = 135
    Number of faces shared with processor 344 = 4591
    Number of faces shared with processor 345 = 1344
    Number of faces shared with processor 358 = 532
    Number of faces shared with processor 239 = 827
    Number of faces shared with processor 123 = 47
    Number of faces shared with processor 253 = 688
    Number of faces shared with processor 254 = 2
    Number of processor patches = 13
    Number of processor faces = 14594
    Number of boundary faces = 20868

Processor 241
    Number of cells = 157054
    Number of points = 190884
    Number of faces shared with processor 137 = 2551
    Number of faces shared with processor 332 = 2666
    Number of faces shared with processor 345 = 404
    Number of faces shared with processor 346 = 1121
    Number of faces shared with processor 228 = 2434
    Number of faces shared with processor 242 = 1664
    Number of faces shared with processor 255 = 819
    Number of processor patches = 7
    Number of processor faces = 11659
    Number of boundary faces = 19726

Processor 242
    Number of cells = 157054
    Number of points = 191146
    Number of faces shared with processor 137 = 294
    Number of faces shared with processor 138 = 1357
    Number of faces shared with processor 139 = 660
    Number of faces shared with processor 151 = 87
    Number of faces shared with processor 332 = 98
    Number of faces shared with processor 333 = 1722
    Number of faces shared with processor 346 = 3178
    Number of faces shared with processor 228 = 344
    Number of faces shared with processor 229 = 2117
    Number of faces shared with processor 230 = 568
    Number of faces shared with processor 241 = 1664
    Number of faces shared with processor 243 = 1189
    Number of faces shared with processor 124 = 10
    Number of faces shared with processor 126 = 85
    Number of faces shared with processor 255 = 3145
    Number of processor patches = 15
    Number of processor faces = 16518
    Number of boundary faces = 18055

Processor 243
    Number of cells = 157054
    Number of points = 195916
    Number of faces shared with processor 256 = 45
    Number of faces shared with processor 139 = 6533
    Number of faces shared with processor 334 = 2316
    Number of faces shared with processor 335 = 278
    Number of faces shared with processor 346 = 710
    Number of faces shared with processor 347 = 1953
    Number of faces shared with processor 348 = 294
    Number of faces shared with processor 230 = 2834
    Number of faces shared with processor 242 = 1189
    Number of faces shared with processor 255 = 827
    Number of processor patches = 10
    Number of processor faces = 16979
    Number of boundary faces = 22615

Processor 244
    Number of cells = 157054
    Number of points = 189438
    Number of faces shared with processor 128 = 49
    Number of faces shared with processor 257 = 1775
    Number of faces shared with processor 140 = 3184
    Number of faces shared with processor 141 = 2335
    Number of faces shared with processor 153 = 276
    Number of faces shared with processor 335 = 328
    Number of faces shared with processor 348 = 931
    Number of faces shared with processor 231 = 1839
    Number of faces shared with processor 232 = 41
    Number of faces shared with processor 245 = 1320
    Number of faces shared with processor 127 = 1722
    Number of processor patches = 11
    Number of processor faces = 13800
    Number of boundary faces = 22898

Processor 245
    Number of cells = 157054
    Number of points = 171250
    Number of faces shared with processor 128 = 154
    Number of faces shared with processor 257 = 1647
    Number of faces shared with processor 258 = 5037
    Number of faces shared with processor 259 = 390
    Number of faces shared with processor 141 = 4545
    Number of faces shared with processor 336 = 79
    Number of faces shared with processor 348 = 740
    Number of faces shared with processor 349 = 4090
    Number of faces shared with processor 350 = 28
    Number of faces shared with processor 232 = 4828
    Number of faces shared with processor 362 = 564
    Number of faces shared with processor 363 = 12
    Number of faces shared with processor 244 = 1320
    Number of faces shared with processor 246 = 434
    Number of processor patches = 14
    Number of processor faces = 23868
    Number of boundary faces = 0

Processor 246
    Number of cells = 157054
    Number of points = 171490
    Number of faces shared with processor 128 = 502
    Number of faces shared with processor 259 = 7177
    Number of faces shared with processor 141 = 336
    Number of faces shared with processor 142 = 4840
    Number of faces shared with processor 155 = 79
    Number of faces shared with processor 337 = 1198
    Number of faces shared with processor 350 = 4357
    Number of faces shared with processor 232 = 600
    Number of faces shared with processor 233 = 6013
    Number of faces shared with processor 363 = 2
    Number of faces shared with processor 245 = 434
    Number of processor patches = 11
    Number of processor faces = 25538
    Number of boundary faces = 0

Processor 247
    Number of cells = 157054
    Number of points = 186339
    Number of faces shared with processor 130 = 62
    Number of faces shared with processor 260 = 2288
    Number of faces shared with processor 143 = 1867
    Number of faces shared with processor 156 = 2
    Number of faces shared with processor 39 = 4
    Number of faces shared with processor 221 = 4
    Number of faces shared with processor 351 = 2842
    Number of faces shared with processor 234 = 2122
    Number of faces shared with processor 364 = 9
    Number of processor patches = 9
    Number of processor faces = 9200
    Number of boundary faces = 20983

Processor 248
    Number of cells = 157054
    Number of points = 191001
    Number of faces shared with processor 130 = 54
    Number of faces shared with processor 144 = 1665
    Number of faces shared with processor 325 = 353
    Number of faces shared with processor 339 = 1698
    Number of faces shared with processor 340 = 402
    Number of faces shared with processor 221 = 434
    Number of faces shared with processor 352 = 1126
    Number of faces shared with processor 234 = 955
    Number of faces shared with processor 235 = 1426
    Number of faces shared with processor 236 = 575
    Number of faces shared with processor 117 = 38
    Number of faces shared with processor 249 = 2591
    Number of processor patches = 12
    Number of processor faces = 11317
    Number of boundary faces = 17458

Processor 249
    Number of cells = 157054
    Number of points = 193352
    Number of faces shared with processor 132 = 679
    Number of faces shared with processor 133 = 1375
    Number of faces shared with processor 262 = 303
    Number of faces shared with processor 144 = 466
    Number of faces shared with processor 145 = 1541
    Number of faces shared with processor 146 = 404
    Number of faces shared with processor 340 = 2085
    Number of faces shared with processor 352 = 984
    Number of faces shared with processor 353 = 2517
    Number of faces shared with processor 354 = 989
    Number of faces shared with processor 236 = 1048
    Number of faces shared with processor 237 = 1673
    Number of faces shared with processor 248 = 2591
    Number of faces shared with processor 250 = 1378
    Number of processor patches = 14
    Number of processor faces = 18033
    Number of boundary faces = 24019

Processor 250
    Number of cells = 157054
    Number of points = 193654
    Number of faces shared with processor 262 = 68
    Number of faces shared with processor 263 = 1877
    Number of faces shared with processor 264 = 43
    Number of faces shared with processor 146 = 2272
    Number of faces shared with processor 354 = 4757
    Number of faces shared with processor 355 = 635
    Number of faces shared with processor 237 = 3951
    Number of faces shared with processor 367 = 249
    Number of faces shared with processor 368 = 145
    Number of faces shared with processor 249 = 1378
    Number of faces shared with processor 251 = 372
    Number of processor patches = 11
    Number of processor faces = 15747
    Number of boundary faces = 18705

Processor 251
    Number of cells = 157054
    Number of points = 190464
    Number of faces shared with processor 133 = 6
    Number of faces shared with processor 264 = 1165
    Number of faces shared with processor 146 = 1313
    Number of faces shared with processor 147 = 3687
    Number of faces shared with processor 355 = 5213
    Number of faces shared with processor 250 = 372
    Number of faces shared with processor 252 = 933
    Number of processor patches = 7
    Number of processor faces = 12689
    Number of boundary faces = 25024

Processor 252
    Number of cells = 157054
    Number of points = 189608
    Number of faces shared with processor 265 = 4165
    Number of faces shared with processor 266 = 145
    Number of faces shared with processor 147 = 637
    Number of faces shared with processor 148 = 4047
    Number of faces shared with processor 149 = 286
    Number of faces shared with processor 161 = 227
    Number of faces shared with processor 342 = 597
    Number of faces shared with processor 343 = 917
    Number of faces shared with processor 344 = 7
    Number of faces shared with processor 355 = 818
    Number of faces shared with processor 356 = 8023
    Number of faces shared with processor 357 = 78
    Number of faces shared with processor 369 = 33
    Number of faces shared with processor 370 = 10
    Number of faces shared with processor 251 = 933
    Number of faces shared with processor 253 = 311
    Number of processor patches = 16
    Number of processor faces = 21234
    Number of boundary faces = 21130

Processor 253
    Number of cells = 157054
    Number of points = 193479
    Number of faces shared with processor 136 = 3125
    Number of faces shared with processor 266 = 4437
    Number of faces shared with processor 267 = 341
    Number of faces shared with processor 149 = 3794
    Number of faces shared with processor 150 = 1300
    Number of faces shared with processor 163 = 240
    Number of faces shared with processor 357 = 4315
    Number of faces shared with processor 240 = 688
    Number of faces shared with processor 252 = 311
    Number of faces shared with processor 254 = 228
    Number of processor patches = 10
    Number of processor faces = 18779
    Number of boundary faces = 23365

Processor 254
    Number of cells = 157054
    Number of points = 190780
    Number of faces shared with processor 137 = 755
    Number of faces shared with processor 267 = 336
    Number of faces shared with processor 150 = 5072
    Number of faces shared with processor 151 = 541
    Number of faces shared with processor 345 = 1047
    Number of faces shared with processor 358 = 3440
    Number of faces shared with processor 359 = 1148
    Number of faces shared with processor 240 = 2
    Number of faces shared with processor 372 = 2
    Number of faces shared with processor 253 = 228
    Number of faces shared with processor 255 = 790
    Number of processor patches = 11
    Number of processor faces = 13361
    Number of boundary faces = 24957

Processor 255
    Number of cells = 157054
    Number of points = 189718
    Number of faces shared with processor 256 = 2048
    Number of faces shared with processor 137 = 229
    Number of faces shared with processor 139 = 562
    Number of faces shared with processor 269 = 6
    Number of faces shared with processor 151 = 2163
    Number of faces shared with processor 165 = 21
    Number of faces shared with processor 346 = 2653
    Number of faces shared with processor 347 = 722
    Number of faces shared with processor 359 = 1472
    Number of faces shared with processor 360 = 334
    Number of faces shared with processor 241 = 819
    Number of faces shared with processor 242 = 3145
    Number of faces shared with processor 243 = 827
    Number of faces shared with processor 254 = 790
    Number of processor patches = 14
    Number of processor faces = 15791
    Number of boundary faces = 23946

Processor 256
    Number of cells = 157054
    Number of points = 191228
    Number of faces shared with processor 139 = 1044
    Number of faces shared with processor 269 = 151
    Number of faces shared with processor 151 = 186
    Number of faces shared with processor 152 = 4604
    Number of faces shared with processor 153 = 157
    Number of faces shared with processor 165 = 207
    Number of faces shared with processor 347 = 317
    Number of faces shared with processor 360 = 1582
    Number of faces shared with processor 361 = 1335
    Number of faces shared with processor 243 = 45
    Number of faces shared with processor 374 = 306
    Number of faces shared with processor 255 = 2048
    Number of processor patches = 12
    Number of processor faces = 11982
    Number of boundary faces = 24275

Processor 257
    Number of cells = 157054
    Number of points = 193252
    Number of faces shared with processor 258 = 1994
    Number of faces shared with processor 141 = 2272
    Number of faces shared with processor 270 = 674
    Number of faces shared with processor 153 = 2694
    Number of faces shared with processor 166 = 655
    Number of faces shared with processor 348 = 1162
    Number of faces shared with processor 349 = 230
    Number of faces shared with processor 361 = 4884
    Number of faces shared with processor 362 = 336
    Number of faces shared with processor 244 = 1775
    Number of faces shared with processor 245 = 1647
    Number of processor patches = 11
    Number of processor faces = 18323
    Number of boundary faces = 25659

Processor 258
    Number of cells = 157054
    Number of points = 173895
    Number of faces shared with processor 257 = 1994
    Number of faces shared with processor 259 = 697
    Number of faces shared with processor 141 = 446
    Number of faces shared with processor 270 = 300
    Number of faces shared with processor 271 = 5683
    Number of faces shared with processor 272 = 38
    Number of faces shared with processor 154 = 4642
    Number of faces shared with processor 166 = 3050
    Number of faces shared with processor 167 = 9
    Number of faces shared with processor 362 = 3771
    Number of faces shared with processor 245 = 5037
    Number of processor patches = 11
    Number of processor faces = 25667
    Number of boundary faces = 1005

Processor 259
    Number of cells = 157054
    Number of points = 171176
    Number of faces shared with processor 258 = 697
    Number of faces shared with processor 141 = 312
    Number of faces shared with processor 142 = 3
    Number of faces shared with processor 272 = 7106
    Number of faces shared with processor 154 = 484
    Number of faces shared with processor 155 = 4543
    Number of faces shared with processor 350 = 12
    Number of faces shared with processor 362 = 44
    Number of faces shared with processor 363 = 4447
    Number of faces shared with processor 245 = 390
    Number of faces shared with processor 246 = 7177
    Number of faces shared with processor 376 = 31
    Number of processor patches = 12
    Number of processor faces = 25246
    Number of boundary faces = 0

Processor 260
    Number of cells = 157054
    Number of points = 186535
    Number of faces shared with processor 273 = 2643
    Number of faces shared with processor 156 = 1794
    Number of faces shared with processor 286 = 4
    Number of faces shared with processor 169 = 43
    Number of faces shared with processor 52 = 4
    Number of faces shared with processor 364 = 2806
    Number of faces shared with processor 247 = 2288
    Number of processor patches = 7
    Number of processor faces = 9582
    Number of boundary faces = 21009

Processor 261
    Number of cells = 157054
    Number of points = 191430
    Number of faces shared with processor 262 = 3556
    Number of faces shared with processor 390 = 283
    Number of faces shared with processor 273 = 852
    Number of faces shared with processor 274 = 1613
    Number of faces shared with processor 275 = 762
    Number of faces shared with processor 157 = 1738
    Number of faces shared with processor 286 = 406
    Number of faces shared with processor 169 = 67
    Number of faces shared with processor 171 = 2
    Number of faces shared with processor 182 = 34
    Number of faces shared with processor 365 = 1056
    Number of faces shared with processor 378 = 1838
    Number of faces shared with processor 379 = 535
    Number of processor patches = 13
    Number of processor faces = 12742
    Number of boundary faces = 17659

Processor 262
    Number of cells = 157054
    Number of points = 193602
    Number of faces shared with processor 261 = 3556
    Number of faces shared with processor 263 = 1428
    Number of faces shared with processor 275 = 1057
    Number of faces shared with processor 276 = 2562
    Number of faces shared with processor 157 = 517
    Number of faces shared with processor 158 = 1620
    Number of faces shared with processor 159 = 622
    Number of faces shared with processor 171 = 709
    Number of faces shared with processor 354 = 63
    Number of faces shared with processor 365 = 658
    Number of faces shared with processor 366 = 1987
    Number of faces shared with processor 367 = 1091
    Number of faces shared with processor 249 = 303
    Number of faces shared with processor 250 = 68
    Number of faces shared with processor 379 = 2174
    Number of processor patches = 15
    Number of processor faces = 18415
    Number of boundary faces = 23448

Processor 263
    Number of cells = 157054
    Number of points = 193527
    Number of faces shared with processor 262 = 1428
    Number of faces shared with processor 264 = 535
    Number of faces shared with processor 276 = 3312
    Number of faces shared with processor 159 = 2928
    Number of faces shared with processor 367 = 4350
    Number of faces shared with processor 368 = 548
    Number of faces shared with processor 250 = 1877
    Number of processor patches = 7
    Number of processor faces = 14978
    Number of boundary faces = 19186

Processor 264
    Number of cells = 157054
    Number of points = 190322
    Number of faces shared with processor 263 = 535
    Number of faces shared with processor 265 = 982
    Number of faces shared with processor 159 = 1005
    Number of faces shared with processor 160 = 3651
    Number of faces shared with processor 355 = 9
    Number of faces shared with processor 368 = 5102
    Number of faces shared with processor 250 = 43
    Number of faces shared with processor 251 = 1165
    Number of processor patches = 8
    Number of processor faces = 12492
    Number of boundary faces = 25053

Processor 265
    Number of cells = 157054
    Number of points = 189493
    Number of faces shared with processor 264 = 982
    Number of faces shared with processor 266 = 1009
    Number of faces shared with processor 147 = 11
    Number of faces shared with processor 160 = 594
    Number of faces shared with processor 161 = 3269
    Number of faces shared with processor 162 = 183
    Number of faces shared with processor 355 = 9
    Number of faces shared with processor 368 = 819
    Number of faces shared with processor 369 = 8534
    Number of faces shared with processor 370 = 20
    Number of faces shared with processor 252 = 4165
    Number of faces shared with processor 381 = 577
    Number of faces shared with processor 382 = 820
    Number of faces shared with processor 383 = 12
    Number of processor patches = 14
    Number of processor faces = 21004
    Number of boundary faces = 21788

Processor 266
    Number of cells = 157054
    Number of points = 190393
    Number of faces shared with processor 265 = 1009
    Number of faces shared with processor 267 = 131
    Number of faces shared with processor 149 = 1292
    Number of faces shared with processor 162 = 4241
    Number of faces shared with processor 163 = 132
    Number of faces shared with processor 357 = 1262
    Number of faces shared with processor 370 = 637
    Number of faces shared with processor 252 = 145
    Number of faces shared with processor 253 = 4437
    Number of processor patches = 9
    Number of processor faces = 13286
    Number of boundary faces = 23852

Processor 267
    Number of cells = 157054
    Number of points = 194361
    Number of faces shared with processor 384 = 1713
    Number of faces shared with processor 266 = 131
    Number of faces shared with processor 268 = 348
    Number of faces shared with processor 150 = 76
    Number of faces shared with processor 279 = 21
    Number of faces shared with processor 163 = 1609
    Number of faces shared with processor 164 = 489
    Number of faces shared with processor 176 = 1067
    Number of faces shared with processor 357 = 214
    Number of faces shared with processor 358 = 214
    Number of faces shared with processor 371 = 5653
    Number of faces shared with processor 372 = 2657
    Number of faces shared with processor 253 = 341
    Number of faces shared with processor 254 = 336
    Number of processor patches = 14
    Number of processor faces = 14869
    Number of boundary faces = 22574

Processor 268
    Number of cells = 157054
    Number of points = 190162
    Number of faces shared with processor 384 = 289
    Number of faces shared with processor 385 = 3013
    Number of faces shared with processor 386 = 1018
    Number of faces shared with processor 267 = 348
    Number of faces shared with processor 280 = 875
    Number of faces shared with processor 281 = 1199
    Number of faces shared with processor 282 = 1193
    Number of faces shared with processor 164 = 3331
    Number of faces shared with processor 176 = 133
    Number of faces shared with processor 178 = 110
    Number of faces shared with processor 359 = 256
    Number of faces shared with processor 372 = 4412
    Number of faces shared with processor 373 = 1986
    Number of processor patches = 13
    Number of processor faces = 18163
    Number of boundary faces = 21185

Processor 269
    Number of cells = 157054
    Number of points = 183189
    Number of faces shared with processor 256 = 151
    Number of faces shared with processor 386 = 1443
    Number of faces shared with processor 387 = 1146
    Number of faces shared with processor 282 = 161
    Number of faces shared with processor 165 = 1571
    Number of faces shared with processor 360 = 818
    Number of faces shared with processor 373 = 4541
    Number of faces shared with processor 374 = 2808
    Number of faces shared with processor 255 = 6
    Number of processor patches = 9
    Number of processor faces = 12645
    Number of boundary faces = 18725

Processor 270
    Number of cells = 157054
    Number of points = 186327
    Number of faces shared with processor 257 = 674
    Number of faces shared with processor 258 = 300
    Number of faces shared with processor 387 = 835
    Number of faces shared with processor 271 = 444
    Number of faces shared with processor 283 = 754
    Number of faces shared with processor 166 = 1096
    Number of faces shared with processor 361 = 829
    Number of faces shared with processor 362 = 550
    Number of faces shared with processor 374 = 8444
    Number of faces shared with processor 375 = 841
    Number of processor patches = 10
    Number of processor faces = 14767
    Number of boundary faces = 21823

Processor 271
    Number of cells = 157054
    Number of points = 173674
    Number of faces shared with processor 258 = 5683
    Number of faces shared with processor 270 = 444
    Number of faces shared with processor 272 = 729
    Number of faces shared with processor 154 = 1
    Number of faces shared with processor 283 = 432
    Number of faces shared with processor 284 = 5249
    Number of faces shared with processor 166 = 4076
    Number of faces shared with processor 167 = 4562
    Number of faces shared with processor 179 = 423
    Number of faces shared with processor 180 = 253
    Number of faces shared with processor 362 = 26
    Number of faces shared with processor 375 = 3767
    Number of processor patches = 12
    Number of processor faces = 25645
    Number of boundary faces = 902

Processor 272
    Number of cells = 157054
    Number of points = 171153
    Number of faces shared with processor 258 = 38
    Number of faces shared with processor 259 = 7106
    Number of faces shared with processor 389 = 66
    Number of faces shared with processor 271 = 729
    Number of faces shared with processor 154 = 22
    Number of faces shared with processor 155 = 18
    Number of faces shared with processor 284 = 363
    Number of faces shared with processor 285 = 7066
    Number of faces shared with processor 167 = 484
    Number of faces shared with processor 168 = 4574
    Number of faces shared with processor 180 = 253
    Number of faces shared with processor 362 = 2
    Number of faces shared with processor 375 = 46
    Number of faces shared with processor 376 = 4453
    Number of processor patches = 14
    Number of processor faces = 25220
    Number of boundary faces = 0

Processor 273
    Number of cells = 157054
    Number of points = 191661
    Number of faces shared with processor 260 = 2643
    Number of faces shared with processor 261 = 852
    Number of faces shared with processor 390 = 660
    Number of faces shared with processor 156 = 2
    Number of faces shared with processor 286 = 2272
    Number of faces shared with processor 169 = 2690
    Number of faces shared with processor 182 = 137
    Number of faces shared with processor 364 = 274
    Number of faces shared with processor 377 = 1911
    Number of processor patches = 9
    Number of processor faces = 11441
    Number of boundary faces = 20104

Processor 274
    Number of cells = 157054
    Number of points = 190811
    Number of faces shared with processor 261 = 1613
    Number of faces shared with processor 391 = 330
    Number of faces shared with processor 275 = 2404
    Number of faces shared with processor 157 = 151
    Number of faces shared with processor 286 = 351
    Number of faces shared with processor 287 = 2981
    Number of faces shared with processor 288 = 30
    Number of faces shared with processor 170 = 2081
    Number of faces shared with processor 171 = 229
    Number of faces shared with processor 182 = 130
    Number of faces shared with processor 378 = 3307
    Number of processor patches = 11
    Number of processor faces = 13607
    Number of boundary faces = 20261

Processor 275
    Number of cells = 157054
    Number of points = 192347
    Number of faces shared with processor 261 = 762
    Number of faces shared with processor 262 = 1057
    Number of faces shared with processor 392 = 509
    Number of faces shared with processor 274 = 2404
    Number of faces shared with processor 157 = 13
    Number of faces shared with processor 288 = 2617
    Number of faces shared with processor 289 = 1504
    Number of faces shared with processor 171 = 2694
    Number of faces shared with processor 378 = 334
    Number of faces shared with processor 379 = 2729
    Number of processor patches = 10
    Number of processor faces = 14623
    Number of boundary faces = 18658

Processor 276
    Number of cells = 157054
    Number of points = 196457
    Number of faces shared with processor 262 = 2562
    Number of faces shared with processor 263 = 3312
    Number of faces shared with processor 158 = 111
    Number of faces shared with processor 159 = 3451
    Number of faces shared with processor 160 = 3
    Number of faces shared with processor 289 = 638
    Number of faces shared with processor 172 = 3019
    Number of faces shared with processor 366 = 316
    Number of faces shared with processor 367 = 285
    Number of faces shared with processor 380 = 5035
    Number of processor patches = 10
    Number of processor faces = 18732
    Number of boundary faces = 24170

Processor 277
    Number of cells = 157054
    Number of points = 191871
    Number of faces shared with processor 393 = 1536
    Number of faces shared with processor 394 = 4618
    Number of faces shared with processor 278 = 525
    Number of faces shared with processor 173 = 2274
    Number of faces shared with processor 174 = 50
    Number of faces shared with processor 185 = 24
    Number of faces shared with processor 186 = 788
    Number of faces shared with processor 368 = 557
    Number of faces shared with processor 380 = 1151
    Number of faces shared with processor 381 = 4446
    Number of processor patches = 10
    Number of processor faces = 15969
    Number of boundary faces = 19244

Processor 278
    Number of cells = 157054
    Number of points = 183514
    Number of faces shared with processor 394 = 188
    Number of faces shared with processor 395 = 2272
    Number of faces shared with processor 396 = 277
    Number of faces shared with processor 277 = 525
    Number of faces shared with processor 279 = 962
    Number of faces shared with processor 174 = 1786
    Number of faces shared with processor 381 = 720
    Number of faces shared with processor 382 = 3397
    Number of processor patches = 8
    Number of processor faces = 10127
    Number of boundary faces = 17729

Processor 279
    Number of cells = 157054
    Number of points = 187778
    Number of faces shared with processor 384 = 1295
    Number of faces shared with processor 267 = 21
    Number of faces shared with processor 396 = 5020
    Number of faces shared with processor 278 = 962
    Number of faces shared with processor 163 = 216
    Number of faces shared with processor 174 = 127
    Number of faces shared with processor 175 = 2549
    Number of faces shared with processor 176 = 553
    Number of faces shared with processor 188 = 472
    Number of faces shared with processor 72 = 673
    Number of faces shared with processor 370 = 1
    Number of faces shared with processor 371 = 480
    Number of faces shared with processor 382 = 174
    Number of faces shared with processor 383 = 5353
    Number of processor patches = 14
    Number of processor faces = 17896
    Number of boundary faces = 21477

Processor 280
    Number of cells = 157054
    Number of points = 191222
    Number of faces shared with processor 384 = 476
    Number of faces shared with processor 385 = 1158
    Number of faces shared with processor 268 = 875
    Number of faces shared with processor 397 = 2450
    Number of faces shared with processor 281 = 1795
    Number of faces shared with processor 293 = 2377
    Number of faces shared with processor 176 = 2582
    Number of processor patches = 7
    Number of processor faces = 11713
    Number of boundary faces = 19854

Processor 281
    Number of cells = 157054
    Number of points = 190624
    Number of faces shared with processor 385 = 3355
    Number of faces shared with processor 268 = 1199
    Number of faces shared with processor 397 = 102
    Number of faces shared with processor 398 = 1695
    Number of faces shared with processor 280 = 1795
    Number of faces shared with processor 282 = 1434
    Number of faces shared with processor 164 = 328
    Number of faces shared with processor 293 = 421
    Number of faces shared with processor 294 = 2451
    Number of faces shared with processor 295 = 763
    Number of faces shared with processor 176 = 348
    Number of faces shared with processor 177 = 1560
    Number of faces shared with processor 178 = 627
    Number of faces shared with processor 189 = 27
    Number of faces shared with processor 191 = 87
    Number of processor patches = 15
    Number of processor faces = 16192
    Number of boundary faces = 17886

Processor 282
    Number of cells = 157054
    Number of points = 196953
    Number of faces shared with processor 385 = 906
    Number of faces shared with processor 386 = 2414
    Number of faces shared with processor 387 = 270
    Number of faces shared with processor 268 = 1193
    Number of faces shared with processor 269 = 161
    Number of faces shared with processor 399 = 2566
    Number of faces shared with processor 400 = 552
    Number of faces shared with processor 281 = 1434
    Number of faces shared with processor 165 = 10
    Number of faces shared with processor 295 = 2645
    Number of faces shared with processor 178 = 9270
    Number of processor patches = 11
    Number of processor faces = 21421
    Number of boundary faces = 22758

Processor 283
    Number of cells = 157054
    Number of points = 190356
    Number of faces shared with processor 387 = 6505
    Number of faces shared with processor 388 = 437
    Number of faces shared with processor 270 = 754
    Number of faces shared with processor 271 = 432
    Number of faces shared with processor 400 = 1738
    Number of faces shared with processor 284 = 2322
    Number of faces shared with processor 166 = 592
    Number of faces shared with processor 296 = 1051
    Number of faces shared with processor 179 = 875
    Number of faces shared with processor 375 = 144
    Number of processor patches = 10
    Number of processor faces = 14850
    Number of boundary faces = 20868

Processor 284
    Number of cells = 157054
    Number of points = 171335
    Number of faces shared with processor 388 = 4044
    Number of faces shared with processor 389 = 16
    Number of faces shared with processor 271 = 5249
    Number of faces shared with processor 400 = 135
    Number of faces shared with processor 272 = 363
    Number of faces shared with processor 401 = 18
    Number of faces shared with processor 283 = 2322
    Number of faces shared with processor 285 = 528
    Number of faces shared with processor 296 = 449
    Number of faces shared with processor 297 = 4871
    Number of faces shared with processor 179 = 869
    Number of faces shared with processor 180 = 4679
    Number of faces shared with processor 193 = 167
    Number of faces shared with processor 375 = 350
    Number of faces shared with processor 376 = 11
    Number of processor patches = 15
    Number of processor faces = 24071
    Number of boundary faces = 0

Processor 285
    Number of cells = 157054
    Number of points = 171605
    Number of faces shared with processor 389 = 4398
    Number of faces shared with processor 272 = 7066
    Number of faces shared with processor 402 = 1275
    Number of faces shared with processor 284 = 528
    Number of faces shared with processor 168 = 225
    Number of faces shared with processor 297 = 558
    Number of faces shared with processor 298 = 6011
    Number of faces shared with processor 180 = 384
    Number of faces shared with processor 181 = 4730
    Number of faces shared with processor 193 = 450
    Number of faces shared with processor 376 = 1
    Number of processor patches = 11
    Number of processor faces = 25626
    Number of boundary faces = 0

Processor 286
    Number of cells = 157054
    Number of points = 195345
    Number of faces shared with processor 260 = 4
    Number of faces shared with processor 261 = 406
    Number of faces shared with processor 390 = 3074
    Number of faces shared with processor 391 = 613
    Number of faces shared with processor 273 = 2272
    Number of faces shared with processor 274 = 351
    Number of faces shared with processor 403 = 51
    Number of faces shared with processor 169 = 1
    Number of faces shared with processor 299 = 3945
    Number of faces shared with processor 182 = 3721
    Number of faces shared with processor 78 = 4
    Number of faces shared with processor 378 = 926
    Number of processor patches = 12
    Number of processor faces = 15368
    Number of boundary faces = 19330

Processor 287
    Number of cells = 157054
    Number of points = 194118
    Number of faces shared with processor 391 = 1734
    Number of faces shared with processor 274 = 2981
    Number of faces shared with processor 288 = 2245
    Number of faces shared with processor 170 = 499
    Number of faces shared with processor 300 = 4256
    Number of faces shared with processor 183 = 2111
    Number of faces shared with processor 184 = 99
    Number of faces shared with processor 196 = 839
    Number of processor patches = 8
    Number of processor faces = 14764
    Number of boundary faces = 21152

Processor 288
    Number of cells = 157054
    Number of points = 195486
    Number of faces shared with processor 391 = 88
    Number of faces shared with processor 392 = 1826
    Number of faces shared with processor 274 = 30
    Number of faces shared with processor 275 = 2617
    Number of faces shared with processor 287 = 2245
    Number of faces shared with processor 289 = 1940
    Number of faces shared with processor 171 = 598
    Number of faces shared with processor 300 = 86
    Number of faces shared with processor 301 = 1624
    Number of faces shared with processor 184 = 2545
    Number of faces shared with processor 197 = 1850
    Number of processor patches = 11
    Number of processor faces = 15449
    Number of boundary faces = 21069

Processor 289
    Number of cells = 157054
    Number of points = 193172
    Number of faces shared with processor 392 = 697
    Number of faces shared with processor 393 = 3710
    Number of faces shared with processor 275 = 1504
    Number of faces shared with processor 276 = 638
    Number of faces shared with processor 405 = 36
    Number of faces shared with processor 406 = 3925
    Number of faces shared with processor 288 = 1940
    Number of faces shared with processor 290 = 711
    Number of faces shared with processor 171 = 594
    Number of faces shared with processor 301 = 28
    Number of faces shared with processor 184 = 147
    Number of faces shared with processor 185 = 313
    Number of faces shared with processor 197 = 38
    Number of faces shared with processor 198 = 60
    Number of faces shared with processor 366 = 217
    Number of faces shared with processor 379 = 629
    Number of faces shared with processor 380 = 306
    Number of processor patches = 17
    Number of processor faces = 15493
    Number of boundary faces = 20816

Processor 290
    Number of cells = 157054
    Number of points = 184065
    Number of faces shared with processor 393 = 333
    Number of faces shared with processor 394 = 2782
    Number of faces shared with processor 395 = 352
    Number of faces shared with processor 406 = 698
    Number of faces shared with processor 407 = 1690
    Number of faces shared with processor 289 = 711
    Number of faces shared with processor 291 = 868
    Number of faces shared with processor 303 = 2560
    Number of faces shared with processor 186 = 903
    Number of processor patches = 9
    Number of processor faces = 10897
    Number of boundary faces = 18726

Processor 291
    Number of cells = 157054
    Number of points = 186374
    Number of faces shared with processor 395 = 4062
    Number of faces shared with processor 408 = 2963
    Number of faces shared with processor 409 = 46
    Number of faces shared with processor 290 = 868
    Number of faces shared with processor 292 = 819
    Number of faces shared with processor 303 = 75
    Number of faces shared with processor 304 = 6520
    Number of faces shared with processor 305 = 113
    Number of faces shared with processor 186 = 168
    Number of faces shared with processor 187 = 822
    Number of processor patches = 10
    Number of processor faces = 16456
    Number of boundary faces = 21744

Processor 292
    Number of cells = 157054
    Number of points = 186130
    Number of faces shared with processor 395 = 255
    Number of faces shared with processor 396 = 4409
    Number of faces shared with processor 397 = 778
    Number of faces shared with processor 409 = 3800
    Number of faces shared with processor 410 = 734
    Number of faces shared with processor 291 = 819
    Number of faces shared with processor 305 = 6800
    Number of faces shared with processor 306 = 300
    Number of faces shared with processor 187 = 21
    Number of faces shared with processor 188 = 657
    Number of processor patches = 10
    Number of processor faces = 18573
    Number of boundary faces = 21889

Processor 293
    Number of cells = 157054
    Number of points = 194328
    Number of faces shared with processor 397 = 1902
    Number of faces shared with processor 398 = 152
    Number of faces shared with processor 280 = 2377
    Number of faces shared with processor 281 = 421
    Number of faces shared with processor 294 = 1393
    Number of faces shared with processor 176 = 1165
    Number of faces shared with processor 306 = 1498
    Number of faces shared with processor 188 = 132
    Number of faces shared with processor 189 = 2393
    Number of faces shared with processor 202 = 1347
    Number of processor patches = 10
    Number of processor faces = 12780
    Number of boundary faces = 22330

Processor 294
    Number of cells = 157054
    Number of points = 197518
    Number of faces shared with processor 398 = 2232
    Number of faces shared with processor 281 = 2451
    Number of faces shared with processor 293 = 1393
    Number of faces shared with processor 295 = 763
    Number of faces shared with processor 177 = 1668
    Number of faces shared with processor 307 = 593
    Number of faces shared with processor 189 = 1476
    Number of faces shared with processor 190 = 1939
    Number of faces shared with processor 191 = 1117
    Number of faces shared with processor 203 = 4304
    Number of processor patches = 10
    Number of processor faces = 17936
    Number of boundary faces = 23209

Processor 295
    Number of cells = 157054
    Number of points = 194951
    Number of faces shared with processor 385 = 35
    Number of faces shared with processor 398 = 627
    Number of faces shared with processor 399 = 1125
    Number of faces shared with processor 281 = 763
    Number of faces shared with processor 282 = 2645
    Number of faces shared with processor 294 = 763
    Number of faces shared with processor 296 = 158
    Number of faces shared with processor 178 = 760
    Number of faces shared with processor 307 = 38
    Number of faces shared with processor 308 = 2818
    Number of faces shared with processor 309 = 14
    Number of faces shared with processor 191 = 2120
    Number of faces shared with processor 192 = 493
    Number of faces shared with processor 203 = 50
    Number of faces shared with processor 204 = 1896
    Number of faces shared with processor 205 = 57
    Number of processor patches = 16
    Number of processor faces = 14362
    Number of boundary faces = 22938

Processor 296
    Number of cells = 157054
    Number of points = 182775
    Number of faces shared with processor 399 = 1090
    Number of faces shared with processor 400 = 2348
    Number of faces shared with processor 283 = 1051
    Number of faces shared with processor 284 = 449
    Number of faces shared with processor 413 = 303
    Number of faces shared with processor 295 = 158
    Number of faces shared with processor 297 = 1314
    Number of faces shared with processor 179 = 460
    Number of faces shared with processor 180 = 24
    Number of faces shared with processor 309 = 2940
    Number of faces shared with processor 192 = 2229
    Number of faces shared with processor 193 = 146
    Number of processor patches = 12
    Number of processor faces = 12512
    Number of boundary faces = 14133

Processor 297
    Number of cells = 157054
    Number of points = 170419
    Number of faces shared with processor 389 = 18
    Number of faces shared with processor 400 = 310
    Number of faces shared with processor 401 = 3945
    Number of faces shared with processor 402 = 54
    Number of faces shared with processor 284 = 4871
    Number of faces shared with processor 413 = 374
    Number of faces shared with processor 285 = 558
    Number of faces shared with processor 414 = 1937
    Number of faces shared with processor 296 = 1314
    Number of faces shared with processor 298 = 105
    Number of faces shared with processor 309 = 731
    Number of faces shared with processor 310 = 4194
    Number of faces shared with processor 193 = 4110
    Number of processor patches = 13
    Number of processor faces = 22521
    Number of boundary faces = 0

Processor 298
    Number of cells = 157054
    Number of points = 183081
    Number of faces shared with processor 402 = 4432
    Number of faces shared with processor 285 = 6011
    Number of faces shared with processor 415 = 5230
    Number of faces shared with processor 168 = 30
    Number of faces shared with processor 297 = 105
    Number of faces shared with processor 181 = 4309
    Number of faces shared with processor 310 = 782
    Number of faces shared with processor 311 = 49
    Number of faces shared with processor 193 = 160
    Number of faces shared with processor 194 = 12719
    Number of faces shared with processor 206 = 490
    Number of faces shared with processor 89 = 90
    Number of processor patches = 12
    Number of processor faces = 34407
    Number of boundary faces = 37

Processor 299
    Number of cells = 157056
    Number of points = 190321
    Number of faces shared with processor 390 = 1
    Number of faces shared with processor 391 = 449
    Number of faces shared with processor 403 = 4380
    Number of faces shared with processor 404 = 401
    Number of faces shared with processor 286 = 3945
    Number of faces shared with processor 300 = 1934
    Number of faces shared with processor 301 = 3
    Number of faces shared with processor 182 = 555
    Number of faces shared with processor 195 = 5033
    Number of faces shared with processor 196 = 35
    Number of processor patches = 10
    Number of processor faces = 16736
    Number of boundary faces = 14344

Processor 300
    Number of cells = 157056
    Number of points = 188895
    Number of faces shared with processor 391 = 780
    Number of faces shared with processor 392 = 22
    Number of faces shared with processor 404 = 2031
    Number of faces shared with processor 287 = 4256
    Number of faces shared with processor 288 = 86
    Number of faces shared with processor 299 = 1934
    Number of faces shared with processor 301 = 2464
    Number of faces shared with processor 196 = 2830
    Number of faces shared with processor 197 = 681
    Number of processor patches = 9
    Number of processor faces = 15084
    Number of boundary faces = 17136

Processor 301
    Number of cells = 157056
    Number of points = 190456
    Number of faces shared with processor 392 = 1660
    Number of faces shared with processor 404 = 490
    Number of faces shared with processor 405 = 2833
    Number of faces shared with processor 288 = 1624
    Number of faces shared with processor 289 = 28
    Number of faces shared with processor 299 = 3
    Number of faces shared with processor 300 = 2464
    Number of faces shared with processor 302 = 920
    Number of faces shared with processor 197 = 3381
    Number of faces shared with processor 198 = 737
    Number of faces shared with processor 93 = 3
    Number of processor patches = 11
    Number of processor faces = 14143
    Number of boundary faces = 16663

Processor 302
    Number of cells = 157056
    Number of points = 177529
    Number of faces shared with processor 405 = 1339
    Number of faces shared with processor 406 = 3430
    Number of faces shared with processor 301 = 920
    Number of faces shared with processor 303 = 1466
    Number of faces shared with processor 186 = 451
    Number of faces shared with processor 198 = 3324
    Number of faces shared with processor 199 = 920
    Number of processor patches = 7
    Number of processor faces = 11850
    Number of boundary faces = 12671

Processor 303
    Number of cells = 157056
    Number of points = 176408
    Number of faces shared with processor 406 = 1432
    Number of faces shared with processor 407 = 2333
    Number of faces shared with processor 408 = 662
    Number of faces shared with processor 290 = 2560
    Number of faces shared with processor 291 = 75
    Number of faces shared with processor 302 = 1466
    Number of faces shared with processor 304 = 2226
    Number of faces shared with processor 186 = 10356
    Number of faces shared with processor 187 = 66
    Number of faces shared with processor 199 = 3272
    Number of faces shared with processor 200 = 3
    Number of processor patches = 11
    Number of processor faces = 24451
    Number of boundary faces = 0

Processor 304
    Number of cells = 157056
    Number of points = 180533
    Number of faces shared with processor 408 = 3293
    Number of faces shared with processor 409 = 1
    Number of faces shared with processor 291 = 6520
    Number of faces shared with processor 303 = 2226
    Number of faces shared with processor 305 = 2375
    Number of faces shared with processor 187 = 8494
    Number of faces shared with processor 199 = 271
    Number of faces shared with processor 200 = 3575
    Number of faces shared with processor 201 = 3
    Number of processor patches = 9
    Number of processor faces = 26758
    Number of boundary faces = 1433

Processor 305
    Number of cells = 157056
    Number of points = 177900
    Number of faces shared with processor 409 = 2701
    Number of faces shared with processor 410 = 390
    Number of faces shared with processor 411 = 3
    Number of faces shared with processor 291 = 113
    Number of faces shared with processor 292 = 6800
    Number of faces shared with processor 304 = 2375
    Number of faces shared with processor 306 = 2444
    Number of faces shared with processor 187 = 280
    Number of faces shared with processor 188 = 6930
    Number of faces shared with processor 200 = 76
    Number of faces shared with processor 201 = 3736
    Number of faces shared with processor 202 = 2
    Number of processor patches = 12
    Number of processor faces = 25850
    Number of boundary faces = 328

Processor 306
    Number of cells = 157056
    Number of points = 183935
    Number of faces shared with processor 397 = 2119
    Number of faces shared with processor 410 = 2350
    Number of faces shared with processor 411 = 1083
    Number of faces shared with processor 292 = 300
    Number of faces shared with processor 293 = 1498
    Number of faces shared with processor 305 = 2444
    Number of faces shared with processor 307 = 2650
    Number of faces shared with processor 188 = 89
    Number of faces shared with processor 201 = 296
    Number of faces shared with processor 202 = 2658
    Number of processor patches = 10
    Number of processor faces = 15487
    Number of boundary faces = 12275

Processor 307
    Number of cells = 157056
    Number of points = 183564
    Number of faces shared with processor 397 = 70
    Number of faces shared with processor 398 = 1935
    Number of faces shared with processor 399 = 7
    Number of faces shared with processor 411 = 2635
    Number of faces shared with processor 294 = 593
    Number of faces shared with processor 295 = 38
    Number of faces shared with processor 306 = 2650
    Number of faces shared with processor 308 = 2670
    Number of faces shared with processor 201 = 3
    Number of faces shared with processor 202 = 1153
    Number of faces shared with processor 203 = 2499
    Number of faces shared with processor 204 = 1051
    Number of faces shared with processor 99 = 3
    Number of processor patches = 13
    Number of processor faces = 15307
    Number of boundary faces = 12042

Processor 308
    Number of cells = 157056
    Number of points = 180994
    Number of faces shared with processor 399 = 1942
    Number of faces shared with processor 411 = 945
    Number of faces shared with processor 412 = 2597
    Number of faces shared with processor 295 = 2818
    Number of faces shared with processor 307 = 2670
    Number of faces shared with processor 309 = 2142
    Number of faces shared with processor 204 = 3066
    Number of faces shared with processor 205 = 603
    Number of processor patches = 8
    Number of processor faces = 16783
    Number of boundary faces = 8401

Processor 309
    Number of cells = 157056
    Number of points = 167536
    Number of faces shared with processor 412 = 1153
    Number of faces shared with processor 413 = 2788
    Number of faces shared with processor 414 = 1
    Number of faces shared with processor 295 = 14
    Number of faces shared with processor 296 = 2940
    Number of faces shared with processor 297 = 731
    Number of faces shared with processor 308 = 2142
    Number of faces shared with processor 310 = 1702
    Number of faces shared with processor 192 = 874
    Number of faces shared with processor 193 = 306
    Number of faces shared with processor 204 = 1
    Number of faces shared with processor 205 = 3211
    Number of processor patches = 12
    Number of processor faces = 15863
    Number of boundary faces = 0

Processor 310
    Number of cells = 157056
    Number of points = 174212
    Number of faces shared with processor 402 = 21
    Number of faces shared with processor 413 = 24
    Number of faces shared with processor 414 = 3331
    Number of faces shared with processor 415 = 122
    Number of faces shared with processor 297 = 4194
    Number of faces shared with processor 298 = 782
    Number of faces shared with processor 309 = 1702
    Number of faces shared with processor 193 = 4567
    Number of faces shared with processor 205 = 932
    Number of faces shared with processor 206 = 5592
    Number of processor patches = 10
    Number of processor faces = 21267
    Number of boundary faces = 0

Processor 311
    Number of cells = 157055
    Number of points = 233749
    Number of faces shared with processor 415 = 21447
    Number of faces shared with processor 298 = 49
    Number of faces shared with processor 194 = 3292
    Number of faces shared with processor 206 = 35
    Number of faces shared with processor 207 = 71161
    Number of faces shared with processor 102 = 243
    Number of faces shared with processor 103 = 188
    Number of processor patches = 7
    Number of processor faces = 96415
    Number of boundary faces = 1624

Processor 312
    Number of cells = 157056
    Number of points = 187204
    Number of faces shared with processor 130 = 1
    Number of faces shared with processor 403 = 268
    Number of faces shared with processor 313 = 4160
    Number of faces shared with processor 314 = 74
    Number of faces shared with processor 315 = 103
    Number of faces shared with processor 316 = 143
    Number of faces shared with processor 325 = 6178
    Number of faces shared with processor 326 = 540
    Number of faces shared with processor 329 = 9
    Number of faces shared with processor 208 = 4284
    Number of faces shared with processor 338 = 88
    Number of faces shared with processor 104 = 128
    Number of faces shared with processor 377 = 4
    Number of processor patches = 13
    Number of processor faces = 15980
    Number of boundary faces = 7965

Processor 313
    Number of cells = 157056
    Number of points = 189749
    Number of faces shared with processor 312 = 4160
    Number of faces shared with processor 314 = 4099
    Number of faces shared with processor 326 = 5522
    Number of faces shared with processor 327 = 66
    Number of faces shared with processor 208 = 442
    Number of faces shared with processor 209 = 2141
    Number of faces shared with processor 210 = 478
    Number of processor patches = 7
    Number of processor faces = 16908
    Number of boundary faces = 12268

Processor 314
    Number of cells = 157056
    Number of points = 188160
    Number of faces shared with processor 312 = 74
    Number of faces shared with processor 313 = 4099
    Number of faces shared with processor 315 = 2478
    Number of faces shared with processor 326 = 3
    Number of faces shared with processor 327 = 4466
    Number of faces shared with processor 328 = 10
    Number of faces shared with processor 210 = 2691
    Number of faces shared with processor 211 = 1442
    Number of faces shared with processor 340 = 5
    Number of faces shared with processor 224 = 77
    Number of processor patches = 10
    Number of processor faces = 15345
    Number of boundary faces = 12321

Processor 315
    Number of cells = 157056
    Number of points = 183232
    Number of faces shared with processor 312 = 103
    Number of faces shared with processor 314 = 2478
    Number of faces shared with processor 316 = 3820
    Number of faces shared with processor 317 = 103
    Number of faces shared with processor 327 = 2
    Number of faces shared with processor 328 = 2257
    Number of faces shared with processor 329 = 538
    Number of faces shared with processor 211 = 3444
    Number of faces shared with processor 212 = 1426
    Number of faces shared with processor 341 = 4
    Number of faces shared with processor 224 = 3634
    Number of faces shared with processor 225 = 689
    Number of faces shared with processor 107 = 23
    Number of faces shared with processor 121 = 206
    Number of processor patches = 14
    Number of processor faces = 18727
    Number of boundary faces = 8207

Processor 316
    Number of cells = 157056
    Number of points = 179859
    Number of faces shared with processor 312 = 143
    Number of faces shared with processor 315 = 3820
    Number of faces shared with processor 317 = 2817
    Number of faces shared with processor 321 = 143
    Number of faces shared with processor 329 = 2751
    Number of faces shared with processor 330 = 49
    Number of faces shared with processor 212 = 2304
    Number of faces shared with processor 342 = 5
    Number of faces shared with processor 225 = 1785
    Number of faces shared with processor 226 = 11
    Number of processor patches = 10
    Number of processor faces = 13828
    Number of boundary faces = 7656

Processor 317
    Number of cells = 157056
    Number of points = 170791
    Number of faces shared with processor 315 = 103
    Number of faces shared with processor 316 = 2817
    Number of faces shared with processor 318 = 3554
    Number of faces shared with processor 319 = 103
    Number of faces shared with processor 329 = 1
    Number of faces shared with processor 330 = 3326
    Number of faces shared with processor 331 = 4
    Number of faces shared with processor 212 = 623
    Number of faces shared with processor 213 = 3195
    Number of faces shared with processor 214 = 8
    Number of faces shared with processor 343 = 13
    Number of faces shared with processor 226 = 3050
    Number of faces shared with processor 356 = 4
    Number of faces shared with processor 109 = 21
    Number of processor patches = 14
    Number of processor faces = 16822
    Number of boundary faces = 281

Processor 318
    Number of cells = 157056
    Number of points = 170659
    Number of faces shared with processor 317 = 3554
    Number of faces shared with processor 319 = 4320
    Number of faces shared with processor 320 = 72
    Number of faces shared with processor 330 = 62
    Number of faces shared with processor 331 = 3108
    Number of faces shared with processor 214 = 2717
    Number of faces shared with processor 344 = 5
    Number of faces shared with processor 226 = 34
    Number of faces shared with processor 227 = 3206
    Number of faces shared with processor 110 = 1
    Number of processor patches = 10
    Number of processor faces = 17079
    Number of boundary faces = 0

Processor 319
    Number of cells = 157056
    Number of points = 176797
    Number of faces shared with processor 317 = 103
    Number of faces shared with processor 318 = 4320
    Number of faces shared with processor 320 = 5169
    Number of faces shared with processor 321 = 32
    Number of faces shared with processor 322 = 103
    Number of faces shared with processor 331 = 307
    Number of faces shared with processor 332 = 6068
    Number of faces shared with processor 334 = 1
    Number of faces shared with processor 214 = 374
    Number of faces shared with processor 215 = 2489
    Number of faces shared with processor 227 = 776
    Number of faces shared with processor 358 = 4
    Number of faces shared with processor 111 = 20
    Number of processor patches = 13
    Number of processor faces = 19766
    Number of boundary faces = 3641

Processor 320
    Number of cells = 157056
    Number of points = 177566
    Number of faces shared with processor 318 = 72
    Number of faces shared with processor 319 = 5169
    Number of faces shared with processor 321 = 5119
    Number of faces shared with processor 332 = 422
    Number of faces shared with processor 333 = 5691
    Number of faces shared with processor 334 = 154
    Number of faces shared with processor 214 = 2
    Number of faces shared with processor 215 = 1051
    Number of faces shared with processor 216 = 2858
    Number of faces shared with processor 217 = 999
    Number of faces shared with processor 346 = 9
    Number of processor patches = 11
    Number of processor faces = 21546
    Number of boundary faces = 6181

Processor 321
    Number of cells = 157056
    Number of points = 170182
    Number of faces shared with processor 316 = 143
    Number of faces shared with processor 319 = 32
    Number of faces shared with processor 320 = 5119
    Number of faces shared with processor 322 = 4275
    Number of faces shared with processor 323 = 143
    Number of faces shared with processor 334 = 4731
    Number of faces shared with processor 335 = 67
    Number of faces shared with processor 217 = 2570
    Number of faces shared with processor 218 = 919
    Number of faces shared with processor 347 = 5
    Number of faces shared with processor 231 = 8
    Number of faces shared with processor 113 = 3
    Number of processor patches = 12
    Number of processor faces = 18015
    Number of boundary faces = 74

Processor 322
    Number of cells = 157056
    Number of points = 169214
    Number of faces shared with processor 319 = 103
    Number of faces shared with processor 321 = 4275
    Number of faces shared with processor 323 = 2893
    Number of faces shared with processor 334 = 1
    Number of faces shared with processor 335 = 4740
    Number of faces shared with processor 336 = 904
    Number of faces shared with processor 218 = 2810
    Number of faces shared with processor 219 = 114
    Number of faces shared with processor 348 = 5
    Number of faces shared with processor 232 = 387
    Number of faces shared with processor 361 = 4
    Number of faces shared with processor 114 = 20
    Number of processor patches = 12
    Number of processor faces = 16256
    Number of boundary faces = 3

Processor 323
    Number of cells = 157056
    Number of points = 173510
    Number of faces shared with processor 321 = 143
    Number of faces shared with processor 322 = 2893
    Number of faces shared with processor 324 = 709
    Number of faces shared with processor 336 = 7873
    Number of faces shared with processor 337 = 1334
    Number of faces shared with processor 218 = 1
    Number of faces shared with processor 219 = 3352
    Number of faces shared with processor 349 = 28
    Number of faces shared with processor 232 = 1860
    Number of faces shared with processor 115 = 40
    Number of processor patches = 10
    Number of processor faces = 18233
    Number of boundary faces = 31

Processor 324
    Number of cells = 157057
    Number of points = 197039
    Number of faces shared with processor 323 = 709
    Number of faces shared with processor 337 = 9992
    Number of faces shared with processor 219 = 116
    Number of faces shared with processor 220 = 21584
    Number of faces shared with processor 350 = 366
    Number of faces shared with processor 233 = 5171
    Number of faces shared with processor 115 = 250
    Number of processor patches = 7
    Number of processor faces = 38188
    Number of boundary faces = 3398

Processor 325
    Number of cells = 157056
    Number of points = 197841
    Number of faces shared with processor 312 = 6178
    Number of faces shared with processor 326 = 731
    Number of faces shared with processor 208 = 11
    Number of faces shared with processor 338 = 5082
    Number of faces shared with processor 339 = 1454
    Number of faces shared with processor 340 = 5
    Number of faces shared with processor 221 = 2556
    Number of faces shared with processor 351 = 100
    Number of faces shared with processor 352 = 516
    Number of faces shared with processor 234 = 754
    Number of faces shared with processor 248 = 353
    Number of processor patches = 11
    Number of processor faces = 17740
    Number of boundary faces = 14142

Processor 326
    Number of cells = 157056
    Number of points = 192174
    Number of faces shared with processor 312 = 540
    Number of faces shared with processor 313 = 5522
    Number of faces shared with processor 314 = 3
    Number of faces shared with processor 325 = 731
    Number of faces shared with processor 327 = 2516
    Number of faces shared with processor 208 = 430
    Number of faces shared with processor 209 = 782
    Number of faces shared with processor 339 = 5597
    Number of faces shared with processor 340 = 1
    Number of faces shared with processor 221 = 637
    Number of faces shared with processor 222 = 1666
    Number of faces shared with processor 223 = 115
    Number of faces shared with processor 352 = 4
    Number of faces shared with processor 235 = 344
    Number of processor patches = 14
    Number of processor faces = 18888
    Number of boundary faces = 17866

Processor 327
    Number of cells = 157056
    Number of points = 191533
    Number of faces shared with processor 313 = 66
    Number of faces shared with processor 314 = 4466
    Number of faces shared with processor 315 = 2
    Number of faces shared with processor 326 = 2516
    Number of faces shared with processor 328 = 176
    Number of faces shared with processor 209 = 24
    Number of faces shared with processor 210 = 1742
    Number of faces shared with processor 339 = 45
    Number of faces shared with processor 340 = 4980
    Number of faces shared with processor 223 = 1731
    Number of faces shared with processor 224 = 707
    Number of faces shared with processor 353 = 8
    Number of faces shared with processor 236 = 522
    Number of processor patches = 13
    Number of processor faces = 16985
    Number of boundary faces = 18637

Processor 328
    Number of cells = 157056
    Number of points = 187256
    Number of faces shared with processor 314 = 10
    Number of faces shared with processor 315 = 2257
    Number of faces shared with processor 327 = 176
    Number of faces shared with processor 329 = 1908
    Number of faces shared with processor 340 = 365
    Number of faces shared with processor 341 = 2785
    Number of faces shared with processor 342 = 353
    Number of faces shared with processor 224 = 3585
    Number of faces shared with processor 353 = 139
    Number of faces shared with processor 225 = 380
    Number of faces shared with processor 238 = 1657
    Number of processor patches = 11
    Number of processor faces = 13615
    Number of boundary faces = 9646

Processor 329
    Number of cells = 157056
    Number of points = 181856
    Number of faces shared with processor 135 = 248
    Number of faces shared with processor 394 = 9
    Number of faces shared with processor 312 = 9
    Number of faces shared with processor 315 = 538
    Number of faces shared with processor 316 = 2751
    Number of faces shared with processor 317 = 1
    Number of faces shared with processor 328 = 1908
    Number of faces shared with processor 330 = 1553
    Number of faces shared with processor 334 = 9
    Number of faces shared with processor 341 = 1
    Number of faces shared with processor 342 = 1687
    Number of faces shared with processor 343 = 108
    Number of faces shared with processor 225 = 2682
    Number of faces shared with processor 356 = 1
    Number of faces shared with processor 238 = 4203
    Number of faces shared with processor 239 = 208
    Number of processor patches = 16
    Number of processor faces = 15916
    Number of boundary faces = 10183

Processor 330
    Number of cells = 157056
    Number of points = 182625
    Number of faces shared with processor 135 = 4062
    Number of faces shared with processor 316 = 49
    Number of faces shared with processor 317 = 3326
    Number of faces shared with processor 318 = 62
    Number of faces shared with processor 329 = 1553
    Number of faces shared with processor 331 = 1364
    Number of faces shared with processor 343 = 1205
    Number of faces shared with processor 225 = 334
    Number of faces shared with processor 226 = 3834
    Number of faces shared with processor 227 = 200
    Number of faces shared with processor 239 = 2272
    Number of processor patches = 11
    Number of processor faces = 18261
    Number of boundary faces = 9912

Processor 331
    Number of cells = 157056
    Number of points = 182181
    Number of faces shared with processor 135 = 221
    Number of faces shared with processor 317 = 4
    Number of faces shared with processor 318 = 3108
    Number of faces shared with processor 319 = 307
    Number of faces shared with processor 330 = 1364
    Number of faces shared with processor 332 = 1468
    Number of faces shared with processor 343 = 156
    Number of faces shared with processor 344 = 1539
    Number of faces shared with processor 345 = 662
    Number of faces shared with processor 227 = 4924
    Number of faces shared with processor 239 = 253
    Number of faces shared with processor 240 = 4976
    Number of processor patches = 12
    Number of processor faces = 18982
    Number of boundary faces = 10096

Processor 332
    Number of cells = 157056
    Number of points = 189663
    Number of faces shared with processor 319 = 6068
    Number of faces shared with processor 320 = 422
    Number of faces shared with processor 331 = 1468
    Number of faces shared with processor 333 = 2675
    Number of faces shared with processor 215 = 2562
    Number of faces shared with processor 216 = 72
    Number of faces shared with processor 345 = 4142
    Number of faces shared with processor 346 = 558
    Number of faces shared with processor 227 = 825
    Number of faces shared with processor 228 = 1888
    Number of faces shared with processor 358 = 4
    Number of faces shared with processor 241 = 2666
    Number of faces shared with processor 242 = 98
    Number of processor patches = 13
    Number of processor faces = 23448
    Number of boundary faces = 15105

Processor 333
    Number of cells = 157056
    Number of points = 191040
    Number of faces shared with processor 320 = 5691
    Number of faces shared with processor 332 = 2675
    Number of faces shared with processor 334 = 2022
    Number of faces shared with processor 216 = 2003
    Number of faces shared with processor 346 = 5300
    Number of faces shared with processor 228 = 151
    Number of faces shared with processor 229 = 2247
    Number of faces shared with processor 230 = 495
    Number of faces shared with processor 242 = 1722
    Number of processor patches = 9
    Number of processor faces = 22306
    Number of boundary faces = 16647

Processor 334
    Number of cells = 157056
    Number of points = 185069
    Number of faces shared with processor 412 = 9
    Number of faces shared with processor 319 = 1
    Number of faces shared with processor 320 = 154
    Number of faces shared with processor 321 = 4731
    Number of faces shared with processor 322 = 1
    Number of faces shared with processor 329 = 9
    Number of faces shared with processor 333 = 2022
    Number of faces shared with processor 335 = 2023
    Number of faces shared with processor 336 = 9
    Number of faces shared with processor 216 = 9
    Number of faces shared with processor 217 = 2326
    Number of faces shared with processor 346 = 844
    Number of faces shared with processor 347 = 2693
    Number of faces shared with processor 358 = 1
    Number of faces shared with processor 230 = 1169
    Number of faces shared with processor 231 = 738
    Number of faces shared with processor 361 = 1
    Number of faces shared with processor 243 = 2316
    Number of processor patches = 18
    Number of processor faces = 19056
    Number of boundary faces = 13609

Processor 335
    Number of cells = 157056
    Number of points = 178920
    Number of faces shared with processor 321 = 67
    Number of faces shared with processor 322 = 4740
    Number of faces shared with processor 334 = 2023
    Number of faces shared with processor 336 = 1142
    Number of faces shared with processor 218 = 675
    Number of faces shared with processor 347 = 369
    Number of faces shared with processor 348 = 4685
    Number of faces shared with processor 231 = 1995
    Number of faces shared with processor 232 = 685
    Number of faces shared with processor 243 = 278
    Number of faces shared with processor 244 = 328
    Number of processor patches = 11
    Number of processor faces = 16987
    Number of boundary faces = 6801

Processor 336
    Number of cells = 157056
    Number of points = 171270
    Number of faces shared with processor 401 = 9
    Number of faces shared with processor 322 = 904
    Number of faces shared with processor 323 = 7873
    Number of faces shared with processor 334 = 9
    Number of faces shared with processor 335 = 1142
    Number of faces shared with processor 337 = 162
    Number of faces shared with processor 348 = 2
    Number of faces shared with processor 349 = 7097
    Number of faces shared with processor 350 = 970
    Number of faces shared with processor 232 = 4001
    Number of faces shared with processor 245 = 79
    Number of processor patches = 11
    Number of processor faces = 22248
    Number of boundary faces = 1

Processor 337
    Number of cells = 157057
    Number of points = 177892
    Number of faces shared with processor 389 = 24
    Number of faces shared with processor 323 = 1334
    Number of faces shared with processor 324 = 9992
    Number of faces shared with processor 336 = 162
    Number of faces shared with processor 219 = 20
    Number of faces shared with processor 350 = 13048
    Number of faces shared with processor 232 = 33
    Number of faces shared with processor 233 = 4432
    Number of faces shared with processor 363 = 178
    Number of faces shared with processor 246 = 1198
    Number of processor patches = 10
    Number of processor faces = 30421
    Number of boundary faces = 11

Processor 338
    Number of cells = 157056
    Number of points = 185647
    Number of faces shared with processor 130 = 4
    Number of faces shared with processor 312 = 88
    Number of faces shared with processor 325 = 5082
    Number of faces shared with processor 341 = 4
    Number of faces shared with processor 351 = 4982
    Number of faces shared with processor 352 = 2070
    Number of faces shared with processor 234 = 1858
    Number of faces shared with processor 377 = 61
    Number of processor patches = 8
    Number of processor faces = 14149
    Number of boundary faces = 12513

Processor 339
    Number of cells = 157056
    Number of points = 193019
    Number of faces shared with processor 325 = 1454
    Number of faces shared with processor 326 = 5597
    Number of faces shared with processor 327 = 45
    Number of faces shared with processor 340 = 2615
    Number of faces shared with processor 221 = 841
    Number of faces shared with processor 352 = 2491
    Number of faces shared with processor 235 = 2907
    Number of faces shared with processor 236 = 267
    Number of faces shared with processor 248 = 1698
    Number of processor patches = 9
    Number of processor faces = 17915
    Number of boundary faces = 16668

Processor 340
    Number of cells = 157056
    Number of points = 193354
    Number of faces shared with processor 314 = 5
    Number of faces shared with processor 325 = 5
    Number of faces shared with processor 326 = 1
    Number of faces shared with processor 327 = 4980
    Number of faces shared with processor 328 = 365
    Number of faces shared with processor 339 = 2615
    Number of faces shared with processor 341 = 1
    Number of faces shared with processor 352 = 548
    Number of faces shared with processor 224 = 663
    Number of faces shared with processor 353 = 1357
    Number of faces shared with processor 236 = 2679
    Number of faces shared with processor 248 = 402
    Number of faces shared with processor 249 = 2085
    Number of processor patches = 13
    Number of processor faces = 15706
    Number of boundary faces = 16215

Processor 341
    Number of cells = 157056
    Number of points = 185029
    Number of faces shared with processor 315 = 4
    Number of faces shared with processor 328 = 2785
    Number of faces shared with processor 329 = 1
    Number of faces shared with processor 338 = 4
    Number of faces shared with processor 340 = 1
    Number of faces shared with processor 342 = 382
    Number of faces shared with processor 224 = 223
    Number of faces shared with processor 353 = 1670
    Number of faces shared with processor 354 = 2881
    Number of faces shared with processor 355 = 879
    Number of faces shared with processor 356 = 4
    Number of faces shared with processor 237 = 5740
    Number of faces shared with processor 238 = 1307
    Number of faces shared with processor 380 = 9
    Number of processor patches = 14
    Number of processor faces = 15890
    Number of boundary faces = 10689

Processor 342
    Number of cells = 157056
    Number of points = 184234
    Number of faces shared with processor 316 = 5
    Number of faces shared with processor 328 = 353
    Number of faces shared with processor 329 = 1687
    Number of faces shared with processor 341 = 382
    Number of faces shared with processor 343 = 1596
    Number of faces shared with processor 355 = 2010
    Number of faces shared with processor 356 = 494
    Number of faces shared with processor 238 = 4670
    Number of faces shared with processor 239 = 768
    Number of faces shared with processor 252 = 597
    Number of processor patches = 10
    Number of processor faces = 12562
    Number of boundary faces = 10286

Processor 343
    Number of cells = 157056
    Number of points = 178565
    Number of faces shared with processor 317 = 13
    Number of faces shared with processor 329 = 108
    Number of faces shared with processor 330 = 1205
    Number of faces shared with processor 331 = 156
    Number of faces shared with processor 342 = 1596
    Number of faces shared with processor 344 = 1729
    Number of faces shared with processor 356 = 2374
    Number of faces shared with processor 239 = 3317
    Number of faces shared with processor 240 = 135
    Number of faces shared with processor 252 = 917
    Number of processor patches = 10
    Number of processor faces = 11550
    Number of boundary faces = 9106

Processor 344
    Number of cells = 157056
    Number of points = 178490
    Number of faces shared with processor 318 = 5
    Number of faces shared with processor 331 = 1539
    Number of faces shared with processor 343 = 1729
    Number of faces shared with processor 345 = 685
    Number of faces shared with processor 346 = 5
    Number of faces shared with processor 356 = 506
    Number of faces shared with processor 357 = 2340
    Number of faces shared with processor 358 = 1066
    Number of faces shared with processor 240 = 4591
    Number of faces shared with processor 252 = 7
    Number of processor patches = 10
    Number of processor faces = 12473
    Number of boundary faces = 8783

Processor 345
    Number of cells = 157056
    Number of points = 187215
    Number of faces shared with processor 331 = 662
    Number of faces shared with processor 332 = 4142
    Number of faces shared with processor 344 = 685
    Number of faces shared with processor 346 = 2194
    Number of faces shared with processor 358 = 1825
    Number of faces shared with processor 359 = 595
    Number of faces shared with processor 240 = 1344
    Number of faces shared with processor 241 = 404
    Number of faces shared with processor 254 = 1047
    Number of processor patches = 9
    Number of processor faces = 12898
    Number of boundary faces = 15464

Processor 346
    Number of cells = 157056
    Number of points = 190194
    Number of faces shared with processor 320 = 9
    Number of faces shared with processor 332 = 558
    Number of faces shared with processor 333 = 5300
    Number of faces shared with processor 334 = 844
    Number of faces shared with processor 344 = 5
    Number of faces shared with processor 345 = 2194
    Number of faces shared with processor 347 = 1638
    Number of faces shared with processor 358 = 2
    Number of faces shared with processor 230 = 18
    Number of faces shared with processor 359 = 1979
    Number of faces shared with processor 241 = 1121
    Number of faces shared with processor 242 = 3178
    Number of faces shared with processor 243 = 710
    Number of faces shared with processor 255 = 2653
    Number of processor patches = 14
    Number of processor faces = 20209
    Number of boundary faces = 13143

Processor 347
    Number of cells = 157056
    Number of points = 183572
    Number of faces shared with processor 256 = 317
    Number of faces shared with processor 321 = 5
    Number of faces shared with processor 334 = 2693
    Number of faces shared with processor 335 = 369
    Number of faces shared with processor 346 = 1638
    Number of faces shared with processor 348 = 1969
    Number of faces shared with processor 359 = 1060
    Number of faces shared with processor 360 = 3053
    Number of faces shared with processor 361 = 102
    Number of faces shared with processor 243 = 1953
    Number of faces shared with processor 255 = 722
    Number of processor patches = 11
    Number of processor faces = 13881
    Number of boundary faces = 8487

Processor 348
    Number of cells = 157056
    Number of points = 181927
    Number of faces shared with processor 257 = 1162
    Number of faces shared with processor 322 = 5
    Number of faces shared with processor 335 = 4685
    Number of faces shared with processor 336 = 2
    Number of faces shared with processor 347 = 1969
    Number of faces shared with processor 349 = 1337
    Number of faces shared with processor 232 = 5
    Number of faces shared with processor 361 = 3456
    Number of faces shared with processor 243 = 294
    Number of faces shared with processor 244 = 931
    Number of faces shared with processor 245 = 740
    Number of processor patches = 11
    Number of processor faces = 14586
    Number of boundary faces = 10275

Processor 349
    Number of cells = 157056
    Number of points = 171282
    Number of faces shared with processor 257 = 230
    Number of faces shared with processor 388 = 8
    Number of faces shared with processor 323 = 28
    Number of faces shared with processor 336 = 7097
    Number of faces shared with processor 348 = 1337
    Number of faces shared with processor 350 = 719
    Number of faces shared with processor 361 = 963
    Number of faces shared with processor 362 = 7374
    Number of faces shared with processor 363 = 587
    Number of faces shared with processor 245 = 4090
    Number of processor patches = 10
    Number of processor faces = 22433
    Number of boundary faces = 0

Processor 350
    Number of cells = 157057
    Number of points = 177241
    Number of faces shared with processor 259 = 12
    Number of faces shared with processor 389 = 366
    Number of faces shared with processor 142 = 30
    Number of faces shared with processor 324 = 366
    Number of faces shared with processor 336 = 970
    Number of faces shared with processor 337 = 13048
    Number of faces shared with processor 349 = 719
    Number of faces shared with processor 232 = 40
    Number of faces shared with processor 363 = 12936
    Number of faces shared with processor 245 = 28
    Number of faces shared with processor 246 = 4357
    Number of faces shared with processor 376 = 130
    Number of processor patches = 12
    Number of processor faces = 33002
    Number of boundary faces = 45

Processor 351
    Number of cells = 157056
    Number of points = 181896
    Number of faces shared with processor 325 = 100
    Number of faces shared with processor 338 = 4982
    Number of faces shared with processor 352 = 1491
    Number of faces shared with processor 353 = 5
    Number of faces shared with processor 234 = 255
    Number of faces shared with processor 364 = 5261
    Number of faces shared with processor 365 = 74
    Number of faces shared with processor 247 = 2842
    Number of processor patches = 8
    Number of processor faces = 15010
    Number of boundary faces = 14187

Processor 352
    Number of cells = 157056
    Number of points = 182996
    Number of faces shared with processor 325 = 516
    Number of faces shared with processor 326 = 4
    Number of faces shared with processor 338 = 2070
    Number of faces shared with processor 339 = 2491
    Number of faces shared with processor 340 = 548
    Number of faces shared with processor 351 = 1491
    Number of faces shared with processor 353 = 2700
    Number of faces shared with processor 365 = 1332
    Number of faces shared with processor 248 = 1126
    Number of faces shared with processor 249 = 984
    Number of processor patches = 10
    Number of processor faces = 13262
    Number of boundary faces = 14713

Processor 353
    Number of cells = 157056
    Number of points = 180484
    Number of faces shared with processor 327 = 8
    Number of faces shared with processor 328 = 139
    Number of faces shared with processor 340 = 1357
    Number of faces shared with processor 341 = 1670
    Number of faces shared with processor 351 = 5
    Number of faces shared with processor 352 = 2700
    Number of faces shared with processor 224 = 204
    Number of faces shared with processor 354 = 1407
    Number of faces shared with processor 365 = 100
    Number of faces shared with processor 237 = 605
    Number of faces shared with processor 366 = 1661
    Number of faces shared with processor 249 = 2517
    Number of processor patches = 12
    Number of processor faces = 12373
    Number of boundary faces = 13028

Processor 354
    Number of cells = 157056
    Number of points = 184253
    Number of faces shared with processor 262 = 63
    Number of faces shared with processor 341 = 2881
    Number of faces shared with processor 353 = 1407
    Number of faces shared with processor 355 = 942
    Number of faces shared with processor 237 = 409
    Number of faces shared with processor 366 = 66
    Number of faces shared with processor 367 = 4902
    Number of faces shared with processor 368 = 93
    Number of faces shared with processor 249 = 989
    Number of faces shared with processor 250 = 4757
    Number of processor patches = 10
    Number of processor faces = 16509
    Number of boundary faces = 17212

Processor 355
    Number of cells = 157056
    Number of points = 184554
    Number of faces shared with processor 264 = 9
    Number of faces shared with processor 265 = 9
    Number of faces shared with processor 341 = 879
    Number of faces shared with processor 342 = 2010
    Number of faces shared with processor 354 = 942
    Number of faces shared with processor 356 = 786
    Number of faces shared with processor 238 = 576
    Number of faces shared with processor 368 = 3538
    Number of faces shared with processor 369 = 9
    Number of faces shared with processor 250 = 635
    Number of faces shared with processor 251 = 5213
    Number of faces shared with processor 252 = 818
    Number of processor patches = 12
    Number of processor faces = 15424
    Number of boundary faces = 16059

Processor 356
    Number of cells = 157056
    Number of points = 181545
    Number of faces shared with processor 317 = 4
    Number of faces shared with processor 329 = 1
    Number of faces shared with processor 341 = 4
    Number of faces shared with processor 342 = 494
    Number of faces shared with processor 343 = 2374
    Number of faces shared with processor 344 = 506
    Number of faces shared with processor 355 = 786
    Number of faces shared with processor 357 = 1820
    Number of faces shared with processor 358 = 4
    Number of faces shared with processor 369 = 2368
    Number of faces shared with processor 370 = 103
    Number of faces shared with processor 252 = 8023
    Number of processor patches = 12
    Number of processor faces = 16487
    Number of boundary faces = 10281

Processor 357
    Number of cells = 157056
    Number of points = 182562
    Number of faces shared with processor 266 = 1262
    Number of faces shared with processor 267 = 214
    Number of faces shared with processor 344 = 2340
    Number of faces shared with processor 356 = 1820
    Number of faces shared with processor 358 = 1523
    Number of faces shared with processor 359 = 5
    Number of faces shared with processor 370 = 2403
    Number of faces shared with processor 371 = 460
    Number of faces shared with processor 252 = 78
    Number of faces shared with processor 253 = 4315
    Number of processor patches = 10
    Number of processor faces = 14420
    Number of boundary faces = 16958

Processor 358
    Number of cells = 157056
    Number of points = 181800
    Number of faces shared with processor 267 = 214
    Number of faces shared with processor 319 = 4
    Number of faces shared with processor 332 = 4
    Number of faces shared with processor 334 = 1
    Number of faces shared with processor 344 = 1066
    Number of faces shared with processor 345 = 1825
    Number of faces shared with processor 346 = 2
    Number of faces shared with processor 356 = 4
    Number of faces shared with processor 357 = 1523
    Number of faces shared with processor 359 = 3371
    Number of faces shared with processor 361 = 4
    Number of faces shared with processor 240 = 532
    Number of faces shared with processor 371 = 1646
    Number of faces shared with processor 372 = 23
    Number of faces shared with processor 254 = 3440
    Number of processor patches = 15
    Number of processor faces = 13659
    Number of boundary faces = 10793

Processor 359
    Number of cells = 157056
    Number of points = 178570
    Number of faces shared with processor 268 = 256
    Number of faces shared with processor 345 = 595
    Number of faces shared with processor 346 = 1979
    Number of faces shared with processor 347 = 1060
    Number of faces shared with processor 357 = 5
    Number of faces shared with processor 358 = 3371
    Number of faces shared with processor 360 = 3107
    Number of faces shared with processor 372 = 1680
    Number of faces shared with processor 373 = 68
    Number of faces shared with processor 254 = 1148
    Number of faces shared with processor 255 = 1472
    Number of processor patches = 11
    Number of processor faces = 14741
    Number of boundary faces = 8085

Processor 360
    Number of cells = 157056
    Number of points = 174904
    Number of faces shared with processor 256 = 1582
    Number of faces shared with processor 269 = 818
    Number of faces shared with processor 347 = 3053
    Number of faces shared with processor 359 = 3107
    Number of faces shared with processor 361 = 2196
    Number of faces shared with processor 373 = 2223
    Number of faces shared with processor 374 = 419
    Number of faces shared with processor 255 = 334
    Number of processor patches = 8
    Number of processor faces = 13732
    Number of boundary faces = 6861

Processor 361
    Number of cells = 157056
    Number of points = 177713
    Number of faces shared with processor 256 = 1335
    Number of faces shared with processor 257 = 4884
    Number of faces shared with processor 387 = 4
    Number of faces shared with processor 270 = 829
    Number of faces shared with processor 322 = 4
    Number of faces shared with processor 334 = 1
    Number of faces shared with processor 347 = 102
    Number of faces shared with processor 348 = 3456
    Number of faces shared with processor 349 = 963
    Number of faces shared with processor 358 = 4
    Number of faces shared with processor 360 = 2196
    Number of faces shared with processor 362 = 960
    Number of faces shared with processor 374 = 3007
    Number of processor patches = 13
    Number of processor faces = 17745
    Number of boundary faces = 6809

Processor 362
    Number of cells = 157056
    Number of points = 171751
    Number of faces shared with processor 257 = 336
    Number of faces shared with processor 258 = 3771
    Number of faces shared with processor 259 = 44
    Number of faces shared with processor 270 = 550
    Number of faces shared with processor 271 = 26
    Number of faces shared with processor 272 = 2
    Number of faces shared with processor 349 = 7374
    Number of faces shared with processor 361 = 960
    Number of faces shared with processor 363 = 1114
    Number of faces shared with processor 245 = 564
    Number of faces shared with processor 374 = 970
    Number of faces shared with processor 375 = 7723
    Number of faces shared with processor 376 = 33
    Number of processor patches = 13
    Number of processor faces = 23467
    Number of boundary faces = 0

Processor 363
    Number of cells = 157057
    Number of points = 176525
    Number of faces shared with processor 259 = 4447
    Number of faces shared with processor 337 = 178
    Number of faces shared with processor 349 = 587
    Number of faces shared with processor 350 = 12936
    Number of faces shared with processor 362 = 1114
    Number of faces shared with processor 245 = 12
    Number of faces shared with processor 246 = 2
    Number of faces shared with processor 376 = 12612
    Number of processor patches = 8
    Number of processor faces = 31888
    Number of boundary faces = 0

Processor 364
    Number of cells = 157056
    Number of points = 181872
    Number of faces shared with processor 260 = 2806
    Number of faces shared with processor 390 = 100
    Number of faces shared with processor 273 = 274
    Number of faces shared with processor 351 = 5261
    Number of faces shared with processor 365 = 1540
    Number of faces shared with processor 366 = 5
    Number of faces shared with processor 247 = 9
    Number of faces shared with processor 377 = 5230
    Number of processor patches = 8
    Number of processor faces = 15225
    Number of boundary faces = 14192

Processor 365
    Number of cells = 157056
    Number of points = 182629
    Number of faces shared with processor 261 = 1056
    Number of faces shared with processor 262 = 658
    Number of faces shared with processor 390 = 415
    Number of faces shared with processor 391 = 4
    Number of faces shared with processor 351 = 74
    Number of faces shared with processor 352 = 1332
    Number of faces shared with processor 353 = 100
    Number of faces shared with processor 364 = 1540
    Number of faces shared with processor 366 = 2927
    Number of faces shared with processor 377 = 1947
    Number of faces shared with processor 378 = 2543
    Number of faces shared with processor 379 = 490
    Number of processor patches = 12
    Number of processor faces = 13086
    Number of boundary faces = 14778

Processor 366
    Number of cells = 157056
    Number of points = 180474
    Number of faces shared with processor 262 = 1987
    Number of faces shared with processor 392 = 8
    Number of faces shared with processor 393 = 158
    Number of faces shared with processor 276 = 316
    Number of faces shared with processor 289 = 217
    Number of faces shared with processor 353 = 1661
    Number of faces shared with processor 354 = 66
    Number of faces shared with processor 364 = 5
    Number of faces shared with processor 365 = 2927
    Number of faces shared with processor 367 = 1327
    Number of faces shared with processor 379 = 1491
    Number of faces shared with processor 380 = 1741
    Number of processor patches = 12
    Number of processor faces = 11904
    Number of boundary faces = 13553

Processor 367
    Number of cells = 157056
    Number of points = 185277
    Number of faces shared with processor 262 = 1091
    Number of faces shared with processor 263 = 4350
    Number of faces shared with processor 276 = 285
    Number of faces shared with processor 354 = 4902
    Number of faces shared with processor 366 = 1327
    Number of faces shared with processor 368 = 1031
    Number of faces shared with processor 250 = 249
    Number of faces shared with processor 380 = 2714
    Number of processor patches = 8
    Number of processor faces = 15949
    Number of boundary faces = 17036

Processor 368
    Number of cells = 157056
    Number of points = 184620
    Number of faces shared with processor 263 = 548
    Number of faces shared with processor 264 = 5102
    Number of faces shared with processor 265 = 819
    Number of faces shared with processor 277 = 557
    Number of faces shared with processor 354 = 93
    Number of faces shared with processor 355 = 3538
    Number of faces shared with processor 367 = 1031
    Number of faces shared with processor 369 = 801
    Number of faces shared with processor 250 = 145
    Number of faces shared with processor 380 = 680
    Number of faces shared with processor 381 = 2030
    Number of processor patches = 11
    Number of processor faces = 15344
    Number of boundary faces = 15998

Processor 369
    Number of cells = 157056
    Number of points = 181712
    Number of faces shared with processor 265 = 8534
    Number of faces shared with processor 394 = 1
    Number of faces shared with processor 408 = 4
    Number of faces shared with processor 355 = 9
    Number of faces shared with processor 356 = 2368
    Number of faces shared with processor 368 = 801
    Number of faces shared with processor 370 = 1906
    Number of faces shared with processor 371 = 4
    Number of faces shared with processor 252 = 33
    Number of faces shared with processor 380 = 4
    Number of faces shared with processor 381 = 452
    Number of faces shared with processor 382 = 2143
    Number of faces shared with processor 383 = 579
    Number of processor patches = 13
    Number of processor faces = 16838
    Number of boundary faces = 10304

Processor 370
    Number of cells = 157056
    Number of points = 179067
    Number of faces shared with processor 265 = 20
    Number of faces shared with processor 266 = 637
    Number of faces shared with processor 279 = 1
    Number of faces shared with processor 356 = 103
    Number of faces shared with processor 357 = 2403
    Number of faces shared with processor 369 = 1906
    Number of faces shared with processor 371 = 2136
    Number of faces shared with processor 372 = 5
    Number of faces shared with processor 252 = 10
    Number of faces shared with processor 383 = 2574
    Number of processor patches = 10
    Number of processor faces = 9795
    Number of boundary faces = 15032

Processor 371
    Number of cells = 157056
    Number of points = 178280
    Number of faces shared with processor 384 = 1374
    Number of faces shared with processor 385 = 2
    Number of faces shared with processor 387 = 4
    Number of faces shared with processor 267 = 5653
    Number of faces shared with processor 397 = 4
    Number of faces shared with processor 279 = 480
    Number of faces shared with processor 410 = 4
    Number of faces shared with processor 412 = 1
    Number of faces shared with processor 357 = 460
    Number of faces shared with processor 358 = 1646
    Number of faces shared with processor 369 = 4
    Number of faces shared with processor 370 = 2136
    Number of faces shared with processor 372 = 3802
    Number of faces shared with processor 383 = 1050
    Number of processor patches = 14
    Number of processor faces = 16620
    Number of boundary faces = 7603

Processor 372
    Number of cells = 157056
    Number of points = 174583
    Number of faces shared with processor 384 = 389
    Number of faces shared with processor 385 = 1132
    Number of faces shared with processor 386 = 912
    Number of faces shared with processor 267 = 2657
    Number of faces shared with processor 268 = 4412
    Number of faces shared with processor 358 = 23
    Number of faces shared with processor 359 = 1680
    Number of faces shared with processor 370 = 5
    Number of faces shared with processor 371 = 3802
    Number of faces shared with processor 373 = 3217
    Number of faces shared with processor 254 = 2
    Number of processor patches = 11
    Number of processor faces = 18231
    Number of boundary faces = 4279

Processor 373
    Number of cells = 157056
    Number of points = 172538
    Number of faces shared with processor 386 = 1907
    Number of faces shared with processor 387 = 851
    Number of faces shared with processor 268 = 1986
    Number of faces shared with processor 269 = 4541
    Number of faces shared with processor 359 = 68
    Number of faces shared with processor 360 = 2223
    Number of faces shared with processor 372 = 3217
    Number of faces shared with processor 374 = 1816
    Number of processor patches = 8
    Number of processor faces = 16609
    Number of boundary faces = 3098

Processor 374
    Number of cells = 157056
    Number of points = 176694
    Number of faces shared with processor 256 = 306
    Number of faces shared with processor 387 = 2951
    Number of faces shared with processor 388 = 1
    Number of faces shared with processor 269 = 2808
    Number of faces shared with processor 270 = 8444
    Number of faces shared with processor 400 = 5
    Number of faces shared with processor 360 = 419
    Number of faces shared with processor 361 = 3007
    Number of faces shared with processor 362 = 970
    Number of faces shared with processor 373 = 1816
    Number of faces shared with processor 375 = 1443
    Number of processor patches = 11
    Number of processor faces = 22170
    Number of boundary faces = 2573

Processor 375
    Number of cells = 157056
    Number of points = 171785
    Number of faces shared with processor 387 = 404
    Number of faces shared with processor 388 = 7420
    Number of faces shared with processor 270 = 841
    Number of faces shared with processor 271 = 3767
    Number of faces shared with processor 272 = 46
    Number of faces shared with processor 283 = 144
    Number of faces shared with processor 284 = 350
    Number of faces shared with processor 362 = 7723
    Number of faces shared with processor 374 = 1443
    Number of faces shared with processor 376 = 1172
    Number of processor patches = 10
    Number of processor faces = 23310
    Number of boundary faces = 0

Processor 376
    Number of cells = 157057
    Number of points = 176609
    Number of faces shared with processor 259 = 31
    Number of faces shared with processor 388 = 524
    Number of faces shared with processor 389 = 12803
    Number of faces shared with processor 272 = 4453
    Number of faces shared with processor 402 = 314
    Number of faces shared with processor 284 = 11
    Number of faces shared with processor 285 = 1
    Number of faces shared with processor 168 = 30
    Number of faces shared with processor 350 = 130
    Number of faces shared with processor 362 = 33
    Number of faces shared with processor 363 = 12612
    Number of faces shared with processor 375 = 1172
    Number of processor patches = 12
    Number of processor faces = 32114
    Number of boundary faces = 3

Processor 377
    Number of cells = 157056
    Number of points = 185814
    Number of faces shared with processor 390 = 4908
    Number of faces shared with processor 273 = 1911
    Number of faces shared with processor 403 = 88
    Number of faces shared with processor 169 = 4
    Number of faces shared with processor 312 = 4
    Number of faces shared with processor 338 = 61
    Number of faces shared with processor 364 = 5230
    Number of faces shared with processor 365 = 1947
    Number of faces shared with processor 380 = 4
    Number of processor patches = 9
    Number of processor faces = 14157
    Number of boundary faces = 12607

Processor 378
    Number of cells = 157056
    Number of points = 193067
    Number of faces shared with processor 261 = 1838
    Number of faces shared with processor 390 = 1423
    Number of faces shared with processor 391 = 4964
    Number of faces shared with processor 392 = 17
    Number of faces shared with processor 274 = 3307
    Number of faces shared with processor 275 = 334
    Number of faces shared with processor 286 = 926
    Number of faces shared with processor 365 = 2543
    Number of faces shared with processor 379 = 2902
    Number of processor patches = 9
    Number of processor faces = 18254
    Number of boundary faces = 16400

Processor 379
    Number of cells = 157056
    Number of points = 193778
    Number of faces shared with processor 261 = 535
    Number of faces shared with processor 390 = 5
    Number of faces shared with processor 262 = 2174
    Number of faces shared with processor 391 = 2
    Number of faces shared with processor 392 = 5015
    Number of faces shared with processor 393 = 364
    Number of faces shared with processor 275 = 2729
    Number of faces shared with processor 405 = 5
    Number of faces shared with processor 289 = 629
    Number of faces shared with processor 365 = 490
    Number of faces shared with processor 366 = 1491
    Number of faces shared with processor 378 = 2902
    Number of faces shared with processor 380 = 1
    Number of processor patches = 13
    Number of processor faces = 16342
    Number of boundary faces = 16190

Processor 380
    Number of cells = 157056
    Number of points = 184688
    Number of faces shared with processor 393 = 2626
    Number of faces shared with processor 394 = 1
    Number of faces shared with processor 276 = 5035
    Number of faces shared with processor 277 = 1151
    Number of faces shared with processor 406 = 4
    Number of faces shared with processor 289 = 306
    Number of faces shared with processor 341 = 9
    Number of faces shared with processor 366 = 1741
    Number of faces shared with processor 367 = 2714
    Number of faces shared with processor 368 = 680
    Number of faces shared with processor 369 = 4
    Number of faces shared with processor 377 = 4
    Number of faces shared with processor 379 = 1
    Number of faces shared with processor 381 = 374
    Number of processor patches = 14
    Number of processor faces = 14650
    Number of boundary faces = 11010

Processor 381
    Number of cells = 157056
    Number of points = 183907
    Number of faces shared with processor 393 = 317
    Number of faces shared with processor 265 = 577
    Number of faces shared with processor 394 = 1670
    Number of faces shared with processor 277 = 4446
    Number of faces shared with processor 278 = 720
    Number of faces shared with processor 407 = 5
    Number of faces shared with processor 368 = 2030
    Number of faces shared with processor 369 = 452
    Number of faces shared with processor 380 = 374
    Number of faces shared with processor 382 = 1589
    Number of processor patches = 10
    Number of processor faces = 12180
    Number of boundary faces = 10265

Processor 382
    Number of cells = 157056
    Number of points = 178583
    Number of faces shared with processor 265 = 820
    Number of faces shared with processor 394 = 104
    Number of faces shared with processor 395 = 1215
    Number of faces shared with processor 396 = 156
    Number of faces shared with processor 278 = 3397
    Number of faces shared with processor 279 = 174
    Number of faces shared with processor 408 = 5
    Number of faces shared with processor 369 = 2143
    Number of faces shared with processor 381 = 1589
    Number of faces shared with processor 383 = 1756
    Number of processor patches = 10
    Number of processor faces = 11359
    Number of boundary faces = 9178

Processor 383
    Number of cells = 157056
    Number of points = 178890
    Number of faces shared with processor 384 = 695
    Number of faces shared with processor 385 = 5
    Number of faces shared with processor 265 = 12
    Number of faces shared with processor 395 = 1
    Number of faces shared with processor 396 = 1491
    Number of faces shared with processor 279 = 5353
    Number of faces shared with processor 409 = 5
    Number of faces shared with processor 369 = 579
    Number of faces shared with processor 370 = 2574
    Number of faces shared with processor 371 = 1050
    Number of faces shared with processor 382 = 1756
    Number of processor patches = 11
    Number of processor faces = 13521
    Number of boundary faces = 8669

Processor 384
    Number of cells = 157056
    Number of points = 187369
    Number of faces shared with processor 385 = 2236
    Number of faces shared with processor 267 = 1713
    Number of faces shared with processor 396 = 563
    Number of faces shared with processor 268 = 289
    Number of faces shared with processor 397 = 3959
    Number of faces shared with processor 279 = 1295
    Number of faces shared with processor 280 = 476
    Number of faces shared with processor 371 = 1374
    Number of faces shared with processor 372 = 389
    Number of faces shared with processor 383 = 695
    Number of processor patches = 10
    Number of processor faces = 12989
    Number of boundary faces = 15245

Processor 385
    Number of cells = 157056
    Number of points = 190163
    Number of faces shared with processor 384 = 2236
    Number of faces shared with processor 386 = 1623
    Number of faces shared with processor 268 = 3013
    Number of faces shared with processor 397 = 616
    Number of faces shared with processor 398 = 5582
    Number of faces shared with processor 399 = 1037
    Number of faces shared with processor 280 = 1158
    Number of faces shared with processor 281 = 3355
    Number of faces shared with processor 282 = 906
    Number of faces shared with processor 411 = 9
    Number of faces shared with processor 295 = 35
    Number of faces shared with processor 371 = 2
    Number of faces shared with processor 372 = 1132
    Number of faces shared with processor 383 = 5
    Number of processor patches = 14
    Number of processor faces = 20709
    Number of boundary faces = 13216

Processor 386
    Number of cells = 157056
    Number of points = 183127
    Number of faces shared with processor 385 = 1623
    Number of faces shared with processor 387 = 1697
    Number of faces shared with processor 268 = 1018
    Number of faces shared with processor 269 = 1443
    Number of faces shared with processor 399 = 2729
    Number of faces shared with processor 400 = 854
    Number of faces shared with processor 282 = 2414
    Number of faces shared with processor 412 = 5
    Number of faces shared with processor 372 = 912
    Number of faces shared with processor 373 = 1907
    Number of processor patches = 10
    Number of processor faces = 14602
    Number of boundary faces = 7952

Processor 387
    Number of cells = 157056
    Number of points = 177285
    Number of faces shared with processor 386 = 1697
    Number of faces shared with processor 388 = 1699
    Number of faces shared with processor 269 = 1146
    Number of faces shared with processor 270 = 835
    Number of faces shared with processor 400 = 2853
    Number of faces shared with processor 282 = 270
    Number of faces shared with processor 283 = 6505
    Number of faces shared with processor 412 = 1
    Number of faces shared with processor 413 = 4
    Number of faces shared with processor 361 = 4
    Number of faces shared with processor 371 = 4
    Number of faces shared with processor 373 = 851
    Number of faces shared with processor 374 = 2951
    Number of faces shared with processor 375 = 404
    Number of processor patches = 14
    Number of processor faces = 19224
    Number of boundary faces = 4898

Processor 388
    Number of cells = 157056
    Number of points = 171185
    Number of faces shared with processor 387 = 1699
    Number of faces shared with processor 389 = 790
    Number of faces shared with processor 400 = 265
    Number of faces shared with processor 401 = 7189
    Number of faces shared with processor 283 = 437
    Number of faces shared with processor 284 = 4044
    Number of faces shared with processor 414 = 28
    Number of faces shared with processor 349 = 8
    Number of faces shared with processor 374 = 1
    Number of faces shared with processor 375 = 7420
    Number of faces shared with processor 376 = 524
    Number of processor patches = 11
    Number of processor faces = 22405
    Number of boundary faces = 0

Processor 389
    Number of cells = 157057
    Number of points = 177136
    Number of faces shared with processor 388 = 790
    Number of faces shared with processor 272 = 66
    Number of faces shared with processor 401 = 925
    Number of faces shared with processor 402 = 12804
    Number of faces shared with processor 284 = 16
    Number of faces shared with processor 285 = 4398
    Number of faces shared with processor 415 = 390
    Number of faces shared with processor 297 = 18
    Number of faces shared with processor 337 = 24
    Number of faces shared with processor 350 = 366
    Number of faces shared with processor 376 = 12803
    Number of processor patches = 11
    Number of processor faces = 32600
    Number of boundary faces = 50

Processor 390
    Number of cells = 157056
    Number of points = 197456
    Number of faces shared with processor 261 = 283
    Number of faces shared with processor 391 = 748
    Number of faces shared with processor 273 = 660
    Number of faces shared with processor 403 = 6226
    Number of faces shared with processor 286 = 3074
    Number of faces shared with processor 299 = 1
    Number of faces shared with processor 364 = 100
    Number of faces shared with processor 365 = 415
    Number of faces shared with processor 377 = 4908
    Number of faces shared with processor 378 = 1423
    Number of faces shared with processor 379 = 5
    Number of processor patches = 11
    Number of processor faces = 17843
    Number of boundary faces = 14011

Processor 391
    Number of cells = 157056
    Number of points = 191430
    Number of faces shared with processor 390 = 748
    Number of faces shared with processor 392 = 2619
    Number of faces shared with processor 274 = 330
    Number of faces shared with processor 403 = 510
    Number of faces shared with processor 404 = 5215
    Number of faces shared with processor 405 = 3
    Number of faces shared with processor 286 = 613
    Number of faces shared with processor 287 = 1734
    Number of faces shared with processor 288 = 88
    Number of faces shared with processor 299 = 449
    Number of faces shared with processor 300 = 780
    Number of faces shared with processor 365 = 4
    Number of faces shared with processor 378 = 4964
    Number of faces shared with processor 379 = 2
    Number of processor patches = 14
    Number of processor faces = 18059
    Number of boundary faces = 18028

Processor 392
    Number of cells = 157056
    Number of points = 191614
    Number of faces shared with processor 391 = 2619
    Number of faces shared with processor 393 = 172
    Number of faces shared with processor 275 = 509
    Number of faces shared with processor 404 = 79
    Number of faces shared with processor 405 = 4567
    Number of faces shared with processor 406 = 2
    Number of faces shared with processor 288 = 1826
    Number of faces shared with processor 289 = 697
    Number of faces shared with processor 300 = 22
    Number of faces shared with processor 301 = 1660
    Number of faces shared with processor 366 = 8
    Number of faces shared with processor 378 = 17
    Number of faces shared with processor 379 = 5015
    Number of processor patches = 13
    Number of processor faces = 17193
    Number of boundary faces = 18572

Processor 393
    Number of cells = 157056
    Number of points = 187518
    Number of faces shared with processor 392 = 172
    Number of faces shared with processor 394 = 1838
    Number of faces shared with processor 405 = 10
    Number of faces shared with processor 277 = 1536
    Number of faces shared with processor 406 = 2430
    Number of faces shared with processor 289 = 3710
    Number of faces shared with processor 290 = 333
    Number of faces shared with processor 366 = 158
    Number of faces shared with processor 379 = 364
    Number of faces shared with processor 380 = 2626
    Number of faces shared with processor 381 = 317
    Number of processor patches = 11
    Number of processor faces = 13494
    Number of boundary faces = 9854

Processor 394
    Number of cells = 157056
    Number of points = 182118
    Number of faces shared with processor 393 = 1838
    Number of faces shared with processor 395 = 1591
    Number of faces shared with processor 403 = 9
    Number of faces shared with processor 277 = 4618
    Number of faces shared with processor 406 = 511
    Number of faces shared with processor 278 = 188
    Number of faces shared with processor 407 = 2708
    Number of faces shared with processor 408 = 1
    Number of faces shared with processor 412 = 9
    Number of faces shared with processor 290 = 2782
    Number of faces shared with processor 174 = 232
    Number of faces shared with processor 329 = 9
    Number of faces shared with processor 369 = 1
    Number of faces shared with processor 380 = 1
    Number of faces shared with processor 381 = 1670
    Number of faces shared with processor 382 = 104
    Number of processor patches = 16
    Number of processor faces = 16272
    Number of boundary faces = 10143

Processor 395
    Number of cells = 157056
    Number of points = 182741
    Number of faces shared with processor 394 = 1591
    Number of faces shared with processor 396 = 1464
    Number of faces shared with processor 278 = 2272
    Number of faces shared with processor 407 = 12
    Number of faces shared with processor 408 = 3244
    Number of faces shared with processor 409 = 62
    Number of faces shared with processor 290 = 352
    Number of faces shared with processor 291 = 4062
    Number of faces shared with processor 292 = 255
    Number of faces shared with processor 174 = 3768
    Number of faces shared with processor 382 = 1215
    Number of faces shared with processor 383 = 1
    Number of processor patches = 12
    Number of processor faces = 18298
    Number of boundary faces = 10126

Processor 396
    Number of cells = 157056
    Number of points = 181766
    Number of faces shared with processor 384 = 563
    Number of faces shared with processor 395 = 1464
    Number of faces shared with processor 397 = 1499
    Number of faces shared with processor 278 = 277
    Number of faces shared with processor 279 = 5020
    Number of faces shared with processor 408 = 4
    Number of faces shared with processor 409 = 3108
    Number of faces shared with processor 410 = 351
    Number of faces shared with processor 292 = 4409
    Number of faces shared with processor 174 = 261
    Number of faces shared with processor 382 = 156
    Number of faces shared with processor 383 = 1491
    Number of processor patches = 12
    Number of processor faces = 18603
    Number of boundary faces = 10217

Processor 397
    Number of cells = 157056
    Number of points = 189557
    Number of faces shared with processor 384 = 3959
    Number of faces shared with processor 385 = 616
    Number of faces shared with processor 396 = 1499
    Number of faces shared with processor 398 = 2846
    Number of faces shared with processor 280 = 2450
    Number of faces shared with processor 281 = 102
    Number of faces shared with processor 410 = 6088
    Number of faces shared with processor 411 = 367
    Number of faces shared with processor 292 = 778
    Number of faces shared with processor 293 = 1902
    Number of faces shared with processor 306 = 2119
    Number of faces shared with processor 307 = 70
    Number of faces shared with processor 371 = 4
    Number of processor patches = 13
    Number of processor faces = 22800
    Number of boundary faces = 15230

Processor 398
    Number of cells = 157056
    Number of points = 191458
    Number of faces shared with processor 385 = 5582
    Number of faces shared with processor 397 = 2846
    Number of faces shared with processor 399 = 2177
    Number of faces shared with processor 281 = 1695
    Number of faces shared with processor 411 = 5870
    Number of faces shared with processor 293 = 152
    Number of faces shared with processor 294 = 2232
    Number of faces shared with processor 295 = 627
    Number of faces shared with processor 307 = 1935
    Number of processor patches = 9
    Number of processor faces = 23116
    Number of boundary faces = 16683

Processor 399
    Number of cells = 157056
    Number of points = 185142
    Number of faces shared with processor 385 = 1037
    Number of faces shared with processor 386 = 2729
    Number of faces shared with processor 398 = 2177
    Number of faces shared with processor 400 = 1774
    Number of faces shared with processor 282 = 2566
    Number of faces shared with processor 411 = 156
    Number of faces shared with processor 412 = 4845
    Number of faces shared with processor 413 = 2
    Number of faces shared with processor 295 = 1125
    Number of faces shared with processor 296 = 1090
    Number of faces shared with processor 307 = 7
    Number of faces shared with processor 308 = 1942
    Number of processor patches = 12
    Number of processor faces = 19450
    Number of boundary faces = 13499

Processor 400
    Number of cells = 157056
    Number of points = 178177
    Number of faces shared with processor 386 = 854
    Number of faces shared with processor 387 = 2853
    Number of faces shared with processor 388 = 265
    Number of faces shared with processor 399 = 1774
    Number of faces shared with processor 401 = 1197
    Number of faces shared with processor 282 = 552
    Number of faces shared with processor 283 = 1738
    Number of faces shared with processor 284 = 135
    Number of faces shared with processor 413 = 4288
    Number of faces shared with processor 296 = 2348
    Number of faces shared with processor 297 = 310
    Number of faces shared with processor 374 = 5
    Number of processor patches = 12
    Number of processor faces = 16319
    Number of boundary faces = 5614

Processor 401
    Number of cells = 157056
    Number of points = 171224
    Number of faces shared with processor 388 = 7189
    Number of faces shared with processor 389 = 925
    Number of faces shared with processor 400 = 1197
    Number of faces shared with processor 402 = 201
    Number of faces shared with processor 412 = 9
    Number of faces shared with processor 284 = 18
    Number of faces shared with processor 413 = 881
    Number of faces shared with processor 414 = 7784
    Number of faces shared with processor 297 = 3945
    Number of faces shared with processor 336 = 9
    Number of processor patches = 10
    Number of processor faces = 22158
    Number of boundary faces = 1

Processor 402
    Number of cells = 157057
    Number of points = 177804
    Number of faces shared with processor 389 = 12804
    Number of faces shared with processor 401 = 201
    Number of faces shared with processor 285 = 1275
    Number of faces shared with processor 414 = 1267
    Number of faces shared with processor 415 = 9978
    Number of faces shared with processor 297 = 54
    Number of faces shared with processor 298 = 4432
    Number of faces shared with processor 310 = 21
    Number of faces shared with processor 376 = 314
    Number of processor patches = 9
    Number of processor faces = 30346
    Number of boundary faces = 3

Processor 403
    Number of cells = 157057
    Number of points = 187411
    Number of faces shared with processor 390 = 6226
    Number of faces shared with processor 391 = 510
    Number of faces shared with processor 394 = 9
    Number of faces shared with processor 404 = 4185
    Number of faces shared with processor 405 = 74
    Number of faces shared with processor 406 = 103
    Number of faces shared with processor 407 = 143
    Number of faces shared with processor 286 = 51
    Number of faces shared with processor 169 = 1
    Number of faces shared with processor 299 = 4380
    Number of faces shared with processor 312 = 268
    Number of faces shared with processor 195 = 153
    Number of faces shared with processor 377 = 88
    Number of processor patches = 13
    Number of processor faces = 16191
    Number of boundary faces = 7962

Processor 404
    Number of cells = 157057
    Number of points = 189887
    Number of faces shared with processor 391 = 5215
    Number of faces shared with processor 392 = 79
    Number of faces shared with processor 403 = 4185
    Number of faces shared with processor 405 = 4197
    Number of faces shared with processor 299 = 401
    Number of faces shared with processor 300 = 2031
    Number of faces shared with processor 301 = 490
    Number of processor patches = 7
    Number of processor faces = 16598
    Number of boundary faces = 12279

Processor 405
    Number of cells = 157057
    Number of points = 188312
    Number of faces shared with processor 391 = 3
    Number of faces shared with processor 392 = 4567
    Number of faces shared with processor 393 = 10
    Number of faces shared with processor 403 = 74
    Number of faces shared with processor 404 = 4197
    Number of faces shared with processor 406 = 2452
    Number of faces shared with processor 289 = 36
    Number of faces shared with processor 301 = 2833
    Number of faces shared with processor 302 = 1339
    Number of faces shared with processor 379 = 5
    Number of processor patches = 10
    Number of processor faces = 15516
    Number of boundary faces = 12413

Processor 406
    Number of cells = 157057
    Number of points = 183418
    Number of faces shared with processor 392 = 2
    Number of faces shared with processor 393 = 2430
    Number of faces shared with processor 394 = 511
    Number of faces shared with processor 403 = 103
    Number of faces shared with processor 405 = 2452
    Number of faces shared with processor 407 = 3446
    Number of faces shared with processor 408 = 103
    Number of faces shared with processor 289 = 3925
    Number of faces shared with processor 290 = 698
    Number of faces shared with processor 302 = 3430
    Number of faces shared with processor 303 = 1432
    Number of faces shared with processor 186 = 159
    Number of faces shared with processor 198 = 23
    Number of faces shared with processor 380 = 4
    Number of processor patches = 14
    Number of processor faces = 18718
    Number of boundary faces = 8356

Processor 407
    Number of cells = 157057
    Number of points = 179745
    Number of faces shared with processor 394 = 2708
    Number of faces shared with processor 395 = 12
    Number of faces shared with processor 403 = 143
    Number of faces shared with processor 406 = 3446
    Number of faces shared with processor 408 = 2841
    Number of faces shared with processor 412 = 143
    Number of faces shared with processor 290 = 1690
    Number of faces shared with processor 303 = 2333
    Number of faces shared with processor 381 = 5
    Number of processor patches = 9
    Number of processor faces = 13321
    Number of boundary faces = 7763

Processor 408
    Number of cells = 157057
    Number of points = 170607
    Number of faces shared with processor 394 = 1
    Number of faces shared with processor 395 = 3244
    Number of faces shared with processor 396 = 4
    Number of faces shared with processor 406 = 103
    Number of faces shared with processor 407 = 2841
    Number of faces shared with processor 409 = 3529
    Number of faces shared with processor 410 = 103
    Number of faces shared with processor 291 = 2963
    Number of faces shared with processor 303 = 662
    Number of faces shared with processor 304 = 3293
    Number of faces shared with processor 200 = 12
    Number of faces shared with processor 96 = 8
    Number of faces shared with processor 369 = 4
    Number of faces shared with processor 382 = 5
    Number of processor patches = 14
    Number of processor faces = 16772
    Number of boundary faces = 195

Processor 409
    Number of cells = 157057
    Number of points = 171247
    Number of faces shared with processor 395 = 62
    Number of faces shared with processor 396 = 3108
    Number of faces shared with processor 408 = 3529
    Number of faces shared with processor 410 = 4285
    Number of faces shared with processor 411 = 71
    Number of faces shared with processor 291 = 46
    Number of faces shared with processor 292 = 3800
    Number of faces shared with processor 304 = 1
    Number of faces shared with processor 305 = 2701
    Number of faces shared with processor 383 = 5
    Number of processor patches = 10
    Number of processor faces = 17608
    Number of boundary faces = 0

Processor 410
    Number of cells = 157057
    Number of points = 176856
    Number of faces shared with processor 396 = 351
    Number of faces shared with processor 397 = 6088
    Number of faces shared with processor 408 = 103
    Number of faces shared with processor 409 = 4285
    Number of faces shared with processor 411 = 5161
    Number of faces shared with processor 412 = 33
    Number of faces shared with processor 413 = 103
    Number of faces shared with processor 292 = 734
    Number of faces shared with processor 305 = 390
    Number of faces shared with processor 306 = 2350
    Number of faces shared with processor 202 = 3
    Number of faces shared with processor 98 = 17
    Number of faces shared with processor 371 = 4
    Number of processor patches = 13
    Number of processor faces = 19622
    Number of boundary faces = 3820

Processor 411
    Number of cells = 157057
    Number of points = 177159
    Number of faces shared with processor 385 = 9
    Number of faces shared with processor 397 = 367
    Number of faces shared with processor 398 = 5870
    Number of faces shared with processor 399 = 156
    Number of faces shared with processor 409 = 71
    Number of faces shared with processor 410 = 5161
    Number of faces shared with processor 412 = 5215
    Number of faces shared with processor 305 = 3
    Number of faces shared with processor 306 = 1083
    Number of faces shared with processor 307 = 2635
    Number of faces shared with processor 308 = 945
    Number of processor patches = 11
    Number of processor faces = 21515
    Number of boundary faces = 5798

Processor 412
    Number of cells = 157057
    Number of points = 170573
    Number of faces shared with processor 386 = 5
    Number of faces shared with processor 387 = 1
    Number of faces shared with processor 394 = 9
    Number of faces shared with processor 399 = 4845
    Number of faces shared with processor 401 = 9
    Number of faces shared with processor 407 = 143
    Number of faces shared with processor 410 = 33
    Number of faces shared with processor 411 = 5215
    Number of faces shared with processor 413 = 4321
    Number of faces shared with processor 414 = 143
    Number of faces shared with processor 308 = 2597
    Number of faces shared with processor 309 = 1153
    Number of faces shared with processor 204 = 3
    Number of faces shared with processor 334 = 9
    Number of faces shared with processor 371 = 1
    Number of processor patches = 15
    Number of processor faces = 18487
    Number of boundary faces = 125

Processor 413
    Number of cells = 157057
    Number of points = 169007
    Number of faces shared with processor 387 = 4
    Number of faces shared with processor 399 = 2
    Number of faces shared with processor 400 = 4288
    Number of faces shared with processor 401 = 881
    Number of faces shared with processor 410 = 103
    Number of faces shared with processor 412 = 4321
    Number of faces shared with processor 414 = 2874
    Number of faces shared with processor 296 = 303
    Number of faces shared with processor 297 = 374
    Number of faces shared with processor 309 = 2788
    Number of faces shared with processor 310 = 24
    Number of faces shared with processor 205 = 20
    Number of processor patches = 12
    Number of processor faces = 15982
    Number of boundary faces = 3

Processor 414
    Number of cells = 157057
    Number of points = 173480
    Number of faces shared with processor 388 = 28
    Number of faces shared with processor 401 = 7784
    Number of faces shared with processor 402 = 1267
    Number of faces shared with processor 412 = 143
    Number of faces shared with processor 413 = 2874
    Number of faces shared with processor 415 = 737
    Number of faces shared with processor 297 = 1937
    Number of faces shared with processor 309 = 1
    Number of faces shared with processor 310 = 3331
    Number of faces shared with processor 206 = 40
    Number of processor patches = 10
    Number of processor faces = 18142
    Number of boundary faces = 31

Processor 415
    Number of cells = 157055
    Number of points = 196928
    Number of faces shared with processor 389 = 390
    Number of faces shared with processor 402 = 9978
    Number of faces shared with processor 414 = 737
    Number of faces shared with processor 298 = 5230
    Number of faces shared with processor 310 = 122
    Number of faces shared with processor 311 = 21447
    Number of faces shared with processor 194 = 2
    Number of faces shared with processor 206 = 262
    Number of processor patches = 8
    Number of processor faces = 38168
    Number of boundary faces = 3398

Number of processor faces = 4107654
Max number of cells = 157057 (0.001449458033557077% above average 157054.7235576923)
Max number of processor patches = 18 (67.29222520107238% above average 10.75961538461539)
Max number of faces between processors = 145589 (637.2215868230381% above average 19748.33653846154)

Time = constant
--> FOAM Warning : 
    From bool Foam::IOobject::readHeader(Foam::dictionary&, Foam::Istream&)
    in file db/IOobject/IOobjectReadHeader.C at line 118
    Reading "constant/README.md" at line 1
    First token could not be read or is not 'FoamFile'

Check header is of the form:

/*--------------------------------*- C++ -*----------------------------------*\
| =========                 |                                                 |
| \\      /  F ield         | OpenFOAM: The Open Source CFD Toolbox           |
|  \\    /   O peration     | Version:  2512                                  |
|   \\  /    A nd           | Website:  www.openfoam.com                      |
|    \\/     M anipulation  |                                                 |
\*---------------------------------------------------------------------------*/
FoamFile
{
    version     2.0;
    format      ascii;
    arch        "LSB;label=32;scalar=64";
    class       IOobject;
    location    "constant";
    object      README.md;
}
// * * * * * * * * * * * * * * * * * * * * * * * * * * * * * * * * * * * * * //


Processor 0: field transfer
Processor 1: field transfer
Processor 2: field transfer
Processor 3: field transfer
Processor 4: field transfer
Processor 5: field transfer
Processor 6: field transfer
Processor 7: field transfer
Processor 8: field transfer
Processor 9: field transfer
Processor 10: field transfer
Processor 11: field transfer
Processor 12: field transfer
Processor 13: field transfer
Processor 14: field transfer
Processor 15: field transfer
Processor 16: field transfer
Processor 17: field transfer
Processor 18: field transfer
Processor 19: field transfer
Processor 20: field transfer
Processor 21: field transfer
Processor 22: field transfer
Processor 23: field transfer
Processor 24: field transfer
Processor 25: field transfer
Processor 26: field transfer
Processor 27: field transfer
Processor 28: field transfer
Processor 29: field transfer
Processor 30: field transfer
Processor 31: field transfer
Processor 32: field transfer
Processor 33: field transfer
Processor 34: field transfer
Processor 35: field transfer
Processor 36: field transfer
Processor 37: field transfer
Processor 38: field transfer
Processor 39: field transfer
Processor 40: field transfer
Processor 41: field transfer
Processor 42: field transfer
Processor 43: field transfer
Processor 44: field transfer
Processor 45: field transfer
Processor 46: field transfer
Processor 47: field transfer
Processor 48: field transfer
Processor 49: field transfer
Processor 50: field transfer
Processor 51: field transfer
Processor 52: field transfer
Processor 53: field transfer
Processor 54: field transfer
Processor 55: field transfer
Processor 56: field transfer
Processor 57: field transfer
Processor 58: field transfer
Processor 59: field transfer
Processor 60: field transfer
Processor 61: field transfer
Processor 62: field transfer
Processor 63: field transfer
Processor 64: field transfer
Processor 65: field transfer
Processor 66: field transfer
Processor 67: field transfer
Processor 68: field transfer
Processor 69: field transfer
Processor 70: field transfer
Processor 71: field transfer
Processor 72: field transfer
Processor 73: field transfer
Processor 74: field transfer
Processor 75: field transfer
Processor 76: field transfer
Processor 77: field transfer
Processor 78: field transfer
Processor 79: field transfer
Processor 80: field transfer
Processor 81: field transfer
Processor 82: field transfer
Processor 83: field transfer
Processor 84: field transfer
Processor 85: field transfer
Processor 86: field transfer
Processor 87: field transfer
Processor 88: field transfer
Processor 89: field transfer
Processor 90: field transfer
Processor 91: field transfer
Processor 92: field transfer
Processor 93: field transfer
Processor 94: field transfer
Processor 95: field transfer
Processor 96: field transfer
Processor 97: field transfer
Processor 98: field transfer
Processor 99: field transfer
Processor 100: field transfer
Processor 101: field transfer
Processor 102: field transfer
Processor 103: field transfer
Processor 104: field transfer
Processor 105: field transfer
Processor 106: field transfer
Processor 107: field transfer
Processor 108: field transfer
Processor 109: field transfer
Processor 110: field transfer
Processor 111: field transfer
Processor 112: field transfer
Processor 113: field transfer
Processor 114: field transfer
Processor 115: field transfer
Processor 116: field transfer
Processor 117: field transfer
Processor 118: field transfer
Processor 119: field transfer
Processor 120: field transfer
Processor 121: field transfer
Processor 122: field transfer
Processor 123: field transfer
Processor 124: field transfer
Processor 125: field transfer
Processor 126: field transfer
Processor 127: field transfer
Processor 128: field transfer
Processor 129: field transfer
Processor 130: field transfer
Processor 131: field transfer
Processor 132: field transfer
Processor 133: field transfer
Processor 134: field transfer
Processor 135: field transfer
Processor 136: field transfer
Processor 137: field transfer
Processor 138: field transfer
Processor 139: field transfer
Processor 140: field transfer
Processor 141: field transfer
Processor 142: field transfer
Processor 143: field transfer
Processor 144: field transfer
Processor 145: field transfer
Processor 146: field transfer
Processor 147: field transfer
Processor 148: field transfer
Processor 149: field transfer
Processor 150: field transfer
Processor 151: field transfer
Processor 152: field transfer
Processor 153: field transfer
Processor 154: field transfer
Processor 155: field transfer
Processor 156: field transfer
Processor 157: field transfer
Processor 158: field transfer
Processor 159: field transfer
Processor 160: field transfer
Processor 161: field transfer
Processor 162: field transfer
Processor 163: field transfer
Processor 164: field transfer
Processor 165: field transfer
Processor 166: field transfer
Processor 167: field transfer
Processor 168: field transfer
Processor 169: field transfer
Processor 170: field transfer
Processor 171: field transfer
Processor 172: field transfer
Processor 173: field transfer
Processor 174: field transfer
Processor 175: field transfer
Processor 176: field transfer
Processor 177: field transfer
Processor 178: field transfer
Processor 179: field transfer
Processor 180: field transfer
Processor 181: field transfer
Processor 182: field transfer
Processor 183: field transfer
Processor 184: field transfer
Processor 185: field transfer
Processor 186: field transfer
Processor 187: field transfer
Processor 188: field transfer
Processor 189: field transfer
Processor 190: field transfer
Processor 191: field transfer
Processor 192: field transfer
Processor 193: field transfer
Processor 194: field transfer
Processor 195: field transfer
Processor 196: field transfer
Processor 197: field transfer
Processor 198: field transfer
Processor 199: field transfer
Processor 200: field transfer
Processor 201: field transfer
Processor 202: field transfer
Processor 203: field transfer
Processor 204: field transfer
Processor 205: field transfer
Processor 206: field transfer
Processor 207: field transfer
Processor 208: field transfer
Processor 209: field transfer
Processor 210: field transfer
Processor 211: field transfer
Processor 212: field transfer
Processor 213: field transfer
Processor 214: field transfer
Processor 215: field transfer
Processor 216: field transfer
Processor 217: field transfer
Processor 218: field transfer
Processor 219: field transfer
Processor 220: field transfer
Processor 221: field transfer
Processor 222: field transfer
Processor 223: field transfer
Processor 224: field transfer
Processor 225: field transfer
Processor 226: field transfer
Processor 227: field transfer
Processor 228: field transfer
Processor 229: field transfer
Processor 230: field transfer
Processor 231: field transfer
Processor 232: field transfer
Processor 233: field transfer
Processor 234: field transfer
Processor 235: field transfer
Processor 236: field transfer
Processor 237: field transfer
Processor 238: field transfer
Processor 239: field transfer
Processor 240: field transfer
Processor 241: field transfer
Processor 242: field transfer
Processor 243: field transfer
Processor 244: field transfer
Processor 245: field transfer
Processor 246: field transfer
Processor 247: field transfer
Processor 248: field transfer
Processor 249: field transfer
Processor 250: field transfer
Processor 251: field transfer
Processor 252: field transfer
Processor 253: field transfer
Processor 254: field transfer
Processor 255: field transfer
Processor 256: field transfer
Processor 257: field transfer
Processor 258: field transfer
Processor 259: field transfer
Processor 260: field transfer
Processor 261: field transfer
Processor 262: field transfer
Processor 263: field transfer
Processor 264: field transfer
Processor 265: field transfer
Processor 266: field transfer
Processor 267: field transfer
Processor 268: field transfer
Processor 269: field transfer
Processor 270: field transfer
Processor 271: field transfer
Processor 272: field transfer
Processor 273: field transfer
Processor 274: field transfer
Processor 275: field transfer
Processor 276: field transfer
Processor 277: field transfer
Processor 278: field transfer
Processor 279: field transfer
Processor 280: field transfer
Processor 281: field transfer
Processor 282: field transfer
Processor 283: field transfer
Processor 284: field transfer
Processor 285: field transfer
Processor 286: field transfer
Processor 287: field transfer
Processor 288: field transfer
Processor 289: field transfer
Processor 290: field transfer
Processor 291: field transfer
Processor 292: field transfer
Processor 293: field transfer
Processor 294: field transfer
Processor 295: field transfer
Processor 296: field transfer
Processor 297: field transfer
Processor 298: field transfer
Processor 299: field transfer
Processor 300: field transfer
Processor 301: field transfer
Processor 302: field transfer
Processor 303: field transfer
Processor 304: field transfer
Processor 305: field transfer
Processor 306: field transfer
Processor 307: field transfer
Processor 308: field transfer
Processor 309: field transfer
Processor 310: field transfer
Processor 311: field transfer
Processor 312: field transfer
Processor 313: field transfer
Processor 314: field transfer
Processor 315: field transfer
Processor 316: field transfer
Processor 317: field transfer
Processor 318: field transfer
Processor 319: field transfer
Processor 320: field transfer
Processor 321: field transfer
Processor 322: field transfer
Processor 323: field transfer
Processor 324: field transfer
Processor 325: field transfer
Processor 326: field transfer
Processor 327: field transfer
Processor 328: field transfer
Processor 329: field transfer
Processor 330: field transfer
Processor 331: field transfer
Processor 332: field transfer
Processor 333: field transfer
Processor 334: field transfer
Processor 335: field transfer
Processor 336: field transfer
Processor 337: field transfer
Processor 338: field transfer
Processor 339: field transfer
Processor 340: field transfer
Processor 341: field transfer
Processor 342: field transfer
Processor 343: field transfer
Processor 344: field transfer
Processor 345: field transfer
Processor 346: field transfer
Processor 347: field transfer
Processor 348: field transfer
Processor 349: field transfer
Processor 350: field transfer
Processor 351: field transfer
Processor 352: field transfer
Processor 353: field transfer
Processor 354: field transfer
Processor 355: field transfer
Processor 356: field transfer
Processor 357: field transfer
Processor 358: field transfer
Processor 359: field transfer
Processor 360: field transfer
Processor 361: field transfer
Processor 362: field transfer
Processor 363: field transfer
Processor 364: field transfer
Processor 365: field transfer
Processor 366: field transfer
Processor 367: field transfer
Processor 368: field transfer
Processor 369: field transfer
Processor 370: field transfer
Processor 371: field transfer
Processor 372: field transfer
Processor 373: field transfer
Processor 374: field transfer
Processor 375: field transfer
Processor 376: field transfer
Processor 377: field transfer
Processor 378: field transfer
Processor 379: field transfer
Processor 380: field transfer
Processor 381: field transfer
Processor 382: field transfer
Processor 383: field transfer
Processor 384: field transfer
Processor 385: field transfer
Processor 386: field transfer
Processor 387: field transfer
Processor 388: field transfer
Processor 389: field transfer
Processor 390: field transfer
Processor 391: field transfer
Processor 392: field transfer
Processor 393: field transfer
Processor 394: field transfer
Processor 395: field transfer
Processor 396: field transfer
Processor 397: field transfer
Processor 398: field transfer
Processor 399: field transfer
Processor 400: field transfer
Processor 401: field transfer
Processor 402: field transfer
Processor 403: field transfer
Processor 404: field transfer
Processor 405: field transfer
Processor 406: field transfer
Processor 407: field transfer
Processor 408: field transfer
Processor 409: field transfer
Processor 410: field transfer
Processor 411: field transfer
Processor 412: field transfer
Processor 413: field transfer
Processor 414: field transfer
Processor 415: field transfer

End

