/*---------------------------------------------------------------------------*\
| =========                 |                                                 |
| \\      /  F ield         | OpenFOAM: The Open Source CFD Toolbox           |
|  \\    /   O peration     | Version:  2512                                  |
|   \\  /    A nd           | Website:  www.openfoam.com                      |
|    \\/     M anipulation  |                                                 |
\*---------------------------------------------------------------------------*/
Build  : _87ed40d256-20251219 OPENFOAM=2512 version=v2512
Arch   : "LSB;label=32;scalar=64"
Exec   : simpleFoam -parallel
Date   : Oct 06 2026
Time   : 07:45:32
Host   : gadi-cpu-spr-0458.gadi.nci.org.au
PID    : 2969505
I/O    : uncollated
Case   : /scratch/vp91/pz7344/openfoam-occ-drivaer/runs/vanilla-4node.180554003
nProcs : 416
Hosts  :
(
    (gadi-cpu-spr-0458.gadi.nci.org.au 104)
    (gadi-cpu-spr-0459.gadi.nci.org.au 104)
    (gadi-cpu-spr-0460.gadi.nci.org.au 104)
    (gadi-cpu-spr-0461.gadi.nci.org.au 104)
)
Pstream initialized with:
    node communication : on [type=host] (416 ranks, 4 nodes)
    topology controls  : none
    consensus exchange : 0 (tuning: 0)
    exchange algorithm : 0
    commsType          : nonBlocking
    polling iterations : 0
trapFpe: Floating point exception trapping enabled (FOAM_SIGFPE).
memory pool : not available
fileModificationChecking : Monitoring run-time modified files using timeStampMaster (fileModificationSkew 5, maxFileModificationPolls 20)
allowSystemOperations : Allowing user-supplied system call operations

// * * * * * * * * * * * * * * * * * * * * * * * * * * * * * * * * * * * * * //
Create time

Create mesh for time = 0


SIMPLE: no convergence criteria found. Calculations will run for 150 steps.

Reading field p

Reading field U

Reading/calculating face flux field phi

Selecting incompressible transport model Newtonian
Selecting turbulence model type RAS
Selecting RAS turbulence model kOmegaSST
Selecting patchDistMethod meshWave
RAS
{
    RASModel        kOmegaSST;
    turbulence      on;
    printCoeffs     on;
    alphaK1         0.85;
    alphaK2         1;
    alphaOmega1     0.5;
    alphaOmega2     0.856;
    gamma1          0.5555555555555556;
    gamma2          0.44;
    beta1           0.075;
    beta2           0.0828;
    betaStar        0.09;
    a1              0.31;
    b1              1;
    c1              10;
    F3              false;
    decayControl    false;
    kInf            0;
    omegaInf        0;
}

No MRF models present

Creating finite-volume options from "system/fvOptions"

Selecting finite volume options type velocityDampingConstraint
    Source: velocityDamping
    State: active
    - selecting all cells
    - selected 65334765 cell(s) with volume 105593.550356511

Starting time loop

Using dynamicCode for functionObject wallClockTimeStatistics at line 95 in "/scratch/vp91/pz7344/openfoam-occ-drivaer/runs/vanilla-4node.180554003/system/controlDict/functions/wallClockTimeStatistics"
Could not load "/scratch/vp91/pz7344/openfoam-occ-drivaer/runs/vanilla-4node.180554003/dynamicCode/platforms/linux64GccDPInt32Opt/lib/libwallClockTimeStatistics_6e8d888ad28997c1bc9eebd1c08a1a15774516a4.so"
/scratch/vp91/pz7344/openfoam-occ-drivaer/runs/vanilla-4node.180554003/dynamicCode/platforms/linux64GccDPInt32Opt/lib/libwallClockTimeStatistics_6e8d888ad28997c1bc9eebd1c08a1a15774516a4.so: cannot open shared object file: No such file or directory
Creating new library in "dynamicCode/wallClockTimeStatistics/platforms/linux64GccDPInt32Opt/lib/libwallClockTimeStatistics_6e8d888ad28997c1bc9eebd1c08a1a15774516a4.so"
Invoking wmake libso /scratch/vp91/pz7344/openfoam-occ-drivaer/runs/vanilla-4node.180554003/dynamicCode/wallClockTimeStatistics
wmake libso /scratch/vp91/pz7344/openfoam-occ-drivaer/runs/vanilla-4node.180554003/dynamicCode/wallClockTimeStatistics
    ln: ./lnInclude
    dep: functionObjectTemplate.C
    Ctoo: functionObjectTemplate.C
    link: /scratch/vp91/pz7344/openfoam-occ-drivaer/runs/vanilla-4node.180554003/dynamicCode/wallClockTimeStatistics/../platforms/linux64GccDPInt32Opt/lib/libwallClockTimeStatistics_6e8d888ad28997c1bc9eebd1c08a1a15774516a4.so
forceCoeffs forceCoeffsAll:
    rho: rhoInf
    Freestream density (rhoInf) set to 1
    Not including porosity effects
    magUInf: 38.889
    lRef   : 2.78618
    Aref   : 2.17
    rhoInf : 1
    Selecting all coefficients
    - Drag force: Cd
    - Drag force front: Cd(f)
    - Drag force rear: Cd(r)
    - Lift force: Cl
    - Lift force front: Cl(f)
    - Lift force rear: Cl(r)
    - Pitch moment: CmPitch
    - Roll moment: CmRoll
    - Yaw moment: CmYaw
    - Side force: Cs
    - Side force front: Cs(f)
    - Side force rear: Cs(r)


pressure calc_cp:
    Operating mode: staticCoeff
    Not including hydrostatic effects

wallShearStress wallShearStress:
    processing (47) wall patches:
        BodyA-Pillar
        BodyDoorhandles
        BodyFasciafront1
        BodyFasciafront2
        BodyFender
        BodyHeadlamps
        BodyHood
        BodyRear
        BodyRearAccess
        BodyRocker
        BodyRoof
        BodySide
        BodyWindowfront
        BodyWindowfrontframe
        BodyWindowSide
        BodyWindowsideframe
        Mirrors1
        Mirrors2
        ClosedGrillLowerInsert
        ClosedGrillUpperInsert
        OCDADetailedUnderbody
        EngineUndershield
        Tiresfront
        Tiresrear
        WheelSupportfront1
        WheelSupportfront2
        WheelSupportrear
        Powertrain
        ExhaustSystem1
        ExhaustSystem2
        ExhaustSystem3
        NotchbackB-Pillar
        NotchbackBodyside
        NotchbackC-Pillar
        NotchbackRoof
        NotchbackTrunk
        NotchbackWindowrear
        NotchbackWindowrearframe
        NotchbackWindowside
        NotchbackWindowsideframe
        CTRL_SURFACE_Outlet
        CTRL_SURFACE_Wheelhouse_LHS
        CTRL_SURFACE_Wheelshouse_RHS
        Rimsfront
        Rimsrear
        BrakeDiscfront
        BrakeDiscrear

Time = 1

velocityDampingConstraint velocityDamping damped 12 (0%) of cells, with max limit 300
smoothSolver:  Solving for Ux, Initial residual = 0.006760803542877425, Final residual = 0.0005868908579944496, No Iterations 15
smoothSolver:  Solving for Uy, Initial residual = 0.4375545337179617, Final residual = 0.01678371919829898, No Iterations 15
smoothSolver:  Solving for Uz, Initial residual = 0.2962977456237506, Final residual = 0.01409752951444063, No Iterations 15
GAMG:  Solving for p, Initial residual = 1, Final residual = 0.09953990747105908, No Iterations 12
time step continuity errors : sum local = 0.0007412508755511394, global = -3.947783796028875e-05, cumulative = -3.947783796028875e-05
smoothSolver:  Solving for omega, Initial residual = 0.01764019313490498, Final residual = 1.833487703907501e-06, No Iterations 8
bounding omega, min: -480.5079594589233 max: 45356108.6759919 average: 2412.552537537793
smoothSolver:  Solving for k, Initial residual = 0.9999999999930783, Final residual = 0.0002861528507234136, No Iterations 8
ExecutionTime = 7.99 s  ClockTime = 18 s

Time = 2

velocityDampingConstraint velocityDamping damped 0 (0%) of cells, with max limit 300
smoothSolver:  Solving for Ux, Initial residual = 0.003494752095641865, Final residual = 0.000224188274287613, No Iterations 15
smoothSolver:  Solving for Uy, Initial residual = 0.1625634058961997, Final residual = 0.009266229651409011, No Iterations 15
smoothSolver:  Solving for Uz, Initial residual = 0.08262397829348668, Final residual = 0.005052997346755525, No Iterations 15
GAMG:  Solving for p, Initial residual = 0.008640867372602157, Final residual = 0.0007520459262517588, No Iterations 12
time step continuity errors : sum local = 0.0004508483988693364, global = -6.154938064893345e-06, cumulative = -4.56327760251821e-05
smoothSolver:  Solving for omega, Initial residual = 0.007616303861331257, Final residual = 2.845053696290619e-06, No Iterations 8
smoothSolver:  Solving for k, Initial residual = 0.1591292097477007, Final residual = 0.0001065414344732545, No Iterations 8
ExecutionTime = 10.35 s  ClockTime = 20 s

Wall-clock time elapsed during the current time step = 2.487064074 s

Time = 3

velocityDampingConstraint velocityDamping damped 0 (0%) of cells, with max limit 300
smoothSolver:  Solving for Ux, Initial residual = 0.001861951383725059, Final residual = 0.0001155951220061548, No Iterations 15
smoothSolver:  Solving for Uy, Initial residual = 0.09691602309436613, Final residual = 0.006187850843321388, No Iterations 15
smoothSolver:  Solving for Uz, Initial residual = 0.03420804917485971, Final residual = 0.002051528526936291, No Iterations 15
GAMG:  Solving for p, Initial residual = 0.005683246217334397, Final residual = 0.0003354188380172938, No Iterations 12
time step continuity errors : sum local = 0.0002849414543600576, global = 1.550833762600788e-06, cumulative = -4.408194226258131e-05
smoothSolver:  Solving for omega, Initial residual = 0.003719934001258249, Final residual = 3.013073792331424e-06, No Iterations 8
smoothSolver:  Solving for k, Initial residual = 0.05415869031721753, Final residual = 6.138566903334491e-05, No Iterations 8
ExecutionTime = 12.7 s  ClockTime = 23 s

Wall-clock time elapsed during the current time step = 2.43895041 s

Time = 4

velocityDampingConstraint velocityDamping damped 0 (0%) of cells, with max limit 300
smoothSolver:  Solving for Ux, Initial residual = 0.001245324940796234, Final residual = 7.652561779784251e-05, No Iterations 15
smoothSolver:  Solving for Uy, Initial residual = 0.07258806541180117, Final residual = 0.004528723591972782, No Iterations 15
smoothSolver:  Solving for Uz, Initial residual = 0.01912095506290471, Final residual = 0.001101616683296291, No Iterations 15
GAMG:  Solving for p, Initial residual = 0.004706591060927072, Final residual = 0.0002296947621868293, No Iterations 12
time step continuity errors : sum local = 0.0002145340499439054, global = -5.816028662621151e-07, cumulative = -4.466354512884342e-05
smoothSolver:  Solving for omega, Initial residual = 0.002002744455945359, Final residual = 2.569102251376747e-06, No Iterations 8
smoothSolver:  Solving for k, Initial residual = 0.02209245501655022, Final residual = 3.499295044883236e-05, No Iterations 8
ExecutionTime = 15.2 s  ClockTime = 25 s

Wall-clock time elapsed during the current time step = 2.573481737 s

Time = 5

velocityDampingConstraint velocityDamping damped 0 (0%) of cells, with max limit 300
smoothSolver:  Solving for Ux, Initial residual = 0.000988656650475225, Final residual = 5.681672090708273e-05, No Iterations 15
smoothSolver:  Solving for Uy, Initial residual = 0.05766945326033767, Final residual = 0.003536131640246372, No Iterations 15
smoothSolver:  Solving for Uz, Initial residual = 0.01353062543241296, Final residual = 0.0007607846834529903, No Iterations 15
GAMG:  Solving for p, Initial residual = 0.004286153618658808, Final residual = 0.0001660403059876881, No Iterations 12
time step continuity errors : sum local = 0.0001587528113436763, global = -2.748220514886599e-06, cumulative = -4.741176564373002e-05
smoothSolver:  Solving for omega, Initial residual = 0.001202654616803829, Final residual = 2.026104018558641e-06, No Iterations 8
smoothSolver:  Solving for k, Initial residual = 0.009997076679422274, Final residual = 1.971979260489739e-05, No Iterations 8
ExecutionTime = 17.61 s  ClockTime = 28 s

Wall-clock time elapsed during the current time step = 2.481198048 s

Time = 6

velocityDampingConstraint velocityDamping damped 0 (0%) of cells, with max limit 300
smoothSolver:  Solving for Ux, Initial residual = 0.0008500784781165114, Final residual = 4.691899709906699e-05, No Iterations 15
smoothSolver:  Solving for Uy, Initial residual = 0.049313793265104, Final residual = 0.002975245663023814, No Iterations 15
smoothSolver:  Solving for Uz, Initial residual = 0.01127211353989961, Final residual = 0.0006203515332811422, No Iterations 15
GAMG:  Solving for p, Initial residual = 0.004014081858700523, Final residual = 0.0001202255383488803, No Iterations 12
time step continuity errors : sum local = 0.0001169561114379185, global = -2.492254766339585e-06, cumulative = -4.990402041006961e-05
smoothSolver:  Solving for omega, Initial residual = 0.0007981691929010071, Final residual = 1.587189646843425e-06, No Iterations 8
smoothSolver:  Solving for k, Initial residual = 0.005051289893881722, Final residual = 1.14739609299953e-05, No Iterations 8
ExecutionTime = 20.02 s  ClockTime = 30 s

Wall-clock time elapsed during the current time step = 2.479712843 s

Time = 7

velocityDampingConstraint velocityDamping damped 0 (0%) of cells, with max limit 300
smoothSolver:  Solving for Ux, Initial residual = 0.000779261827827096, Final residual = 4.052477241322203e-05, No Iterations 15
smoothSolver:  Solving for Uy, Initial residual = 0.04412378468793774, Final residual = 0.002559701381510559, No Iterations 15
smoothSolver:  Solving for Uz, Initial residual = 0.01024401442680218, Final residual = 0.0005566355117603703, No Iterations 15
GAMG:  Solving for p, Initial residual = 0.003707543583476458, Final residual = 9.001312172266123e-05, No Iterations 12
time step continuity errors : sum local = 9.09571466760608e-05, global = -1.270388063525741e-06, cumulative = -5.117440847359535e-05
smoothSolver:  Solving for omega, Initial residual = 0.0005650667121094969, Final residual = 1.243211166044013e-06, No Iterations 8
smoothSolver:  Solving for k, Initial residual = 0.002932845332472757, Final residual = 7.31395150232494e-06, No Iterations 8
ExecutionTime = 22.43 s  ClockTime = 33 s

Wall-clock time elapsed during the current time step = 2.476479021 s

Time = 8

velocityDampingConstraint velocityDamping damped 0 (0%) of cells, with max limit 300
smoothSolver:  Solving for Ux, Initial residual = 0.0008105229698974598, Final residual = 3.685703067907779e-05, No Iterations 15
smoothSolver:  Solving for Uy, Initial residual = 0.03910680899946892, Final residual = 0.002182650153824562, No Iterations 15
smoothSolver:  Solving for Uz, Initial residual = 0.00965782017302471, Final residual = 0.0005182947441487478, No Iterations 15
GAMG:  Solving for p, Initial residual = 0.003398852008212457, Final residual = 6.914619688194359e-05, No Iterations 12
time step continuity errors : sum local = 7.381702019324211e-05, global = -3.089121977206876e-06, cumulative = -5.426353045080223e-05
smoothSolver:  Solving for omega, Initial residual = 0.0004209864688598413, Final residual = 9.870905096005523e-07, No Iterations 8
smoothSolver:  Solving for k, Initial residual = 0.001969030731380932, Final residual = 5.249179740520492e-06, No Iterations 8
ExecutionTime = 24.79 s  ClockTime = 35 s

Wall-clock time elapsed during the current time step = 2.426806756 s

Time = 9

velocityDampingConstraint velocityDamping damped 0 (0%) of cells, with max limit 300
smoothSolver:  Solving for Ux, Initial residual = 0.0009798503393573718, Final residual = 3.544052042990805e-05, No Iterations 15
smoothSolver:  Solving for Uy, Initial residual = 0.03460640818329138, Final residual = 0.001859772084432675, No Iterations 15
smoothSolver:  Solving for Uz, Initial residual = 0.00933196856161723, Final residual = 0.0004887640497442048, No Iterations 15
GAMG:  Solving for p, Initial residual = 0.00316743989712323, Final residual = 6.668123199398748e-05, No Iterations 12
time step continuity errors : sum local = 7.467404178488463e-05, global = -1.202960966600328e-05, cumulative = -6.629314011680551e-05
smoothSolver:  Solving for omega, Initial residual = 0.000327990573273789, Final residual = 8.006064000005584e-07, No Iterations 8
smoothSolver:  Solving for k, Initial residual = 0.001435010119582325, Final residual = 3.772178234758502e-06, No Iterations 8
ExecutionTime = 27.19 s  ClockTime = 38 s

Wall-clock time elapsed during the current time step = 2.452692068 s

Time = 10

velocityDampingConstraint velocityDamping damped 0 (0%) of cells, with max limit 300
smoothSolver:  Solving for Ux, Initial residual = 0.001097634534707945, Final residual = 3.296036774779487e-05, No Iterations 15
smoothSolver:  Solving for Uy, Initial residual = 0.03182055904651954, Final residual = 0.001636841322463258, No Iterations 15
smoothSolver:  Solving for Uz, Initial residual = 0.009628787083537236, Final residual = 0.0004814151114907852, No Iterations 15
GAMG:  Solving for p, Initial residual = 0.003023545930069595, Final residual = 6.718568958549964e-05, No Iterations 12
time step continuity errors : sum local = 7.724564541518089e-05, global = -1.560108635229744e-05, cumulative = -8.189422646910295e-05
smoothSolver:  Solving for omega, Initial residual = 0.000265442247823773, Final residual = 6.638867929215176e-07, No Iterations 8
smoothSolver:  Solving for k, Initial residual = 0.00112211515951229, Final residual = 2.851937584087295e-06, No Iterations 8
ExecutionTime = 29.52 s  ClockTime = 40 s

Wall-clock time elapsed during the current time step = 2.389689698 s

Time = 11

velocityDampingConstraint velocityDamping damped 0 (0%) of cells, with max limit 300
smoothSolver:  Solving for Ux, Initial residual = 0.001046686822219277, Final residual = 2.834947239337893e-05, No Iterations 15
smoothSolver:  Solving for Uy, Initial residual = 0.03012234048306472, Final residual = 0.00148936051838786, No Iterations 15
smoothSolver:  Solving for Uz, Initial residual = 0.009973528278976598, Final residual = 0.000483590950107157, No Iterations 15
GAMG:  Solving for p, Initial residual = 0.002915165527672459, Final residual = 5.549394605969111e-05, No Iterations 12
time step continuity errors : sum local = 6.41557064045213e-05, global = -9.322977270533662e-06, cumulative = -9.121720373963662e-05
smoothSolver:  Solving for omega, Initial residual = 0.0002217407357248919, Final residual = 5.624049878449492e-07, No Iterations 8
bounding omega, min: -5609.016020015108 max: 45356130.84214597 average: 5189.454498495055
smoothSolver:  Solving for k, Initial residual = 0.0009339389155353829, Final residual = 2.288577599639027e-06, No Iterations 8
ExecutionTime = 31.87 s  ClockTime = 43 s

Wall-clock time elapsed during the current time step = 2.398067457 s

Time = 12

velocityDampingConstraint velocityDamping damped 0 (0%) of cells, with max limit 300
smoothSolver:  Solving for Ux, Initial residual = 0.0009556238506539174, Final residual = 2.52983041799701e-05, No Iterations 15
smoothSolver:  Solving for Uy, Initial residual = 0.02846713131358249, Final residual = 0.001382759616321595, No Iterations 15
smoothSolver:  Solving for Uz, Initial residual = 0.009651163254173745, Final residual = 0.0004677459419510669, No Iterations 15
GAMG:  Solving for p, Initial residual = 0.002828611972414638, Final residual = 4.883377747451215e-05, No Iterations 12
time step continuity errors : sum local = 5.616078387151523e-05, global = -4.709815690070007e-06, cumulative = -9.592701942970663e-05
smoothSolver:  Solving for omega, Initial residual = 0.0001905440431609382, Final residual = 4.858912622277275e-07, No Iterations 8
bounding omega, min: -24487.04165789313 max: 45356196.49550534 average: 5344.291459914625
smoothSolver:  Solving for k, Initial residual = 0.0008244267184746826, Final residual = 1.944912006417597e-06, No Iterations 8
ExecutionTime = 34.21 s  ClockTime = 45 s

Wall-clock time elapsed during the current time step = 2.397925668 s

Time = 13

velocityDampingConstraint velocityDamping damped 0 (0%) of cells, with max limit 300
smoothSolver:  Solving for Ux, Initial residual = 0.0008560357816776424, Final residual = 2.361836956303103e-05, No Iterations 15
smoothSolver:  Solving for Uy, Initial residual = 0.02705871475632195, Final residual = 0.001300460863964554, No Iterations 15
smoothSolver:  Solving for Uz, Initial residual = 0.009436855041526011, Final residual = 0.0004514271885513919, No Iterations 15
GAMG:  Solving for p, Initial residual = 0.002767906851121132, Final residual = 4.490638751319798e-05, No Iterations 12
time step continuity errors : sum local = 5.123707723715422e-05, global = -2.813471828599804e-06, cumulative = -9.874049125830643e-05
smoothSolver:  Solving for omega, Initial residual = 0.0001677598772421535, Final residual = 4.273303535678688e-07, No Iterations 8
smoothSolver:  Solving for k, Initial residual = 0.0007566250668023302, Final residual = 1.708832011470003e-06, No Iterations 8
ExecutionTime = 36.56 s  ClockTime = 47 s

Wall-clock time elapsed during the current time step = 2.395057906 s

Time = 14

velocityDampingConstraint velocityDamping damped 0 (0%) of cells, with max limit 300
smoothSolver:  Solving for Ux, Initial residual = 0.0007641324397960639, Final residual = 2.270752327988803e-05, No Iterations 15
smoothSolver:  Solving for Uy, Initial residual = 0.02611536468050972, Final residual = 0.001239552835164995, No Iterations 15
smoothSolver:  Solving for Uz, Initial residual = 0.009452240809370183, Final residual = 0.0004410394261741386, No Iterations 15
GAMG:  Solving for p, Initial residual = 0.002724927309878616, Final residual = 4.129410658682203e-05, No Iterations 12
time step continuity errors : sum local = 4.686389067602541e-05, global = -2.486765084843893e-06, cumulative = -0.0001012272563431503
smoothSolver:  Solving for omega, Initial residual = 0.0001498010568991342, Final residual = 3.811082701127076e-07, No Iterations 8
smoothSolver:  Solving for k, Initial residual = 0.0006963760741317028, Final residual = 1.513244953695673e-06, No Iterations 8
ExecutionTime = 38.93 s  ClockTime = 50 s

Wall-clock time elapsed during the current time step = 2.408977247 s

Time = 15

velocityDampingConstraint velocityDamping damped 0 (0%) of cells, with max limit 300
smoothSolver:  Solving for Ux, Initial residual = 0.0006879914912813051, Final residual = 2.211820477963007e-05, No Iterations 15
smoothSolver:  Solving for Uy, Initial residual = 0.02571371054098658, Final residual = 0.001197809000339971, No Iterations 15
smoothSolver:  Solving for Uz, Initial residual = 0.009643055446441735, Final residual = 0.0004383779945229716, No Iterations 15
GAMG:  Solving for p, Initial residual = 0.002674431592998844, Final residual = 3.744146239248483e-05, No Iterations 12
time step continuity errors : sum local = 4.251356610271405e-05, global = -2.637974491713405e-06, cumulative = -0.0001038652308348637
smoothSolver:  Solving for omega, Initial residual = 0.0001336539672785609, Final residual = 3.367447843162911e-07, No Iterations 8
smoothSolver:  Solving for k, Initial residual = 0.0006360003901749401, Final residual = 1.323726622578469e-06, No Iterations 8
ExecutionTime = 41.27 s  ClockTime = 52 s

Wall-clock time elapsed during the current time step = 2.394467676 s

Time = 16

velocityDampingConstraint velocityDamping damped 0 (0%) of cells, with max limit 300
smoothSolver:  Solving for Ux, Initial residual = 0.000628252421255495, Final residual = 2.1579457037526e-05, No Iterations 15
smoothSolver:  Solving for Uy, Initial residual = 0.02557902938408646, Final residual = 0.001166413713440079, No Iterations 15
smoothSolver:  Solving for Uz, Initial residual = 0.009948183947590523, Final residual = 0.0004422212327512997, No Iterations 15
GAMG:  Solving for p, Initial residual = 0.00260887452944524, Final residual = 3.369021607945362e-05, No Iterations 12
time step continuity errors : sum local = 3.852001004496689e-05, global = -2.677336911621826e-06, cumulative = -0.0001065425677464856
smoothSolver:  Solving for omega, Initial residual = 0.0001198381621471358, Final residual = 2.975638642662505e-07, No Iterations 8
smoothSolver:  Solving for k, Initial residual = 0.0005816834324779939, Final residual = 1.164888341104214e-06, No Iterations 8
ExecutionTime = 43.62 s  ClockTime = 55 s

Wall-clock time elapsed during the current time step = 2.399745616 s

Time = 17

velocityDampingConstraint velocityDamping damped 0 (0%) of cells, with max limit 300
smoothSolver:  Solving for Ux, Initial residual = 0.0005821878880036046, Final residual = 2.108948118399619e-05, No Iterations 15
smoothSolver:  Solving for Uy, Initial residual = 0.02548818013466383, Final residual = 0.001138406203257055, No Iterations 15
smoothSolver:  Solving for Uz, Initial residual = 0.01028598996453504, Final residual = 0.000449719412544106, No Iterations 15
GAMG:  Solving for p, Initial residual = 0.002537861174260924, Final residual = 2.985190671435403e-05, No Iterations 12
time step continuity errors : sum local = 3.449059472713418e-05, global = -2.433631266670041e-06, cumulative = -0.0001089761990131556
smoothSolver:  Solving for omega, Initial residual = 0.0001094708399612549, Final residual = 2.671761844313465e-07, No Iterations 8
smoothSolver:  Solving for k, Initial residual = 0.0005420847993226653, Final residual = 1.054304332061912e-06, No Iterations 8
ExecutionTime = 45.96 s  ClockTime = 57 s

Wall-clock time elapsed during the current time step = 2.373661608 s

Time = 18

velocityDampingConstraint velocityDamping damped 0 (0%) of cells, with max limit 300
smoothSolver:  Solving for Ux, Initial residual = 0.0005468468005300403, Final residual = 2.055856721791187e-05, No Iterations 15
smoothSolver:  Solving for Uy, Initial residual = 0.02534060482882112, Final residual = 0.001110524870580249, No Iterations 15
smoothSolver:  Solving for Uz, Initial residual = 0.01063796988798624, Final residual = 0.0004584643031132252, No Iterations 15
GAMG:  Solving for p, Initial residual = 0.002475916586041428, Final residual = 2.571930272102308e-05, No Iterations 12
time step continuity errors : sum local = 2.99986858645552e-05, global = -1.984480530531956e-06, cumulative = -0.0001109606795436876
smoothSolver:  Solving for omega, Initial residual = 0.0001023539394318223, Final residual = 2.463002941921442e-07, No Iterations 8
smoothSolver:  Solving for k, Initial residual = 0.0005127772464664367, Final residual = 9.713110054938701e-07, No Iterations 8
ExecutionTime = 48.3 s  ClockTime = 59 s

Wall-clock time elapsed during the current time step = 2.389866412 s

Time = 19

velocityDampingConstraint velocityDamping damped 0 (0%) of cells, with max limit 300
smoothSolver:  Solving for Ux, Initial residual = 0.0005185456060984388, Final residual = 2.013918759990332e-05, No Iterations 15
smoothSolver:  Solving for Uy, Initial residual = 0.0251243623248598, Final residual = 0.001083936123405677, No Iterations 15
smoothSolver:  Solving for Uz, Initial residual = 0.01103731556909666, Final residual = 0.0004682235404333224, No Iterations 15
GAMG:  Solving for p, Initial residual = 0.002426761357531293, Final residual = 2.23141107356904e-05, No Iterations 12
time step continuity errors : sum local = 2.615794365341036e-05, global = -1.487642545157739e-06, cumulative = -0.0001124483220888453
smoothSolver:  Solving for omega, Initial residual = 9.650307615897283e-05, Final residual = 2.290957257494129e-07, No Iterations 8
smoothSolver:  Solving for k, Initial residual = 0.0004926003321722781, Final residual = 9.128426699723943e-07, No Iterations 8
ExecutionTime = 50.66 s  ClockTime = 62 s

Wall-clock time elapsed during the current time step = 2.402575524 s

Time = 20

velocityDampingConstraint velocityDamping damped 0 (0%) of cells, with max limit 300
smoothSolver:  Solving for Ux, Initial residual = 0.0004967543258344312, Final residual = 1.988315724363888e-05, No Iterations 15
smoothSolver:  Solving for Uy, Initial residual = 0.02491619846198047, Final residual = 0.001060117516727924, No Iterations 15
smoothSolver:  Solving for Uz, Initial residual = 0.01153182973331602, Final residual = 0.000482960453460439, No Iterations 15
GAMG:  Solving for p, Initial residual = 0.002395461105589445, Final residual = 2.008104926059042e-05, No Iterations 12
time step continuity errors : sum local = 2.353276250670777e-05, global = -1.060505000374469e-06, cumulative = -0.0001135088270892198
smoothSolver:  Solving for omega, Initial residual = 9.124511666511558e-05, Final residual = 2.136681623521702e-07, No Iterations 8
smoothSolver:  Solving for k, Initial residual = 0.0004810593355378665, Final residual = 8.739934017355618e-07, No Iterations 8
ExecutionTime = 53 s  ClockTime = 64 s

Wall-clock time elapsed during the current time step = 2.384134384 s

Time = 21

velocityDampingConstraint velocityDamping damped 0 (0%) of cells, with max limit 300
smoothSolver:  Solving for Ux, Initial residual = 0.0004815999699424327, Final residual = 1.979776206939694e-05, No Iterations 15
smoothSolver:  Solving for Uy, Initial residual = 0.02470237918163002, Final residual = 0.001039378447769112, No Iterations 15
smoothSolver:  Solving for Uz, Initial residual = 0.01211147929422661, Final residual = 0.0005031837084388645, No Iterations 15
GAMG:  Solving for p, Initial residual = 0.002378538527784104, Final residual = 1.868087070943864e-05, No Iterations 12
time step continuity errors : sum local = 2.178778131355881e-05, global = -7.593189541821685e-07, cumulative = -0.0001142681460434019
smoothSolver:  Solving for omega, Initial residual = 8.653269588007244e-05, Final residual = 1.998904013077356e-07, No Iterations 8
smoothSolver:  Solving for k, Initial residual = 0.0004772428092190381, Final residual = 8.519262574821284e-07, No Iterations 8
ExecutionTime = 55.32 s  ClockTime = 66 s

Wall-clock time elapsed during the current time step = 2.36655498 s

Time = 22

velocityDampingConstraint velocityDamping damped 0 (0%) of cells, with max limit 300
smoothSolver:  Solving for Ux, Initial residual = 0.0004722460888286038, Final residual = 1.980058119762337e-05, No Iterations 15
smoothSolver:  Solving for Uy, Initial residual = 0.02450574166844176, Final residual = 0.00102600821046662, No Iterations 15
smoothSolver:  Solving for Uz, Initial residual = 0.01275616703941523, Final residual = 0.0005268022662016472, No Iterations 15
GAMG:  Solving for p, Initial residual = 0.002364753120499433, Final residual = 1.790357756372172e-05, No Iterations 12
time step continuity errors : sum local = 2.073335273331442e-05, global = -5.591483780837243e-07, cumulative = -0.0001148272944214856
smoothSolver:  Solving for omega, Initial residual = 8.235647072529286e-05, Final residual = 1.876250842596023e-07, No Iterations 8
bounding omega, min: -31.2211038557358 max: 45356104.60168514 average: 6267.723623062842
smoothSolver:  Solving for k, Initial residual = 0.000480831864747468, Final residual = 8.44741092972427e-07, No Iterations 8
ExecutionTime = 57.69 s  ClockTime = 69 s

Wall-clock time elapsed during the current time step = 2.407491278 s

Time = 23

velocityDampingConstraint velocityDamping damped 0 (0%) of cells, with max limit 300
smoothSolver:  Solving for Ux, Initial residual = 0.0004668999495059582, Final residual = 1.985346545723997e-05, No Iterations 15
smoothSolver:  Solving for Uy, Initial residual = 0.02432344501065605, Final residual = 0.001019531180238766, No Iterations 15
smoothSolver:  Solving for Uz, Initial residual = 0.01342773500715207, Final residual = 0.0005534081438569312, No Iterations 15
GAMG:  Solving for p, Initial residual = 0.002351027373524274, Final residual = 1.769524434752665e-05, No Iterations 12
time step continuity errors : sum local = 2.035111381355181e-05, global = -4.241633103907564e-07, cumulative = -0.0001152514577318764
smoothSolver:  Solving for omega, Initial residual = 7.859634150133816e-05, Final residual = 1.768238477195036e-07, No Iterations 8
smoothSolver:  Solving for k, Initial residual = 0.0004894655803456352, Final residual = 8.459710798986054e-07, No Iterations 8
ExecutionTime = 60 s  ClockTime = 71 s

Wall-clock time elapsed during the current time step = 2.355365713 s

Time = 24

velocityDampingConstraint velocityDamping damped 0 (0%) of cells, with max limit 300
smoothSolver:  Solving for Ux, Initial residual = 0.0004634510476079189, Final residual = 1.991538850827534e-05, No Iterations 15
smoothSolver:  Solving for Uy, Initial residual = 0.02412878910206165, Final residual = 0.001014531940625238, No Iterations 15
smoothSolver:  Solving for Uz, Initial residual = 0.01409731904768913, Final residual = 0.0005813138752888513, No Iterations 15
GAMG:  Solving for p, Initial residual = 0.002336549572587588, Final residual = 1.773314059306997e-05, No Iterations 12
time step continuity errors : sum local = 2.029534869998797e-05, global = -3.444074206280944e-07, cumulative = -0.0001155958651525045
smoothSolver:  Solving for omega, Initial residual = 7.525101585802762e-05, Final residual = 1.674066646801604e-07, No Iterations 8
smoothSolver:  Solving for k, Initial residual = 0.0005029522972026503, Final residual = 8.523089221300538e-07, No Iterations 8
ExecutionTime = 62.35 s  ClockTime = 74 s

Wall-clock time elapsed during the current time step = 2.398614751 s

Time = 25

velocityDampingConstraint velocityDamping damped 0 (0%) of cells, with max limit 300
smoothSolver:  Solving for Ux, Initial residual = 0.0004613926143754966, Final residual = 1.999186945312663e-05, No Iterations 15
smoothSolver:  Solving for Uy, Initial residual = 0.02388720520454852, Final residual = 0.001007168813032148, No Iterations 15
smoothSolver:  Solving for Uz, Initial residual = 0.01472295153913551, Final residual = 0.0006069974088430163, No Iterations 15
GAMG:  Solving for p, Initial residual = 0.002321202928277009, Final residual = 1.789163422884089e-05, No Iterations 12
time step continuity errors : sum local = 2.039504425813026e-05, global = -2.9168568696247e-07, cumulative = -0.000115887550839467
smoothSolver:  Solving for omega, Initial residual = 7.224298918208213e-05, Final residual = 1.591684803796684e-07, No Iterations 8
smoothSolver:  Solving for k, Initial residual = 0.0005223689380137125, Final residual = 8.644526851085626e-07, No Iterations 8
ExecutionTime = 64.68000000000001 s  ClockTime = 76 s

Wall-clock time elapsed during the current time step = 2.368383734 s

Time = 26

velocityDampingConstraint velocityDamping damped 0 (0%) of cells, with max limit 300
smoothSolver:  Solving for Ux, Initial residual = 0.000460402449195579, Final residual = 2.008361594071333e-05, No Iterations 15
smoothSolver:  Solving for Uy, Initial residual = 0.02358285182951905, Final residual = 0.0009985399229959155, No Iterations 15
smoothSolver:  Solving for Uz, Initial residual = 0.0152957167000206, Final residual = 0.0006291457040396396, No Iterations 15
GAMG:  Solving for p, Initial residual = 0.002303342386087804, Final residual = 1.797725702611594e-05, No Iterations 12
time step continuity errors : sum local = 2.039817300912739e-05, global = -2.320025127293899e-07, cumulative = -0.0001161195533521964
smoothSolver:  Solving for omega, Initial residual = 6.95211179541885e-05, Final residual = 1.518738732792749e-07, No Iterations 8
bounding omega, min: -291.3528577906519 max: 45356101.82792977 average: 6474.185998644566
smoothSolver:  Solving for k, Initial residual = 0.0005496003091308248, Final residual = 8.839884478848603e-07, No Iterations 8
ExecutionTime = 67.03 s  ClockTime = 78 s

Wall-clock time elapsed during the current time step = 2.39313242 s

Time = 27

velocityDampingConstraint velocityDamping damped 0 (0%) of cells, with max limit 300
smoothSolver:  Solving for Ux, Initial residual = 0.0004605527241950934, Final residual = 2.021355228598879e-05, No Iterations 15
smoothSolver:  Solving for Uy, Initial residual = 0.02322842095152597, Final residual = 0.0009870169675129871, No Iterations 15
smoothSolver:  Solving for Uz, Initial residual = 0.01586147395094011, Final residual = 0.0006502789322113715, No Iterations 15
GAMG:  Solving for p, Initial residual = 0.002291160396623236, Final residual = 1.824894464241778e-05, No Iterations 12
time step continuity errors : sum local = 2.059071924687825e-05, global = -1.570295440054211e-07, cumulative = -0.0001162765828962018
smoothSolver:  Solving for omega, Initial residual = 6.709620557943041e-05, Final residual = 1.454466223560758e-07, No Iterations 8
smoothSolver:  Solving for k, Initial residual = 0.0005872891361356837, Final residual = 9.135941302370507e-07, No Iterations 8
ExecutionTime = 69.33 s  ClockTime = 81 s

Wall-clock time elapsed during the current time step = 2.338117481 s

Time = 28

velocityDampingConstraint velocityDamping damped 0 (0%) of cells, with max limit 300
smoothSolver:  Solving for Ux, Initial residual = 0.0004613630091272164, Final residual = 2.029533663961381e-05, No Iterations 15
smoothSolver:  Solving for Uy, Initial residual = 0.02283299137152378, Final residual = 0.000970487848508835, No Iterations 15
smoothSolver:  Solving for Uz, Initial residual = 0.01646537759989045, Final residual = 0.0006723297431652888, No Iterations 15
GAMG:  Solving for p, Initial residual = 0.002277911041840074, Final residual = 1.906378381080414e-05, No Iterations 12
time step continuity errors : sum local = 2.141595834053063e-05, global = -7.225812371383992e-08, cumulative = -0.0001163488410199156
smoothSolver:  Solving for omega, Initial residual = 6.495266371246648e-05, Final residual = 1.397974618899228e-07, No Iterations 8
smoothSolver:  Solving for k, Initial residual = 0.0006354370728669416, Final residual = 9.499866224272877e-07, No Iterations 8
ExecutionTime = 71.65000000000001 s  ClockTime = 83 s

Wall-clock time elapsed during the current time step = 2.358643702 s

Time = 29

velocityDampingConstraint velocityDamping damped 0 (0%) of cells, with max limit 300
smoothSolver:  Solving for Ux, Initial residual = 0.000462529792940642, Final residual = 2.032348893505341e-05, No Iterations 15
smoothSolver:  Solving for Uy, Initial residual = 0.02242326365550572, Final residual = 0.0009512666294565849, No Iterations 15
smoothSolver:  Solving for Uz, Initial residual = 0.0171088535824545, Final residual = 0.0006948627935294696, No Iterations 15
GAMG:  Solving for p, Initial residual = 0.002262350124725124, Final residual = 2.010381913513494e-05, No Iterations 12
time step continuity errors : sum local = 2.256350750918421e-05, global = 1.915267014849881e-08, cumulative = -0.0001163296883497671
smoothSolver:  Solving for omega, Initial residual = 6.304060313046364e-05, Final residual = 1.347280144755635e-07, No Iterations 8
smoothSolver:  Solving for k, Initial residual = 0.0006962890735501328, Final residual = 9.806507182193961e-07, No Iterations 8
ExecutionTime = 74 s  ClockTime = 85 s

Wall-clock time elapsed during the current time step = 2.387011727 s

Time = 30

velocityDampingConstraint velocityDamping damped 0 (0%) of cells, with max limit 300
smoothSolver:  Solving for Ux, Initial residual = 0.0004641083984577036, Final residual = 2.031881511384022e-05, No Iterations 15
smoothSolver:  Solving for Uy, Initial residual = 0.0220896019446664, Final residual = 0.0009365760087118342, No Iterations 15
smoothSolver:  Solving for Uz, Initial residual = 0.01785138925392572, Final residual = 0.0007202829000414702, No Iterations 15
GAMG:  Solving for p, Initial residual = 0.002241243202671868, Final residual = 2.074236385709598e-05, No Iterations 12
time step continuity errors : sum local = 2.3333100839298e-05, global = 1.243123702001774e-07, cumulative = -0.0001162053759795669
smoothSolver:  Solving for omega, Initial residual = 6.138929055055274e-05, Final residual = 1.300802200769878e-07, No Iterations 8
smoothSolver:  Solving for k, Initial residual = 0.0007762457738099719, Final residual = 1.009008465224203e-06, No Iterations 8
ExecutionTime = 76.31999999999999 s  ClockTime = 88 s

Wall-clock time elapsed during the current time step = 2.377776515 s

Time = 31

velocityDampingConstraint velocityDamping damped 0 (0%) of cells, with max limit 300
smoothSolver:  Solving for Ux, Initial residual = 0.0004662011220786328, Final residual = 2.026104836693152e-05, No Iterations 15
smoothSolver:  Solving for Uy, Initial residual = 0.02183000824789399, Final residual = 0.0009247200783100429, No Iterations 15
smoothSolver:  Solving for Uz, Initial residual = 0.01874771707317201, Final residual = 0.0007513660841580136, No Iterations 15
GAMG:  Solving for p, Initial residual = 0.002224487339833115, Final residual = 2.044270510014595e-05, No Iterations 12
time step continuity errors : sum local = 2.307245607992473e-05, global = 2.351512930919391e-07, cumulative = -0.000115970224686475
smoothSolver:  Solving for omega, Initial residual = 5.99977024421891e-05, Final residual = 1.259006855117334e-07, No Iterations 8
smoothSolver:  Solving for k, Initial residual = 0.0008772168559200231, Final residual = 1.042631496958677e-06, No Iterations 8
ExecutionTime = 78.69 s  ClockTime = 90 s

Wall-clock time elapsed during the current time step = 2.40222064 s

Time = 32

velocityDampingConstraint velocityDamping damped 0 (0%) of cells, with max limit 300
smoothSolver:  Solving for Ux, Initial residual = 0.0004689970589878504, Final residual = 2.023696325638758e-05, No Iterations 15
smoothSolver:  Solving for Uy, Initial residual = 0.02168418032998256, Final residual = 0.0009179228943561304, No Iterations 15
smoothSolver:  Solving for Uz, Initial residual = 0.01986904437504932, Final residual = 0.0007922312953257301, No Iterations 15
GAMG:  Solving for p, Initial residual = 0.002213436429715772, Final residual = 1.927303857177355e-05, No Iterations 12
time step continuity errors : sum local = 2.18186969030992e-05, global = 3.368097930631814e-07, cumulative = -0.0001156334148934118
smoothSolver:  Solving for omega, Initial residual = 5.877882316706791e-05, Final residual = 1.221681965334979e-07, No Iterations 8
smoothSolver:  Solving for k, Initial residual = 0.0009417392322513494, Final residual = 1.076574324409799e-06, No Iterations 8
ExecutionTime = 81.02 s  ClockTime = 93 s

Wall-clock time elapsed during the current time step = 2.377341177 s

Time = 33

velocityDampingConstraint velocityDamping damped 0 (0%) of cells, with max limit 300
smoothSolver:  Solving for Ux, Initial residual = 0.0004726562518940505, Final residual = 2.030578282449008e-05, No Iterations 15
smoothSolver:  Solving for Uy, Initial residual = 0.02166182448133343, Final residual = 0.0009163420760864005, No Iterations 15
smoothSolver:  Solving for Uz, Initial residual = 0.02121275654553638, Final residual = 0.0008438860381828344, No Iterations 15
GAMG:  Solving for p, Initial residual = 0.002207163647282911, Final residual = 1.773796213642014e-05, No Iterations 12
time step continuity errors : sum local = 2.013558483274664e-05, global = 4.052011201836656e-07, cumulative = -0.0001152282137732282
smoothSolver:  Solving for omega, Initial residual = 5.765425076828362e-05, Final residual = 1.192861105850782e-07, No Iterations 8
bounding omega, min: -126.6113688325248 max: 45356074.1819982 average: 6676.493639956563
smoothSolver:  Solving for k, Initial residual = 0.0009808497034956619, Final residual = 1.109495849604872e-06, No Iterations 8
ExecutionTime = 83.39 s  ClockTime = 95 s

Wall-clock time elapsed during the current time step = 2.413935809 s

Time = 34

velocityDampingConstraint velocityDamping damped 0 (0%) of cells, with max limit 300
smoothSolver:  Solving for Ux, Initial residual = 0.0004765559042592699, Final residual = 2.042817516873148e-05, No Iterations 15
smoothSolver:  Solving for Uy, Initial residual = 0.02171958691101456, Final residual = 0.0009199486725401061, No Iterations 15
smoothSolver:  Solving for Uz, Initial residual = 0.02277175865648373, Final residual = 0.0009046345821128873, No Iterations 15
GAMG:  Solving for p, Initial residual = 0.002204434165187749, Final residual = 1.669205436122684e-05, No Iterations 12
time step continuity errors : sum local = 1.898878476695526e-05, global = 4.190382443852539e-07, cumulative = -0.0001148091755288429
smoothSolver:  Solving for omega, Initial residual = 5.666570183385725e-05, Final residual = 1.172193348634962e-07, No Iterations 8
bounding omega, min: -19548.0405915816 max: 45356067.91043402 average: 6695.315218900749
smoothSolver:  Solving for k, Initial residual = 0.001006098295289185, Final residual = 1.154133418250256e-06, No Iterations 8
ExecutionTime = 85.75 s  ClockTime = 97 s

Wall-clock time elapsed during the current time step = 2.396650429 s

Time = 35

velocityDampingConstraint velocityDamping damped 0 (0%) of cells, with max limit 300
smoothSolver:  Solving for Ux, Initial residual = 0.0004805078934177179, Final residual = 2.057967864728415e-05, No Iterations 15
smoothSolver:  Solving for Uy, Initial residual = 0.02174698334720945, Final residual = 0.0009236143008644726, No Iterations 15
smoothSolver:  Solving for Uz, Initial residual = 0.02448503386024991, Final residual = 0.0009728138432117864, No Iterations 15
GAMG:  Solving for p, Initial residual = 0.0022117818321684, Final residual = 1.638820181246924e-05, No Iterations 12
time step continuity errors : sum local = 1.864257001912876e-05, global = 3.796587579122207e-07, cumulative = -0.0001144295167709307
smoothSolver:  Solving for omega, Initial residual = 5.571549196704085e-05, Final residual = 1.151934356408899e-07, No Iterations 8
bounding omega, min: -5220.628530172408 max: 45356059.86419254 average: 6712.674235161534
smoothSolver:  Solving for k, Initial residual = 0.001021163637542154, Final residual = 1.220585001518814e-06, No Iterations 8
ExecutionTime = 88.09999999999999 s  ClockTime = 100 s

Wall-clock time elapsed during the current time step = 2.390829034 s

Time = 36

velocityDampingConstraint velocityDamping damped 0 (0%) of cells, with max limit 300
smoothSolver:  Solving for Ux, Initial residual = 0.000484668968790338, Final residual = 2.073458404984909e-05, No Iterations 15
smoothSolver:  Solving for Uy, Initial residual = 0.02172106277288286, Final residual = 0.000924518596587958, No Iterations 15
smoothSolver:  Solving for Uz, Initial residual = 0.02632690448093143, Final residual = 0.001049620028657922, No Iterations 15
GAMG:  Solving for p, Initial residual = 0.002229275329826572, Final residual = 1.664254600956294e-05, No Iterations 12
time step continuity errors : sum local = 1.888002703242919e-05, global = 3.407351171312386e-07, cumulative = -0.0001140887816537994
smoothSolver:  Solving for omega, Initial residual = 5.484717807438547e-05, Final residual = 1.13206310583459e-07, No Iterations 8
smoothSolver:  Solving for k, Initial residual = 0.001024963543199636, Final residual = 1.287328143076969e-06, No Iterations 8
ExecutionTime = 90.44 s  ClockTime = 102 s

Wall-clock time elapsed during the current time step = 2.370437987 s

Time = 37

velocityDampingConstraint velocityDamping damped 0 (0%) of cells, with max limit 300
smoothSolver:  Solving for Ux, Initial residual = 0.0004894362715227776, Final residual = 2.087210868928927e-05, No Iterations 15
smoothSolver:  Solving for Uy, Initial residual = 0.02171018887679124, Final residual = 0.0009251891656209659, No Iterations 15
smoothSolver:  Solving for Uz, Initial residual = 0.02823014138208072, Final residual = 0.001131942279133075, No Iterations 15
GAMG:  Solving for p, Initial residual = 0.002258393983380045, Final residual = 1.740151587363888e-05, No Iterations 12
time step continuity errors : sum local = 1.962740942245203e-05, global = 3.46958957306006e-07, cumulative = -0.0001137418226964934
smoothSolver:  Solving for omega, Initial residual = 5.406208534355065e-05, Final residual = 1.112945024416248e-07, No Iterations 8
bounding omega, min: -1071.399204201817 max: 45356041.74768189 average: 6743.563035176242
smoothSolver:  Solving for k, Initial residual = 0.001017730753993551, Final residual = 1.332995148904498e-06, No Iterations 8
ExecutionTime = 92.78 s  ClockTime = 105 s

Wall-clock time elapsed during the current time step = 2.382597619 s

Time = 38

velocityDampingConstraint velocityDamping damped 0 (0%) of cells, with max limit 300
smoothSolver:  Solving for Ux, Initial residual = 0.0004944460758803636, Final residual = 2.101937663108504e-05, No Iterations 15
smoothSolver:  Solving for Uy, Initial residual = 0.02176427076323381, Final residual = 0.0009263555876253418, No Iterations 15
smoothSolver:  Solving for Uz, Initial residual = 0.02999075858365272, Final residual = 0.001208345078694447, No Iterations 15
GAMG:  Solving for p, Initial residual = 0.002299149909835523, Final residual = 1.892238507368954e-05, No Iterations 12
time step continuity errors : sum local = 2.117514645037616e-05, global = 3.903713311477333e-07, cumulative = -0.0001133514513653457
smoothSolver:  Solving for omega, Initial residual = 5.338988143316458e-05, Final residual = 1.095165058795731e-07, No Iterations 8
smoothSolver:  Solving for k, Initial residual = 0.001001031803396529, Final residual = 1.362394437361017e-06, No Iterations 8
ExecutionTime = 95.11 s  ClockTime = 107 s

Wall-clock time elapsed during the current time step = 2.369573658 s

Time = 39

velocityDampingConstraint velocityDamping damped 0 (0%) of cells, with max limit 300
smoothSolver:  Solving for Ux, Initial residual = 0.000499960077988944, Final residual = 2.118845656693894e-05, No Iterations 15
smoothSolver:  Solving for Uy, Initial residual = 0.02187504221353229, Final residual = 0.0009280762703435839, No Iterations 15
smoothSolver:  Solving for Uz, Initial residual = 0.03155574962834405, Final residual = 0.001275526295152505, No Iterations 15
GAMG:  Solving for p, Initial residual = 0.002352485669078092, Final residual = 2.075777784721725e-05, No Iterations 12
time step continuity errors : sum local = 2.300777221929273e-05, global = 4.325976991832277e-07, cumulative = -0.0001129188536661625
smoothSolver:  Solving for omega, Initial residual = 5.276521514599716e-05, Final residual = 1.079198940332283e-07, No Iterations 8
bounding omega, min: -3578.781813269199 max: 45356025.66811569 average: 6768.776729703187
smoothSolver:  Solving for k, Initial residual = 0.0009778359401668509, Final residual = 1.368501931972236e-06, No Iterations 8
ExecutionTime = 97.47 s  ClockTime = 109 s

Wall-clock time elapsed during the current time step = 2.395966447 s

Time = 40

velocityDampingConstraint velocityDamping damped 0 (0%) of cells, with max limit 300
smoothSolver:  Solving for Ux, Initial residual = 0.0005057270206875455, Final residual = 2.140870625497296e-05, No Iterations 15
smoothSolver:  Solving for Uy, Initial residual = 0.0220378458036386, Final residual = 0.0009331913961078798, No Iterations 15
smoothSolver:  Solving for Uz, Initial residual = 0.0328322667675854, Final residual = 0.001329162041767383, No Iterations 15
GAMG:  Solving for p, Initial residual = 0.002410204539306959, Final residual = 2.193988483985523e-05, No Iterations 12
time step continuity errors : sum local = 2.406044563810026e-05, global = 4.587656967467731e-07, cumulative = -0.0001124600879694157
smoothSolver:  Solving for omega, Initial residual = 5.216786628904831e-05, Final residual = 1.063288710600259e-07, No Iterations 8
bounding omega, min: -2832.35950349272 max: 45356018.96759468 average: 6779.727834893434
smoothSolver:  Solving for k, Initial residual = 0.0009494968631047011, Final residual = 1.336442737725659e-06, No Iterations 8
ExecutionTime = 99.78 s  ClockTime = 112 s

Wall-clock time elapsed during the current time step = 2.362166709 s

Time = 41

velocityDampingConstraint velocityDamping damped 0 (0%) of cells, with max limit 300
smoothSolver:  Solving for Ux, Initial residual = 0.0005110680590977589, Final residual = 2.169234383385662e-05, No Iterations 15
smoothSolver:  Solving for Uy, Initial residual = 0.02221149144416671, Final residual = 0.0009416213169477157, No Iterations 15
smoothSolver:  Solving for Uz, Initial residual = 0.03385116847605579, Final residual = 0.001372197980356754, No Iterations 15
GAMG:  Solving for p, Initial residual = 0.002469130344194731, Final residual = 2.133363484831466e-05, No Iterations 12
time step continuity errors : sum local = 2.313258108017927e-05, global = 4.717309495100749e-07, cumulative = -0.0001119883570199056
smoothSolver:  Solving for omega, Initial residual = 5.155570999820273e-05, Final residual = 1.046832450489536e-07, No Iterations 8
bounding omega, min: -4775.484260112758 max: 45356012.85253516 average: 6789.979840985685
smoothSolver:  Solving for k, Initial residual = 0.0009165199360556493, Final residual = 1.27616288805561e-06, No Iterations 8
ExecutionTime = 102.11 s  ClockTime = 114 s

Wall-clock time elapsed during the current time step = 2.357526449 s

Time = 42

velocityDampingConstraint velocityDamping damped 0 (0%) of cells, with max limit 300
smoothSolver:  Solving for Ux, Initial residual = 0.0005161446633436742, Final residual = 2.203998658068449e-05, No Iterations 15
smoothSolver:  Solving for Uy, Initial residual = 0.02243874816765731, Final residual = 0.0009530857691196255, No Iterations 15
smoothSolver:  Solving for Uz, Initial residual = 0.03485130771550356, Final residual = 0.001417473902825664, No Iterations 15
GAMG:  Solving for p, Initial residual = 0.002525621409583673, Final residual = 1.93203532494964e-05, No Iterations 12
time step continuity errors : sum local = 2.071860601535775e-05, global = 4.803941313034857e-07, cumulative = -0.0001115079628886022
smoothSolver:  Solving for omega, Initial residual = 5.093104633250775e-05, Final residual = 1.029467724716571e-07, No Iterations 8
bounding omega, min: -4835.5101118393 max: 45356007.04073705 average: 6799.268973869649
smoothSolver:  Solving for k, Initial residual = 0.0008772891291485776, Final residual = 1.208709059291408e-06, No Iterations 8
ExecutionTime = 104.43 s  ClockTime = 116 s

Wall-clock time elapsed during the current time step = 2.357556259 s

Time = 43

velocityDampingConstraint velocityDamping damped 0 (0%) of cells, with max limit 300
smoothSolver:  Solving for Ux, Initial residual = 0.0005218240048252659, Final residual = 2.241439401950072e-05, No Iterations 15
smoothSolver:  Solving for Uy, Initial residual = 0.02272602161861296, Final residual = 0.0009702817727681689, No Iterations 15
smoothSolver:  Solving for Uz, Initial residual = 0.03596298813659312, Final residual = 0.001469241658595605, No Iterations 15
GAMG:  Solving for p, Initial residual = 0.002569742474112301, Final residual = 1.769077129319204e-05, No Iterations 12
time step continuity errors : sum local = 1.880852022910426e-05, global = 4.64665348377678e-07, cumulative = -0.0001110432975402245
smoothSolver:  Solving for omega, Initial residual = 5.029546403972646e-05, Final residual = 1.013305313784554e-07, No Iterations 8
bounding omega, min: -3406.272625574037 max: 45356001.54800662 average: 6807.749718601062
smoothSolver:  Solving for k, Initial residual = 0.0008352059037066638, Final residual = 1.143839182286055e-06, No Iterations 8
ExecutionTime = 106.75 s  ClockTime = 119 s

Wall-clock time elapsed during the current time step = 2.363088167 s

Time = 44

velocityDampingConstraint velocityDamping damped 0 (0%) of cells, with max limit 300
smoothSolver:  Solving for Ux, Initial residual = 0.0005275975851666838, Final residual = 2.27911416758531e-05, No Iterations 15
smoothSolver:  Solving for Uy, Initial residual = 0.02306256008174704, Final residual = 0.0009947053289306594, No Iterations 15
smoothSolver:  Solving for Uz, Initial residual = 0.0369592914660254, Final residual = 0.001519797448872928, No Iterations 15
GAMG:  Solving for p, Initial residual = 0.002601376869520687, Final residual = 1.822998776285975e-05, No Iterations 12
time step continuity errors : sum local = 1.930839651503309e-05, global = 3.869051600799314e-07, cumulative = -0.0001106563923801446
smoothSolver:  Solving for omega, Initial residual = 4.965381224813082e-05, Final residual = 9.981449783963533e-08, No Iterations 8
bounding omega, min: -1367.018345263424 max: 45355996.55993537 average: 6815.064225278813
smoothSolver:  Solving for k, Initial residual = 0.0007932190612582517, Final residual = 1.084470966112362e-06, No Iterations 8
ExecutionTime = 109.09 s  ClockTime = 121 s

Wall-clock time elapsed during the current time step = 2.378594828 s

Time = 45

velocityDampingConstraint velocityDamping damped 0 (0%) of cells, with max limit 300
smoothSolver:  Solving for Ux, Initial residual = 0.0005323646484443301, Final residual = 2.318983521833995e-05, No Iterations 15
smoothSolver:  Solving for Uy, Initial residual = 0.02340115415858061, Final residual = 0.001024530681768055, No Iterations 15
smoothSolver:  Solving for Uz, Initial residual = 0.0376988489065169, Final residual = 0.001559805953762094, No Iterations 15
GAMG:  Solving for p, Initial residual = 0.002620006825871939, Final residual = 1.90573305214286e-05, No Iterations 12
time step continuity errors : sum local = 2.019889738907665e-05, global = 2.725033659559591e-07, cumulative = -0.0001103838890141886
smoothSolver:  Solving for omega, Initial residual = 4.900924905326434e-05, Final residual = 9.818391705767567e-08, No Iterations 8
bounding omega, min: -1854.291835286253 max: 45355992.36135072 average: 6820.961937865882
smoothSolver:  Solving for k, Initial residual = 0.0007534903295026282, Final residual = 1.030462676141369e-06, No Iterations 8
ExecutionTime = 111.42 s  ClockTime = 124 s

Wall-clock time elapsed during the current time step = 2.365540667 s

Time = 46

velocityDampingConstraint velocityDamping damped 0 (0%) of cells, with max limit 300
smoothSolver:  Solving for Ux, Initial residual = 0.0005373999678545889, Final residual = 2.363192714568227e-05, No Iterations 15
smoothSolver:  Solving for Uy, Initial residual = 0.02372121977872608, Final residual = 0.001054711863407898, No Iterations 15
smoothSolver:  Solving for Uz, Initial residual = 0.03827412525149597, Final residual = 0.00159173670633297, No Iterations 15
GAMG:  Solving for p, Initial residual = 0.002632958185476844, Final residual = 1.884161374884963e-05, No Iterations 12
time step continuity errors : sum local = 2.001936816085526e-05, global = 2.135206661248609e-07, cumulative = -0.0001101703683480637
smoothSolver:  Solving for omega, Initial residual = 4.836930181712528e-05, Final residual = 9.647525042019212e-08, No Iterations 8
bounding omega, min: -1040.933912450685 max: 45355989.71464845 average: 6825.632863367337
smoothSolver:  Solving for k, Initial residual = 0.0007163278485355252, Final residual = 9.818335571505946e-07, No Iterations 8
ExecutionTime = 113.76 s  ClockTime = 126 s

Wall-clock time elapsed during the current time step = 2.378526464 s

Time = 47

velocityDampingConstraint velocityDamping damped 0 (0%) of cells, with max limit 300
smoothSolver:  Solving for Ux, Initial residual = 0.0005430197995160544, Final residual = 2.410992233496467e-05, No Iterations 15
smoothSolver:  Solving for Uy, Initial residual = 0.02402365979940396, Final residual = 0.001083621939446843, No Iterations 15
smoothSolver:  Solving for Uz, Initial residual = 0.03866616824578117, Final residual = 0.001619046985203442, No Iterations 15
GAMG:  Solving for p, Initial residual = 0.002643922515356625, Final residual = 1.819924972704089e-05, No Iterations 12
time step continuity errors : sum local = 1.936477549287914e-05, global = 2.258733978882693e-07, cumulative = -0.0001099444949501755
smoothSolver:  Solving for omega, Initial residual = 4.776151964799071e-05, Final residual = 9.486646007966662e-08, No Iterations 8
bounding omega, min: -15477.46607898932 max: 45355988.31874239 average: 6829.420949572414
smoothSolver:  Solving for k, Initial residual = 0.0006822712701168475, Final residual = 9.383444215093886e-07, No Iterations 8
ExecutionTime = 116.11 s  ClockTime = 128 s

Wall-clock time elapsed during the current time step = 2.387977226 s

Time = 48

velocityDampingConstraint velocityDamping damped 0 (0%) of cells, with max limit 300
smoothSolver:  Solving for Ux, Initial residual = 0.0005488532566542272, Final residual = 2.458585319775997e-05, No Iterations 15
smoothSolver:  Solving for Uy, Initial residual = 0.02434199105428691, Final residual = 0.001108941249043154, No Iterations 15
smoothSolver:  Solving for Uz, Initial residual = 0.03873211810999738, Final residual = 0.001632582186295762, No Iterations 15
GAMG:  Solving for p, Initial residual = 0.002653325822918684, Final residual = 1.754150305197659e-05, No Iterations 12
time step continuity errors : sum local = 1.866399459654123e-05, global = 2.537803741776681e-07, cumulative = -0.0001096907145759978
smoothSolver:  Solving for omega, Initial residual = 4.718537073328442e-05, Final residual = 9.33827922354016e-08, No Iterations 8
bounding omega, min: -9280.314090260226 max: 45355987.08476588 average: 6832.484449014784
smoothSolver:  Solving for k, Initial residual = 0.000652305414577661, Final residual = 8.994797437034125e-07, No Iterations 8
ExecutionTime = 118.44 s  ClockTime = 131 s

Wall-clock time elapsed during the current time step = 2.362104292 s

Time = 49

velocityDampingConstraint velocityDamping damped 0 (0%) of cells, with max limit 300
smoothSolver:  Solving for Ux, Initial residual = 0.000554705251588378, Final residual = 2.504628754278106e-05, No Iterations 15
smoothSolver:  Solving for Uy, Initial residual = 0.02470764941855394, Final residual = 0.00113099390954226, No Iterations 15
smoothSolver:  Solving for Uz, Initial residual = 0.03844401997271975, Final residual = 0.001629606704042958, No Iterations 15
GAMG:  Solving for p, Initial residual = 0.002671501284341783, Final residual = 1.67625998451412e-05, No Iterations 12
time step continuity errors : sum local = 1.78416196139505e-05, global = 2.379652823074157e-07, cumulative = -0.0001094527492936904
smoothSolver:  Solving for omega, Initial residual = 4.664312505305617e-05, Final residual = 9.202057620919963e-08, No Iterations 8
bounding omega, min: -354.1563503976747 max: 45355985.74278694 average: 6834.796123872753
smoothSolver:  Solving for k, Initial residual = 0.0006258204135239292, Final residual = 8.648549429161131e-07, No Iterations 8
ExecutionTime = 120.77 s  ClockTime = 133 s

Wall-clock time elapsed during the current time step = 2.369044903 s

Time = 50

velocityDampingConstraint velocityDamping damped 0 (0%) of cells, with max limit 300
smoothSolver:  Solving for Ux, Initial residual = 0.000560447915982246, Final residual = 2.548367091002148e-05, No Iterations 15
smoothSolver:  Solving for Uy, Initial residual = 0.02514361155857277, Final residual = 0.001154767287179857, No Iterations 15
smoothSolver:  Solving for Uz, Initial residual = 0.03796070900472068, Final residual = 0.001614945636707208, No Iterations 15
GAMG:  Solving for p, Initial residual = 0.00268795611546496, Final residual = 1.628411620915016e-05, No Iterations 12
time step continuity errors : sum local = 1.737826882187376e-05, global = 1.920672954177226e-07, cumulative = -0.0001092606819982727
smoothSolver:  Solving for omega, Initial residual = 4.616288564026666e-05, Final residual = 9.078829580436544e-08, No Iterations 8
bounding omega, min: -1007.796545531608 max: 45355984.66067935 average: 6835.942471203673
smoothSolver:  Solving for k, Initial residual = 0.000602818548595297, Final residual = 8.352487259557572e-07, No Iterations 8
ExecutionTime = 123.11 s  ClockTime = 135 s

Wall-clock time elapsed during the current time step = 2.39419761 s

Time = 51

velocityDampingConstraint velocityDamping damped 0 (0%) of cells, with max limit 300
smoothSolver:  Solving for Ux, Initial residual = 0.0005655823375430305, Final residual = 2.591830544724326e-05, No Iterations 15
smoothSolver:  Solving for Uy, Initial residual = 0.02568696540950143, Final residual = 0.001183150350909787, No Iterations 15
smoothSolver:  Solving for Uz, Initial residual = 0.03761337664846726, Final residual = 0.001603771387474419, No Iterations 15
GAMG:  Solving for p, Initial residual = 0.002704255427434656, Final residual = 1.607567464570227e-05, No Iterations 12
time step continuity errors : sum local = 1.724414388359277e-05, global = 1.196949708783202e-07, cumulative = -0.0001091409870273943
smoothSolver:  Solving for omega, Initial residual = 4.571361116532747e-05, Final residual = 8.96770914071531e-08, No Iterations 8
bounding omega, min: -5089.289909854312 max: 45355984.59609885 average: 6835.682334244793
smoothSolver:  Solving for k, Initial residual = 0.0005830195305489049, Final residual = 8.103078156904985e-07, No Iterations 8
ExecutionTime = 125.46 s  ClockTime = 138 s

Wall-clock time elapsed during the current time step = 2.382754818 s

Time = 52

velocityDampingConstraint velocityDamping damped 0 (0%) of cells, with max limit 300
smoothSolver:  Solving for Ux, Initial residual = 0.0005704356839977188, Final residual = 2.636548477611167e-05, No Iterations 15
smoothSolver:  Solving for Uy, Initial residual = 0.02629553356529859, Final residual = 0.001215988957694116, No Iterations 15
smoothSolver:  Solving for Uz, Initial residual = 0.03763014693379135, Final residual = 0.001610683191758351, No Iterations 15
GAMG:  Solving for p, Initial residual = 0.002718748117386236, Final residual = 1.572163981367583e-05, No Iterations 12
time step continuity errors : sum local = 1.696902357176896e-05, global = 4.421488426734982e-08, cumulative = -0.000109096772143127
smoothSolver:  Solving for omega, Initial residual = 4.523700047829345e-05, Final residual = 8.858046632080691e-08, No Iterations 8
bounding omega, min: -53203.90173674793 max: 45355984.61122099 average: 6833.815437464262
smoothSolver:  Solving for k, Initial residual = 0.0005649717019953455, Final residual = 7.89507600144219e-07, No Iterations 8
ExecutionTime = 127.8 s  ClockTime = 140 s

Wall-clock time elapsed during the current time step = 2.379747703 s

Time = 53

velocityDampingConstraint velocityDamping damped 0 (0%) of cells, with max limit 300
smoothSolver:  Solving for Ux, Initial residual = 0.0005756635769639021, Final residual = 2.688198139534671e-05, No Iterations 15
smoothSolver:  Solving for Uy, Initial residual = 0.02697137952126721, Final residual = 0.00125770250222733, No Iterations 15
smoothSolver:  Solving for Uz, Initial residual = 0.03811199234076747, Final residual = 0.0016421521545316, No Iterations 15
GAMG:  Solving for p, Initial residual = 0.002733001671644149, Final residual = 1.546908711414075e-05, No Iterations 12
time step continuity errors : sum local = 1.678302877200371e-05, global = -1.723733120385607e-08, cumulative = -0.0001091140094743309
smoothSolver:  Solving for omega, Initial residual = 4.477097552281321e-05, Final residual = 8.75288831856007e-08, No Iterations 8
bounding omega, min: -39973.54673710264 max: 45355984.55047912 average: 6830.244358762999
smoothSolver:  Solving for k, Initial residual = 0.0005499864498662181, Final residual = 7.731201937846534e-07, No Iterations 8
ExecutionTime = 130.15 s  ClockTime = 143 s

Wall-clock time elapsed during the current time step = 2.393456709 s

Time = 54

velocityDampingConstraint velocityDamping damped 0 (0%) of cells, with max limit 300
smoothSolver:  Solving for Ux, Initial residual = 0.0005819455328867282, Final residual = 2.74241955629955e-05, No Iterations 15
smoothSolver:  Solving for Uy, Initial residual = 0.02779693617739519, Final residual = 0.001313454665506467, No Iterations 15
smoothSolver:  Solving for Uz, Initial residual = 0.03908438327285674, Final residual = 0.001699178774643253, No Iterations 15
GAMG:  Solving for p, Initial residual = 0.002747559238148381, Final residual = 1.551862276171507e-05, No Iterations 12
time step continuity errors : sum local = 1.689297994196681e-05, global = -5.27073703522615e-08, cumulative = -0.0001091667168446831
smoothSolver:  Solving for omega, Initial residual = 4.43134084679212e-05, Final residual = 8.665388869540994e-08, No Iterations 8
bounding omega, min: -3683.424698059088 max: 45355984.30801348 average: 6824.968580848752
smoothSolver:  Solving for k, Initial residual = 0.0005366813800168307, Final residual = 7.606931246238483e-07, No Iterations 8
ExecutionTime = 132.52 s  ClockTime = 145 s

Wall-clock time elapsed during the current time step = 2.39432733 s

Time = 55

velocityDampingConstraint velocityDamping damped 0 (0%) of cells, with max limit 300
smoothSolver:  Solving for Ux, Initial residual = 0.0005891031248868654, Final residual = 2.794280145145843e-05, No Iterations 15
smoothSolver:  Solving for Uy, Initial residual = 0.0288788493512247, Final residual = 0.00137902873725422, No Iterations 15
smoothSolver:  Solving for Uz, Initial residual = 0.04053643650458973, Final residual = 0.001778901181353315, No Iterations 15
GAMG:  Solving for p, Initial residual = 0.00276104139342147, Final residual = 1.565500323795368e-05, No Iterations 12
time step continuity errors : sum local = 1.707231886133295e-05, global = -5.552276069757174e-08, cumulative = -0.0001092222396053807
smoothSolver:  Solving for omega, Initial residual = 4.391741710825578e-05, Final residual = 8.589679445359588e-08, No Iterations 8
bounding omega, min: -8600.676167436133 max: 45355983.82879551 average: 6818.113080377161
smoothSolver:  Solving for k, Initial residual = 0.0005261665098232986, Final residual = 7.508749933524262e-07, No Iterations 8
ExecutionTime = 134.84 s  ClockTime = 147 s

Wall-clock time elapsed during the current time step = 2.365024046 s

Time = 56

velocityDampingConstraint velocityDamping damped 0 (0%) of cells, with max limit 300
smoothSolver:  Solving for Ux, Initial residual = 0.0005968365927751356, Final residual = 2.842481112682427e-05, No Iterations 15
smoothSolver:  Solving for Uy, Initial residual = 0.03016179717327246, Final residual = 0.001449490769470536, No Iterations 15
smoothSolver:  Solving for Uz, Initial residual = 0.04212880827279353, Final residual = 0.001866170063721325, No Iterations 15
GAMG:  Solving for p, Initial residual = 0.002772384595176609, Final residual = 1.609681123240871e-05, No Iterations 12
time step continuity errors : sum local = 1.756185921064818e-05, global = -2.628842599201714e-08, cumulative = -0.0001092485280313727
smoothSolver:  Solving for omega, Initial residual = 4.357044185271007e-05, Final residual = 8.532119183277422e-08, No Iterations 8
bounding omega, min: -14278.40507687253 max: 45355983.46362479 average: 6809.901224269537
smoothSolver:  Solving for k, Initial residual = 0.0005181094209254527, Final residual = 7.420412025448767e-07, No Iterations 8
ExecutionTime = 137.18 s  ClockTime = 150 s

Wall-clock time elapsed during the current time step = 2.369626843 s

Time = 57

velocityDampingConstraint velocityDamping damped 0 (0%) of cells, with max limit 300
smoothSolver:  Solving for Ux, Initial residual = 0.0006039935250120579, Final residual = 2.893676590285205e-05, No Iterations 15
smoothSolver:  Solving for Uy, Initial residual = 0.03143005879576957, Final residual = 0.001518497645096886, No Iterations 15
smoothSolver:  Solving for Uz, Initial residual = 0.04349554108541604, Final residual = 0.001948787735424973, No Iterations 15
GAMG:  Solving for p, Initial residual = 0.002785796832079567, Final residual = 1.66036899361372e-05, No Iterations 12
time step continuity errors : sum local = 1.810341949595281e-05, global = 7.485028927444038e-09, cumulative = -0.0001092410430024453
smoothSolver:  Solving for omega, Initial residual = 4.319233327623621e-05, Final residual = 8.471251863656695e-08, No Iterations 8
bounding omega, min: -39878.8752615566 max: 45355983.42412066 average: 6800.814748522389
smoothSolver:  Solving for k, Initial residual = 0.0005124078489873423, Final residual = 7.336714178679089e-07, No Iterations 8
ExecutionTime = 139.51 s  ClockTime = 152 s

Wall-clock time elapsed during the current time step = 2.372799051 s

Time = 58

velocityDampingConstraint velocityDamping damped 0 (0%) of cells, with max limit 300
smoothSolver:  Solving for Ux, Initial residual = 0.0006109412873502498, Final residual = 2.949800776429914e-05, No Iterations 15
smoothSolver:  Solving for Uy, Initial residual = 0.03244928355808271, Final residual = 0.001580379844670829, No Iterations 15
smoothSolver:  Solving for Uz, Initial residual = 0.04460416030300001, Final residual = 0.002023237612044444, No Iterations 15
GAMG:  Solving for p, Initial residual = 0.002803400030452526, Final residual = 1.711729644972677e-05, No Iterations 12
time step continuity errors : sum local = 1.861303755656524e-05, global = 3.727430395202488e-08, cumulative = -0.0001092037686984933
smoothSolver:  Solving for omega, Initial residual = 4.277997969359667e-05, Final residual = 8.403353116556262e-08, No Iterations 8
bounding omega, min: -15380.12718638301 max: 45355983.55022939 average: 6791.019101171534
smoothSolver:  Solving for k, Initial residual = 0.0005081095281543955, Final residual = 7.243259627560666e-07, No Iterations 8
ExecutionTime = 141.84 s  ClockTime = 154 s

Wall-clock time elapsed during the current time step = 2.363242585 s

Time = 59

velocityDampingConstraint velocityDamping damped 0 (0%) of cells, with max limit 300
smoothSolver:  Solving for Ux, Initial residual = 0.0006172219592092731, Final residual = 3.009662991461588e-05, No Iterations 15
smoothSolver:  Solving for Uy, Initial residual = 0.0331742207494015, Final residual = 0.001640466745232904, No Iterations 15
smoothSolver:  Solving for Uz, Initial residual = 0.04542504109651151, Final residual = 0.002092043345070705, No Iterations 15
GAMG:  Solving for p, Initial residual = 0.002828514519960504, Final residual = 1.715304537470995e-05, No Iterations 12
time step continuity errors : sum local = 1.855420549511724e-05, global = 5.083126849361502e-08, cumulative = -0.0001091529374299996
smoothSolver:  Solving for omega, Initial residual = 4.235939858859529e-05, Final residual = 8.33896743109718e-08, No Iterations 8
bounding omega, min: -11572.93372835939 max: 45355983.75896979 average: 6780.85697636853
smoothSolver:  Solving for k, Initial residual = 0.0005049643572640691, Final residual = 7.149411494699445e-07, No Iterations 8
ExecutionTime = 144.19 s  ClockTime = 157 s

Wall-clock time elapsed during the current time step = 2.379478097 s

Time = 60

velocityDampingConstraint velocityDamping damped 0 (0%) of cells, with max limit 300
smoothSolver:  Solving for Ux, Initial residual = 0.000622498768754084, Final residual = 3.075188452004e-05, No Iterations 15
smoothSolver:  Solving for Uy, Initial residual = 0.03370454716513376, Final residual = 0.001704836269307029, No Iterations 15
smoothSolver:  Solving for Uz, Initial residual = 0.04599102164963526, Final residual = 0.002159573856809535, No Iterations 15
GAMG:  Solving for p, Initial residual = 0.002849512242419384, Final residual = 1.707711248901583e-05, No Iterations 12
time step continuity errors : sum local = 1.834435784350993e-05, global = 4.572062239810642e-08, cumulative = -0.0001091072168076015
smoothSolver:  Solving for omega, Initial residual = 4.195725007625857e-05, Final residual = 8.273172498949932e-08, No Iterations 8
bounding omega, min: -16056.30502987314 max: 45355984.02217092 average: 6770.657614871889
smoothSolver:  Solving for k, Initial residual = 0.0005019713184202434, Final residual = 7.053492848923331e-07, No Iterations 8
ExecutionTime = 146.54 s  ClockTime = 159 s

Wall-clock time elapsed during the current time step = 2.388522584 s

Time = 61

velocityDampingConstraint velocityDamping damped 0 (0%) of cells, with max limit 300
smoothSolver:  Solving for Ux, Initial residual = 0.0006271336907665655, Final residual = 3.146787783165921e-05, No Iterations 15
smoothSolver:  Solving for Uy, Initial residual = 0.03415466005270498, Final residual = 0.001776175941205942, No Iterations 15
smoothSolver:  Solving for Uz, Initial residual = 0.04631337439097665, Final residual = 0.002224688541971576, No Iterations 15
GAMG:  Solving for p, Initial residual = 0.002868160680836649, Final residual = 1.707230470283877e-05, No Iterations 12
time step continuity errors : sum local = 1.820892137550159e-05, global = 1.901421896760233e-08, cumulative = -0.0001090882025886339
smoothSolver:  Solving for omega, Initial residual = 4.158385437071092e-05, Final residual = 8.19357929514418e-08, No Iterations 8
bounding omega, min: -13470.28645971042 max: 45355984.34139891 average: 6760.347358730239
smoothSolver:  Solving for k, Initial residual = 0.0004993817255322778, Final residual = 6.944108677705282e-07, No Iterations 8
ExecutionTime = 148.87 s  ClockTime = 162 s

Wall-clock time elapsed during the current time step = 2.375015397 s

Time = 62

velocityDampingConstraint velocityDamping damped 0 (0%) of cells, with max limit 300
smoothSolver:  Solving for Ux, Initial residual = 0.000630790066961073, Final residual = 3.217686732734411e-05, No Iterations 15
smoothSolver:  Solving for Uy, Initial residual = 0.03461541041389503, Final residual = 0.001845370375104384, No Iterations 15
smoothSolver:  Solving for Uz, Initial residual = 0.04632534316608677, Final residual = 0.002272228811128534, No Iterations 15
GAMG:  Solving for p, Initial residual = 0.002899209127494229, Final residual = 1.692840307531202e-05, No Iterations 12
time step continuity errors : sum local = 1.793788484783112e-05, global = -2.595231600630828e-08, cumulative = -0.0001091141549046402
smoothSolver:  Solving for omega, Initial residual = 4.121499662181603e-05, Final residual = 8.121163890305179e-08, No Iterations 8
bounding omega, min: -22977.12745504034 max: 45355984.89245617 average: 6749.876154979943
smoothSolver:  Solving for k, Initial residual = 0.0004970325299895434, Final residual = 6.841043249711569e-07, No Iterations 8
ExecutionTime = 151.2 s  ClockTime = 164 s

Wall-clock time elapsed during the current time step = 2.358553381 s

Time = 63

velocityDampingConstraint velocityDamping damped 0 (0%) of cells, with max limit 300
smoothSolver:  Solving for Ux, Initial residual = 0.0006345404158465186, Final residual = 3.278601318543603e-05, No Iterations 15
smoothSolver:  Solving for Uy, Initial residual = 0.03504338054661885, Final residual = 0.001902274453398575, No Iterations 15
smoothSolver:  Solving for Uz, Initial residual = 0.04586826591225318, Final residual = 0.002289708954739659, No Iterations 15
GAMG:  Solving for p, Initial residual = 0.002940013055390874, Final residual = 1.689466681217624e-05, No Iterations 12
time step continuity errors : sum local = 1.779079929916786e-05, global = -7.78673007611334e-08, cumulative = -0.0001091920222054014
smoothSolver:  Solving for omega, Initial residual = 4.088277317222361e-05, Final residual = 8.06541414028117e-08, No Iterations 8
bounding omega, min: -24832.12717681811 max: 45355985.85152208 average: 6739.205353875454
smoothSolver:  Solving for k, Initial residual = 0.0004956325124976903, Final residual = 6.7600741312249e-07, No Iterations 8
ExecutionTime = 153.53 s  ClockTime = 166 s

Wall-clock time elapsed during the current time step = 2.368142582 s

Time = 64

velocityDampingConstraint velocityDamping damped 0 (0%) of cells, with max limit 300
smoothSolver:  Solving for Ux, Initial residual = 0.0006390553672864092, Final residual = 3.332554592950912e-05, No Iterations 15
smoothSolver:  Solving for Uy, Initial residual = 0.03533140169100998, Final residual = 0.001938557718565188, No Iterations 15
smoothSolver:  Solving for Uz, Initial residual = 0.04480296083430583, Final residual = 0.002271331711838768, No Iterations 15
GAMG:  Solving for p, Initial residual = 0.002992158339664925, Final residual = 1.674360220555984e-05, No Iterations 12
time step continuity errors : sum local = 1.752195197102457e-05, global = -1.522314386590045e-07, cumulative = -0.0001093442536440604
smoothSolver:  Solving for omega, Initial residual = 4.056788341573249e-05, Final residual = 8.018670684898357e-08, No Iterations 8
bounding omega, min: -19339.83096474387 max: 45355986.66559334 average: 6728.579753176758
smoothSolver:  Solving for k, Initial residual = 0.0004940349236118957, Final residual = 6.707331145747922e-07, No Iterations 8
ExecutionTime = 155.87 s  ClockTime = 169 s

Wall-clock time elapsed during the current time step = 2.373310737 s

Time = 65

velocityDampingConstraint velocityDamping damped 0 (0%) of cells, with max limit 300
smoothSolver:  Solving for Ux, Initial residual = 0.0006445164930162114, Final residual = 3.384113122728525e-05, No Iterations 15
smoothSolver:  Solving for Uy, Initial residual = 0.03547801784064066, Final residual = 0.001955836062014657, No Iterations 15
smoothSolver:  Solving for Uz, Initial residual = 0.04328622119586008, Final residual = 0.002223205694916957, No Iterations 15
GAMG:  Solving for p, Initial residual = 0.00304657637442046, Final residual = 1.659379789162819e-05, No Iterations 12
time step continuity errors : sum local = 1.726029313616849e-05, global = -2.465598807641711e-07, cumulative = -0.0001095908135248246
smoothSolver:  Solving for omega, Initial residual = 4.026387039319718e-05, Final residual = 7.981582652973649e-08, No Iterations 8
bounding omega, min: -17320.40118888503 max: 45355987.11068403 average: 6718.118894873748
smoothSolver:  Solving for k, Initial residual = 0.0004923411684249168, Final residual = 6.687318760818006e-07, No Iterations 8
ExecutionTime = 158.2 s  ClockTime = 171 s

Wall-clock time elapsed during the current time step = 2.359623299 s

Time = 66

velocityDampingConstraint velocityDamping damped 0 (0%) of cells, with max limit 300
smoothSolver:  Solving for Ux, Initial residual = 0.0006498241064614416, Final residual = 3.433206253566729e-05, No Iterations 15
smoothSolver:  Solving for Uy, Initial residual = 0.0354582263440706, Final residual = 0.001958209817361194, No Iterations 15
smoothSolver:  Solving for Uz, Initial residual = 0.04154570874537106, Final residual = 0.002156272236640392, No Iterations 15
GAMG:  Solving for p, Initial residual = 0.003098651804219929, Final residual = 1.640298913207065e-05, No Iterations 12
time step continuity errors : sum local = 1.696604973774224e-05, global = -3.353052687617555e-07, cumulative = -0.0001099261187935863
smoothSolver:  Solving for omega, Initial residual = 3.998825260063582e-05, Final residual = 7.951975797041014e-08, No Iterations 8
bounding omega, min: -17634.03062153566 max: 45355987.19623116 average: 6707.631233959502
smoothSolver:  Solving for k, Initial residual = 0.0004902628971675916, Final residual = 6.708309062604553e-07, No Iterations 8
ExecutionTime = 160.5 s  ClockTime = 173 s

Wall-clock time elapsed during the current time step = 2.342595227 s

Time = 67

velocityDampingConstraint velocityDamping damped 0 (0%) of cells, with max limit 300
smoothSolver:  Solving for Ux, Initial residual = 0.0006547530151685735, Final residual = 3.478740657377179e-05, No Iterations 15
smoothSolver:  Solving for Uy, Initial residual = 0.0352791259410936, Final residual = 0.001949592355820031, No Iterations 15
smoothSolver:  Solving for Uz, Initial residual = 0.03968109930534548, Final residual = 0.002077259925484984, No Iterations 15
GAMG:  Solving for p, Initial residual = 0.003153424641238654, Final residual = 1.608638674716995e-05, No Iterations 12
time step continuity errors : sum local = 1.655881930282072e-05, global = -3.963077559782986e-07, cumulative = -0.0001103224265495646
smoothSolver:  Solving for omega, Initial residual = 3.970623603496909e-05, Final residual = 7.920189153459361e-08, No Iterations 8
bounding omega, min: -20273.01695109406 max: 45355987.06607873 average: 6697.052554293869
smoothSolver:  Solving for k, Initial residual = 0.0004877168541252131, Final residual = 6.751891428043089e-07, No Iterations 8
ExecutionTime = 162.83 s  ClockTime = 176 s

Wall-clock time elapsed during the current time step = 2.357650323 s

Time = 68

velocityDampingConstraint velocityDamping damped 0 (0%) of cells, with max limit 300
smoothSolver:  Solving for Ux, Initial residual = 0.0006583209848379613, Final residual = 3.515573640450522e-05, No Iterations 15
smoothSolver:  Solving for Uy, Initial residual = 0.03489517431260748, Final residual = 0.001933908473516975, No Iterations 15
smoothSolver:  Solving for Uz, Initial residual = 0.03780013640914456, Final residual = 0.001988289129961255, No Iterations 15
GAMG:  Solving for p, Initial residual = 0.003208726675852793, Final residual = 1.577710707923425e-05, No Iterations 12
time step continuity errors : sum local = 1.617950337868599e-05, global = -4.437981565278662e-07, cumulative = -0.0001107662247060925
smoothSolver:  Solving for omega, Initial residual = 3.942054250535838e-05, Final residual = 7.893200494997425e-08, No Iterations 8
bounding omega, min: -18540.77014199873 max: 45355986.92305626 average: 6686.557504450339
smoothSolver:  Solving for k, Initial residual = 0.0004846797763094261, Final residual = 6.79907166970098e-07, No Iterations 8
ExecutionTime = 165.16 s  ClockTime = 178 s

Wall-clock time elapsed during the current time step = 2.361262471 s

Time = 69

velocityDampingConstraint velocityDamping damped 0 (0%) of cells, with max limit 300
smoothSolver:  Solving for Ux, Initial residual = 0.0006607539774843561, Final residual = 3.544766107373327e-05, No Iterations 15
smoothSolver:  Solving for Uy, Initial residual = 0.03428997886652006, Final residual = 0.001910378380357577, No Iterations 15
smoothSolver:  Solving for Uz, Initial residual = 0.0359937514874439, Final residual = 0.001901505400675407, No Iterations 15
GAMG:  Solving for p, Initial residual = 0.003269284861291709, Final residual = 1.545233981455839e-05, No Iterations 12
time step continuity errors : sum local = 1.580537229482128e-05, global = -5.043216675008796e-07, cumulative = -0.0001112705463735934
smoothSolver:  Solving for omega, Initial residual = 3.911586827583773e-05, Final residual = 7.860320580256452e-08, No Iterations 8
bounding omega, min: -16045.80353589835 max: 45355987.20647287 average: 6676.375884591876
smoothSolver:  Solving for k, Initial residual = 0.0004815473136195822, Final residual = 6.821946976294903e-07, No Iterations 8
ExecutionTime = 167.48 s  ClockTime = 180 s

Wall-clock time elapsed during the current time step = 2.365200589 s

Time = 70

velocityDampingConstraint velocityDamping damped 0 (0%) of cells, with max limit 300
smoothSolver:  Solving for Ux, Initial residual = 0.0006623012666418026, Final residual = 3.574083397294122e-05, No Iterations 15
smoothSolver:  Solving for Uy, Initial residual = 0.03353633457003322, Final residual = 0.001879431287926591, No Iterations 15
smoothSolver:  Solving for Uz, Initial residual = 0.03438803838682337, Final residual = 0.001820141711435574, No Iterations 15
GAMG:  Solving for p, Initial residual = 0.003322576158155043, Final residual = 1.511015909712133e-05, No Iterations 12
time step continuity errors : sum local = 1.542763348379985e-05, global = -5.697009837155474e-07, cumulative = -0.0001118402473573089
smoothSolver:  Solving for omega, Initial residual = 3.87806545902636e-05, Final residual = 7.819017986146267e-08, No Iterations 8
bounding omega, min: -16608.08993023196 max: 45355986.85828199 average: 6666.541433537716
smoothSolver:  Solving for k, Initial residual = 0.000477891028283566, Final residual = 6.8211112529448e-07, No Iterations 8
ExecutionTime = 169.84 s  ClockTime = 183 s

Wall-clock time elapsed during the current time step = 2.384071047 s

Time = 71

velocityDampingConstraint velocityDamping damped 0 (0%) of cells, with max limit 300
smoothSolver:  Solving for Ux, Initial residual = 0.0006627624257154371, Final residual = 3.599256069989802e-05, No Iterations 15
smoothSolver:  Solving for Uy, Initial residual = 0.03265269280069535, Final residual = 0.001839889156338406, No Iterations 15
smoothSolver:  Solving for Uz, Initial residual = 0.03298901897622147, Final residual = 0.00175261767980227, No Iterations 15
GAMG:  Solving for p, Initial residual = 0.003360699679655778, Final residual = 1.461059262667508e-05, No Iterations 12
time step continuity errors : sum local = 1.489205869592378e-05, global = -6.513774594569985e-07, cumulative = -0.0001124916248167659
smoothSolver:  Solving for omega, Initial residual = 3.841684809350598e-05, Final residual = 7.763299710602106e-08, No Iterations 8
bounding omega, min: -17354.74650255937 max: 45355985.804908 average: 6657.075855904202
smoothSolver:  Solving for k, Initial residual = 0.0004741432354478556, Final residual = 6.791766482789868e-07, No Iterations 8
ExecutionTime = 172.19 s  ClockTime = 185 s

Wall-clock time elapsed during the current time step = 2.380020845 s

Time = 72

velocityDampingConstraint velocityDamping damped 0 (0%) of cells, with max limit 300
smoothSolver:  Solving for Ux, Initial residual = 0.0006627005324290653, Final residual = 3.620072771026629e-05, No Iterations 15
smoothSolver:  Solving for Uy, Initial residual = 0.03177892132533557, Final residual = 0.00179621585923345, No Iterations 15
smoothSolver:  Solving for Uz, Initial residual = 0.03171484082235353, Final residual = 0.001693079248418916, No Iterations 15
GAMG:  Solving for p, Initial residual = 0.003399806800363294, Final residual = 1.397252274284671e-05, No Iterations 12
time step continuity errors : sum local = 1.421107084486409e-05, global = -7.374423872029251e-07, cumulative = -0.0001132290672039688
smoothSolver:  Solving for omega, Initial residual = 3.805288040645453e-05, Final residual = 7.688835347743495e-08, No Iterations 8
bounding omega, min: -12590.0331581836 max: 45355985.29695214 average: 6647.862678405765
smoothSolver:  Solving for k, Initial residual = 0.0004704098106926562, Final residual = 6.733297816810724e-07, No Iterations 8
ExecutionTime = 174.55 s  ClockTime = 188 s

Wall-clock time elapsed during the current time step = 2.396893626 s

Time = 73

velocityDampingConstraint velocityDamping damped 0 (0%) of cells, with max limit 300
smoothSolver:  Solving for Ux, Initial residual = 0.0006612818178757323, Final residual = 3.636263792146624e-05, No Iterations 15
smoothSolver:  Solving for Uy, Initial residual = 0.03100566711889286, Final residual = 0.001751612381399237, No Iterations 15
smoothSolver:  Solving for Uz, Initial residual = 0.03048526847805244, Final residual = 0.001630480177963627, No Iterations 15
GAMG:  Solving for p, Initial residual = 0.003434894568625901, Final residual = 1.32865990491425e-05, No Iterations 12
time step continuity errors : sum local = 1.347938007799794e-05, global = -7.768834185044423e-07, cumulative = -0.0001140059506224733
smoothSolver:  Solving for omega, Initial residual = 3.768567405838372e-05, Final residual = 7.60523401837368e-08, No Iterations 8
bounding omega, min: -18021.94841959071 max: 45355984.70301958 average: 6638.600980168573
smoothSolver:  Solving for k, Initial residual = 0.0004672764695491654, Final residual = 6.665731124619145e-07, No Iterations 8
ExecutionTime = 176.89 s  ClockTime = 190 s

Wall-clock time elapsed during the current time step = 2.386477599 s

Time = 74

velocityDampingConstraint velocityDamping damped 0 (0%) of cells, with max limit 300
smoothSolver:  Solving for Ux, Initial residual = 0.0006580788471801896, Final residual = 3.644728813044969e-05, No Iterations 15
smoothSolver:  Solving for Uy, Initial residual = 0.03034227962541964, Final residual = 0.00171111081776745, No Iterations 15
smoothSolver:  Solving for Uz, Initial residual = 0.0293026540248034, Final residual = 0.001568833717838036, No Iterations 15
GAMG:  Solving for p, Initial residual = 0.003461120765818514, Final residual = 1.285722637963588e-05, No Iterations 12
time step continuity errors : sum local = 1.300496160780609e-05, global = -7.271137014680974e-07, cumulative = -0.0001147330643239414
smoothSolver:  Solving for omega, Initial residual = 3.730364078704246e-05, Final residual = 7.53085861408962e-08, No Iterations 8
bounding omega, min: -77226.24337952406 max: 45355984.7062225 average: 6629.267820000477
smoothSolver:  Solving for k, Initial residual = 0.000464151046061417, Final residual = 6.633104778104522e-07, No Iterations 8
ExecutionTime = 179.24 s  ClockTime = 192 s

Wall-clock time elapsed during the current time step = 2.384864012 s

Time = 75

velocityDampingConstraint velocityDamping damped 0 (0%) of cells, with max limit 300
smoothSolver:  Solving for Ux, Initial residual = 0.000653954831342451, Final residual = 3.6478942125553e-05, No Iterations 15
smoothSolver:  Solving for Uy, Initial residual = 0.02964969674330779, Final residual = 0.001676562670985474, No Iterations 15
smoothSolver:  Solving for Uz, Initial residual = 0.02813053789429327, Final residual = 0.001511083755670883, No Iterations 15
GAMG:  Solving for p, Initial residual = 0.003472155423755452, Final residual = 1.287051604288654e-05, No Iterations 12
time step continuity errors : sum local = 1.297054929584875e-05, global = -5.901045372360752e-07, cumulative = -0.0001153231688611774
smoothSolver:  Solving for omega, Initial residual = 3.692145731996746e-05, Final residual = 7.469906709667169e-08, No Iterations 8
bounding omega, min: -7477.878517275942 max: 45355984.20531303 average: 6619.934812381861
smoothSolver:  Solving for k, Initial residual = 0.0004614040851364451, Final residual = 6.649719008215872e-07, No Iterations 8
ExecutionTime = 181.57 s  ClockTime = 195 s

Wall-clock time elapsed during the current time step = 2.364039296 s

Time = 76

velocityDampingConstraint velocityDamping damped 0 (0%) of cells, with max limit 300
smoothSolver:  Solving for Ux, Initial residual = 0.0006482055308295367, Final residual = 3.651474822891976e-05, No Iterations 15
smoothSolver:  Solving for Uy, Initial residual = 0.02895872824276609, Final residual = 0.001653368356781626, No Iterations 15
smoothSolver:  Solving for Uz, Initial residual = 0.02698299075950376, Final residual = 0.001457916866596835, No Iterations 15
GAMG:  Solving for p, Initial residual = 0.00346672397397471, Final residual = 1.301135724916031e-05, No Iterations 12
time step continuity errors : sum local = 1.30525132107471e-05, global = -3.812056816186346e-07, cumulative = -0.0001157043745427961
smoothSolver:  Solving for omega, Initial residual = 3.653929767899263e-05, Final residual = 7.416346004285373e-08, No Iterations 8
bounding omega, min: -5023.621266414587 max: 45355983.72588793 average: 6610.673681663138
smoothSolver:  Solving for k, Initial residual = 0.000458838425816138, Final residual = 6.698887827098459e-07, No Iterations 8
ExecutionTime = 183.9 s  ClockTime = 197 s

Wall-clock time elapsed during the current time step = 2.370319911 s

Time = 77

velocityDampingConstraint velocityDamping damped 0 (0%) of cells, with max limit 300
smoothSolver:  Solving for Ux, Initial residual = 0.0006411290674373921, Final residual = 3.6572898603959e-05, No Iterations 15
smoothSolver:  Solving for Uy, Initial residual = 0.02829090706825074, Final residual = 0.001641659843286913, No Iterations 15
smoothSolver:  Solving for Uz, Initial residual = 0.02580472253353338, Final residual = 0.00140477197500836, No Iterations 15
GAMG:  Solving for p, Initial residual = 0.003448471535688203, Final residual = 1.310992253510873e-05, No Iterations 12
time step continuity errors : sum local = 1.307660528321499e-05, global = -1.375268934726897e-07, cumulative = -0.0001158419014362688
smoothSolver:  Solving for omega, Initial residual = 3.614740188063586e-05, Final residual = 7.365088208123357e-08, No Iterations 8
bounding omega, min: -3141.197665578277 max: 45355983.12183795 average: 6601.58479215965
smoothSolver:  Solving for k, Initial residual = 0.000456491896103679, Final residual = 6.765121442933128e-07, No Iterations 8
ExecutionTime = 186.23 s  ClockTime = 199 s

Wall-clock time elapsed during the current time step = 2.354409214 s

Time = 78

velocityDampingConstraint velocityDamping damped 0 (0%) of cells, with max limit 300
smoothSolver:  Solving for Ux, Initial residual = 0.000633504627226795, Final residual = 3.65914989163751e-05, No Iterations 15
smoothSolver:  Solving for Uy, Initial residual = 0.02764527468916627, Final residual = 0.001632097977970641, No Iterations 15
smoothSolver:  Solving for Uz, Initial residual = 0.02454236047823285, Final residual = 0.001348551415315581, No Iterations 15
GAMG:  Solving for p, Initial residual = 0.003429366676246724, Final residual = 1.3322917248885e-05, No Iterations 12
time step continuity errors : sum local = 1.319888075834886e-05, global = 7.843272097363817e-08, cumulative = -0.0001157634687152951
smoothSolver:  Solving for omega, Initial residual = 3.573507688349872e-05, Final residual = 7.315478276876718e-08, No Iterations 8
bounding omega, min: -256495.4237951266 max: 45355983.08240613 average: 6592.565845700664
smoothSolver:  Solving for k, Initial residual = 0.0004535041846926731, Final residual = 6.831902347385624e-07, No Iterations 8
ExecutionTime = 188.55 s  ClockTime = 202 s

Wall-clock time elapsed during the current time step = 2.351150713 s

Time = 79

velocityDampingConstraint velocityDamping damped 0 (0%) of cells, with max limit 300
smoothSolver:  Solving for Ux, Initial residual = 0.0006276079939570637, Final residual = 3.658165769206228e-05, No Iterations 15
smoothSolver:  Solving for Uy, Initial residual = 0.02706109955154607, Final residual = 0.001620188293379619, No Iterations 15
smoothSolver:  Solving for Uz, Initial residual = 0.02321705754042774, Final residual = 0.001289257988583136, No Iterations 15
GAMG:  Solving for p, Initial residual = 0.003400577593989921, Final residual = 1.352948186354556e-05, No Iterations 12
time step continuity errors : sum local = 1.330522906844352e-05, global = 2.251866406753465e-07, cumulative = -0.0001155382820746198
smoothSolver:  Solving for omega, Initial residual = 3.53233041544305e-05, Final residual = 7.264932097609389e-08, No Iterations 8
bounding omega, min: -36586.60040279375 max: 45355983.10295192 average: 6583.682674831028
smoothSolver:  Solving for k, Initial residual = 0.0004506916545439196, Final residual = 6.890863940998151e-07, No Iterations 8
ExecutionTime = 190.89 s  ClockTime = 204 s

Wall-clock time elapsed during the current time step = 2.374511975 s

Time = 80

velocityDampingConstraint velocityDamping damped 0 (0%) of cells, with max limit 300
smoothSolver:  Solving for Ux, Initial residual = 0.0006244966781048675, Final residual = 3.660540869264623e-05, No Iterations 15
smoothSolver:  Solving for Uy, Initial residual = 0.02654486232659364, Final residual = 0.001607986452186834, No Iterations 15
smoothSolver:  Solving for Uz, Initial residual = 0.02191845829197502, Final residual = 0.001229388969977128, No Iterations 15
GAMG:  Solving for p, Initial residual = 0.00336972289600538, Final residual = 1.368710754957488e-05, No Iterations 12
time step continuity errors : sum local = 1.336907254112176e-05, global = 2.939394541541369e-07, cumulative = -0.0001152443426204657
smoothSolver:  Solving for omega, Initial residual = 3.494283528217315e-05, Final residual = 7.216009274536127e-08, No Iterations 8
bounding omega, min: -8186.718545916697 max: 45355983.04678091 average: 6575.01940922206
smoothSolver:  Solving for k, Initial residual = 0.0004475946111178636, Final residual = 6.926460955325682e-07, No Iterations 8
ExecutionTime = 193.21 s  ClockTime = 207 s

Wall-clock time elapsed during the current time step = 2.349677616 s

Time = 81

velocityDampingConstraint velocityDamping damped 0 (0%) of cells, with max limit 300
smoothSolver:  Solving for Ux, Initial residual = 0.0006232894177389599, Final residual = 3.669872931373201e-05, No Iterations 15
smoothSolver:  Solving for Uy, Initial residual = 0.02612353209202732, Final residual = 0.001595114964723078, No Iterations 15
smoothSolver:  Solving for Uz, Initial residual = 0.02071333127402213, Final residual = 0.001171603680026393, No Iterations 15
GAMG:  Solving for p, Initial residual = 0.003337973292361016, Final residual = 1.390720830908946e-05, No Iterations 12
time step continuity errors : sum local = 1.351183560568995e-05, global = 2.976903914403119e-07, cumulative = -0.0001149466522290254
smoothSolver:  Solving for omega, Initial residual = 3.457866071250711e-05, Final residual = 7.165324287576459e-08, No Iterations 8
bounding omega, min: -2804.87965595683 max: 45355982.93036223 average: 6566.538395191639
smoothSolver:  Solving for k, Initial residual = 0.0004449740139677975, Final residual = 6.934463520279921e-07, No Iterations 8
ExecutionTime = 195.52 s  ClockTime = 209 s

Wall-clock time elapsed during the current time step = 2.364305293 s

Time = 82

velocityDampingConstraint velocityDamping damped 0 (0%) of cells, with max limit 300
smoothSolver:  Solving for Ux, Initial residual = 0.000623661744914719, Final residual = 3.688987397498095e-05, No Iterations 15
smoothSolver:  Solving for Uy, Initial residual = 0.02572210365039351, Final residual = 0.0015797321400679, No Iterations 15
smoothSolver:  Solving for Uz, Initial residual = 0.0195855907335648, Final residual = 0.001115029286212417, No Iterations 15
GAMG:  Solving for p, Initial residual = 0.003311274927358427, Final residual = 1.418947140133736e-05, No Iterations 12
time step continuity errors : sum local = 1.373225398099457e-05, global = 2.720776581373877e-07, cumulative = -0.000114674574570888
smoothSolver:  Solving for omega, Initial residual = 3.423048722811947e-05, Final residual = 7.109212261884745e-08, No Iterations 8
bounding omega, min: -3319.817694502955 max: 45355982.94081936 average: 6558.169579829432
smoothSolver:  Solving for k, Initial residual = 0.0004419746597877655, Final residual = 6.91805062488685e-07, No Iterations 8
ExecutionTime = 197.87 s  ClockTime = 211 s

Wall-clock time elapsed during the current time step = 2.375299282 s

Time = 83

velocityDampingConstraint velocityDamping damped 0 (0%) of cells, with max limit 300
smoothSolver:  Solving for Ux, Initial residual = 0.0006243484782512708, Final residual = 3.71686820555592e-05, No Iterations 15
smoothSolver:  Solving for Uy, Initial residual = 0.02530750179791039, Final residual = 0.001563320910600092, No Iterations 15
smoothSolver:  Solving for Uz, Initial residual = 0.01851698751596827, Final residual = 0.001061214322718473, No Iterations 15
GAMG:  Solving for p, Initial residual = 0.00329378492211757, Final residual = 1.424515191603256e-05, No Iterations 12
time step continuity errors : sum local = 1.374429639429074e-05, global = 2.33693914306141e-07, cumulative = -0.0001144408806565818
smoothSolver:  Solving for omega, Initial residual = 3.391469444672905e-05, Final residual = 7.05038908701152e-08, No Iterations 8
bounding omega, min: -2881.659164132119 max: 45355982.9785483 average: 6549.909285797436
smoothSolver:  Solving for k, Initial residual = 0.0004398560800086244, Final residual = 6.910986672208099e-07, No Iterations 8
ExecutionTime = 200.17 s  ClockTime = 214 s

Wall-clock time elapsed during the current time step = 2.350803996 s

Time = 84

velocityDampingConstraint velocityDamping damped 0 (0%) of cells, with max limit 300
smoothSolver:  Solving for Ux, Initial residual = 0.0006244051135904806, Final residual = 3.75340557035351e-05, No Iterations 15
smoothSolver:  Solving for Uy, Initial residual = 0.02491353924433506, Final residual = 0.001549297179768011, No Iterations 15
smoothSolver:  Solving for Uz, Initial residual = 0.01749030385716736, Final residual = 0.001011539761346191, No Iterations 15
GAMG:  Solving for p, Initial residual = 0.003273820676439967, Final residual = 1.416176763983573e-05, No Iterations 12
time step continuity errors : sum local = 1.363514317868951e-05, global = 1.796209856493385e-07, cumulative = -0.0001142612596709325
smoothSolver:  Solving for omega, Initial residual = 3.362228703157484e-05, Final residual = 6.9940945739502e-08, No Iterations 8
bounding omega, min: -64744.78969780231 max: 45355982.97039105 average: 6541.750401190992
smoothSolver:  Solving for k, Initial residual = 0.0004377194991883751, Final residual = 6.918949057746108e-07, No Iterations 8
ExecutionTime = 202.51 s  ClockTime = 216 s

Wall-clock time elapsed during the current time step = 2.365113024 s

Time = 85

velocityDampingConstraint velocityDamping damped 0 (0%) of cells, with max limit 300
smoothSolver:  Solving for Ux, Initial residual = 0.0006231693277721626, Final residual = 3.791010220409819e-05, No Iterations 15
smoothSolver:  Solving for Uy, Initial residual = 0.02451049230163371, Final residual = 0.001537369174544088, No Iterations 15
smoothSolver:  Solving for Uz, Initial residual = 0.01652673803393218, Final residual = 0.000966444041693599, No Iterations 15
GAMG:  Solving for p, Initial residual = 0.003243674909004804, Final residual = 1.404962823654658e-05, No Iterations 12
time step continuity errors : sum local = 1.351569955539159e-05, global = 1.08913932441129e-07, cumulative = -0.0001141523457384914
smoothSolver:  Solving for omega, Initial residual = 3.335713711965633e-05, Final residual = 6.946440680054366e-08, No Iterations 8
bounding omega, min: -4628.531040836649 max: 45355982.94464518 average: 6533.794125274553
smoothSolver:  Solving for k, Initial residual = 0.0004355825631034498, Final residual = 6.92626334135954e-07, No Iterations 8
ExecutionTime = 204.86 s  ClockTime = 218 s

Wall-clock time elapsed during the current time step = 2.384151122 s

Time = 86

velocityDampingConstraint velocityDamping damped 0 (0%) of cells, with max limit 300
smoothSolver:  Solving for Ux, Initial residual = 0.0006211418695361901, Final residual = 3.819880587322715e-05, No Iterations 15
smoothSolver:  Solving for Uy, Initial residual = 0.02410246149643384, Final residual = 0.001524579092666686, No Iterations 15
smoothSolver:  Solving for Uz, Initial residual = 0.01567236866900899, Final residual = 0.000927410002839453, No Iterations 15
GAMG:  Solving for p, Initial residual = 0.003198096968795358, Final residual = 1.392779286778295e-05, No Iterations 12
time step continuity errors : sum local = 1.340156501726408e-05, global = 3.104889267242158e-08, cumulative = -0.0001141212968458189
smoothSolver:  Solving for omega, Initial residual = 3.309477883276781e-05, Final residual = 6.904594698956131e-08, No Iterations 8
bounding omega, min: -5659.604459596088 max: 45355982.86077143 average: 6525.982987884744
smoothSolver:  Solving for k, Initial residual = 0.0004327585094925243, Final residual = 6.932752416437083e-07, No Iterations 8
ExecutionTime = 207.21 s  ClockTime = 221 s

Wall-clock time elapsed during the current time step = 2.375720445 s

Time = 87

velocityDampingConstraint velocityDamping damped 0 (0%) of cells, with max limit 300
smoothSolver:  Solving for Ux, Initial residual = 0.0006192700731297413, Final residual = 3.835428791394509e-05, No Iterations 15
smoothSolver:  Solving for Uy, Initial residual = 0.02374906489651748, Final residual = 0.001510197334043364, No Iterations 15
smoothSolver:  Solving for Uz, Initial residual = 0.01492880468511323, Final residual = 0.0008938379802900142, No Iterations 15
GAMG:  Solving for p, Initial residual = 0.003156340169078153, Final residual = 1.375881100905928e-05, No Iterations 12
time step continuity errors : sum local = 1.324750429342312e-05, global = -2.741246514877471e-08, cumulative = -0.0001141487093109677
smoothSolver:  Solving for omega, Initial residual = 3.284054638620068e-05, Final residual = 6.867663767439909e-08, No Iterations 8
bounding omega, min: -6961.948613421701 max: 45355982.81513679 average: 6518.175410370953
smoothSolver:  Solving for k, Initial residual = 0.0004298250835540863, Final residual = 6.947858279370356e-07, No Iterations 8
ExecutionTime = 209.56 s  ClockTime = 223 s

Wall-clock time elapsed during the current time step = 2.379091101 s

Time = 88

velocityDampingConstraint velocityDamping damped 0 (0%) of cells, with max limit 300
smoothSolver:  Solving for Ux, Initial residual = 0.0006181963977655904, Final residual = 3.843723602040081e-05, No Iterations 15
smoothSolver:  Solving for Uy, Initial residual = 0.02345238869802958, Final residual = 0.00149792216654402, No Iterations 15
smoothSolver:  Solving for Uz, Initial residual = 0.01432817587806971, Final residual = 0.0008654931445298454, No Iterations 15
GAMG:  Solving for p, Initial residual = 0.003116972164622712, Final residual = 1.348649738861866e-05, No Iterations 12
time step continuity errors : sum local = 1.299042119931952e-05, global = -4.430798925679861e-08, cumulative = -0.0001141930173002245
smoothSolver:  Solving for omega, Initial residual = 3.259323267662361e-05, Final residual = 6.827754284009574e-08, No Iterations 8
bounding omega, min: -7114.602755552288 max: 45355982.9685607 average: 6510.366946241767
smoothSolver:  Solving for k, Initial residual = 0.0004261802944709462, Final residual = 6.966009110819356e-07, No Iterations 8
ExecutionTime = 211.91 s  ClockTime = 226 s

Wall-clock time elapsed during the current time step = 2.382635575 s

Time = 89

velocityDampingConstraint velocityDamping damped 0 (0%) of cells, with max limit 300
smoothSolver:  Solving for Ux, Initial residual = 0.0006171167694581556, Final residual = 3.849831214803262e-05, No Iterations 15
smoothSolver:  Solving for Uy, Initial residual = 0.02321996680134604, Final residual = 0.001487956541787189, No Iterations 15
smoothSolver:  Solving for Uz, Initial residual = 0.01384837421152697, Final residual = 0.0008424138144945012, No Iterations 15
GAMG:  Solving for p, Initial residual = 0.00307300312197399, Final residual = 1.32799232719162e-05, No Iterations 12
time step continuity errors : sum local = 1.27942886755586e-05, global = -5.930102278924901e-09, cumulative = -0.0001141989474025034
smoothSolver:  Solving for omega, Initial residual = 3.235111988757361e-05, Final residual = 6.785603297587524e-08, No Iterations 8
bounding omega, min: -88347.97400637681 max: 45355983.06665926 average: 6502.616643089294
smoothSolver:  Solving for k, Initial residual = 0.0004228505277599901, Final residual = 6.979102134367288e-07, No Iterations 8
ExecutionTime = 214.25 s  ClockTime = 228 s

Wall-clock time elapsed during the current time step = 2.374044287 s

Time = 90

velocityDampingConstraint velocityDamping damped 0 (0%) of cells, with max limit 300
smoothSolver:  Solving for Ux, Initial residual = 0.0006150678860396534, Final residual = 3.852299947667131e-05, No Iterations 15
smoothSolver:  Solving for Uy, Initial residual = 0.02298686857982677, Final residual = 0.001478158303120239, No Iterations 15
smoothSolver:  Solving for Uz, Initial residual = 0.01345715792707, Final residual = 0.0008232244689229983, No Iterations 15
GAMG:  Solving for p, Initial residual = 0.003028610798251951, Final residual = 1.320616272184061e-05, No Iterations 12
time step continuity errors : sum local = 1.273261930758657e-05, global = 6.928709742994123e-08, cumulative = -0.0001141296603050735
smoothSolver:  Solving for omega, Initial residual = 3.210727589164382e-05, Final residual = 6.741430718788108e-08, No Iterations 8
bounding omega, min: -12863.26936143586 max: 45355983.06525581 average: 6494.965417163947
smoothSolver:  Solving for k, Initial residual = 0.0004195960119663812, Final residual = 7.000718792265528e-07, No Iterations 8
ExecutionTime = 216.57 s  ClockTime = 230 s

Wall-clock time elapsed during the current time step = 2.359431112 s

Time = 91

velocityDampingConstraint velocityDamping damped 0 (0%) of cells, with max limit 300
smoothSolver:  Solving for Ux, Initial residual = 0.0006118457514717623, Final residual = 3.847562532845647e-05, No Iterations 15
smoothSolver:  Solving for Uy, Initial residual = 0.0227303156768942, Final residual = 0.001467554907252861, No Iterations 15
smoothSolver:  Solving for Uz, Initial residual = 0.01312509993146806, Final residual = 0.0008062379877227384, No Iterations 15
GAMG:  Solving for p, Initial residual = 0.002984207045667785, Final residual = 1.332041159519591e-05, No Iterations 12
time step continuity errors : sum local = 1.286500137981389e-05, global = 1.60070558801253e-07, cumulative = -0.0001139695897462722
smoothSolver:  Solving for omega, Initial residual = 3.185043903219467e-05, Final residual = 6.693926996991917e-08, No Iterations 8
bounding omega, min: -4234.254060614822 max: 45355983.00057308 average: 6487.630276489202
smoothSolver:  Solving for k, Initial residual = 0.0004169651882378376, Final residual = 7.018432082329126e-07, No Iterations 8
bounding k, min: -4.356385073671411e-07 max: 122.4716761687276 average: 3.405913282884807
ExecutionTime = 218.9 s  ClockTime = 233 s

Wall-clock time elapsed during the current time step = 2.365263816 s

Time = 92

velocityDampingConstraint velocityDamping damped 0 (0%) of cells, with max limit 300
smoothSolver:  Solving for Ux, Initial residual = 0.0006077257454101348, Final residual = 3.832879666287511e-05, No Iterations 15
smoothSolver:  Solving for Uy, Initial residual = 0.02246935562232361, Final residual = 0.001455734043638229, No Iterations 15
smoothSolver:  Solving for Uz, Initial residual = 0.01284854279015029, Final residual = 0.0007916600865940157, No Iterations 15
GAMG:  Solving for p, Initial residual = 0.002942625084207797, Final residual = 1.338909060236847e-05, No Iterations 12
time step continuity errors : sum local = 1.29639312328192e-05, global = 2.478681448900789e-07, cumulative = -0.0001137217216013822
smoothSolver:  Solving for omega, Initial residual = 3.159934486401642e-05, Final residual = 6.646778705304959e-08, No Iterations 8
bounding omega, min: -5341.981996646202 max: 45355982.88619702 average: 6480.776623634983
smoothSolver:  Solving for k, Initial residual = 0.0004144100832261482, Final residual = 7.013762090867996e-07, No Iterations 8
ExecutionTime = 221.24 s  ClockTime = 235 s

Wall-clock time elapsed during the current time step = 2.369259978 s

Time = 93

velocityDampingConstraint velocityDamping damped 0 (0%) of cells, with max limit 300
smoothSolver:  Solving for Ux, Initial residual = 0.0006032553435503108, Final residual = 3.81265560633461e-05, No Iterations 15
smoothSolver:  Solving for Uy, Initial residual = 0.0221965453320812, Final residual = 0.001440330269364772, No Iterations 15
smoothSolver:  Solving for Uz, Initial residual = 0.0126490851077871, Final residual = 0.0007802261519359371, No Iterations 15
GAMG:  Solving for p, Initial residual = 0.002901594142460251, Final residual = 1.342141161417861e-05, No Iterations 12
time step continuity errors : sum local = 1.302968164131109e-05, global = 3.227291233112591e-07, cumulative = -0.0001133989924780709
smoothSolver:  Solving for omega, Initial residual = 3.135609024160477e-05, Final residual = 6.599959520850019e-08, No Iterations 8
bounding omega, min: -14382.62857108486 max: 45355982.80047829 average: 6474.289635081393
smoothSolver:  Solving for k, Initial residual = 0.0004122189074397753, Final residual = 6.980075162777574e-07, No Iterations 8
ExecutionTime = 223.57 s  ClockTime = 237 s

Wall-clock time elapsed during the current time step = 2.362644682 s

Time = 94

velocityDampingConstraint velocityDamping damped 0 (0%) of cells, with max limit 300
smoothSolver:  Solving for Ux, Initial residual = 0.0005991647466629308, Final residual = 3.784396121044515e-05, No Iterations 15
smoothSolver:  Solving for Uy, Initial residual = 0.02191160600722042, Final residual = 0.001419772818726913, No Iterations 15
smoothSolver:  Solving for Uz, Initial residual = 0.01252460611377316, Final residual = 0.0007720772067147754, No Iterations 15
GAMG:  Solving for p, Initial residual = 0.002876454337552559, Final residual = 1.360860326007505e-05, No Iterations 12
time step continuity errors : sum local = 1.323672986186506e-05, global = 3.790571371828757e-07, cumulative = -0.000113019935340888
smoothSolver:  Solving for omega, Initial residual = 3.113715375520811e-05, Final residual = 6.554239890741057e-08, No Iterations 8
bounding omega, min: -11200.7709119925 max: 45355982.79141989 average: 6467.949641183049
smoothSolver:  Solving for k, Initial residual = 0.0004098686838547971, Final residual = 6.938997318861985e-07, No Iterations 8
bounding k, min: -7.162734441438426e-05 max: 150.2578033501239 average: 3.497794886225632
ExecutionTime = 225.91 s  ClockTime = 240 s

Wall-clock time elapsed during the current time step = 2.383113062 s

Time = 95

velocityDampingConstraint velocityDamping damped 0 (0%) of cells, with max limit 300
smoothSolver:  Solving for Ux, Initial residual = 0.000595857128663729, Final residual = 3.7499897068828e-05, No Iterations 15
smoothSolver:  Solving for Uy, Initial residual = 0.02162666531687676, Final residual = 0.001396189944369908, No Iterations 15
smoothSolver:  Solving for Uz, Initial residual = 0.01244590747560633, Final residual = 0.000766429611016764, No Iterations 15
GAMG:  Solving for p, Initial residual = 0.002871076926938152, Final residual = 1.400994607149211e-05, No Iterations 12
time step continuity errors : sum local = 1.363332519786972e-05, global = 4.136199282799982e-07, cumulative = -0.000112606315412608
smoothSolver:  Solving for omega, Initial residual = 3.095182516047175e-05, Final residual = 6.518666443876464e-08, No Iterations 8
bounding omega, min: -12937.9638733876 max: 45355982.78790571 average: 6461.587277284195
smoothSolver:  Solving for k, Initial residual = 0.0004076717412116451, Final residual = 6.901628408047262e-07, No Iterations 8
ExecutionTime = 228.26 s  ClockTime = 242 s

Wall-clock time elapsed during the current time step = 2.381046389 s

Time = 96

velocityDampingConstraint velocityDamping damped 0 (0%) of cells, with max limit 300
smoothSolver:  Solving for Ux, Initial residual = 0.0005929397332649853, Final residual = 3.713663651557029e-05, No Iterations 15
smoothSolver:  Solving for Uy, Initial residual = 0.021372673475114, Final residual = 0.00137421166889572, No Iterations 15
smoothSolver:  Solving for Uz, Initial residual = 0.01239318702402362, Final residual = 0.000761751708812616, No Iterations 15
GAMG:  Solving for p, Initial residual = 0.002873696335844718, Final residual = 1.439581608813674e-05, No Iterations 12
time step continuity errors : sum local = 1.399548627224372e-05, global = 4.266928193426481e-07, cumulative = -0.0001121796225932654
smoothSolver:  Solving for omega, Initial residual = 3.079866178653895e-05, Final residual = 6.48757808119479e-08, No Iterations 8
bounding omega, min: -11419.64029984912 max: 45355982.78381045 average: 6455.158118613579
smoothSolver:  Solving for k, Initial residual = 0.0004054144694396783, Final residual = 6.853647012326753e-07, No Iterations 8
bounding k, min: -1.114704814534266e-07 max: 157.5053548052592 average: 3.557447428767744
ExecutionTime = 230.64 s  ClockTime = 245 s

Wall-clock time elapsed during the current time step = 2.412652641 s

Time = 97

velocityDampingConstraint velocityDamping damped 0 (0%) of cells, with max limit 300
smoothSolver:  Solving for Ux, Initial residual = 0.0005901538281398276, Final residual = 3.672906998186354e-05, No Iterations 15
smoothSolver:  Solving for Uy, Initial residual = 0.02118327060188819, Final residual = 0.001355814924601931, No Iterations 15
smoothSolver:  Solving for Uz, Initial residual = 0.0123391539768036, Final residual = 0.0007573472032117458, No Iterations 15
GAMG:  Solving for p, Initial residual = 0.002874781301155821, Final residual = 1.480203449569993e-05, No Iterations 12
time step continuity errors : sum local = 1.436763120584625e-05, global = 4.225920893380825e-07, cumulative = -0.0001117570305039273
smoothSolver:  Solving for omega, Initial residual = 3.066004986582213e-05, Final residual = 6.454854711900452e-08, No Iterations 8
bounding omega, min: -10948.88066387232 max: 45355982.78154933 average: 6448.799274055752
smoothSolver:  Solving for k, Initial residual = 0.000403259434875952, Final residual = 6.809434830169709e-07, No Iterations 8
ExecutionTime = 232.98 s  ClockTime = 247 s

Wall-clock time elapsed during the current time step = 2.376899677 s

Time = 98

velocityDampingConstraint velocityDamping damped 0 (0%) of cells, with max limit 300
smoothSolver:  Solving for Ux, Initial residual = 0.0005875091593690996, Final residual = 3.629923573139481e-05, No Iterations 15
smoothSolver:  Solving for Uy, Initial residual = 0.02108423033898718, Final residual = 0.00134265332588802, No Iterations 15
smoothSolver:  Solving for Uz, Initial residual = 0.01227630656555061, Final residual = 0.0007520713379522651, No Iterations 15
GAMG:  Solving for p, Initial residual = 0.002860669975416435, Final residual = 1.524448225184919e-05, No Iterations 12
time step continuity errors : sum local = 1.477515659201117e-05, global = 3.975709292512491e-07, cumulative = -0.000111359459574676
smoothSolver:  Solving for omega, Initial residual = 3.052116722365606e-05, Final residual = 6.423358770985782e-08, No Iterations 8
bounding omega, min: -22111.87586896783 max: 45355982.81224519 average: 6442.67409530299
smoothSolver:  Solving for k, Initial residual = 0.0004007898499154831, Final residual = 6.762403382196242e-07, No Iterations 8
ExecutionTime = 235.33 s  ClockTime = 249 s

Wall-clock time elapsed during the current time step = 2.379858129 s

Time = 99

velocityDampingConstraint velocityDamping damped 0 (0%) of cells, with max limit 300
smoothSolver:  Solving for Ux, Initial residual = 0.0005853645041148816, Final residual = 3.586344313171126e-05, No Iterations 15
smoothSolver:  Solving for Uy, Initial residual = 0.02111922673516914, Final residual = 0.001337677609902764, No Iterations 15
smoothSolver:  Solving for Uz, Initial residual = 0.01220535600655072, Final residual = 0.0007440326785000346, No Iterations 15
GAMG:  Solving for p, Initial residual = 0.002835943297666047, Final residual = 1.541622754203551e-05, No Iterations 12
time step continuity errors : sum local = 1.492451754968115e-05, global = 3.5982891036739e-07, cumulative = -0.0001109996306643086
smoothSolver:  Solving for omega, Initial residual = 3.035731075553733e-05, Final residual = 6.389768437683098e-08, No Iterations 8
bounding omega, min: -7914.152155981958 max: 45355982.92638288 average: 6436.879534629119
smoothSolver:  Solving for k, Initial residual = 0.0003976325369543086, Final residual = 6.708440787036057e-07, No Iterations 8
ExecutionTime = 237.67 s  ClockTime = 252 s

Wall-clock time elapsed during the current time step = 2.369724839 s

Time = 100

velocityDampingConstraint velocityDamping damped 0 (0%) of cells, with max limit 300
smoothSolver:  Solving for Ux, Initial residual = 0.0005831500013831414, Final residual = 3.541731311890245e-05, No Iterations 15
smoothSolver:  Solving for Uy, Initial residual = 0.02132757826738906, Final residual = 0.001344193662539622, No Iterations 15
smoothSolver:  Solving for Uz, Initial residual = 0.01212500168190546, Final residual = 0.000733118656459313, No Iterations 15
GAMG:  Solving for p, Initial residual = 0.002808517719316783, Final residual = 1.514296457327588e-05, No Iterations 12
time step continuity errors : sum local = 1.464884150175923e-05, global = 3.261317673523707e-07, cumulative = -0.0001106734988969563
smoothSolver:  Solving for omega, Initial residual = 3.016642301179535e-05, Final residual = 6.357536393996778e-08, No Iterations 8
bounding omega, min: -7343.490998791995 max: 45355983.16578294 average: 6431.396432981755
smoothSolver:  Solving for k, Initial residual = 0.0003934952496253526, Final residual = 6.66371780198683e-07, No Iterations 8
ExecutionTime = 239.99 s  ClockTime = 254 s

Wall-clock time elapsed during the current time step = 2.356129785 s

Time = 101

velocityDampingConstraint velocityDamping damped 0 (0%) of cells, with max limit 300
smoothSolver:  Solving for Ux, Initial residual = 0.0005808911262555165, Final residual = 3.501630790436621e-05, No Iterations 15
smoothSolver:  Solving for Uy, Initial residual = 0.02166896032513242, Final residual = 0.001359297011098823, No Iterations 15
smoothSolver:  Solving for Uz, Initial residual = 0.01203189727401413, Final residual = 0.0007198314957328564, No Iterations 15
GAMG:  Solving for p, Initial residual = 0.002778164905083647, Final residual = 1.46224363989587e-05, No Iterations 12
time step continuity errors : sum local = 1.41467806215748e-05, global = 3.045986718996758e-07, cumulative = -0.0001103689002250566
smoothSolver:  Solving for omega, Initial residual = 2.996487793440275e-05, Final residual = 6.332052758989506e-08, No Iterations 8
bounding omega, min: -14898.87975763477 max: 45355983.57810765 average: 6426.331778495754
smoothSolver:  Solving for k, Initial residual = 0.0003890732686575087, Final residual = 6.627356702579353e-07, No Iterations 8
ExecutionTime = 242.31 s  ClockTime = 256 s

Wall-clock time elapsed during the current time step = 2.354360628 s

Time = 102

velocityDampingConstraint velocityDamping damped 0 (0%) of cells, with max limit 300
smoothSolver:  Solving for Ux, Initial residual = 0.0005778687181398947, Final residual = 3.468286123297094e-05, No Iterations 15
smoothSolver:  Solving for Uy, Initial residual = 0.02207648013688382, Final residual = 0.001379746592040367, No Iterations 15
smoothSolver:  Solving for Uz, Initial residual = 0.01191941582290201, Final residual = 0.0007056952443185764, No Iterations 15
GAMG:  Solving for p, Initial residual = 0.002734703202120194, Final residual = 1.435670235793866e-05, No Iterations 12
time step continuity errors : sum local = 1.391388740436037e-05, global = 2.846148070902523e-07, cumulative = -0.0001100842854179663
smoothSolver:  Solving for omega, Initial residual = 2.97608053612339e-05, Final residual = 6.313118043930733e-08, No Iterations 8
bounding omega, min: -6215.408117289404 max: 45355984.18270441 average: 6421.721893497253
smoothSolver:  Solving for k, Initial residual = 0.000384542379260996, Final residual = 6.589013641946259e-07, No Iterations 8
ExecutionTime = 244.64 s  ClockTime = 259 s

Wall-clock time elapsed during the current time step = 2.364435828 s

Time = 103

velocityDampingConstraint velocityDamping damped 0 (0%) of cells, with max limit 300
smoothSolver:  Solving for Ux, Initial residual = 0.0005737718900894787, Final residual = 3.44339060286463e-05, No Iterations 15
smoothSolver:  Solving for Uy, Initial residual = 0.02249231169616979, Final residual = 0.001402304959178028, No Iterations 15
smoothSolver:  Solving for Uz, Initial residual = 0.01177821249630607, Final residual = 0.0006913806105818073, No Iterations 15
GAMG:  Solving for p, Initial residual = 0.002682222856650472, Final residual = 1.452117239530761e-05, No Iterations 12
time step continuity errors : sum local = 1.412686478321359e-05, global = 2.525644801078611e-07, cumulative = -0.0001098317209378585
smoothSolver:  Solving for omega, Initial residual = 2.955016116522726e-05, Final residual = 6.29463604324184e-08, No Iterations 8
bounding omega, min: -132791.5562390477 max: 45355984.94467025 average: 6417.357078617596
smoothSolver:  Solving for k, Initial residual = 0.0003800678593904721, Final residual = 6.555300169941974e-07, No Iterations 8
ExecutionTime = 246.98 s  ClockTime = 261 s

Wall-clock time elapsed during the current time step = 2.36545604 s

Time = 104

velocityDampingConstraint velocityDamping damped 0 (0%) of cells, with max limit 300
smoothSolver:  Solving for Ux, Initial residual = 0.0005692175392573833, Final residual = 3.423089159872104e-05, No Iterations 15
smoothSolver:  Solving for Uy, Initial residual = 0.02288399011903075, Final residual = 0.001426149840091801, No Iterations 15
smoothSolver:  Solving for Uz, Initial residual = 0.01161126465662676, Final residual = 0.0006783784934811908, No Iterations 15
GAMG:  Solving for p, Initial residual = 0.002625136851700827, Final residual = 1.468942833486122e-05, No Iterations 12
time step continuity errors : sum local = 1.43683987486472e-05, global = 2.220112124649268e-07, cumulative = -0.0001096097097253936
smoothSolver:  Solving for omega, Initial residual = 2.9330164386898e-05, Final residual = 6.27017829779613e-08, No Iterations 8
bounding omega, min: -7788.823643035922 max: 45355985.70685691 average: 6413.239500206243
smoothSolver:  Solving for k, Initial residual = 0.0003762643383666373, Final residual = 6.536686025790831e-07, No Iterations 8
ExecutionTime = 249.32 s  ClockTime = 263 s

Wall-clock time elapsed during the current time step = 2.378598386 s

Time = 105

velocityDampingConstraint velocityDamping damped 0 (0%) of cells, with max limit 300
smoothSolver:  Solving for Ux, Initial residual = 0.0005652419841694486, Final residual = 3.40849635306177e-05, No Iterations 15
smoothSolver:  Solving for Uy, Initial residual = 0.02320283069334937, Final residual = 0.001448823992399313, No Iterations 15
smoothSolver:  Solving for Uz, Initial residual = 0.01143116387965457, Final residual = 0.0006668869962948694, No Iterations 15
GAMG:  Solving for p, Initial residual = 0.002572012273892975, Final residual = 1.448958825778203e-05, No Iterations 12
time step continuity errors : sum local = 1.425420133499856e-05, global = 2.03752324574713e-07, cumulative = -0.0001094059574008188
smoothSolver:  Solving for omega, Initial residual = 2.909825152618749e-05, Final residual = 6.237582032835903e-08, No Iterations 8
bounding omega, min: -9478.877299118934 max: 45355986.23301835 average: 6409.378189823688
smoothSolver:  Solving for k, Initial residual = 0.0003728518827083693, Final residual = 6.537247814041388e-07, No Iterations 8
ExecutionTime = 251.66 s  ClockTime = 266 s

Wall-clock time elapsed during the current time step = 2.379112406 s

Time = 106

velocityDampingConstraint velocityDamping damped 0 (0%) of cells, with max limit 300
smoothSolver:  Solving for Ux, Initial residual = 0.0005621380266124485, Final residual = 3.400619656962126e-05, No Iterations 15
smoothSolver:  Solving for Uy, Initial residual = 0.02341737213844811, Final residual = 0.001467685459629783, No Iterations 15
smoothSolver:  Solving for Uz, Initial residual = 0.01124207047542168, Final residual = 0.0006565289980194598, No Iterations 15
GAMG:  Solving for p, Initial residual = 0.002524957447725425, Final residual = 1.383866619303811e-05, No Iterations 12
time step continuity errors : sum local = 1.368021523270104e-05, global = 1.874544100685239e-07, cumulative = -0.0001092185029907503
smoothSolver:  Solving for omega, Initial residual = 2.886181196912918e-05, Final residual = 6.204525322919457e-08, No Iterations 8
bounding omega, min: -7877.198868894227 max: 45355986.2610198 average: 6405.789787369973
smoothSolver:  Solving for k, Initial residual = 0.0003694631868317835, Final residual = 6.559544978641419e-07, No Iterations 8
ExecutionTime = 254 s  ClockTime = 268 s

Wall-clock time elapsed during the current time step = 2.372008582 s

Time = 107

velocityDampingConstraint velocityDamping damped 0 (0%) of cells, with max limit 300
smoothSolver:  Solving for Ux, Initial residual = 0.0005593416731612095, Final residual = 3.394367266571247e-05, No Iterations 15
smoothSolver:  Solving for Uy, Initial residual = 0.02354265332024997, Final residual = 0.001478868820441078, No Iterations 15
smoothSolver:  Solving for Uz, Initial residual = 0.01106796391238666, Final residual = 0.000646648800986444, No Iterations 15
GAMG:  Solving for p, Initial residual = 0.002490724324098206, Final residual = 1.308971083740588e-05, No Iterations 12
time step continuity errors : sum local = 1.298510372883202e-05, global = 1.662813796321718e-07, cumulative = -0.0001090522216111181
smoothSolver:  Solving for omega, Initial residual = 2.863288296607354e-05, Final residual = 6.176506856380209e-08, No Iterations 8
bounding omega, min: -9261.868260348507 max: 45355985.69942483 average: 6402.523184812646
smoothSolver:  Solving for k, Initial residual = 0.0003664795287719211, Final residual = 6.604861875054588e-07, No Iterations 8
ExecutionTime = 256.36 s  ClockTime = 271 s

Wall-clock time elapsed during the current time step = 2.392140619 s

Time = 108

velocityDampingConstraint velocityDamping damped 0 (0%) of cells, with max limit 300
smoothSolver:  Solving for Ux, Initial residual = 0.0005566126337308904, Final residual = 3.388461811534494e-05, No Iterations 15
smoothSolver:  Solving for Uy, Initial residual = 0.02360989809404141, Final residual = 0.001481199643859619, No Iterations 15
smoothSolver:  Solving for Uz, Initial residual = 0.01092449109104645, Final residual = 0.0006370990685793637, No Iterations 15
GAMG:  Solving for p, Initial residual = 0.002468467659335785, Final residual = 1.265771334957376e-05, No Iterations 12
time step continuity errors : sum local = 1.257549055667141e-05, global = 1.371594131174715e-07, cumulative = -0.0001089150621980007
smoothSolver:  Solving for omega, Initial residual = 2.842603246709782e-05, Final residual = 6.153449458759642e-08, No Iterations 8
bounding omega, min: -36922.03191435494 max: 45355984.70270234 average: 6399.514843797196
smoothSolver:  Solving for k, Initial residual = 0.0003641020005681385, Final residual = 6.669313940116278e-07, No Iterations 8
ExecutionTime = 258.69 s  ClockTime = 273 s

Wall-clock time elapsed during the current time step = 2.365354949 s

Time = 109

velocityDampingConstraint velocityDamping damped 0 (0%) of cells, with max limit 300
smoothSolver:  Solving for Ux, Initial residual = 0.0005541764921613662, Final residual = 3.384759058503792e-05, No Iterations 15
smoothSolver:  Solving for Uy, Initial residual = 0.02363151621986963, Final residual = 0.001476532875651789, No Iterations 15
smoothSolver:  Solving for Uz, Initial residual = 0.01080784654712447, Final residual = 0.0006282740917666885, No Iterations 15
GAMG:  Solving for p, Initial residual = 0.002456882563763451, Final residual = 1.272863561552312e-05, No Iterations 12
time step continuity errors : sum local = 1.263424213521294e-05, global = 1.118702804228475e-07, cumulative = -0.0001088031919175778
smoothSolver:  Solving for omega, Initial residual = 2.822998996556066e-05, Final residual = 6.129260737699211e-08, No Iterations 8
bounding omega, min: -119731.672025786 max: 45355983.66094484 average: 6396.643401080038
smoothSolver:  Solving for k, Initial residual = 0.0003622969120504926, Final residual = 6.74696276821805e-07, No Iterations 8
ExecutionTime = 261 s  ClockTime = 275 s

Wall-clock time elapsed during the current time step = 2.341729575 s

Time = 110

velocityDampingConstraint velocityDamping damped 0 (0%) of cells, with max limit 300
smoothSolver:  Solving for Ux, Initial residual = 0.000552095854609832, Final residual = 3.375609279981328e-05, No Iterations 15
smoothSolver:  Solving for Uy, Initial residual = 0.02362084142257743, Final residual = 0.001467233600631599, No Iterations 15
smoothSolver:  Solving for Uz, Initial residual = 0.01072114561329469, Final residual = 0.0006209294334058846, No Iterations 15
GAMG:  Solving for p, Initial residual = 0.002450148098352017, Final residual = 1.304280202946574e-05, No Iterations 12
time step continuity errors : sum local = 1.290661608793122e-05, global = 1.083454315891755e-07, cumulative = -0.0001086948464859886
smoothSolver:  Solving for omega, Initial residual = 2.803579274558971e-05, Final residual = 6.098170630056348e-08, No Iterations 8
bounding omega, min: -11095.32214948799 max: 45355983.38015154 average: 6393.806485986001
smoothSolver:  Solving for k, Initial residual = 0.0003608394314499184, Final residual = 6.828506110885511e-07, No Iterations 8
ExecutionTime = 263.33 s  ClockTime = 278 s

Wall-clock time elapsed during the current time step = 2.362409407 s

Time = 111

velocityDampingConstraint velocityDamping damped 0 (0%) of cells, with max limit 300
smoothSolver:  Solving for Ux, Initial residual = 0.0005502463441571244, Final residual = 3.360078354445066e-05, No Iterations 15
smoothSolver:  Solving for Uy, Initial residual = 0.0235439952506884, Final residual = 0.001452709537939544, No Iterations 15
smoothSolver:  Solving for Uz, Initial residual = 0.01066082187996952, Final residual = 0.0006148810964207295, No Iterations 15
GAMG:  Solving for p, Initial residual = 0.002450067089818396, Final residual = 1.331569979880034e-05, No Iterations 12
time step continuity errors : sum local = 1.311618625560451e-05, global = 1.337464371372592e-07, cumulative = -0.0001085611000488514
smoothSolver:  Solving for omega, Initial residual = 2.784904399089916e-05, Final residual = 6.055017861406055e-08, No Iterations 8
bounding omega, min: -10147.77967075566 max: 45355983.2116036 average: 6391.027578875232
smoothSolver:  Solving for k, Initial residual = 0.0003600236030477624, Final residual = 6.888382457432451e-07, No Iterations 8
ExecutionTime = 265.66 s  ClockTime = 280 s

Wall-clock time elapsed during the current time step = 2.368551905 s

Time = 112

velocityDampingConstraint velocityDamping damped 0 (0%) of cells, with max limit 300
smoothSolver:  Solving for Ux, Initial residual = 0.0005478732256865903, Final residual = 3.339866532958854e-05, No Iterations 15
smoothSolver:  Solving for Uy, Initial residual = 0.02345274583874746, Final residual = 0.001437094730506169, No Iterations 15
smoothSolver:  Solving for Uz, Initial residual = 0.01061214147674458, Final residual = 0.0006094161316452789, No Iterations 15
GAMG:  Solving for p, Initial residual = 0.002453574746648347, Final residual = 1.337563322280694e-05, No Iterations 12
time step continuity errors : sum local = 1.310276284104258e-05, global = 1.76489491736407e-07, cumulative = -0.000108384610557115
smoothSolver:  Solving for omega, Initial residual = 2.766339770518026e-05, Final residual = 6.000975935676282e-08, No Iterations 8
bounding omega, min: -6993.093600589228 max: 45355983.30242635 average: 6388.339755506357
smoothSolver:  Solving for k, Initial residual = 0.0003598494028684658, Final residual = 6.915851267148925e-07, No Iterations 8
ExecutionTime = 267.98 s  ClockTime = 282 s

Wall-clock time elapsed during the current time step = 2.349151672 s

Time = 113

velocityDampingConstraint velocityDamping damped 0 (0%) of cells, with max limit 300
smoothSolver:  Solving for Ux, Initial residual = 0.0005447902684248727, Final residual = 3.310194120714372e-05, No Iterations 15
smoothSolver:  Solving for Uy, Initial residual = 0.02335727991844757, Final residual = 0.001422932998427717, No Iterations 15
smoothSolver:  Solving for Uz, Initial residual = 0.01057222791937007, Final residual = 0.0006045373143992565, No Iterations 15
GAMG:  Solving for p, Initial residual = 0.002456300165418508, Final residual = 1.332032164991419e-05, No Iterations 12
time step continuity errors : sum local = 1.297447117131542e-05, global = 2.214458940545679e-07, cumulative = -0.0001081631646630604
smoothSolver:  Solving for omega, Initial residual = 2.747862920274709e-05, Final residual = 5.938518956662441e-08, No Iterations 8
bounding omega, min: -5312.309547418647 max: 45355983.68222 average: 6385.668628117282
smoothSolver:  Solving for k, Initial residual = 0.0003598264985976472, Final residual = 6.911830269263866e-07, No Iterations 8
ExecutionTime = 270.3 s  ClockTime = 285 s

Wall-clock time elapsed during the current time step = 2.352519939 s

Time = 114

velocityDampingConstraint velocityDamping damped 0 (0%) of cells, with max limit 300
smoothSolver:  Solving for Ux, Initial residual = 0.0005413720355498064, Final residual = 3.274837665541913e-05, No Iterations 15
smoothSolver:  Solving for Uy, Initial residual = 0.02330424048734581, Final residual = 0.001414854752044046, No Iterations 15
smoothSolver:  Solving for Uz, Initial residual = 0.01054414368342181, Final residual = 0.0006005513954384302, No Iterations 15
GAMG:  Solving for p, Initial residual = 0.0024543039079336, Final residual = 1.300418410853112e-05, No Iterations 12
time step continuity errors : sum local = 1.260197393903734e-05, global = 2.47830283529792e-07, cumulative = -0.0001079153343795306
smoothSolver:  Solving for omega, Initial residual = 2.729546895586728e-05, Final residual = 5.87386083110227e-08, No Iterations 8
bounding omega, min: -5457.457720692037 max: 45355984.08778244 average: 6383.003706696781
smoothSolver:  Solving for k, Initial residual = 0.0003596109241283426, Final residual = 6.898177472643021e-07, No Iterations 8
ExecutionTime = 272.64 s  ClockTime = 287 s

Wall-clock time elapsed during the current time step = 2.374570919 s

Time = 115

velocityDampingConstraint velocityDamping damped 0 (0%) of cells, with max limit 300
smoothSolver:  Solving for Ux, Initial residual = 0.0005380475380772289, Final residual = 3.235703532068633e-05, No Iterations 15
smoothSolver:  Solving for Uy, Initial residual = 0.02330968092448446, Final residual = 0.001413316333164774, No Iterations 15
smoothSolver:  Solving for Uz, Initial residual = 0.01052341459446199, Final residual = 0.0005977150470132579, No Iterations 15
GAMG:  Solving for p, Initial residual = 0.002443996168479192, Final residual = 1.261821125041707e-05, No Iterations 12
time step continuity errors : sum local = 1.217738367869652e-05, global = 2.563699345102811e-07, cumulative = -0.0001076589644450203
smoothSolver:  Solving for omega, Initial residual = 2.710688860541774e-05, Final residual = 5.81520660892218e-08, No Iterations 8
bounding omega, min: -6415.915183969933 max: 45355984.50474439 average: 6380.363931946633
smoothSolver:  Solving for k, Initial residual = 0.0003587298968856635, Final residual = 6.879130455273496e-07, No Iterations 8
ExecutionTime = 274.98 s  ClockTime = 290 s

Wall-clock time elapsed during the current time step = 2.365986998 s

Time = 116

velocityDampingConstraint velocityDamping damped 0 (0%) of cells, with max limit 300
smoothSolver:  Solving for Ux, Initial residual = 0.0005346897833825115, Final residual = 3.198494911871277e-05, No Iterations 15
smoothSolver:  Solving for Uy, Initial residual = 0.02332771228261236, Final residual = 0.001414974033458723, No Iterations 15
smoothSolver:  Solving for Uz, Initial residual = 0.01050321129779983, Final residual = 0.0005958336701418898, No Iterations 15
GAMG:  Solving for p, Initial residual = 0.00242565939844956, Final residual = 1.239615116688874e-05, No Iterations 12
time step continuity errors : sum local = 1.192365498504666e-05, global = 2.461277734197005e-07, cumulative = -0.0001074128366716006
smoothSolver:  Solving for omega, Initial residual = 2.691751008858282e-05, Final residual = 5.765772587041087e-08, No Iterations 8
bounding omega, min: -6229.914243688897 max: 45355984.94879902 average: 6377.852054198678
smoothSolver:  Solving for k, Initial residual = 0.0003573655639554194, Final residual = 6.853062745087587e-07, No Iterations 8
bounding k, min: -7.133147444872265e-06 max: 165.7617086496588 average: 4.108007706264127
ExecutionTime = 277.29 s  ClockTime = 292 s

Wall-clock time elapsed during the current time step = 2.357188737 s

Time = 117

velocityDampingConstraint velocityDamping damped 0 (0%) of cells, with max limit 300
smoothSolver:  Solving for Ux, Initial residual = 0.0005315440625639976, Final residual = 3.16304560946502e-05, No Iterations 15
smoothSolver:  Solving for Uy, Initial residual = 0.02335712480919532, Final residual = 0.001416990265120992, No Iterations 15
smoothSolver:  Solving for Uz, Initial residual = 0.01048269002359983, Final residual = 0.0005942358119229482, No Iterations 15
GAMG:  Solving for p, Initial residual = 0.002403866374281737, Final residual = 1.207872876025721e-05, No Iterations 12
time step continuity errors : sum local = 1.158548306170593e-05, global = 2.263817525287874e-07, cumulative = -0.0001071864549190718
smoothSolver:  Solving for omega, Initial residual = 2.673011233394766e-05, Final residual = 5.726888858496795e-08, No Iterations 8
bounding omega, min: -6511.994550296922 max: 45355985.40367959 average: 6375.416558476767
smoothSolver:  Solving for k, Initial residual = 0.0003554773168344912, Final residual = 6.820147099614666e-07, No Iterations 8
ExecutionTime = 279.63 s  ClockTime = 294 s

Wall-clock time elapsed during the current time step = 2.373655351 s

Time = 118

velocityDampingConstraint velocityDamping damped 0 (0%) of cells, with max limit 300
smoothSolver:  Solving for Ux, Initial residual = 0.0005286176778978791, Final residual = 3.133986427894827e-05, No Iterations 15
smoothSolver:  Solving for Uy, Initial residual = 0.02335702770040249, Final residual = 0.001417859404546426, No Iterations 15
smoothSolver:  Solving for Uz, Initial residual = 0.01045975559477835, Final residual = 0.0005931252781759301, No Iterations 15
GAMG:  Solving for p, Initial residual = 0.002385681904298148, Final residual = 1.162305086278093e-05, No Iterations 12
time step continuity errors : sum local = 1.111563080452067e-05, global = 2.1276576361704e-07, cumulative = -0.0001069736891554548
smoothSolver:  Solving for omega, Initial residual = 2.654995501022035e-05, Final residual = 5.69455186099967e-08, No Iterations 8
bounding omega, min: -22329.95558298091 max: 45355985.76723788 average: 6372.992695473804
smoothSolver:  Solving for k, Initial residual = 0.0003532134970847057, Final residual = 6.769300462869332e-07, No Iterations 8
bounding k, min: -5.159873447170284e-06 max: 156.0181182426265 average: 4.158419007654513
ExecutionTime = 282 s  ClockTime = 297 s

Wall-clock time elapsed during the current time step = 2.39480988 s

Time = 119

velocityDampingConstraint velocityDamping damped 0 (0%) of cells, with max limit 300
smoothSolver:  Solving for Ux, Initial residual = 0.0005261206907996456, Final residual = 3.111187171776189e-05, No Iterations 15
smoothSolver:  Solving for Uy, Initial residual = 0.0233061282273238, Final residual = 0.001414713302313987, No Iterations 15
smoothSolver:  Solving for Uz, Initial residual = 0.01043325462463719, Final residual = 0.0005922371426608113, No Iterations 15
GAMG:  Solving for p, Initial residual = 0.002369710637905973, Final residual = 1.145029419922338e-05, No Iterations 12
time step continuity errors : sum local = 1.091273115026092e-05, global = 2.138678622821097e-07, cumulative = -0.0001067598212931727
smoothSolver:  Solving for omega, Initial residual = 2.636981000855856e-05, Final residual = 5.663092970271188e-08, No Iterations 8
bounding omega, min: -19627.82099201754 max: 45355985.86517407 average: 6370.460711992218
smoothSolver:  Solving for k, Initial residual = 0.0003507338464165044, Final residual = 6.695681242600083e-07, No Iterations 8
bounding k, min: -2.073697065228283e-05 max: 150.1240747800687 average: 4.183293111338734
ExecutionTime = 284.36 s  ClockTime = 299 s

Wall-clock time elapsed during the current time step = 2.395830878 s

Time = 120

velocityDampingConstraint velocityDamping damped 0 (0%) of cells, with max limit 300
smoothSolver:  Solving for Ux, Initial residual = 0.0005239774885692543, Final residual = 3.092144034158504e-05, No Iterations 15
smoothSolver:  Solving for Uy, Initial residual = 0.02320487890540655, Final residual = 0.001406322437590829, No Iterations 15
smoothSolver:  Solving for Uz, Initial residual = 0.01040787804749445, Final residual = 0.00059113972300947, No Iterations 15
GAMG:  Solving for p, Initial residual = 0.002353004975563417, Final residual = 1.155108460896484e-05, No Iterations 12
time step continuity errors : sum local = 1.096552315751335e-05, global = 2.196182045890028e-07, cumulative = -0.0001065402030885837
smoothSolver:  Solving for omega, Initial residual = 2.618479165462978e-05, Final residual = 5.633156478342191e-08, No Iterations 8
bounding omega, min: -5909.927765989589 max: 45355985.56599685 average: 6367.728039965434
smoothSolver:  Solving for k, Initial residual = 0.0003482303489264131, Final residual = 6.609296169740749e-07, No Iterations 8
ExecutionTime = 286.7 s  ClockTime = 301 s

Wall-clock time elapsed during the current time step = 2.37434483 s

Time = 121

velocityDampingConstraint velocityDamping damped 0 (0%) of cells, with max limit 300
smoothSolver:  Solving for Ux, Initial residual = 0.0005224348764659247, Final residual = 3.072965385022725e-05, No Iterations 15
smoothSolver:  Solving for Uy, Initial residual = 0.02304001157989436, Final residual = 0.001392809268458874, No Iterations 15
smoothSolver:  Solving for Uz, Initial residual = 0.01037885528388726, Final residual = 0.0005896595379065877, No Iterations 15
GAMG:  Solving for p, Initial residual = 0.002333378444541286, Final residual = 1.17608831412442e-05, No Iterations 12
time step continuity errors : sum local = 1.111937145488188e-05, global = 2.240368390732703e-07, cumulative = -0.0001063161662495104
smoothSolver:  Solving for omega, Initial residual = 2.599993953632573e-05, Final residual = 5.59651883415192e-08, No Iterations 8
bounding omega, min: -9776.950861101675 max: 45355984.87626432 average: 6364.904020408794
smoothSolver:  Solving for k, Initial residual = 0.0003455703203348747, Final residual = 6.513667863829282e-07, No Iterations 8
ExecutionTime = 289.04 s  ClockTime = 304 s

Wall-clock time elapsed during the current time step = 2.369412669 s

Time = 122

velocityDampingConstraint velocityDamping damped 0 (0%) of cells, with max limit 300
smoothSolver:  Solving for Ux, Initial residual = 0.0005213475800053019, Final residual = 3.056742607724865e-05, No Iterations 15
smoothSolver:  Solving for Uy, Initial residual = 0.0227802209113455, Final residual = 0.001375960623262931, No Iterations 15
smoothSolver:  Solving for Uz, Initial residual = 0.01034465106265963, Final residual = 0.0005887403687924699, No Iterations 15
GAMG:  Solving for p, Initial residual = 0.002311341696676302, Final residual = 1.196972808008691e-05, No Iterations 12
time step continuity errors : sum local = 1.127577515780378e-05, global = 2.304756893310194e-07, cumulative = -0.0001060856905601794
smoothSolver:  Solving for omega, Initial residual = 2.581934686755604e-05, Final residual = 5.55200126221149e-08, No Iterations 8
bounding omega, min: -10648.59497947323 max: 45355983.94595249 average: 6362.028540151781
smoothSolver:  Solving for k, Initial residual = 0.0003426556571974947, Final residual = 6.409862783203101e-07, No Iterations 8
ExecutionTime = 291.38 s  ClockTime = 306 s

Wall-clock time elapsed during the current time step = 2.369308486 s

Time = 123

velocityDampingConstraint velocityDamping damped 0 (0%) of cells, with max limit 300
smoothSolver:  Solving for Ux, Initial residual = 0.0005202519924875545, Final residual = 3.044249247199274e-05, No Iterations 15
smoothSolver:  Solving for Uy, Initial residual = 0.02245917132872276, Final residual = 0.001359958664600256, No Iterations 15
smoothSolver:  Solving for Uz, Initial residual = 0.01030104677142021, Final residual = 0.0005887571464051004, No Iterations 15
GAMG:  Solving for p, Initial residual = 0.002288533435306681, Final residual = 1.205799296442568e-05, No Iterations 12
time step continuity errors : sum local = 1.132862157697362e-05, global = 2.379116600900034e-07, cumulative = -0.0001058477789000894
smoothSolver:  Solving for omega, Initial residual = 2.563614587806222e-05, Final residual = 5.502314815941444e-08, No Iterations 8
bounding omega, min: -14687.61943274927 max: 45355984.33870467 average: 6359.192105853687
smoothSolver:  Solving for k, Initial residual = 0.0003397344901953762, Final residual = 6.313662932188996e-07, No Iterations 8
ExecutionTime = 293.69 s  ClockTime = 308 s

Wall-clock time elapsed during the current time step = 2.346337692 s

Time = 124

velocityDampingConstraint velocityDamping damped 0 (0%) of cells, with max limit 300
smoothSolver:  Solving for Ux, Initial residual = 0.0005189954305123259, Final residual = 3.037670827541822e-05, No Iterations 15
smoothSolver:  Solving for Uy, Initial residual = 0.02210724831814746, Final residual = 0.001346591588886574, No Iterations 15
smoothSolver:  Solving for Uz, Initial residual = 0.01025661654217179, Final residual = 0.0005894649441801286, No Iterations 15
GAMG:  Solving for p, Initial residual = 0.002264645882655705, Final residual = 1.204873147574584e-05, No Iterations 12
time step continuity errors : sum local = 1.130497076804228e-05, global = 2.392257668112592e-07, cumulative = -0.0001056085531332781
smoothSolver:  Solving for omega, Initial residual = 2.543740341637435e-05, Final residual = 5.450408009808863e-08, No Iterations 8
bounding omega, min: -18499.50639381092 max: 45355984.92361148 average: 6356.412843679238
smoothSolver:  Solving for k, Initial residual = 0.0003368620898884997, Final residual = 6.235514382631277e-07, No Iterations 8
ExecutionTime = 296.01 s  ClockTime = 311 s

Wall-clock time elapsed during the current time step = 2.356099989 s

Time = 125

velocityDampingConstraint velocityDamping damped 0 (0%) of cells, with max limit 300
smoothSolver:  Solving for Ux, Initial residual = 0.000517522240548407, Final residual = 3.036946485220462e-05, No Iterations 15
smoothSolver:  Solving for Uy, Initial residual = 0.02174455989231897, Final residual = 0.00133408738737575, No Iterations 15
smoothSolver:  Solving for Uz, Initial residual = 0.01021293156197238, Final residual = 0.0005904601980828188, No Iterations 15
GAMG:  Solving for p, Initial residual = 0.00223768032499011, Final residual = 1.215730125454762e-05, No Iterations 12
time step continuity errors : sum local = 1.140519548200944e-05, global = 2.320996986951092e-07, cumulative = -0.000105376453434583
smoothSolver:  Solving for omega, Initial residual = 2.523834562298665e-05, Final residual = 5.402515835278072e-08, No Iterations 8
bounding omega, min: -14678.6074209832 max: 45355985.44529271 average: 6353.651777196742
smoothSolver:  Solving for k, Initial residual = 0.0003341669061391043, Final residual = 6.18291895611818e-07, No Iterations 8
ExecutionTime = 298.34 s  ClockTime = 313 s

Wall-clock time elapsed during the current time step = 2.358176096 s

Time = 126

velocityDampingConstraint velocityDamping damped 0 (0%) of cells, with max limit 300
smoothSolver:  Solving for Ux, Initial residual = 0.000516082066486074, Final residual = 3.042754819062172e-05, No Iterations 15
smoothSolver:  Solving for Uy, Initial residual = 0.02135635050736879, Final residual = 0.001318545290224087, No Iterations 15
smoothSolver:  Solving for Uz, Initial residual = 0.01015612102337161, Final residual = 0.0005912014310881374, No Iterations 15
GAMG:  Solving for p, Initial residual = 0.002204816307541928, Final residual = 1.248952723959856e-05, No Iterations 12
time step continuity errors : sum local = 1.172240550274385e-05, global = 2.172539371386864e-07, cumulative = -0.0001051591994974443
smoothSolver:  Solving for omega, Initial residual = 2.505130857792516e-05, Final residual = 5.359781527762793e-08, No Iterations 8
bounding omega, min: -20335.97409225157 max: 45355985.78152205 average: 6350.859094850123
smoothSolver:  Solving for k, Initial residual = 0.0003317922919764823, Final residual = 6.154593570787891e-07, No Iterations 8
ExecutionTime = 300.67 s  ClockTime = 316 s

Wall-clock time elapsed during the current time step = 2.357507581 s

Time = 127

velocityDampingConstraint velocityDamping damped 0 (0%) of cells, with max limit 300
smoothSolver:  Solving for Ux, Initial residual = 0.0005144932459807583, Final residual = 3.051499474745007e-05, No Iterations 15
smoothSolver:  Solving for Uy, Initial residual = 0.0209416435171834, Final residual = 0.001298584997369212, No Iterations 15
smoothSolver:  Solving for Uz, Initial residual = 0.01008989972793282, Final residual = 0.0005907220067999685, No Iterations 15
GAMG:  Solving for p, Initial residual = 0.002173591360099315, Final residual = 1.2901891989263e-05, No Iterations 12
time step continuity errors : sum local = 1.211497174365759e-05, global = 2.034795686857836e-07, cumulative = -0.0001049557199287585
smoothSolver:  Solving for omega, Initial residual = 2.487272809282793e-05, Final residual = 5.320614041308824e-08, No Iterations 8
bounding omega, min: -23686.63351227739 max: 45355985.84229717 average: 6347.97823793954
smoothSolver:  Solving for k, Initial residual = 0.0003296792417026299, Final residual = 6.13628095159255e-07, No Iterations 8
ExecutionTime = 302.99 s  ClockTime = 318 s

Wall-clock time elapsed during the current time step = 2.359180496 s

Time = 128

velocityDampingConstraint velocityDamping damped 0 (0%) of cells, with max limit 300
smoothSolver:  Solving for Ux, Initial residual = 0.0005129606234707311, Final residual = 3.057544877735482e-05, No Iterations 15
smoothSolver:  Solving for Uy, Initial residual = 0.02050721723846832, Final residual = 0.001275363467254839, No Iterations 15
smoothSolver:  Solving for Uz, Initial residual = 0.0100193351015704, Final residual = 0.0005887013986151258, No Iterations 15
GAMG:  Solving for p, Initial residual = 0.002151121370372804, Final residual = 1.303931590932418e-05, No Iterations 12
time step continuity errors : sum local = 1.224362887378819e-05, global = 2.045444435134625e-07, cumulative = -0.0001047511754852451
smoothSolver:  Solving for omega, Initial residual = 2.470995596178416e-05, Final residual = 5.28504900887594e-08, No Iterations 8
bounding omega, min: -19081.47900455822 max: 45355985.59798164 average: 6344.976974182015
smoothSolver:  Solving for k, Initial residual = 0.0003277354275431868, Final residual = 6.1173849976346e-07, No Iterations 8
ExecutionTime = 305.34 s  ClockTime = 320 s

Wall-clock time elapsed during the current time step = 2.380827024 s

Time = 129

velocityDampingConstraint velocityDamping damped 0 (0%) of cells, with max limit 300
smoothSolver:  Solving for Ux, Initial residual = 0.0005115032444611192, Final residual = 3.057536225705711e-05, No Iterations 15
smoothSolver:  Solving for Uy, Initial residual = 0.02007633394922492, Final residual = 0.001252777375779118, No Iterations 15
smoothSolver:  Solving for Uz, Initial residual = 0.00993113223777081, Final residual = 0.0005847584457842308, No Iterations 15
GAMG:  Solving for p, Initial residual = 0.002134112893691554, Final residual = 1.29674416864522e-05, No Iterations 12
time step continuity errors : sum local = 1.216728411434479e-05, global = 2.272568361105871e-07, cumulative = -0.0001045239186491345
smoothSolver:  Solving for omega, Initial residual = 2.456732757489804e-05, Final residual = 5.253710923158591e-08, No Iterations 8
bounding omega, min: -24114.00173508276 max: 45355985.07692818 average: 6341.83693399461
smoothSolver:  Solving for k, Initial residual = 0.0003256378134712872, Final residual = 6.095748877942338e-07, No Iterations 8
ExecutionTime = 307.69 s  ClockTime = 323 s

Wall-clock time elapsed during the current time step = 2.383092277 s

Time = 130

velocityDampingConstraint velocityDamping damped 0 (0%) of cells, with max limit 300
smoothSolver:  Solving for Ux, Initial residual = 0.0005103274548477822, Final residual = 3.055099483579028e-05, No Iterations 15
smoothSolver:  Solving for Uy, Initial residual = 0.01969050196967247, Final residual = 0.001232729104904904, No Iterations 15
smoothSolver:  Solving for Uz, Initial residual = 0.009831872845255447, Final residual = 0.0005802008578458545, No Iterations 15
GAMG:  Solving for p, Initial residual = 0.002117142180194786, Final residual = 1.2852425647691e-05, No Iterations 12
time step continuity errors : sum local = 1.204124335357634e-05, global = 2.587567310359568e-07, cumulative = -0.0001042651619180985
smoothSolver:  Solving for omega, Initial residual = 2.44437201228342e-05, Final residual = 5.227209636884705e-08, No Iterations 8
bounding omega, min: -9781.763193744637 max: 45355984.32864188 average: 6338.716299451628
smoothSolver:  Solving for k, Initial residual = 0.0003234130763052615, Final residual = 6.065629018078003e-07, No Iterations 8
ExecutionTime = 310.04 s  ClockTime = 325 s

Wall-clock time elapsed during the current time step = 2.381731935 s

Time = 131

velocityDampingConstraint velocityDamping damped 0 (0%) of cells, with max limit 300
smoothSolver:  Solving for Ux, Initial residual = 0.000509204900498821, Final residual = 3.052324701761592e-05, No Iterations 15
smoothSolver:  Solving for Uy, Initial residual = 0.01938179905063838, Final residual = 0.001217827579279049, No Iterations 15
smoothSolver:  Solving for Uz, Initial residual = 0.009724301967905417, Final residual = 0.0005750914286272133, No Iterations 15
GAMG:  Solving for p, Initial residual = 0.002098721662241502, Final residual = 1.262659440303641e-05, No Iterations 12
time step continuity errors : sum local = 1.180569701692409e-05, global = 2.84167238710563e-07, cumulative = -0.0001039809946793879
smoothSolver:  Solving for omega, Initial residual = 2.433531995414599e-05, Final residual = 5.207388539897718e-08, No Iterations 8
bounding omega, min: -85980.59297513739 max: 45355983.49848846 average: 6335.703581817892
smoothSolver:  Solving for k, Initial residual = 0.0003213207977451319, Final residual = 6.034080767010099e-07, No Iterations 8
ExecutionTime = 312.39 s  ClockTime = 327 s

Wall-clock time elapsed during the current time step = 2.378107158 s

Time = 132

velocityDampingConstraint velocityDamping damped 0 (0%) of cells, with max limit 300
smoothSolver:  Solving for Ux, Initial residual = 0.0005079552165762839, Final residual = 3.048658258736238e-05, No Iterations 15
smoothSolver:  Solving for Uy, Initial residual = 0.0191260432315428, Final residual = 0.001208024684353057, No Iterations 15
smoothSolver:  Solving for Uz, Initial residual = 0.009611421894786918, Final residual = 0.0005701040865258898, No Iterations 15
GAMG:  Solving for p, Initial residual = 0.002076462284450395, Final residual = 1.232329561639247e-05, No Iterations 12
time step continuity errors : sum local = 1.149915007939197e-05, global = 3.016765685838571e-07, cumulative = -0.0001036793181108041
smoothSolver:  Solving for omega, Initial residual = 2.423129032392843e-05, Final residual = 5.190643759081433e-08, No Iterations 8
bounding omega, min: -7995.151145999392 max: 45355983.49007626 average: 6332.787674984316
smoothSolver:  Solving for k, Initial residual = 0.0003195707095214127, Final residual = 6.000791550221848e-07, No Iterations 8
ExecutionTime = 314.74 s  ClockTime = 330 s

Wall-clock time elapsed during the current time step = 2.382980531 s

Time = 133

velocityDampingConstraint velocityDamping damped 0 (0%) of cells, with max limit 300
smoothSolver:  Solving for Ux, Initial residual = 0.0005061924846488009, Final residual = 3.042069963727156e-05, No Iterations 15
smoothSolver:  Solving for Uy, Initial residual = 0.0189176736661122, Final residual = 0.001200148375056418, No Iterations 15
smoothSolver:  Solving for Uz, Initial residual = 0.009489230823769863, Final residual = 0.000564949422236817, No Iterations 15
GAMG:  Solving for p, Initial residual = 0.002050670805730686, Final residual = 1.21569173358099e-05, No Iterations 12
time step continuity errors : sum local = 1.132736651907754e-05, global = 3.117917862673843e-07, cumulative = -0.0001033675263245367
smoothSolver:  Solving for omega, Initial residual = 2.411876416341241e-05, Final residual = 5.173722804732711e-08, No Iterations 8
bounding omega, min: -10812.11960615243 max: 45355983.50851647 average: 6329.853798007117
smoothSolver:  Solving for k, Initial residual = 0.0003184011218423637, Final residual = 5.969152937128433e-07, No Iterations 8
ExecutionTime = 317.06 s  ClockTime = 332 s

Wall-clock time elapsed during the current time step = 2.369244667 s

Time = 134

velocityDampingConstraint velocityDamping damped 0 (0%) of cells, with max limit 300
smoothSolver:  Solving for Ux, Initial residual = 0.0005038624906463369, Final residual = 3.034977017788535e-05, No Iterations 15
smoothSolver:  Solving for Uy, Initial residual = 0.0187264102194082, Final residual = 0.001192432018328766, No Iterations 15
smoothSolver:  Solving for Uz, Initial residual = 0.009375407865665304, Final residual = 0.0005592617368963314, No Iterations 15
GAMG:  Solving for p, Initial residual = 0.002030066818938166, Final residual = 1.238993187030788e-05, No Iterations 12
time step continuity errors : sum local = 1.153906759212966e-05, global = 3.190998700044038e-07, cumulative = -0.0001030484264545323
smoothSolver:  Solving for omega, Initial residual = 2.400754290803901e-05, Final residual = 5.154667070860627e-08, No Iterations 8
bounding omega, min: -44447.38150545263 max: 45355983.41015834 average: 6326.915801355498
smoothSolver:  Solving for k, Initial residual = 0.0003178365511848252, Final residual = 5.947063787459399e-07, No Iterations 8
ExecutionTime = 319.39 s  ClockTime = 335 s

Wall-clock time elapsed during the current time step = 2.361785275 s

Time = 135

velocityDampingConstraint velocityDamping damped 0 (0%) of cells, with max limit 300
smoothSolver:  Solving for Ux, Initial residual = 0.000501430671743177, Final residual = 3.028172566483651e-05, No Iterations 15
smoothSolver:  Solving for Uy, Initial residual = 0.01855529882295054, Final residual = 0.001186616387231003, No Iterations 15
smoothSolver:  Solving for Uz, Initial residual = 0.009273382522872973, Final residual = 0.0005534129948909582, No Iterations 15
GAMG:  Solving for p, Initial residual = 0.002009885281139646, Final residual = 1.290533707428587e-05, No Iterations 12
time step continuity errors : sum local = 1.202608718218933e-05, global = 3.285031511520573e-07, cumulative = -0.0001027199233033802
smoothSolver:  Solving for omega, Initial residual = 2.391327311433989e-05, Final residual = 5.132728020311171e-08, No Iterations 8
bounding omega, min: -10950.74690877293 max: 45355983.17213892 average: 6323.945362810442
smoothSolver:  Solving for k, Initial residual = 0.0003180290023881523, Final residual = 5.941591495275724e-07, No Iterations 8
ExecutionTime = 321.75 s  ClockTime = 337 s

Wall-clock time elapsed during the current time step = 2.385488107 s

Time = 136

velocityDampingConstraint velocityDamping damped 0 (0%) of cells, with max limit 300
smoothSolver:  Solving for Ux, Initial residual = 0.0004993992382397379, Final residual = 3.026218790524549e-05, No Iterations 15
smoothSolver:  Solving for Uy, Initial residual = 0.01840556173032668, Final residual = 0.001182198661427573, No Iterations 15
smoothSolver:  Solving for Uz, Initial residual = 0.009184405938803542, Final residual = 0.000547926026679466, No Iterations 15
GAMG:  Solving for p, Initial residual = 0.001989930899728903, Final residual = 1.337644958123647e-05, No Iterations 12
time step continuity errors : sum local = 1.247862989284677e-05, global = 3.353838753166302e-07, cumulative = -0.0001023845394280636
smoothSolver:  Solving for omega, Initial residual = 2.383938250856581e-05, Final residual = 5.111585684275593e-08, No Iterations 8
bounding omega, min: -61608.41684603674 max: 45355982.9108353 average: 6320.885629849153
smoothSolver:  Solving for k, Initial residual = 0.0003187959823309726, Final residual = 5.955957709948624e-07, No Iterations 8
ExecutionTime = 324.1 s  ClockTime = 339 s

Wall-clock time elapsed during the current time step = 2.378468752 s

Time = 137

velocityDampingConstraint velocityDamping damped 0 (0%) of cells, with max limit 300
smoothSolver:  Solving for Ux, Initial residual = 0.0004977339073941099, Final residual = 3.031934860895164e-05, No Iterations 15
smoothSolver:  Solving for Uy, Initial residual = 0.01827699548517051, Final residual = 0.001180369734368688, No Iterations 15
smoothSolver:  Solving for Uz, Initial residual = 0.009102491907691503, Final residual = 0.0005431219431689861, No Iterations 15
GAMG:  Solving for p, Initial residual = 0.001981486171775328, Final residual = 1.359173829836029e-05, No Iterations 12
time step continuity errors : sum local = 1.269103034814543e-05, global = 3.393375158476422e-07, cumulative = -0.000102045201912216
smoothSolver:  Solving for omega, Initial residual = 2.377606449916142e-05, Final residual = 5.096931370950654e-08, No Iterations 8
bounding omega, min: -12302.67038107799 max: 45355982.74481443 average: 6317.811711939476
smoothSolver:  Solving for k, Initial residual = 0.0003201214050309565, Final residual = 5.992056984203147e-07, No Iterations 8
ExecutionTime = 326.42 s  ClockTime = 342 s

Wall-clock time elapsed during the current time step = 2.360629865 s

Time = 138

velocityDampingConstraint velocityDamping damped 0 (0%) of cells, with max limit 300
smoothSolver:  Solving for Ux, Initial residual = 0.000496574461757118, Final residual = 3.04265083873087e-05, No Iterations 15
smoothSolver:  Solving for Uy, Initial residual = 0.0181439127871929, Final residual = 0.001177129950912012, No Iterations 15
smoothSolver:  Solving for Uz, Initial residual = 0.009022439584567384, Final residual = 0.0005386873521535995, No Iterations 15
GAMG:  Solving for p, Initial residual = 0.001977800334712522, Final residual = 1.354916419583031e-05, No Iterations 12
time step continuity errors : sum local = 1.26564928029087e-05, global = 3.404427167224759e-07, cumulative = -0.0001017047591954935
smoothSolver:  Solving for omega, Initial residual = 2.372516837763005e-05, Final residual = 5.08744016746713e-08, No Iterations 8
bounding omega, min: -12523.69157371372 max: 45355982.74540931 average: 6314.750966905972
smoothSolver:  Solving for k, Initial residual = 0.0003217312492534072, Final residual = 6.046462601346975e-07, No Iterations 8
ExecutionTime = 328.73 s  ClockTime = 344 s

Wall-clock time elapsed during the current time step = 2.348255633 s

Time = 139

velocityDampingConstraint velocityDamping damped 0 (0%) of cells, with max limit 300
smoothSolver:  Solving for Ux, Initial residual = 0.0004958697260586042, Final residual = 3.054886541017145e-05, No Iterations 15
smoothSolver:  Solving for Uy, Initial residual = 0.01799942682411499, Final residual = 0.001169148114900719, No Iterations 15
smoothSolver:  Solving for Uz, Initial residual = 0.008936040854738885, Final residual = 0.0005338550664618898, No Iterations 15
GAMG:  Solving for p, Initial residual = 0.001972072096934596, Final residual = 1.335087712506517e-05, No Iterations 12
time step continuity errors : sum local = 1.247185026249618e-05, global = 3.356151431470286e-07, cumulative = -0.0001013691440523465
smoothSolver:  Solving for omega, Initial residual = 2.367265833129e-05, Final residual = 5.084334706739634e-08, No Iterations 8
bounding omega, min: -20902.99980318991 max: 45355982.78941035 average: 6311.726626853289
smoothSolver:  Solving for k, Initial residual = 0.0003234807556217762, Final residual = 6.118631429750007e-07, No Iterations 8
ExecutionTime = 331.05 s  ClockTime = 346 s

Wall-clock time elapsed during the current time step = 2.351020783 s

Time = 140

velocityDampingConstraint velocityDamping damped 0 (0%) of cells, with max limit 300
smoothSolver:  Solving for Ux, Initial residual = 0.0004949911114455325, Final residual = 3.069571012164465e-05, No Iterations 15
smoothSolver:  Solving for Uy, Initial residual = 0.01784046316809122, Final residual = 0.001157074168898785, No Iterations 15
smoothSolver:  Solving for Uz, Initial residual = 0.008847137790997221, Final residual = 0.000529430121244541, No Iterations 15
GAMG:  Solving for p, Initial residual = 0.001962929883465935, Final residual = 1.323692855921298e-05, No Iterations 12
time step continuity errors : sum local = 1.236620614841848e-05, global = 3.259109038457687e-07, cumulative = -0.0001010432331485007
smoothSolver:  Solving for omega, Initial residual = 2.359070886873593e-05, Final residual = 5.086271464390149e-08, No Iterations 8
bounding omega, min: -11337.60234975627 max: 45355982.91065644 average: 6308.798680947642
smoothSolver:  Solving for k, Initial residual = 0.0003250467549913685, Final residual = 6.197856358245191e-07, No Iterations 8
ExecutionTime = 333.38 s  ClockTime = 349 s

Wall-clock time elapsed during the current time step = 2.362774223 s

Time = 141

velocityDampingConstraint velocityDamping damped 0 (0%) of cells, with max limit 300
smoothSolver:  Solving for Ux, Initial residual = 0.0004940780904958893, Final residual = 3.085673834234164e-05, No Iterations 15
smoothSolver:  Solving for Uy, Initial residual = 0.01768425500978725, Final residual = 0.001143450314907734, No Iterations 15
smoothSolver:  Solving for Uz, Initial residual = 0.008761163953931601, Final residual = 0.0005245597920901045, No Iterations 15
GAMG:  Solving for p, Initial residual = 0.001950542341108517, Final residual = 1.340552559673517e-05, No Iterations 12
time step continuity errors : sum local = 1.252738004121743e-05, global = 3.165420934792351e-07, cumulative = -0.0001007266910550214
smoothSolver:  Solving for omega, Initial residual = 2.349252417095379e-05, Final residual = 5.093561949801824e-08, No Iterations 8
bounding omega, min: -56089.84573674855 max: 45355983.13318437 average: 6305.95011412547
smoothSolver:  Solving for k, Initial residual = 0.0003262084387485573, Final residual = 6.280755859279149e-07, No Iterations 8
ExecutionTime = 335.71 s  ClockTime = 351 s

Wall-clock time elapsed during the current time step = 2.362618759 s

Time = 142

velocityDampingConstraint velocityDamping damped 0 (0%) of cells, with max limit 300
smoothSolver:  Solving for Ux, Initial residual = 0.000493586891497776, Final residual = 3.102604353503608e-05, No Iterations 15
smoothSolver:  Solving for Uy, Initial residual = 0.01756179290197777, Final residual = 0.001131812859645581, No Iterations 15
smoothSolver:  Solving for Uz, Initial residual = 0.008673649772808767, Final residual = 0.0005185791333370611, No Iterations 15
GAMG:  Solving for p, Initial residual = 0.001937881851278135, Final residual = 1.372295518660601e-05, No Iterations 12
time step continuity errors : sum local = 1.283133074082408e-05, global = 3.12004991263374e-07, cumulative = -0.0001004146860637581
smoothSolver:  Solving for omega, Initial residual = 2.337637417770952e-05, Final residual = 5.097373006690538e-08, No Iterations 8
bounding omega, min: -20285.94861292971 max: 45355983.47292435 average: 6303.115425196513
smoothSolver:  Solving for k, Initial residual = 0.0003269704258206852, Final residual = 6.353708132043109e-07, No Iterations 8
ExecutionTime = 338.06 s  ClockTime = 354 s

Wall-clock time elapsed during the current time step = 2.383679966 s

Time = 143

velocityDampingConstraint velocityDamping damped 0 (0%) of cells, with max limit 300
smoothSolver:  Solving for Ux, Initial residual = 0.0004938963551018279, Final residual = 3.121039420008408e-05, No Iterations 15
smoothSolver:  Solving for Uy, Initial residual = 0.01750548002169537, Final residual = 0.001126254337583121, No Iterations 15
smoothSolver:  Solving for Uz, Initial residual = 0.008578491640823837, Final residual = 0.0005117495694389106, No Iterations 15
GAMG:  Solving for p, Initial residual = 0.001928655984978634, Final residual = 1.395966507556243e-05, No Iterations 12
time step continuity errors : sum local = 1.306374318396375e-05, global = 3.175953380326839e-07, cumulative = -0.0001000970907257254
smoothSolver:  Solving for omega, Initial residual = 2.325582763357947e-05, Final residual = 5.1019573672459e-08, No Iterations 8
bounding omega, min: -18233.77442965515 max: 45355983.86643351 average: 6300.264348434063
smoothSolver:  Solving for k, Initial residual = 0.0003275224655290187, Final residual = 6.412128870703721e-07, No Iterations 8
ExecutionTime = 340.39 s  ClockTime = 356 s

Wall-clock time elapsed during the current time step = 2.36045114 s

Time = 144

velocityDampingConstraint velocityDamping damped 0 (0%) of cells, with max limit 300
smoothSolver:  Solving for Ux, Initial residual = 0.0004949641438633057, Final residual = 3.136061214999343e-05, No Iterations 15
smoothSolver:  Solving for Uy, Initial residual = 0.0175377788727284, Final residual = 0.001128271558694927, No Iterations 15
smoothSolver:  Solving for Uz, Initial residual = 0.008476979005500497, Final residual = 0.0005047499253011535, No Iterations 15
GAMG:  Solving for p, Initial residual = 0.001925840760619034, Final residual = 1.407372989159615e-05, No Iterations 12
time step continuity errors : sum local = 1.318465147466394e-05, global = 3.317964769725268e-07, cumulative = -9.976529424875285e-05
smoothSolver:  Solving for omega, Initial residual = 2.314562914057082e-05, Final residual = 5.096158099795633e-08, No Iterations 8
bounding omega, min: -9560.633922170877 max: 45355984.24995141 average: 6297.468796513861
smoothSolver:  Solving for k, Initial residual = 0.0003277447711046856, Final residual = 6.440431513458454e-07, No Iterations 8
ExecutionTime = 342.71 s  ClockTime = 358 s

Wall-clock time elapsed during the current time step = 2.353989036 s

Time = 145

velocityDampingConstraint velocityDamping damped 0 (0%) of cells, with max limit 300
smoothSolver:  Solving for Ux, Initial residual = 0.0004961269327136551, Final residual = 3.146166617523676e-05, No Iterations 15
smoothSolver:  Solving for Uy, Initial residual = 0.01767177052286879, Final residual = 0.001137888172124248, No Iterations 15
smoothSolver:  Solving for Uz, Initial residual = 0.008374231137654405, Final residual = 0.000498166455695214, No Iterations 15
GAMG:  Solving for p, Initial residual = 0.001923887873994539, Final residual = 1.407253477664631e-05, No Iterations 12
time step continuity errors : sum local = 1.319687954414458e-05, global = 3.417620882879717e-07, cumulative = -9.942353216046488e-05
smoothSolver:  Solving for omega, Initial residual = 2.304194053037176e-05, Final residual = 5.076247602258949e-08, No Iterations 8
bounding omega, min: -9286.894668216826 max: 45355984.59942795 average: 6294.75173093196
smoothSolver:  Solving for k, Initial residual = 0.0003279525802816599, Final residual = 6.437783622150071e-07, No Iterations 8
ExecutionTime = 345.03 s  ClockTime = 361 s

Wall-clock time elapsed during the current time step = 2.350099631 s

Time = 146

velocityDampingConstraint velocityDamping damped 0 (0%) of cells, with max limit 300
smoothSolver:  Solving for Ux, Initial residual = 0.0004974917096004978, Final residual = 3.154208994709456e-05, No Iterations 15
smoothSolver:  Solving for Uy, Initial residual = 0.01791353416666096, Final residual = 0.001154440801424346, No Iterations 15
smoothSolver:  Solving for Uz, Initial residual = 0.00828193386689418, Final residual = 0.0004926992253728139, No Iterations 15
GAMG:  Solving for p, Initial residual = 0.001918414769536309, Final residual = 1.39292181673245e-05, No Iterations 12
time step continuity errors : sum local = 1.307050013118933e-05, global = 3.334130888912099e-07, cumulative = -9.909011907157367e-05
smoothSolver:  Solving for omega, Initial residual = 2.293699621060395e-05, Final residual = 5.046499506656787e-08, No Iterations 8
bounding omega, min: -48090.86162919461 max: 45355984.89795121 average: 6291.998797473359
smoothSolver:  Solving for k, Initial residual = 0.0003280174955668819, Final residual = 6.404503951700232e-07, No Iterations 8
bounding k, min: -9.638192331163369e-06 max: 147.6794829750008 average: 4.759965582609484
ExecutionTime = 347.41 s  ClockTime = 363 s

Wall-clock time elapsed during the current time step = 2.412944503 s

Time = 147

velocityDampingConstraint velocityDamping damped 0 (0%) of cells, with max limit 300
smoothSolver:  Solving for Ux, Initial residual = 0.0004983650498591431, Final residual = 3.161711230690125e-05, No Iterations 15
smoothSolver:  Solving for Uy, Initial residual = 0.01824720714441184, Final residual = 0.001176101338042119, No Iterations 15
smoothSolver:  Solving for Uz, Initial residual = 0.008207988721747069, Final residual = 0.0004887935503582319, No Iterations 15
GAMG:  Solving for p, Initial residual = 0.001913373725501554, Final residual = 1.369956640163106e-05, No Iterations 12
time step continuity errors : sum local = 1.285342208702822e-05, global = 3.069184075591651e-07, cumulative = -9.87832006640145e-05
smoothSolver:  Solving for omega, Initial residual = 2.282731380652388e-05, Final residual = 5.018528927424538e-08, No Iterations 8
bounding omega, min: -19974.35959042275 max: 45355985.11506949 average: 6289.21481864823
smoothSolver:  Solving for k, Initial residual = 0.0003278504002823732, Final residual = 6.35184255197964e-07, No Iterations 8
ExecutionTime = 349.76 s  ClockTime = 365 s

Wall-clock time elapsed during the current time step = 2.379897747 s

Time = 148

velocityDampingConstraint velocityDamping damped 0 (0%) of cells, with max limit 300
smoothSolver:  Solving for Ux, Initial residual = 0.0004991586722187061, Final residual = 3.169263107818838e-05, No Iterations 15
smoothSolver:  Solving for Uy, Initial residual = 0.01865179302509758, Final residual = 0.001200784928194073, No Iterations 15
smoothSolver:  Solving for Uz, Initial residual = 0.008144243464028807, Final residual = 0.0004857550327082965, No Iterations 15
GAMG:  Solving for p, Initial residual = 0.001907519103091942, Final residual = 1.358941208120792e-05, No Iterations 12
time step continuity errors : sum local = 1.273690646472431e-05, global = 2.716675091681249e-07, cumulative = -9.851153315484638e-05
smoothSolver:  Solving for omega, Initial residual = 2.270751008969077e-05, Final residual = 4.990949493411048e-08, No Iterations 8
bounding omega, min: -12025.57129667275 max: 45355985.24302765 average: 6286.333299169482
smoothSolver:  Solving for k, Initial residual = 0.0003275053165845123, Final residual = 6.285864187910012e-07, No Iterations 8
ExecutionTime = 352.11 s  ClockTime = 368 s

Wall-clock time elapsed during the current time step = 2.378864305 s

Time = 149

velocityDampingConstraint velocityDamping damped 0 (0%) of cells, with max limit 300
smoothSolver:  Solving for Ux, Initial residual = 0.0004997484367371599, Final residual = 3.177094125294903e-05, No Iterations 15
smoothSolver:  Solving for Uy, Initial residual = 0.01912074221505108, Final residual = 0.001227458164360038, No Iterations 15
smoothSolver:  Solving for Uz, Initial residual = 0.008082057178349042, Final residual = 0.0004830352106198988, No Iterations 15
GAMG:  Solving for p, Initial residual = 0.001905025365725344, Final residual = 1.355430370847975e-05, No Iterations 12
time step continuity errors : sum local = 1.268123017114215e-05, global = 2.289113014550325e-07, cumulative = -9.828262185339135e-05
smoothSolver:  Solving for omega, Initial residual = 2.258473015432787e-05, Final residual = 4.971348720429532e-08, No Iterations 8
bounding omega, min: -8064.167782797047 max: 45355985.26798844 average: 6283.4185618071
smoothSolver:  Solving for k, Initial residual = 0.0003270048581026556, Final residual = 6.221913162946034e-07, No Iterations 8
bounding k, min: -2.095991423769899e-05 max: 150.2830912970744 average: 4.817985624253118
ExecutionTime = 354.45 s  ClockTime = 370 s

Wall-clock time elapsed during the current time step = 2.378128461 s

Time = 150

velocityDampingConstraint velocityDamping damped 0 (0%) of cells, with max limit 300
smoothSolver:  Solving for Ux, Initial residual = 0.000499913412471618, Final residual = 3.184371646654073e-05, No Iterations 15
smoothSolver:  Solving for Uy, Initial residual = 0.01963167434584859, Final residual = 0.001257464783332292, No Iterations 15
smoothSolver:  Solving for Uz, Initial residual = 0.008023677186893764, Final residual = 0.0004802513861325978, No Iterations 15
GAMG:  Solving for p, Initial residual = 0.001905923783365993, Final residual = 1.333147409548684e-05, No Iterations 12
time step continuity errors : sum local = 1.244437804983874e-05, global = 1.826269191534772e-07, cumulative = -9.809999493423787e-05
smoothSolver:  Solving for omega, Initial residual = 2.245827565076406e-05, Final residual = 4.947099332110983e-08, No Iterations 8
bounding omega, min: -5146.020227642452 max: 45355985.18264411 average: 6280.401850785483
smoothSolver:  Solving for k, Initial residual = 0.0003262886147351409, Final residual = 6.164142558834009e-07, No Iterations 8
bounding k, min: -4.303772102983113e-05 max: 148.3152307346793 average: 4.836785101156448
ExecutionTime = 356.81 s  ClockTime = 373 s

Wall-clock time elapsed during the current time step = 2.385630211 s

Statistics:
    Number of measured time steps = 149
    Average wall-clock time per time step = 2.379600209503355
    Standard deviation of wall-clock time per time step = 0.02955708630151402
    Minimum number of measured time steps for 2% error at 95% confidence level = 1

End

Finalising parallel run
