/*---------------------------------------------------------------------------*\
| =========                 |                                                 |
| \\      /  F ield         | OpenFOAM: The Open Source CFD Toolbox           |
|  \\    /   O peration     | Version:  2512                                  |
|   \\  /    A nd           | Website:  www.openfoam.com                      |
|    \\/     M anipulation  |                                                 |
\*---------------------------------------------------------------------------*/
Build  : _87ed40d256-20251219 OPENFOAM=2512 version=v2512
Arch   : "LSB;label=32;scalar=64"
Exec   : decomposePar -constant
Date   : Oct 07 2026
Time   : 10:01:21
Host   : x1001c2s6b1n1
PID    : 2207464
I/O    : uncollated
Case   : /scratch/users/industry/hpcadvisorycouncil/pengzhi/openfoam-occ-drivaer/runs/noxrc-hierarchical-4node.25710710
nProcs : 1
trapFpe: Floating point exception trapping enabled (FOAM_SIGFPE).
memory pool : not available
fileModificationChecking : Monitoring run-time modified files using timeStampMaster (fileModificationSkew 5, maxFileModificationPolls 20)
allowSystemOperations : Allowing user-supplied system call operations

// * * * * * * * * * * * * * * * * * * * * * * * * * * * * * * * * * * * * * //
Create time



Decomposing mesh

Create mesh

Calculating distribution of cells
Decomposition method hierarchical [512] (region region0)

Finished decomposition in 31.43 s

Calculating original mesh data

Distributing cells to processors

Distributing faces to processors

Distributing points to processors

Constructing processor meshes

Processor 0
    Number of cells = 127606
    Number of points = 150227
    Number of faces shared with processor 128 = 6818
    Number of faces shared with processor 1 = 1402
    Number of faces shared with processor 16 = 1361
    Number of faces shared with processor 17 = 181
    Number of processor patches = 4
    Number of processor faces = 9762
    Number of boundary faces = 19584

Processor 1
    Number of cells = 127606
    Number of points = 154388
    Number of faces shared with processor 128 = 1401
    Number of faces shared with processor 0 = 1402
    Number of faces shared with processor 129 = 2585
    Number of faces shared with processor 257 = 3
    Number of faces shared with processor 130 = 706
    Number of faces shared with processor 2 = 3640
    Number of faces shared with processor 3 = 3
    Number of faces shared with processor 145 = 359
    Number of faces shared with processor 17 = 3846
    Number of processor patches = 9
    Number of processor faces = 13945
    Number of boundary faces = 12072

Processor 2
    Number of cells = 127606
    Number of points = 153991
    Number of faces shared with processor 1 = 3640
    Number of faces shared with processor 130 = 2408
    Number of faces shared with processor 3 = 3067
    Number of faces shared with processor 17 = 126
    Number of faces shared with processor 18 = 3817
    Number of faces shared with processor 146 = 779
    Number of faces shared with processor 19 = 62
    Number of processor patches = 7
    Number of processor faces = 13899
    Number of boundary faces = 16687

Processor 3
    Number of cells = 127606
    Number of points = 147985
    Number of faces shared with processor 1 = 3
    Number of faces shared with processor 130 = 838
    Number of faces shared with processor 2 = 3067
    Number of faces shared with processor 259 = 3
    Number of faces shared with processor 131 = 3010
    Number of faces shared with processor 132 = 2
    Number of faces shared with processor 4 = 2991
    Number of faces shared with processor 147 = 819
    Number of faces shared with processor 19 = 3286
    Number of faces shared with processor 20 = 66
    Number of faces shared with processor 148 = 57
    Number of processor patches = 11
    Number of processor faces = 14142
    Number of boundary faces = 9543

Processor 4
    Number of cells = 127606
    Number of points = 142470
    Number of faces shared with processor 131 = 115
    Number of faces shared with processor 3 = 2991
    Number of faces shared with processor 132 = 3072
    Number of faces shared with processor 5 = 3157
    Number of faces shared with processor 20 = 1716
    Number of faces shared with processor 148 = 1700
    Number of faces shared with processor 21 = 332
    Number of faces shared with processor 149 = 246
    Number of processor patches = 8
    Number of processor faces = 13329
    Number of boundary faces = 7015

Processor 5
    Number of cells = 127606
    Number of points = 140682
    Number of faces shared with processor 132 = 466
    Number of faces shared with processor 4 = 3157
    Number of faces shared with processor 133 = 2666
    Number of faces shared with processor 134 = 364
    Number of faces shared with processor 6 = 3164
    Number of faces shared with processor 21 = 1807
    Number of faces shared with processor 149 = 2834
    Number of faces shared with processor 22 = 73
    Number of faces shared with processor 150 = 55
    Number of processor patches = 9
    Number of processor faces = 14586
    Number of boundary faces = 4366

Processor 6
    Number of cells = 127606
    Number of points = 139074
    Number of faces shared with processor 5 = 3164
    Number of faces shared with processor 134 = 2865
    Number of faces shared with processor 7 = 3174
    Number of faces shared with processor 8 = 3
    Number of faces shared with processor 22 = 2109
    Number of faces shared with processor 150 = 909
    Number of processor patches = 6
    Number of processor faces = 12224
    Number of boundary faces = 5021

Processor 7
    Number of cells = 127606
    Number of points = 139305
    Number of faces shared with processor 134 = 146
    Number of faces shared with processor 6 = 3174
    Number of faces shared with processor 135 = 2748
    Number of faces shared with processor 8 = 3494
    Number of faces shared with processor 22 = 74
    Number of faces shared with processor 150 = 50
    Number of faces shared with processor 23 = 1872
    Number of faces shared with processor 151 = 1293
    Number of processor patches = 8
    Number of processor faces = 12851
    Number of boundary faces = 4736

Processor 8
    Number of cells = 127606
    Number of points = 139975
    Number of faces shared with processor 6 = 3
    Number of faces shared with processor 135 = 233
    Number of faces shared with processor 7 = 3494
    Number of faces shared with processor 136 = 2524
    Number of faces shared with processor 137 = 439
    Number of faces shared with processor 9 = 3488
    Number of faces shared with processor 10 = 3
    Number of faces shared with processor 23 = 72
    Number of faces shared with processor 151 = 48
    Number of faces shared with processor 24 = 2288
    Number of faces shared with processor 152 = 1397
    Number of processor patches = 11
    Number of processor faces = 13989
    Number of boundary faces = 4389

Processor 9
    Number of cells = 127606
    Number of points = 149082
    Number of faces shared with processor 8 = 3488
    Number of faces shared with processor 137 = 2412
    Number of faces shared with processor 138 = 421
    Number of faces shared with processor 10 = 4275
    Number of faces shared with processor 152 = 32
    Number of faces shared with processor 24 = 396
    Number of faces shared with processor 153 = 389
    Number of faces shared with processor 25 = 2784
    Number of processor patches = 8
    Number of processor faces = 14197
    Number of boundary faces = 9986

Processor 10
    Number of cells = 127606
    Number of points = 150199
    Number of faces shared with processor 136 = 1
    Number of faces shared with processor 8 = 3
    Number of faces shared with processor 9 = 4275
    Number of faces shared with processor 266 = 3
    Number of faces shared with processor 138 = 2201
    Number of faces shared with processor 11 = 4199
    Number of faces shared with processor 12 = 3
    Number of faces shared with processor 25 = 236
    Number of faces shared with processor 26 = 1424
    Number of faces shared with processor 154 = 864
    Number of faces shared with processor 27 = 30
    Number of processor patches = 11
    Number of processor faces = 13239
    Number of boundary faces = 12262

Processor 11
    Number of cells = 127606
    Number of points = 145869
    Number of faces shared with processor 138 = 879
    Number of faces shared with processor 10 = 4199
    Number of faces shared with processor 139 = 2349
    Number of faces shared with processor 140 = 328
    Number of faces shared with processor 12 = 3332
    Number of faces shared with processor 155 = 117
    Number of faces shared with processor 27 = 2368
    Number of faces shared with processor 28 = 297
    Number of processor patches = 8
    Number of processor faces = 13869
    Number of boundary faces = 8681

Processor 12
    Number of cells = 127606
    Number of points = 139059
    Number of faces shared with processor 10 = 3
    Number of faces shared with processor 11 = 3332
    Number of faces shared with processor 140 = 3018
    Number of faces shared with processor 141 = 187
    Number of faces shared with processor 13 = 3205
    Number of faces shared with processor 28 = 2676
    Number of processor patches = 6
    Number of processor faces = 12421
    Number of boundary faces = 5152

Processor 13
    Number of cells = 127606
    Number of points = 139628
    Number of faces shared with processor 140 = 1
    Number of faces shared with processor 12 = 3205
    Number of faces shared with processor 141 = 3396
    Number of faces shared with processor 14 = 1007
    Number of faces shared with processor 142 = 827
    Number of faces shared with processor 29 = 2519
    Number of faces shared with processor 30 = 168
    Number of processor patches = 7
    Number of processor faces = 11123
    Number of boundary faces = 5976

Processor 14
    Number of cells = 127606
    Number of points = 149759
    Number of faces shared with processor 13 = 1007
    Number of faces shared with processor 142 = 8335
    Number of faces shared with processor 15 = 192
    Number of faces shared with processor 143 = 136
    Number of faces shared with processor 271 = 103
    Number of faces shared with processor 30 = 1409
    Number of faces shared with processor 31 = 212
    Number of faces shared with processor 159 = 106
    Number of faces shared with processor 287 = 50
    Number of faces shared with processor 47 = 25
    Number of faces shared with processor 175 = 20
    Number of processor patches = 11
    Number of processor faces = 11595
    Number of boundary faces = 19316

Processor 15
    Number of cells = 127607
    Number of points = 187912
    Number of faces shared with processor 14 = 192
    Number of faces shared with processor 271 = 11
    Number of faces shared with processor 143 = 58901
    Number of faces shared with processor 159 = 1
    Number of faces shared with processor 31 = 2133
    Number of processor patches = 5
    Number of processor faces = 61238
    Number of boundary faces = 56571

Processor 16
    Number of cells = 127606
    Number of points = 150367
    Number of faces shared with processor 128 = 1931
    Number of faces shared with processor 0 = 1361
    Number of faces shared with processor 272 = 4
    Number of faces shared with processor 144 = 2433
    Number of faces shared with processor 17 = 134
    Number of faces shared with processor 160 = 282
    Number of faces shared with processor 32 = 2999
    Number of faces shared with processor 33 = 417
    Number of faces shared with processor 48 = 4
    Number of faces shared with processor 177 = 392
    Number of faces shared with processor 49 = 701
    Number of processor patches = 11
    Number of processor faces = 10658
    Number of boundary faces = 12978

Processor 17
    Number of cells = 127606
    Number of points = 158276
    Number of faces shared with processor 128 = 307
    Number of faces shared with processor 0 = 181
    Number of faces shared with processor 1 = 3846
    Number of faces shared with processor 130 = 49
    Number of faces shared with processor 2 = 126
    Number of faces shared with processor 144 = 21
    Number of faces shared with processor 16 = 134
    Number of faces shared with processor 145 = 1636
    Number of faces shared with processor 146 = 429
    Number of faces shared with processor 18 = 2032
    Number of faces shared with processor 33 = 4998
    Number of processor patches = 11
    Number of processor faces = 13759
    Number of boundary faces = 18057

Processor 18
    Number of cells = 127606
    Number of points = 152924
    Number of faces shared with processor 2 = 3817
    Number of faces shared with processor 17 = 2032
    Number of faces shared with processor 146 = 2417
    Number of faces shared with processor 19 = 792
    Number of faces shared with processor 33 = 177
    Number of faces shared with processor 34 = 2292
    Number of processor patches = 6
    Number of processor faces = 11527
    Number of boundary faces = 21399

Processor 19
    Number of cells = 127606
    Number of points = 154924
    Number of faces shared with processor 2 = 62
    Number of faces shared with processor 3 = 3286
    Number of faces shared with processor 18 = 792
    Number of faces shared with processor 147 = 1539
    Number of faces shared with processor 148 = 65
    Number of faces shared with processor 20 = 943
    Number of faces shared with processor 34 = 317
    Number of faces shared with processor 163 = 163
    Number of faces shared with processor 35 = 2150
    Number of processor patches = 9
    Number of processor faces = 9317
    Number of boundary faces = 15465

Processor 20
    Number of cells = 127606
    Number of points = 150858
    Number of faces shared with processor 3 = 66
    Number of faces shared with processor 4 = 1716
    Number of faces shared with processor 19 = 943
    Number of faces shared with processor 148 = 7361
    Number of faces shared with processor 21 = 719
    Number of faces shared with processor 35 = 607
    Number of faces shared with processor 36 = 1693
    Number of faces shared with processor 165 = 67
    Number of faces shared with processor 37 = 639
    Number of processor patches = 9
    Number of processor faces = 13811
    Number of boundary faces = 9790

Processor 21
    Number of cells = 127606
    Number of points = 146887
    Number of faces shared with processor 4 = 332
    Number of faces shared with processor 5 = 1807
    Number of faces shared with processor 148 = 388
    Number of faces shared with processor 20 = 719
    Number of faces shared with processor 149 = 4579
    Number of faces shared with processor 22 = 1234
    Number of faces shared with processor 165 = 976
    Number of faces shared with processor 37 = 1063
    Number of faces shared with processor 166 = 114
    Number of faces shared with processor 38 = 241
    Number of processor patches = 10
    Number of processor faces = 11453
    Number of boundary faces = 10400

Processor 22
    Number of cells = 127606
    Number of points = 144224
    Number of faces shared with processor 5 = 73
    Number of faces shared with processor 6 = 2109
    Number of faces shared with processor 7 = 74
    Number of faces shared with processor 149 = 49
    Number of faces shared with processor 21 = 1234
    Number of faces shared with processor 150 = 2538
    Number of faces shared with processor 151 = 73
    Number of faces shared with processor 23 = 1214
    Number of faces shared with processor 166 = 943
    Number of faces shared with processor 38 = 3316
    Number of processor patches = 10
    Number of processor faces = 11623
    Number of boundary faces = 10539

Processor 23
    Number of cells = 127606
    Number of points = 149107
    Number of faces shared with processor 7 = 1872
    Number of faces shared with processor 8 = 72
    Number of faces shared with processor 22 = 1214
    Number of faces shared with processor 151 = 7154
    Number of faces shared with processor 24 = 1087
    Number of faces shared with processor 166 = 207
    Number of faces shared with processor 38 = 374
    Number of faces shared with processor 167 = 245
    Number of faces shared with processor 39 = 2192
    Number of faces shared with processor 40 = 321
    Number of processor patches = 10
    Number of processor faces = 14738
    Number of boundary faces = 9034

Processor 24
    Number of cells = 127606
    Number of points = 150351
    Number of faces shared with processor 8 = 2288
    Number of faces shared with processor 9 = 396
    Number of faces shared with processor 151 = 286
    Number of faces shared with processor 23 = 1087
    Number of faces shared with processor 152 = 1650
    Number of faces shared with processor 25 = 1562
    Number of faces shared with processor 40 = 2661
    Number of faces shared with processor 168 = 458
    Number of faces shared with processor 41 = 90
    Number of processor patches = 9
    Number of processor faces = 10478
    Number of boundary faces = 12901

Processor 25
    Number of cells = 127606
    Number of points = 160616
    Number of faces shared with processor 9 = 2784
    Number of faces shared with processor 138 = 6
    Number of faces shared with processor 10 = 236
    Number of faces shared with processor 24 = 1562
    Number of faces shared with processor 153 = 1253
    Number of faces shared with processor 26 = 1942
    Number of faces shared with processor 154 = 701
    Number of faces shared with processor 40 = 2
    Number of faces shared with processor 41 = 4368
    Number of faces shared with processor 42 = 242
    Number of faces shared with processor 170 = 186
    Number of processor patches = 11
    Number of processor faces = 13282
    Number of boundary faces = 17980

Processor 26
    Number of cells = 127606
    Number of points = 152966
    Number of faces shared with processor 10 = 1424
    Number of faces shared with processor 25 = 1942
    Number of faces shared with processor 154 = 2277
    Number of faces shared with processor 27 = 708
    Number of faces shared with processor 42 = 1583
    Number of faces shared with processor 170 = 1349
    Number of processor patches = 6
    Number of processor faces = 9283
    Number of boundary faces = 22855

Processor 27
    Number of cells = 127606
    Number of points = 158645
    Number of faces shared with processor 10 = 30
    Number of faces shared with processor 11 = 2368
    Number of faces shared with processor 154 = 1596
    Number of faces shared with processor 26 = 708
    Number of faces shared with processor 155 = 1880
    Number of faces shared with processor 28 = 1424
    Number of faces shared with processor 170 = 511
    Number of faces shared with processor 42 = 279
    Number of faces shared with processor 43 = 3410
    Number of faces shared with processor 44 = 51
    Number of processor patches = 10
    Number of processor faces = 12257
    Number of boundary faces = 17701

Processor 28
    Number of cells = 127606
    Number of points = 149847
    Number of faces shared with processor 139 = 90
    Number of faces shared with processor 11 = 297
    Number of faces shared with processor 140 = 836
    Number of faces shared with processor 12 = 2676
    Number of faces shared with processor 155 = 1374
    Number of faces shared with processor 27 = 1424
    Number of faces shared with processor 156 = 2733
    Number of faces shared with processor 29 = 1408
    Number of faces shared with processor 44 = 3781
    Number of faces shared with processor 172 = 1070
    Number of processor patches = 10
    Number of processor faces = 15689
    Number of boundary faces = 9170

Processor 29
    Number of cells = 127606
    Number of points = 145532
    Number of faces shared with processor 141 = 1221
    Number of faces shared with processor 13 = 2519
    Number of faces shared with processor 156 = 88
    Number of faces shared with processor 28 = 1408
    Number of faces shared with processor 157 = 3198
    Number of faces shared with processor 158 = 17
    Number of faces shared with processor 30 = 578
    Number of faces shared with processor 172 = 1141
    Number of faces shared with processor 44 = 1294
    Number of faces shared with processor 173 = 178
    Number of faces shared with processor 45 = 2533
    Number of faces shared with processor 46 = 210
    Number of processor patches = 12
    Number of processor faces = 14385
    Number of boundary faces = 5107

Processor 30
    Number of cells = 127606
    Number of points = 137727
    Number of faces shared with processor 141 = 70
    Number of faces shared with processor 13 = 168
    Number of faces shared with processor 142 = 3873
    Number of faces shared with processor 14 = 1409
    Number of faces shared with processor 29 = 578
    Number of faces shared with processor 158 = 3832
    Number of faces shared with processor 174 = 1
    Number of faces shared with processor 46 = 5320
    Number of faces shared with processor 47 = 120
    Number of faces shared with processor 175 = 312
    Number of faces shared with processor 303 = 360
    Number of processor patches = 11
    Number of processor faces = 16043
    Number of boundary faces = 3769

Processor 31
    Number of cells = 127607
    Number of points = 177125
    Number of faces shared with processor 14 = 212
    Number of faces shared with processor 143 = 190
    Number of faces shared with processor 15 = 2133
    Number of faces shared with processor 159 = 46244
    Number of faces shared with processor 47 = 2497
    Number of processor patches = 5
    Number of processor faces = 51276
    Number of boundary faces = 45832

Processor 32
    Number of cells = 127606
    Number of points = 149761
    Number of faces shared with processor 16 = 2999
    Number of faces shared with processor 160 = 5139
    Number of faces shared with processor 48 = 3300
    Number of faces shared with processor 177 = 16
    Number of faces shared with processor 49 = 1244
    Number of processor patches = 5
    Number of processor faces = 12698
    Number of boundary faces = 11990

Processor 33
    Number of cells = 127606
    Number of points = 158999
    Number of faces shared with processor 144 = 137
    Number of faces shared with processor 16 = 417
    Number of faces shared with processor 145 = 391
    Number of faces shared with processor 17 = 4998
    Number of faces shared with processor 146 = 61
    Number of faces shared with processor 18 = 177
    Number of faces shared with processor 161 = 2214
    Number of faces shared with processor 162 = 476
    Number of faces shared with processor 34 = 1839
    Number of faces shared with processor 177 = 962
    Number of faces shared with processor 49 = 1810
    Number of processor patches = 11
    Number of processor faces = 13482
    Number of boundary faces = 16489

Processor 34
    Number of cells = 127606
    Number of points = 152341
    Number of faces shared with processor 146 = 387
    Number of faces shared with processor 18 = 2292
    Number of faces shared with processor 147 = 23
    Number of faces shared with processor 19 = 317
    Number of faces shared with processor 33 = 1839
    Number of faces shared with processor 162 = 1486
    Number of faces shared with processor 35 = 787
    Number of faces shared with processor 163 = 202
    Number of faces shared with processor 49 = 52
    Number of faces shared with processor 177 = 8
    Number of faces shared with processor 50 = 863
    Number of faces shared with processor 178 = 262
    Number of processor patches = 12
    Number of processor faces = 8518
    Number of boundary faces = 19025

Processor 35
    Number of cells = 127606
    Number of points = 151145
    Number of faces shared with processor 19 = 2150
    Number of faces shared with processor 20 = 607
    Number of faces shared with processor 34 = 787
    Number of faces shared with processor 163 = 1835
    Number of faces shared with processor 36 = 932
    Number of faces shared with processor 178 = 194
    Number of faces shared with processor 50 = 1019
    Number of faces shared with processor 51 = 1915
    Number of processor patches = 8
    Number of processor faces = 9439
    Number of boundary faces = 12679

Processor 36
    Number of cells = 127606
    Number of points = 150037
    Number of faces shared with processor 20 = 1693
    Number of faces shared with processor 35 = 932
    Number of faces shared with processor 164 = 4910
    Number of faces shared with processor 165 = 219
    Number of faces shared with processor 37 = 1315
    Number of faces shared with processor 51 = 569
    Number of faces shared with processor 52 = 612
    Number of faces shared with processor 53 = 370
    Number of processor patches = 8
    Number of processor faces = 10620
    Number of boundary faces = 11106

Processor 37
    Number of cells = 127606
    Number of points = 156731
    Number of faces shared with processor 20 = 639
    Number of faces shared with processor 21 = 1063
    Number of faces shared with processor 36 = 1315
    Number of faces shared with processor 165 = 22993
    Number of faces shared with processor 38 = 900
    Number of faces shared with processor 53 = 1391
    Number of faces shared with processor 54 = 761
    Number of processor patches = 7
    Number of processor faces = 29062
    Number of boundary faces = 816

Processor 38
    Number of cells = 127606
    Number of points = 153619
    Number of faces shared with processor 21 = 241
    Number of faces shared with processor 22 = 3316
    Number of faces shared with processor 23 = 374
    Number of faces shared with processor 165 = 495
    Number of faces shared with processor 37 = 900
    Number of faces shared with processor 166 = 11096
    Number of faces shared with processor 39 = 999
    Number of faces shared with processor 54 = 1405
    Number of faces shared with processor 182 = 144
    Number of processor patches = 9
    Number of processor faces = 18970
    Number of boundary faces = 7773

Processor 39
    Number of cells = 127606
    Number of points = 155545
    Number of faces shared with processor 23 = 2192
    Number of faces shared with processor 166 = 181
    Number of faces shared with processor 38 = 999
    Number of faces shared with processor 167 = 15752
    Number of faces shared with processor 40 = 1136
    Number of faces shared with processor 182 = 164
    Number of faces shared with processor 54 = 551
    Number of faces shared with processor 55 = 1331
    Number of faces shared with processor 56 = 319
    Number of processor patches = 9
    Number of processor faces = 22625
    Number of boundary faces = 5384

Processor 40
    Number of cells = 127606
    Number of points = 150684
    Number of faces shared with processor 23 = 321
    Number of faces shared with processor 24 = 2661
    Number of faces shared with processor 25 = 2
    Number of faces shared with processor 167 = 349
    Number of faces shared with processor 39 = 1136
    Number of faces shared with processor 168 = 2326
    Number of faces shared with processor 41 = 1358
    Number of faces shared with processor 56 = 2076
    Number of faces shared with processor 57 = 604
    Number of processor patches = 9
    Number of processor faces = 10833
    Number of boundary faces = 12618

Processor 41
    Number of cells = 127606
    Number of points = 156662
    Number of faces shared with processor 24 = 90
    Number of faces shared with processor 153 = 419
    Number of faces shared with processor 25 = 4368
    Number of faces shared with processor 168 = 251
    Number of faces shared with processor 40 = 1358
    Number of faces shared with processor 169 = 1362
    Number of faces shared with processor 170 = 730
    Number of faces shared with processor 42 = 1870
    Number of faces shared with processor 57 = 704
    Number of faces shared with processor 58 = 72
    Number of processor patches = 10
    Number of processor faces = 11224
    Number of boundary faces = 15530

Processor 42
    Number of cells = 127606
    Number of points = 149860
    Number of faces shared with processor 25 = 242
    Number of faces shared with processor 26 = 1583
    Number of faces shared with processor 27 = 279
    Number of faces shared with processor 41 = 1870
    Number of faces shared with processor 170 = 2231
    Number of faces shared with processor 43 = 768
    Number of faces shared with processor 58 = 644
    Number of processor patches = 7
    Number of processor faces = 7617
    Number of boundary faces = 20974

Processor 43
    Number of cells = 127606
    Number of points = 156532
    Number of faces shared with processor 155 = 1247
    Number of faces shared with processor 27 = 3410
    Number of faces shared with processor 170 = 1351
    Number of faces shared with processor 42 = 768
    Number of faces shared with processor 171 = 2037
    Number of faces shared with processor 172 = 587
    Number of faces shared with processor 44 = 1168
    Number of faces shared with processor 186 = 666
    Number of faces shared with processor 58 = 682
    Number of faces shared with processor 187 = 612
    Number of faces shared with processor 59 = 881
    Number of faces shared with processor 188 = 897
    Number of faces shared with processor 60 = 525
    Number of processor patches = 13
    Number of processor faces = 14831
    Number of boundary faces = 13284

Processor 44
    Number of cells = 127606
    Number of points = 154675
    Number of faces shared with processor 155 = 6
    Number of faces shared with processor 27 = 51
    Number of faces shared with processor 28 = 3781
    Number of faces shared with processor 29 = 1294
    Number of faces shared with processor 43 = 1168
    Number of faces shared with processor 172 = 3837
    Number of faces shared with processor 45 = 317
    Number of faces shared with processor 188 = 215
    Number of faces shared with processor 60 = 2089
    Number of processor patches = 9
    Number of processor faces = 12758
    Number of boundary faces = 10401

Processor 45
    Number of cells = 127606
    Number of points = 151213
    Number of faces shared with processor 29 = 2533
    Number of faces shared with processor 172 = 326
    Number of faces shared with processor 44 = 317
    Number of faces shared with processor 173 = 3781
    Number of faces shared with processor 46 = 612
    Number of faces shared with processor 60 = 989
    Number of faces shared with processor 188 = 483
    Number of faces shared with processor 61 = 2450
    Number of faces shared with processor 189 = 354
    Number of processor patches = 9
    Number of processor faces = 11845
    Number of boundary faces = 10013

Processor 46
    Number of cells = 127606
    Number of points = 137757
    Number of faces shared with processor 29 = 210
    Number of faces shared with processor 30 = 5320
    Number of faces shared with processor 158 = 9
    Number of faces shared with processor 173 = 18
    Number of faces shared with processor 45 = 612
    Number of faces shared with processor 174 = 3810
    Number of faces shared with processor 47 = 50
    Number of faces shared with processor 175 = 130
    Number of faces shared with processor 303 = 160
    Number of faces shared with processor 61 = 32
    Number of faces shared with processor 189 = 3
    Number of faces shared with processor 62 = 5206
    Number of faces shared with processor 190 = 109
    Number of faces shared with processor 63 = 70
    Number of faces shared with processor 191 = 182
    Number of faces shared with processor 319 = 224
    Number of processor patches = 16
    Number of processor faces = 16145
    Number of boundary faces = 3725

Processor 47
    Number of cells = 127607
    Number of points = 165330
    Number of faces shared with processor 14 = 25
    Number of faces shared with processor 30 = 120
    Number of faces shared with processor 287 = 1
    Number of faces shared with processor 159 = 775
    Number of faces shared with processor 31 = 2497
    Number of faces shared with processor 46 = 50
    Number of faces shared with processor 175 = 33462
    Number of faces shared with processor 63 = 3306
    Number of faces shared with processor 191 = 92
    Number of processor patches = 9
    Number of processor faces = 40328
    Number of boundary faces = 33197

Processor 48
    Number of cells = 127606
    Number of points = 149394
    Number of faces shared with processor 16 = 4
    Number of faces shared with processor 160 = 217
    Number of faces shared with processor 32 = 3300
    Number of faces shared with processor 176 = 4610
    Number of faces shared with processor 304 = 4
    Number of faces shared with processor 49 = 945
    Number of faces shared with processor 192 = 15
    Number of faces shared with processor 64 = 3270
    Number of faces shared with processor 193 = 10
    Number of faces shared with processor 65 = 71
    Number of faces shared with processor 80 = 4
    Number of processor patches = 11
    Number of processor faces = 12450
    Number of boundary faces = 11839

Processor 49
    Number of cells = 127606
    Number of points = 149356
    Number of faces shared with processor 16 = 701
    Number of faces shared with processor 32 = 1244
    Number of faces shared with processor 33 = 1810
    Number of faces shared with processor 34 = 52
    Number of faces shared with processor 48 = 945
    Number of faces shared with processor 177 = 5534
    Number of faces shared with processor 178 = 100
    Number of faces shared with processor 50 = 3087
    Number of faces shared with processor 193 = 43
    Number of faces shared with processor 65 = 1102
    Number of processor patches = 10
    Number of processor faces = 14618
    Number of boundary faces = 9737

Processor 50
    Number of cells = 127606
    Number of points = 148003
    Number of faces shared with processor 34 = 863
    Number of faces shared with processor 35 = 1019
    Number of faces shared with processor 49 = 3087
    Number of faces shared with processor 178 = 1244
    Number of faces shared with processor 51 = 1767
    Number of faces shared with processor 65 = 117
    Number of faces shared with processor 66 = 978
    Number of processor patches = 7
    Number of processor faces = 9075
    Number of boundary faces = 12671

Processor 51
    Number of cells = 127606
    Number of points = 149646
    Number of faces shared with processor 35 = 1915
    Number of faces shared with processor 164 = 68
    Number of faces shared with processor 36 = 569
    Number of faces shared with processor 50 = 1767
    Number of faces shared with processor 179 = 3056
    Number of faces shared with processor 52 = 382
    Number of faces shared with processor 66 = 26
    Number of faces shared with processor 67 = 1490
    Number of faces shared with processor 68 = 3
    Number of processor patches = 9
    Number of processor faces = 9276
    Number of boundary faces = 13046

Processor 52
    Number of cells = 127606
    Number of points = 153602
    Number of faces shared with processor 164 = 1443
    Number of faces shared with processor 36 = 612
    Number of faces shared with processor 179 = 313
    Number of faces shared with processor 51 = 382
    Number of faces shared with processor 180 = 6417
    Number of faces shared with processor 53 = 784
    Number of faces shared with processor 68 = 2825
    Number of faces shared with processor 69 = 98
    Number of processor patches = 8
    Number of processor faces = 12874
    Number of boundary faces = 12142

Processor 53
    Number of cells = 127606
    Number of points = 152803
    Number of faces shared with processor 164 = 306
    Number of faces shared with processor 36 = 370
    Number of faces shared with processor 165 = 229
    Number of faces shared with processor 37 = 1391
    Number of faces shared with processor 180 = 352
    Number of faces shared with processor 52 = 784
    Number of faces shared with processor 181 = 11956
    Number of faces shared with processor 54 = 558
    Number of faces shared with processor 182 = 426
    Number of faces shared with processor 197 = 85
    Number of faces shared with processor 69 = 2247
    Number of faces shared with processor 198 = 13
    Number of faces shared with processor 70 = 4
    Number of processor patches = 13
    Number of processor faces = 18721
    Number of boundary faces = 12394

Processor 54
    Number of cells = 127606
    Number of points = 152646
    Number of faces shared with processor 165 = 486
    Number of faces shared with processor 37 = 761
    Number of faces shared with processor 38 = 1405
    Number of faces shared with processor 39 = 551
    Number of faces shared with processor 53 = 558
    Number of faces shared with processor 182 = 14532
    Number of faces shared with processor 55 = 1050
    Number of faces shared with processor 70 = 949
    Number of faces shared with processor 198 = 17
    Number of processor patches = 9
    Number of processor faces = 20309
    Number of boundary faces = 5119

Processor 55
    Number of cells = 127606
    Number of points = 152216
    Number of faces shared with processor 167 = 654
    Number of faces shared with processor 39 = 1331
    Number of faces shared with processor 182 = 370
    Number of faces shared with processor 54 = 1050
    Number of faces shared with processor 183 = 4697
    Number of faces shared with processor 56 = 1342
    Number of faces shared with processor 198 = 23
    Number of faces shared with processor 70 = 31
    Number of faces shared with processor 199 = 77
    Number of faces shared with processor 71 = 767
    Number of faces shared with processor 200 = 20
    Number of faces shared with processor 72 = 150
    Number of processor patches = 12
    Number of processor faces = 10512
    Number of boundary faces = 12151

Processor 56
    Number of cells = 127606
    Number of points = 152487
    Number of faces shared with processor 167 = 418
    Number of faces shared with processor 39 = 319
    Number of faces shared with processor 168 = 101
    Number of faces shared with processor 40 = 2076
    Number of faces shared with processor 183 = 37
    Number of faces shared with processor 55 = 1342
    Number of faces shared with processor 184 = 4440
    Number of faces shared with processor 57 = 1834
    Number of faces shared with processor 200 = 734
    Number of faces shared with processor 72 = 806
    Number of faces shared with processor 73 = 263
    Number of processor patches = 11
    Number of processor faces = 12370
    Number of boundary faces = 11326

Processor 57
    Number of cells = 127606
    Number of points = 154164
    Number of faces shared with processor 168 = 385
    Number of faces shared with processor 40 = 604
    Number of faces shared with processor 169 = 2
    Number of faces shared with processor 41 = 704
    Number of faces shared with processor 184 = 885
    Number of faces shared with processor 56 = 1834
    Number of faces shared with processor 185 = 4256
    Number of faces shared with processor 58 = 3642
    Number of faces shared with processor 73 = 930
    Number of faces shared with processor 74 = 52
    Number of processor patches = 10
    Number of processor faces = 13294
    Number of boundary faces = 12134

Processor 58
    Number of cells = 127606
    Number of points = 154249
    Number of faces shared with processor 169 = 3
    Number of faces shared with processor 41 = 72
    Number of faces shared with processor 170 = 241
    Number of faces shared with processor 42 = 644
    Number of faces shared with processor 43 = 682
    Number of faces shared with processor 185 = 61
    Number of faces shared with processor 57 = 3642
    Number of faces shared with processor 186 = 3145
    Number of faces shared with processor 59 = 2642
    Number of faces shared with processor 202 = 88
    Number of faces shared with processor 74 = 1683
    Number of processor patches = 11
    Number of processor faces = 12903
    Number of boundary faces = 11909

Processor 59
    Number of cells = 127606
    Number of points = 155637
    Number of faces shared with processor 43 = 881
    Number of faces shared with processor 186 = 993
    Number of faces shared with processor 58 = 2642
    Number of faces shared with processor 187 = 2788
    Number of faces shared with processor 188 = 215
    Number of faces shared with processor 60 = 1566
    Number of faces shared with processor 202 = 37
    Number of faces shared with processor 74 = 230
    Number of faces shared with processor 75 = 1279
    Number of faces shared with processor 204 = 37
    Number of faces shared with processor 76 = 1247
    Number of processor patches = 11
    Number of processor faces = 11915
    Number of boundary faces = 11303

Processor 60
    Number of cells = 127606
    Number of points = 151999
    Number of faces shared with processor 43 = 525
    Number of faces shared with processor 44 = 2089
    Number of faces shared with processor 45 = 989
    Number of faces shared with processor 59 = 1566
    Number of faces shared with processor 188 = 3335
    Number of faces shared with processor 61 = 742
    Number of faces shared with processor 204 = 584
    Number of faces shared with processor 76 = 1509
    Number of processor patches = 8
    Number of processor faces = 11339
    Number of boundary faces = 10898

Processor 61
    Number of cells = 127606
    Number of points = 146104
    Number of faces shared with processor 45 = 2450
    Number of faces shared with processor 46 = 32
    Number of faces shared with processor 188 = 188
    Number of faces shared with processor 60 = 742
    Number of faces shared with processor 189 = 2735
    Number of faces shared with processor 62 = 672
    Number of faces shared with processor 76 = 705
    Number of faces shared with processor 204 = 543
    Number of faces shared with processor 205 = 3
    Number of faces shared with processor 77 = 2341
    Number of processor patches = 10
    Number of processor faces = 10411
    Number of boundary faces = 9457

Processor 62
    Number of cells = 127606
    Number of points = 137713
    Number of faces shared with processor 46 = 5206
    Number of faces shared with processor 189 = 42
    Number of faces shared with processor 61 = 672
    Number of faces shared with processor 190 = 3840
    Number of faces shared with processor 63 = 120
    Number of faces shared with processor 191 = 312
    Number of faces shared with processor 319 = 360
    Number of faces shared with processor 77 = 96
    Number of faces shared with processor 205 = 6
    Number of faces shared with processor 78 = 5302
    Number of faces shared with processor 79 = 5
    Number of faces shared with processor 207 = 13
    Number of faces shared with processor 335 = 15
    Number of processor patches = 13
    Number of processor faces = 15989
    Number of boundary faces = 3795

Processor 63
    Number of cells = 127607
    Number of points = 165001
    Number of faces shared with processor 46 = 70
    Number of faces shared with processor 47 = 3306
    Number of faces shared with processor 62 = 120
    Number of faces shared with processor 191 = 33107
    Number of faces shared with processor 79 = 3294
    Number of faces shared with processor 207 = 135
    Number of processor patches = 6
    Number of processor faces = 40032
    Number of boundary faces = 32840

Processor 64
    Number of cells = 127606
    Number of points = 149342
    Number of faces shared with processor 48 = 3270
    Number of faces shared with processor 192 = 4675
    Number of faces shared with processor 193 = 130
    Number of faces shared with processor 65 = 896
    Number of faces shared with processor 208 = 237
    Number of faces shared with processor 80 = 3195
    Number of processor patches = 6
    Number of processor faces = 12403
    Number of boundary faces = 11818

Processor 65
    Number of cells = 127606
    Number of points = 148946
    Number of faces shared with processor 48 = 71
    Number of faces shared with processor 49 = 1102
    Number of faces shared with processor 50 = 117
    Number of faces shared with processor 64 = 896
    Number of faces shared with processor 193 = 6334
    Number of faces shared with processor 194 = 30
    Number of faces shared with processor 66 = 2806
    Number of faces shared with processor 80 = 1090
    Number of faces shared with processor 81 = 1043
    Number of faces shared with processor 82 = 10
    Number of faces shared with processor 96 = 646
    Number of processor patches = 11
    Number of processor faces = 14145
    Number of boundary faces = 9666

Processor 66
    Number of cells = 127606
    Number of points = 147851
    Number of faces shared with processor 50 = 978
    Number of faces shared with processor 51 = 26
    Number of faces shared with processor 65 = 2806
    Number of faces shared with processor 194 = 1241
    Number of faces shared with processor 67 = 1705
    Number of faces shared with processor 82 = 798
    Number of faces shared with processor 83 = 1064
    Number of processor patches = 7
    Number of processor faces = 8618
    Number of boundary faces = 12694

Processor 67
    Number of cells = 127606
    Number of points = 150092
    Number of faces shared with processor 179 = 24
    Number of faces shared with processor 51 = 1490
    Number of faces shared with processor 66 = 1705
    Number of faces shared with processor 195 = 3350
    Number of faces shared with processor 68 = 329
    Number of faces shared with processor 83 = 1650
    Number of faces shared with processor 84 = 751
    Number of faces shared with processor 212 = 269
    Number of processor patches = 8
    Number of processor faces = 9568
    Number of boundary faces = 13006

Processor 68
    Number of cells = 127606
    Number of points = 154101
    Number of faces shared with processor 179 = 4
    Number of faces shared with processor 51 = 3
    Number of faces shared with processor 180 = 93
    Number of faces shared with processor 52 = 2825
    Number of faces shared with processor 195 = 318
    Number of faces shared with processor 67 = 329
    Number of faces shared with processor 196 = 4178
    Number of faces shared with processor 69 = 1027
    Number of faces shared with processor 84 = 871
    Number of faces shared with processor 212 = 1663
    Number of processor patches = 10
    Number of processor faces = 11311
    Number of boundary faces = 13035

Processor 69
    Number of cells = 127606
    Number of points = 151380
    Number of faces shared with processor 180 = 45
    Number of faces shared with processor 52 = 98
    Number of faces shared with processor 53 = 2247
    Number of faces shared with processor 196 = 98
    Number of faces shared with processor 68 = 1027
    Number of faces shared with processor 197 = 7999
    Number of faces shared with processor 70 = 672
    Number of faces shared with processor 198 = 848
    Number of faces shared with processor 212 = 328
    Number of faces shared with processor 84 = 327
    Number of faces shared with processor 213 = 541
    Number of faces shared with processor 85 = 1434
    Number of processor patches = 12
    Number of processor faces = 15664
    Number of boundary faces = 11717

Processor 70
    Number of cells = 127606
    Number of points = 152016
    Number of faces shared with processor 53 = 4
    Number of faces shared with processor 54 = 949
    Number of faces shared with processor 55 = 31
    Number of faces shared with processor 69 = 672
    Number of faces shared with processor 198 = 13145
    Number of faces shared with processor 71 = 1019
    Number of faces shared with processor 213 = 484
    Number of faces shared with processor 85 = 651
    Number of faces shared with processor 214 = 46
    Number of faces shared with processor 86 = 1501
    Number of faces shared with processor 87 = 545
    Number of processor patches = 11
    Number of processor faces = 19047
    Number of boundary faces = 5892

Processor 71
    Number of cells = 127606
    Number of points = 153673
    Number of faces shared with processor 55 = 767
    Number of faces shared with processor 198 = 306
    Number of faces shared with processor 70 = 1019
    Number of faces shared with processor 199 = 6668
    Number of faces shared with processor 200 = 67
    Number of faces shared with processor 72 = 1428
    Number of faces shared with processor 87 = 1581
    Number of faces shared with processor 215 = 602
    Number of processor patches = 8
    Number of processor faces = 12438
    Number of boundary faces = 11383

Processor 72
    Number of cells = 127606
    Number of points = 151696
    Number of faces shared with processor 55 = 150
    Number of faces shared with processor 56 = 806
    Number of faces shared with processor 71 = 1428
    Number of faces shared with processor 200 = 8082
    Number of faces shared with processor 73 = 1881
    Number of faces shared with processor 215 = 156
    Number of faces shared with processor 87 = 555
    Number of faces shared with processor 88 = 1941
    Number of processor patches = 8
    Number of processor faces = 14999
    Number of boundary faces = 9135

Processor 73
    Number of cells = 127606
    Number of points = 151887
    Number of faces shared with processor 56 = 263
    Number of faces shared with processor 57 = 930
    Number of faces shared with processor 200 = 1777
    Number of faces shared with processor 72 = 1881
    Number of faces shared with processor 201 = 2908
    Number of faces shared with processor 74 = 2991
    Number of faces shared with processor 216 = 102
    Number of faces shared with processor 88 = 315
    Number of faces shared with processor 89 = 400
    Number of processor patches = 9
    Number of processor faces = 11567
    Number of boundary faces = 12387

Processor 74
    Number of cells = 127606
    Number of points = 152404
    Number of faces shared with processor 57 = 52
    Number of faces shared with processor 58 = 1683
    Number of faces shared with processor 59 = 230
    Number of faces shared with processor 201 = 364
    Number of faces shared with processor 73 = 2991
    Number of faces shared with processor 202 = 3672
    Number of faces shared with processor 75 = 2835
    Number of faces shared with processor 89 = 114
    Number of faces shared with processor 90 = 661
    Number of faces shared with processor 218 = 185
    Number of faces shared with processor 91 = 564
    Number of processor patches = 11
    Number of processor faces = 13351
    Number of boundary faces = 11675

Processor 75
    Number of cells = 127606
    Number of points = 150212
    Number of faces shared with processor 59 = 1279
    Number of faces shared with processor 202 = 468
    Number of faces shared with processor 74 = 2835
    Number of faces shared with processor 203 = 1470
    Number of faces shared with processor 76 = 2483
    Number of faces shared with processor 91 = 823
    Number of faces shared with processor 92 = 897
    Number of processor patches = 7
    Number of processor faces = 10255
    Number of boundary faces = 12434

Processor 76
    Number of cells = 127606
    Number of points = 151141
    Number of faces shared with processor 59 = 1247
    Number of faces shared with processor 60 = 1509
    Number of faces shared with processor 61 = 705
    Number of faces shared with processor 75 = 2483
    Number of faces shared with processor 204 = 8735
    Number of faces shared with processor 77 = 1111
    Number of faces shared with processor 92 = 1881
    Number of faces shared with processor 93 = 159
    Number of processor patches = 8
    Number of processor faces = 17830
    Number of boundary faces = 8157

Processor 77
    Number of cells = 127606
    Number of points = 144897
    Number of faces shared with processor 189 = 3
    Number of faces shared with processor 61 = 2341
    Number of faces shared with processor 62 = 96
    Number of faces shared with processor 204 = 850
    Number of faces shared with processor 76 = 1111
    Number of faces shared with processor 205 = 2666
    Number of faces shared with processor 78 = 624
    Number of faces shared with processor 93 = 2395
    Number of faces shared with processor 221 = 36
    Number of processor patches = 9
    Number of processor faces = 10122
    Number of boundary faces = 9595

Processor 78
    Number of cells = 127606
    Number of points = 137745
    Number of faces shared with processor 190 = 6
    Number of faces shared with processor 62 = 5302
    Number of faces shared with processor 205 = 41
    Number of faces shared with processor 77 = 624
    Number of faces shared with processor 206 = 3792
    Number of faces shared with processor 79 = 120
    Number of faces shared with processor 207 = 312
    Number of faces shared with processor 335 = 374
    Number of faces shared with processor 93 = 170
    Number of faces shared with processor 221 = 10
    Number of faces shared with processor 222 = 41
    Number of faces shared with processor 94 = 5301
    Number of processor patches = 12
    Number of processor faces = 16093
    Number of boundary faces = 3753

Processor 79
    Number of cells = 127607
    Number of points = 165145
    Number of faces shared with processor 62 = 5
    Number of faces shared with processor 191 = 2
    Number of faces shared with processor 63 = 3294
    Number of faces shared with processor 78 = 120
    Number of faces shared with processor 207 = 33256
    Number of faces shared with processor 94 = 65
    Number of faces shared with processor 223 = 146
    Number of faces shared with processor 95 = 3279
    Number of processor patches = 8
    Number of processor faces = 40167
    Number of boundary faces = 32984

Processor 80
    Number of cells = 127606
    Number of points = 149532
    Number of faces shared with processor 48 = 4
    Number of faces shared with processor 192 = 1
    Number of faces shared with processor 64 = 3195
    Number of faces shared with processor 193 = 160
    Number of faces shared with processor 65 = 1090
    Number of faces shared with processor 336 = 4
    Number of faces shared with processor 208 = 5064
    Number of faces shared with processor 96 = 2955
    Number of processor patches = 8
    Number of processor faces = 12473
    Number of boundary faces = 12023

Processor 81
    Number of cells = 127606
    Number of points = 158275
    Number of faces shared with processor 193 = 727
    Number of faces shared with processor 65 = 1043
    Number of faces shared with processor 209 = 2212
    Number of faces shared with processor 210 = 506
    Number of faces shared with processor 82 = 1796
    Number of faces shared with processor 224 = 133
    Number of faces shared with processor 96 = 448
    Number of faces shared with processor 225 = 290
    Number of faces shared with processor 97 = 4669
    Number of faces shared with processor 226 = 29
    Number of faces shared with processor 98 = 155
    Number of processor patches = 11
    Number of processor faces = 12008
    Number of boundary faces = 16439

Processor 82
    Number of cells = 127606
    Number of points = 152327
    Number of faces shared with processor 65 = 10
    Number of faces shared with processor 194 = 175
    Number of faces shared with processor 66 = 798
    Number of faces shared with processor 81 = 1796
    Number of faces shared with processor 210 = 1445
    Number of faces shared with processor 211 = 169
    Number of faces shared with processor 83 = 948
    Number of faces shared with processor 226 = 432
    Number of faces shared with processor 98 = 2275
    Number of faces shared with processor 99 = 320
    Number of faces shared with processor 227 = 17
    Number of processor patches = 11
    Number of processor faces = 8385
    Number of boundary faces = 19170

Processor 83
    Number of cells = 127606
    Number of points = 151341
    Number of faces shared with processor 194 = 176
    Number of faces shared with processor 66 = 1064
    Number of faces shared with processor 67 = 1650
    Number of faces shared with processor 82 = 948
    Number of faces shared with processor 211 = 1847
    Number of faces shared with processor 84 = 823
    Number of faces shared with processor 99 = 2435
    Number of faces shared with processor 100 = 653
    Number of processor patches = 8
    Number of processor faces = 9596
    Number of boundary faces = 12728

Processor 84
    Number of cells = 127606
    Number of points = 152284
    Number of faces shared with processor 67 = 751
    Number of faces shared with processor 68 = 871
    Number of faces shared with processor 69 = 327
    Number of faces shared with processor 83 = 823
    Number of faces shared with processor 212 = 8621
    Number of faces shared with processor 213 = 108
    Number of faces shared with processor 85 = 1325
    Number of faces shared with processor 100 = 1613
    Number of processor patches = 8
    Number of processor faces = 14439
    Number of boundary faces = 9582

Processor 85
    Number of cells = 127606
    Number of points = 156718
    Number of faces shared with processor 69 = 1434
    Number of faces shared with processor 70 = 651
    Number of faces shared with processor 84 = 1325
    Number of faces shared with processor 213 = 22745
    Number of faces shared with processor 86 = 830
    Number of faces shared with processor 100 = 742
    Number of faces shared with processor 101 = 1017
    Number of processor patches = 7
    Number of processor faces = 28744
    Number of boundary faces = 878

Processor 86
    Number of cells = 127606
    Number of points = 153662
    Number of faces shared with processor 198 = 40
    Number of faces shared with processor 70 = 1501
    Number of faces shared with processor 213 = 463
    Number of faces shared with processor 85 = 830
    Number of faces shared with processor 214 = 11192
    Number of faces shared with processor 87 = 1030
    Number of faces shared with processor 101 = 197
    Number of faces shared with processor 102 = 3369
    Number of faces shared with processor 103 = 310
    Number of processor patches = 9
    Number of processor faces = 18932
    Number of boundary faces = 7660

Processor 87
    Number of cells = 127606
    Number of points = 158166
    Number of faces shared with processor 198 = 141
    Number of faces shared with processor 70 = 545
    Number of faces shared with processor 71 = 1581
    Number of faces shared with processor 72 = 555
    Number of faces shared with processor 214 = 169
    Number of faces shared with processor 86 = 1030
    Number of faces shared with processor 215 = 19322
    Number of faces shared with processor 88 = 947
    Number of faces shared with processor 103 = 2194
    Number of processor patches = 9
    Number of processor faces = 26484
    Number of boundary faces = 3755

Processor 88
    Number of cells = 127606
    Number of points = 154514
    Number of faces shared with processor 200 = 330
    Number of faces shared with processor 72 = 1941
    Number of faces shared with processor 73 = 315
    Number of faces shared with processor 343 = 58
    Number of faces shared with processor 215 = 882
    Number of faces shared with processor 87 = 947
    Number of faces shared with processor 216 = 5687
    Number of faces shared with processor 89 = 1525
    Number of faces shared with processor 103 = 269
    Number of faces shared with processor 104 = 2646
    Number of faces shared with processor 105 = 2
    Number of processor patches = 11
    Number of processor faces = 14602
    Number of boundary faces = 11444

Processor 89
    Number of cells = 127606
    Number of points = 156870
    Number of faces shared with processor 201 = 99
    Number of faces shared with processor 73 = 400
    Number of faces shared with processor 202 = 16
    Number of faces shared with processor 74 = 114
    Number of faces shared with processor 216 = 323
    Number of faces shared with processor 88 = 1525
    Number of faces shared with processor 217 = 1249
    Number of faces shared with processor 218 = 764
    Number of faces shared with processor 90 = 1726
    Number of faces shared with processor 104 = 27
    Number of faces shared with processor 233 = 488
    Number of faces shared with processor 105 = 4205
    Number of processor patches = 12
    Number of processor faces = 10936
    Number of boundary faces = 15561

Processor 90
    Number of cells = 127606
    Number of points = 150034
    Number of faces shared with processor 74 = 661
    Number of faces shared with processor 89 = 1726
    Number of faces shared with processor 218 = 3047
    Number of faces shared with processor 91 = 715
    Number of faces shared with processor 105 = 326
    Number of faces shared with processor 106 = 1195
    Number of faces shared with processor 107 = 326
    Number of processor patches = 7
    Number of processor faces = 7996
    Number of boundary faces = 21477

Processor 91
    Number of cells = 127606
    Number of points = 155501
    Number of faces shared with processor 202 = 814
    Number of faces shared with processor 74 = 564
    Number of faces shared with processor 203 = 870
    Number of faces shared with processor 75 = 823
    Number of faces shared with processor 218 = 1214
    Number of faces shared with processor 90 = 715
    Number of faces shared with processor 219 = 1897
    Number of faces shared with processor 220 = 680
    Number of faces shared with processor 92 = 1392
    Number of faces shared with processor 235 = 1087
    Number of faces shared with processor 107 = 3214
    Number of faces shared with processor 236 = 4
    Number of faces shared with processor 108 = 40
    Number of processor patches = 13
    Number of processor faces = 13314
    Number of boundary faces = 13752

Processor 92
    Number of cells = 127606
    Number of points = 148645
    Number of faces shared with processor 75 = 897
    Number of faces shared with processor 204 = 312
    Number of faces shared with processor 76 = 1881
    Number of faces shared with processor 91 = 1392
    Number of faces shared with processor 220 = 6860
    Number of faces shared with processor 93 = 1128
    Number of faces shared with processor 108 = 1991
    Number of faces shared with processor 109 = 736
    Number of processor patches = 8
    Number of processor faces = 15197
    Number of boundary faces = 7729

Processor 93
    Number of cells = 127606
    Number of points = 147295
    Number of faces shared with processor 204 = 101
    Number of faces shared with processor 76 = 159
    Number of faces shared with processor 77 = 2395
    Number of faces shared with processor 78 = 170
    Number of faces shared with processor 220 = 996
    Number of faces shared with processor 92 = 1128
    Number of faces shared with processor 221 = 2746
    Number of faces shared with processor 94 = 576
    Number of faces shared with processor 109 = 2301
    Number of processor patches = 9
    Number of processor faces = 10572
    Number of boundary faces = 9441

Processor 94
    Number of cells = 127606
    Number of points = 137768
    Number of faces shared with processor 78 = 5301
    Number of faces shared with processor 207 = 169
    Number of faces shared with processor 335 = 195
    Number of faces shared with processor 79 = 65
    Number of faces shared with processor 221 = 34
    Number of faces shared with processor 93 = 576
    Number of faces shared with processor 222 = 3833
    Number of faces shared with processor 95 = 55
    Number of faces shared with processor 223 = 143
    Number of faces shared with processor 351 = 165
    Number of faces shared with processor 109 = 238
    Number of faces shared with processor 238 = 43
    Number of faces shared with processor 110 = 5316
    Number of processor patches = 13
    Number of processor faces = 16133
    Number of boundary faces = 3759

Processor 95
    Number of cells = 127607
    Number of points = 165340
    Number of faces shared with processor 79 = 3279
    Number of faces shared with processor 94 = 55
    Number of faces shared with processor 223 = 33468
    Number of faces shared with processor 110 = 120
    Number of faces shared with processor 111 = 2355
    Number of faces shared with processor 239 = 1032
    Number of faces shared with processor 126 = 15
    Number of processor patches = 7
    Number of processor faces = 40324
    Number of boundary faces = 33221

Processor 96
    Number of cells = 127606
    Number of points = 150315
    Number of faces shared with processor 193 = 461
    Number of faces shared with processor 65 = 646
    Number of faces shared with processor 208 = 221
    Number of faces shared with processor 80 = 2955
    Number of faces shared with processor 81 = 448
    Number of faces shared with processor 352 = 4
    Number of faces shared with processor 224 = 2443
    Number of faces shared with processor 97 = 136
    Number of faces shared with processor 112 = 1351
    Number of faces shared with processor 240 = 1887
    Number of processor patches = 10
    Number of processor faces = 10552
    Number of boundary faces = 12950

Processor 97
    Number of cells = 127606
    Number of points = 158420
    Number of faces shared with processor 81 = 4669
    Number of faces shared with processor 224 = 29
    Number of faces shared with processor 96 = 136
    Number of faces shared with processor 225 = 1647
    Number of faces shared with processor 226 = 454
    Number of faces shared with processor 98 = 2180
    Number of faces shared with processor 112 = 180
    Number of faces shared with processor 240 = 327
    Number of faces shared with processor 113 = 3887
    Number of faces shared with processor 242 = 42
    Number of faces shared with processor 114 = 109
    Number of processor patches = 11
    Number of processor faces = 13660
    Number of boundary faces = 17839

Processor 98
    Number of cells = 127606
    Number of points = 152607
    Number of faces shared with processor 81 = 155
    Number of faces shared with processor 82 = 2275
    Number of faces shared with processor 97 = 2180
    Number of faces shared with processor 226 = 2256
    Number of faces shared with processor 99 = 836
    Number of faces shared with processor 114 = 3481
    Number of processor patches = 6
    Number of processor faces = 11183
    Number of boundary faces = 21553

Processor 99
    Number of cells = 127606
    Number of points = 154879
    Number of faces shared with processor 82 = 320
    Number of faces shared with processor 211 = 122
    Number of faces shared with processor 83 = 2435
    Number of faces shared with processor 98 = 836
    Number of faces shared with processor 227 = 1410
    Number of faces shared with processor 228 = 78
    Number of faces shared with processor 100 = 988
    Number of faces shared with processor 114 = 78
    Number of faces shared with processor 115 = 3222
    Number of processor patches = 9
    Number of processor faces = 9489
    Number of boundary faces = 15517

Processor 100
    Number of cells = 127606
    Number of points = 151131
    Number of faces shared with processor 83 = 653
    Number of faces shared with processor 84 = 1613
    Number of faces shared with processor 213 = 23
    Number of faces shared with processor 85 = 742
    Number of faces shared with processor 99 = 988
    Number of faces shared with processor 228 = 7596
    Number of faces shared with processor 101 = 792
    Number of faces shared with processor 115 = 63
    Number of faces shared with processor 116 = 1760
    Number of processor patches = 9
    Number of processor faces = 14230
    Number of boundary faces = 9482

Processor 101
    Number of cells = 127606
    Number of points = 146478
    Number of faces shared with processor 213 = 711
    Number of faces shared with processor 85 = 1017
    Number of faces shared with processor 214 = 79
    Number of faces shared with processor 86 = 197
    Number of faces shared with processor 228 = 458
    Number of faces shared with processor 100 = 792
    Number of faces shared with processor 229 = 4469
    Number of faces shared with processor 102 = 1182
    Number of faces shared with processor 116 = 318
    Number of faces shared with processor 117 = 1754
    Number of processor patches = 10
    Number of processor faces = 10977
    Number of boundary faces = 10393

Processor 102
    Number of cells = 127606
    Number of points = 144504
    Number of faces shared with processor 214 = 820
    Number of faces shared with processor 86 = 3369
    Number of faces shared with processor 229 = 51
    Number of faces shared with processor 101 = 1182
    Number of faces shared with processor 230 = 3199
    Number of faces shared with processor 231 = 44
    Number of faces shared with processor 103 = 1164
    Number of faces shared with processor 117 = 37
    Number of faces shared with processor 118 = 2072
    Number of faces shared with processor 119 = 74
    Number of processor patches = 10
    Number of processor faces = 12012
    Number of boundary faces = 10293

Processor 103
    Number of cells = 127606
    Number of points = 148845
    Number of faces shared with processor 214 = 178
    Number of faces shared with processor 86 = 310
    Number of faces shared with processor 215 = 369
    Number of faces shared with processor 87 = 2194
    Number of faces shared with processor 88 = 269
    Number of faces shared with processor 102 = 1164
    Number of faces shared with processor 231 = 6548
    Number of faces shared with processor 104 = 1173
    Number of faces shared with processor 119 = 1924
    Number of faces shared with processor 120 = 37
    Number of processor patches = 10
    Number of processor faces = 14166
    Number of boundary faces = 9216

Processor 104
    Number of cells = 127606
    Number of points = 150223
    Number of faces shared with processor 216 = 611
    Number of faces shared with processor 88 = 2646
    Number of faces shared with processor 89 = 27
    Number of faces shared with processor 231 = 290
    Number of faces shared with processor 103 = 1173
    Number of faces shared with processor 232 = 1866
    Number of faces shared with processor 105 = 1690
    Number of faces shared with processor 120 = 2283
    Number of faces shared with processor 121 = 512
    Number of processor patches = 9
    Number of processor faces = 11098
    Number of boundary faces = 12498

Processor 105
    Number of cells = 127606
    Number of points = 160477
    Number of faces shared with processor 88 = 2
    Number of faces shared with processor 89 = 4205
    Number of faces shared with processor 218 = 183
    Number of faces shared with processor 90 = 326
    Number of faces shared with processor 104 = 1690
    Number of faces shared with processor 233 = 1341
    Number of faces shared with processor 234 = 606
    Number of faces shared with processor 106 = 1998
    Number of faces shared with processor 121 = 2784
    Number of faces shared with processor 250 = 12
    Number of faces shared with processor 122 = 242
    Number of processor patches = 11
    Number of processor faces = 13389
    Number of boundary faces = 17829

Processor 106
    Number of cells = 127606
    Number of points = 152773
    Number of faces shared with processor 90 = 1195
    Number of faces shared with processor 218 = 1447
    Number of faces shared with processor 105 = 1998
    Number of faces shared with processor 234 = 2286
    Number of faces shared with processor 107 = 692
    Number of faces shared with processor 122 = 1503
    Number of processor patches = 6
    Number of processor faces = 9121
    Number of boundary faces = 22715

Processor 107
    Number of cells = 127606
    Number of points = 158198
    Number of faces shared with processor 218 = 535
    Number of faces shared with processor 90 = 326
    Number of faces shared with processor 91 = 3214
    Number of faces shared with processor 234 = 1557
    Number of faces shared with processor 106 = 692
    Number of faces shared with processor 235 = 1801
    Number of faces shared with processor 108 = 1354
    Number of faces shared with processor 122 = 34
    Number of faces shared with processor 123 = 2128
    Number of processor patches = 9
    Number of processor faces = 11641
    Number of boundary faces = 17607

Processor 108
    Number of cells = 127606
    Number of points = 148310
    Number of faces shared with processor 91 = 40
    Number of faces shared with processor 220 = 1487
    Number of faces shared with processor 92 = 1991
    Number of faces shared with processor 235 = 1047
    Number of faces shared with processor 107 = 1354
    Number of faces shared with processor 236 = 2342
    Number of faces shared with processor 109 = 1401
    Number of faces shared with processor 251 = 60
    Number of faces shared with processor 123 = 326
    Number of faces shared with processor 252 = 594
    Number of faces shared with processor 124 = 2646
    Number of faces shared with processor 125 = 45
    Number of faces shared with processor 253 = 15
    Number of processor patches = 13
    Number of processor faces = 13348
    Number of boundary faces = 8589

Processor 109
    Number of cells = 127606
    Number of points = 144459
    Number of faces shared with processor 220 = 1332
    Number of faces shared with processor 92 = 736
    Number of faces shared with processor 221 = 216
    Number of faces shared with processor 93 = 2301
    Number of faces shared with processor 94 = 238
    Number of faces shared with processor 236 = 202
    Number of faces shared with processor 108 = 1401
    Number of faces shared with processor 237 = 2611
    Number of faces shared with processor 110 = 612
    Number of faces shared with processor 125 = 2495
    Number of faces shared with processor 253 = 1202
    Number of processor patches = 11
    Number of processor faces = 13346
    Number of boundary faces = 4719

Processor 110
    Number of cells = 127606
    Number of points = 137758
    Number of faces shared with processor 94 = 5316
    Number of faces shared with processor 223 = 312
    Number of faces shared with processor 351 = 360
    Number of faces shared with processor 95 = 120
    Number of faces shared with processor 109 = 612
    Number of faces shared with processor 238 = 3833
    Number of faces shared with processor 125 = 155
    Number of faces shared with processor 253 = 60
    Number of faces shared with processor 126 = 1404
    Number of faces shared with processor 254 = 3935
    Number of processor patches = 10
    Number of processor faces = 16107
    Number of boundary faces = 3765

Processor 111
    Number of cells = 127607
    Number of points = 176884
    Number of faces shared with processor 95 = 2355
    Number of faces shared with processor 239 = 45970
    Number of faces shared with processor 126 = 212
    Number of faces shared with processor 127 = 1909
    Number of faces shared with processor 255 = 601
    Number of processor patches = 5
    Number of processor faces = 51047
    Number of boundary faces = 45579

Processor 112
    Number of cells = 127608
    Number of points = 150223
    Number of faces shared with processor 96 = 1351
    Number of faces shared with processor 97 = 180
    Number of faces shared with processor 240 = 6816
    Number of faces shared with processor 113 = 1404
    Number of processor patches = 4
    Number of processor faces = 9751
    Number of boundary faces = 19587

Processor 113
    Number of cells = 127608
    Number of points = 154216
    Number of faces shared with processor 225 = 382
    Number of faces shared with processor 97 = 3887
    Number of faces shared with processor 240 = 1432
    Number of faces shared with processor 112 = 1404
    Number of faces shared with processor 241 = 2444
    Number of faces shared with processor 369 = 5
    Number of faces shared with processor 242 = 591
    Number of faces shared with processor 114 = 3605
    Number of faces shared with processor 115 = 3
    Number of processor patches = 9
    Number of processor faces = 13753
    Number of boundary faces = 12059

Processor 114
    Number of cells = 127608
    Number of points = 154050
    Number of faces shared with processor 97 = 109
    Number of faces shared with processor 226 = 976
    Number of faces shared with processor 98 = 3481
    Number of faces shared with processor 99 = 78
    Number of faces shared with processor 113 = 3605
    Number of faces shared with processor 242 = 2509
    Number of faces shared with processor 115 = 3106
    Number of processor patches = 7
    Number of processor faces = 13864
    Number of boundary faces = 16675

Processor 115
    Number of cells = 127608
    Number of points = 147954
    Number of faces shared with processor 227 = 727
    Number of faces shared with processor 99 = 3222
    Number of faces shared with processor 228 = 50
    Number of faces shared with processor 100 = 63
    Number of faces shared with processor 113 = 3
    Number of faces shared with processor 242 = 907
    Number of faces shared with processor 114 = 3106
    Number of faces shared with processor 371 = 3
    Number of faces shared with processor 243 = 3055
    Number of faces shared with processor 116 = 2999
    Number of processor patches = 10
    Number of processor faces = 14135
    Number of boundary faces = 9494

Processor 116
    Number of cells = 127608
    Number of points = 142547
    Number of faces shared with processor 228 = 1664
    Number of faces shared with processor 100 = 1760
    Number of faces shared with processor 229 = 287
    Number of faces shared with processor 101 = 318
    Number of faces shared with processor 243 = 108
    Number of faces shared with processor 115 = 2999
    Number of faces shared with processor 244 = 3101
    Number of faces shared with processor 117 = 3186
    Number of processor patches = 8
    Number of processor faces = 13423
    Number of boundary faces = 6976

Processor 117
    Number of cells = 127608
    Number of points = 140535
    Number of faces shared with processor 229 = 2786
    Number of faces shared with processor 101 = 1754
    Number of faces shared with processor 230 = 27
    Number of faces shared with processor 102 = 37
    Number of faces shared with processor 244 = 472
    Number of faces shared with processor 116 = 3186
    Number of faces shared with processor 245 = 2523
    Number of faces shared with processor 118 = 3191
    Number of faces shared with processor 246 = 400
    Number of faces shared with processor 119 = 2
    Number of processor patches = 10
    Number of processor faces = 14378
    Number of boundary faces = 4323

Processor 118
    Number of cells = 127608
    Number of points = 139103
    Number of faces shared with processor 230 = 936
    Number of faces shared with processor 102 = 2072
    Number of faces shared with processor 243 = 9
    Number of faces shared with processor 117 = 3191
    Number of faces shared with processor 246 = 2855
    Number of faces shared with processor 502 = 9
    Number of faces shared with processor 119 = 3166
    Number of faces shared with processor 120 = 10
    Number of processor patches = 8
    Number of processor faces = 12248
    Number of boundary faces = 4999

Processor 119
    Number of cells = 127608
    Number of points = 138992
    Number of faces shared with processor 230 = 48
    Number of faces shared with processor 102 = 74
    Number of faces shared with processor 231 = 985
    Number of faces shared with processor 103 = 1924
    Number of faces shared with processor 117 = 2
    Number of faces shared with processor 246 = 102
    Number of faces shared with processor 118 = 3166
    Number of faces shared with processor 247 = 2760
    Number of faces shared with processor 120 = 3437
    Number of processor patches = 9
    Number of processor faces = 12498
    Number of boundary faces = 4738

Processor 120
    Number of cells = 127608
    Number of points = 139872
    Number of faces shared with processor 231 = 49
    Number of faces shared with processor 103 = 37
    Number of faces shared with processor 232 = 1362
    Number of faces shared with processor 104 = 2283
    Number of faces shared with processor 246 = 11
    Number of faces shared with processor 118 = 10
    Number of faces shared with processor 247 = 248
    Number of faces shared with processor 119 = 3437
    Number of faces shared with processor 248 = 2567
    Number of faces shared with processor 504 = 20
    Number of faces shared with processor 249 = 397
    Number of faces shared with processor 121 = 3430
    Number of faces shared with processor 378 = 1
    Number of faces shared with processor 122 = 4
    Number of faces shared with processor 252 = 20
    Number of processor patches = 15
    Number of processor faces = 13876
    Number of boundary faces = 4399

Processor 121
    Number of cells = 127608
    Number of points = 149040
    Number of faces shared with processor 232 = 70
    Number of faces shared with processor 104 = 512
    Number of faces shared with processor 233 = 363
    Number of faces shared with processor 105 = 2784
    Number of faces shared with processor 120 = 3430
    Number of faces shared with processor 249 = 2430
    Number of faces shared with processor 250 = 347
    Number of faces shared with processor 122 = 4198
    Number of processor patches = 8
    Number of processor faces = 14134
    Number of boundary faces = 9995

Processor 122
    Number of cells = 127608
    Number of points = 150199
    Number of faces shared with processor 105 = 242
    Number of faces shared with processor 234 = 1001
    Number of faces shared with processor 106 = 1503
    Number of faces shared with processor 107 = 34
    Number of faces shared with processor 120 = 4
    Number of faces shared with processor 121 = 4198
    Number of faces shared with processor 378 = 3
    Number of faces shared with processor 250 = 2094
    Number of faces shared with processor 251 = 2
    Number of faces shared with processor 123 = 4292
    Number of faces shared with processor 124 = 3
    Number of processor patches = 11
    Number of processor faces = 13376
    Number of boundary faces = 12104

Processor 123
    Number of cells = 127608
    Number of points = 145719
    Number of faces shared with processor 234 = 1
    Number of faces shared with processor 235 = 85
    Number of faces shared with processor 107 = 2128
    Number of faces shared with processor 108 = 326
    Number of faces shared with processor 250 = 858
    Number of faces shared with processor 122 = 4292
    Number of faces shared with processor 251 = 2423
    Number of faces shared with processor 252 = 261
    Number of faces shared with processor 124 = 3394
    Number of processor patches = 9
    Number of processor faces = 13768
    Number of boundary faces = 8636

Processor 124
    Number of cells = 127608
    Number of points = 139049
    Number of faces shared with processor 108 = 2646
    Number of faces shared with processor 122 = 3
    Number of faces shared with processor 123 = 3394
    Number of faces shared with processor 252 = 2953
    Number of faces shared with processor 253 = 193
    Number of faces shared with processor 125 = 3180
    Number of processor patches = 6
    Number of processor faces = 12369
    Number of boundary faces = 5098

Processor 125
    Number of cells = 127608
    Number of points = 139501
    Number of faces shared with processor 108 = 45
    Number of faces shared with processor 109 = 2495
    Number of faces shared with processor 110 = 155
    Number of faces shared with processor 252 = 1
    Number of faces shared with processor 124 = 3180
    Number of faces shared with processor 253 = 3290
    Number of faces shared with processor 126 = 931
    Number of faces shared with processor 254 = 863
    Number of processor patches = 8
    Number of processor faces = 10960
    Number of boundary faces = 5885

Processor 126
    Number of cells = 127608
    Number of points = 149601
    Number of faces shared with processor 223 = 12
    Number of faces shared with processor 95 = 15
    Number of faces shared with processor 110 = 1404
    Number of faces shared with processor 367 = 51
    Number of faces shared with processor 239 = 106
    Number of faces shared with processor 111 = 212
    Number of faces shared with processor 125 = 931
    Number of faces shared with processor 254 = 8235
    Number of faces shared with processor 127 = 206
    Number of faces shared with processor 255 = 147
    Number of faces shared with processor 383 = 134
    Number of processor patches = 11
    Number of processor faces = 11453
    Number of boundary faces = 19320

Processor 127
    Number of cells = 127608
    Number of points = 188287
    Number of faces shared with processor 111 = 1909
    Number of faces shared with processor 126 = 206
    Number of faces shared with processor 383 = 151
    Number of faces shared with processor 255 = 59086
    Number of processor patches = 4
    Number of processor faces = 61352
    Number of boundary faces = 56910

Processor 128
    Number of cells = 127606
    Number of points = 156783
    Number of faces shared with processor 384 = 76
    Number of faces shared with processor 256 = 4618
    Number of faces shared with processor 0 = 6818
    Number of faces shared with processor 257 = 1
    Number of faces shared with processor 129 = 1571
    Number of faces shared with processor 1 = 1401
    Number of faces shared with processor 131 = 13
    Number of faces shared with processor 144 = 2091
    Number of faces shared with processor 16 = 1931
    Number of faces shared with processor 273 = 4
    Number of faces shared with processor 145 = 2778
    Number of faces shared with processor 17 = 307
    Number of faces shared with processor 160 = 4
    Number of processor patches = 13
    Number of processor faces = 21613
    Number of boundary faces = 7248

Processor 129
    Number of cells = 127606
    Number of points = 151935
    Number of faces shared with processor 256 = 711
    Number of faces shared with processor 128 = 1571
    Number of faces shared with processor 257 = 2685
    Number of faces shared with processor 1 = 2585
    Number of faces shared with processor 258 = 586
    Number of faces shared with processor 130 = 2062
    Number of faces shared with processor 145 = 2832
    Number of faces shared with processor 273 = 1249
    Number of processor patches = 8
    Number of processor faces = 14281
    Number of boundary faces = 13324

Processor 130
    Number of cells = 127606
    Number of points = 152968
    Number of faces shared with processor 129 = 2062
    Number of faces shared with processor 1 = 706
    Number of faces shared with processor 258 = 1941
    Number of faces shared with processor 2 = 2408
    Number of faces shared with processor 131 = 1507
    Number of faces shared with processor 3 = 838
    Number of faces shared with processor 145 = 63
    Number of faces shared with processor 17 = 49
    Number of faces shared with processor 146 = 3892
    Number of faces shared with processor 274 = 583
    Number of faces shared with processor 147 = 151
    Number of faces shared with processor 275 = 1
    Number of processor patches = 12
    Number of processor faces = 14201
    Number of boundary faces = 14203

Processor 131
    Number of cells = 127606
    Number of points = 150670
    Number of faces shared with processor 256 = 7
    Number of faces shared with processor 128 = 13
    Number of faces shared with processor 258 = 807
    Number of faces shared with processor 130 = 1507
    Number of faces shared with processor 387 = 20
    Number of faces shared with processor 259 = 3032
    Number of faces shared with processor 3 = 3010
    Number of faces shared with processor 132 = 1542
    Number of faces shared with processor 4 = 115
    Number of faces shared with processor 134 = 20
    Number of faces shared with processor 147 = 1253
    Number of faces shared with processor 275 = 1407
    Number of processor patches = 12
    Number of processor faces = 12733
    Number of boundary faces = 12237

Processor 132
    Number of cells = 127606
    Number of points = 143940
    Number of faces shared with processor 259 = 718
    Number of faces shared with processor 131 = 1542
    Number of faces shared with processor 3 = 2
    Number of faces shared with processor 260 = 2566
    Number of faces shared with processor 388 = 3
    Number of faces shared with processor 4 = 3072
    Number of faces shared with processor 133 = 1943
    Number of faces shared with processor 5 = 466
    Number of faces shared with processor 149 = 431
    Number of processor patches = 9
    Number of processor faces = 10743
    Number of boundary faces = 9733

Processor 133
    Number of cells = 127606
    Number of points = 144071
    Number of faces shared with processor 260 = 735
    Number of faces shared with processor 132 = 1943
    Number of faces shared with processor 261 = 2629
    Number of faces shared with processor 5 = 2666
    Number of faces shared with processor 262 = 290
    Number of faces shared with processor 134 = 2367
    Number of faces shared with processor 149 = 10491
    Number of faces shared with processor 150 = 332
    Number of processor patches = 8
    Number of processor faces = 21453
    Number of boundary faces = 375

Processor 134
    Number of cells = 127606
    Number of points = 144495
    Number of faces shared with processor 131 = 20
    Number of faces shared with processor 133 = 2367
    Number of faces shared with processor 5 = 364
    Number of faces shared with processor 262 = 2858
    Number of faces shared with processor 390 = 21
    Number of faces shared with processor 6 = 2865
    Number of faces shared with processor 263 = 112
    Number of faces shared with processor 135 = 2453
    Number of faces shared with processor 7 = 146
    Number of faces shared with processor 136 = 23
    Number of faces shared with processor 150 = 10679
    Number of processor patches = 11
    Number of processor faces = 21908
    Number of boundary faces = 21

Processor 135
    Number of cells = 127606
    Number of points = 144164
    Number of faces shared with processor 134 = 2453
    Number of faces shared with processor 263 = 2839
    Number of faces shared with processor 7 = 2748
    Number of faces shared with processor 136 = 2462
    Number of faces shared with processor 8 = 233
    Number of faces shared with processor 150 = 415
    Number of faces shared with processor 151 = 8957
    Number of processor patches = 7
    Number of processor faces = 20107
    Number of boundary faces = 1634

Processor 136
    Number of cells = 127606
    Number of points = 145468
    Number of faces shared with processor 134 = 23
    Number of faces shared with processor 263 = 154
    Number of faces shared with processor 135 = 2462
    Number of faces shared with processor 264 = 2917
    Number of faces shared with processor 392 = 21
    Number of faces shared with processor 8 = 2524
    Number of faces shared with processor 265 = 764
    Number of faces shared with processor 137 = 1803
    Number of faces shared with processor 266 = 4
    Number of faces shared with processor 10 = 1
    Number of faces shared with processor 140 = 20
    Number of faces shared with processor 151 = 282
    Number of faces shared with processor 152 = 5920
    Number of faces shared with processor 280 = 1203
    Number of processor patches = 14
    Number of processor faces = 18098
    Number of boundary faces = 3922

Processor 137
    Number of cells = 127606
    Number of points = 148697
    Number of faces shared with processor 136 = 1803
    Number of faces shared with processor 8 = 439
    Number of faces shared with processor 265 = 2239
    Number of faces shared with processor 9 = 2412
    Number of faces shared with processor 266 = 569
    Number of faces shared with processor 138 = 2621
    Number of faces shared with processor 280 = 1
    Number of faces shared with processor 152 = 351
    Number of faces shared with processor 153 = 2090
    Number of faces shared with processor 281 = 1392
    Number of processor patches = 10
    Number of processor faces = 13917
    Number of boundary faces = 10150

Processor 138
    Number of cells = 127606
    Number of points = 152813
    Number of faces shared with processor 137 = 2621
    Number of faces shared with processor 9 = 421
    Number of faces shared with processor 266 = 2073
    Number of faces shared with processor 10 = 2201
    Number of faces shared with processor 139 = 2324
    Number of faces shared with processor 11 = 879
    Number of faces shared with processor 153 = 526
    Number of faces shared with processor 281 = 20
    Number of faces shared with processor 25 = 6
    Number of faces shared with processor 282 = 3761
    Number of faces shared with processor 154 = 4156
    Number of faces shared with processor 283 = 14
    Number of faces shared with processor 155 = 14
    Number of processor patches = 13
    Number of processor faces = 19016
    Number of boundary faces = 8104

Processor 139
    Number of cells = 127606
    Number of points = 149223
    Number of faces shared with processor 266 = 924
    Number of faces shared with processor 138 = 2324
    Number of faces shared with processor 267 = 2332
    Number of faces shared with processor 11 = 2349
    Number of faces shared with processor 140 = 2169
    Number of faces shared with processor 155 = 2134
    Number of faces shared with processor 283 = 1391
    Number of faces shared with processor 156 = 738
    Number of faces shared with processor 28 = 90
    Number of processor patches = 9
    Number of processor faces = 14451
    Number of boundary faces = 9448

Processor 140
    Number of cells = 127606
    Number of points = 137515
    Number of faces shared with processor 136 = 20
    Number of faces shared with processor 266 = 3
    Number of faces shared with processor 267 = 537
    Number of faces shared with processor 139 = 2169
    Number of faces shared with processor 11 = 328
    Number of faces shared with processor 268 = 2659
    Number of faces shared with processor 396 = 20
    Number of faces shared with processor 12 = 3018
    Number of faces shared with processor 269 = 164
    Number of faces shared with processor 13 = 1
    Number of faces shared with processor 141 = 2868
    Number of faces shared with processor 142 = 20
    Number of faces shared with processor 156 = 2221
    Number of faces shared with processor 284 = 523
    Number of faces shared with processor 28 = 836
    Number of processor patches = 15
    Number of processor faces = 15387
    Number of boundary faces = 21

Processor 141
    Number of cells = 127606
    Number of points = 137297
    Number of faces shared with processor 140 = 2868
    Number of faces shared with processor 12 = 187
    Number of faces shared with processor 269 = 2378
    Number of faces shared with processor 13 = 3396
    Number of faces shared with processor 142 = 676
    Number of faces shared with processor 270 = 517
    Number of faces shared with processor 157 = 1963
    Number of faces shared with processor 29 = 1221
    Number of faces shared with processor 158 = 126
    Number of faces shared with processor 30 = 70
    Number of processor patches = 10
    Number of processor faces = 13402
    Number of boundary faces = 0

Processor 142
    Number of cells = 127606
    Number of points = 142099
    Number of faces shared with processor 140 = 20
    Number of faces shared with processor 141 = 676
    Number of faces shared with processor 13 = 827
    Number of faces shared with processor 270 = 5304
    Number of faces shared with processor 398 = 60
    Number of faces shared with processor 14 = 8335
    Number of faces shared with processor 271 = 107
    Number of faces shared with processor 399 = 205
    Number of faces shared with processor 158 = 514
    Number of faces shared with processor 30 = 3873
    Number of faces shared with processor 287 = 428
    Number of faces shared with processor 175 = 45
    Number of faces shared with processor 303 = 95
    Number of processor patches = 13
    Number of processor faces = 20489
    Number of boundary faces = 92

Processor 143
    Number of cells = 127607
    Number of points = 190997
    Number of faces shared with processor 14 = 136
    Number of faces shared with processor 271 = 58895
    Number of faces shared with processor 15 = 58901
    Number of faces shared with processor 159 = 1754
    Number of faces shared with processor 31 = 190
    Number of processor patches = 5
    Number of processor faces = 119876
    Number of boundary faces = 1514

Processor 144
    Number of cells = 127606
    Number of points = 158877
    Number of faces shared with processor 256 = 881
    Number of faces shared with processor 128 = 2091
    Number of faces shared with processor 272 = 3719
    Number of faces shared with processor 16 = 2433
    Number of faces shared with processor 145 = 950
    Number of faces shared with processor 273 = 442
    Number of faces shared with processor 17 = 21
    Number of faces shared with processor 288 = 103
    Number of faces shared with processor 160 = 1525
    Number of faces shared with processor 161 = 2699
    Number of faces shared with processor 289 = 508
    Number of faces shared with processor 33 = 137
    Number of faces shared with processor 177 = 781
    Number of faces shared with processor 305 = 295
    Number of processor patches = 14
    Number of processor faces = 16585
    Number of boundary faces = 15170

Processor 145
    Number of cells = 127606
    Number of points = 158593
    Number of faces shared with processor 256 = 4
    Number of faces shared with processor 128 = 2778
    Number of faces shared with processor 129 = 2832
    Number of faces shared with processor 1 = 359
    Number of faces shared with processor 130 = 63
    Number of faces shared with processor 144 = 950
    Number of faces shared with processor 273 = 1840
    Number of faces shared with processor 17 = 1636
    Number of faces shared with processor 274 = 218
    Number of faces shared with processor 146 = 1530
    Number of faces shared with processor 161 = 4539
    Number of faces shared with processor 33 = 391
    Number of processor patches = 12
    Number of processor faces = 17140
    Number of boundary faces = 20183

Processor 146
    Number of cells = 127606
    Number of points = 159188
    Number of faces shared with processor 130 = 3892
    Number of faces shared with processor 2 = 779
    Number of faces shared with processor 145 = 1530
    Number of faces shared with processor 17 = 429
    Number of faces shared with processor 274 = 1357
    Number of faces shared with processor 18 = 2417
    Number of faces shared with processor 147 = 1964
    Number of faces shared with processor 161 = 119
    Number of faces shared with processor 33 = 61
    Number of faces shared with processor 162 = 2363
    Number of faces shared with processor 34 = 387
    Number of processor patches = 11
    Number of processor faces = 15298
    Number of boundary faces = 17220

Processor 147
    Number of cells = 127606
    Number of points = 156266
    Number of faces shared with processor 130 = 151
    Number of faces shared with processor 131 = 1253
    Number of faces shared with processor 3 = 819
    Number of faces shared with processor 274 = 327
    Number of faces shared with processor 146 = 1964
    Number of faces shared with processor 275 = 1918
    Number of faces shared with processor 19 = 1539
    Number of faces shared with processor 162 = 609
    Number of faces shared with processor 34 = 23
    Number of faces shared with processor 163 = 2610
    Number of processor patches = 10
    Number of processor faces = 11213
    Number of boundary faces = 19873

Processor 148
    Number of cells = 127606
    Number of points = 152186
    Number of faces shared with processor 387 = 94
    Number of faces shared with processor 3 = 57
    Number of faces shared with processor 388 = 2251
    Number of faces shared with processor 4 = 1700
    Number of faces shared with processor 403 = 203
    Number of faces shared with processor 19 = 65
    Number of faces shared with processor 276 = 1569
    Number of faces shared with processor 20 = 7361
    Number of faces shared with processor 277 = 110
    Number of faces shared with processor 149 = 215
    Number of faces shared with processor 21 = 388
    Number of faces shared with processor 293 = 29
    Number of faces shared with processor 165 = 92
    Number of processor patches = 13
    Number of processor faces = 14134
    Number of boundary faces = 19349

Processor 149
    Number of cells = 127606
    Number of points = 161159
    Number of faces shared with processor 388 = 81
    Number of faces shared with processor 260 = 440
    Number of faces shared with processor 132 = 431
    Number of faces shared with processor 4 = 246
    Number of faces shared with processor 261 = 7930
    Number of faces shared with processor 133 = 10491
    Number of faces shared with processor 5 = 2834
    Number of faces shared with processor 148 = 215
    Number of faces shared with processor 277 = 686
    Number of faces shared with processor 21 = 4579
    Number of faces shared with processor 278 = 144
    Number of faces shared with processor 150 = 716
    Number of faces shared with processor 22 = 49
    Number of faces shared with processor 293 = 1403
    Number of faces shared with processor 165 = 810
    Number of faces shared with processor 166 = 220
    Number of processor patches = 16
    Number of processor faces = 31275
    Number of boundary faces = 27423

Processor 150
    Number of cells = 127606
    Number of points = 154345
    Number of faces shared with processor 261 = 145
    Number of faces shared with processor 133 = 332
    Number of faces shared with processor 5 = 55
    Number of faces shared with processor 262 = 7282
    Number of faces shared with processor 134 = 10679
    Number of faces shared with processor 6 = 909
    Number of faces shared with processor 263 = 331
    Number of faces shared with processor 135 = 415
    Number of faces shared with processor 7 = 50
    Number of faces shared with processor 149 = 716
    Number of faces shared with processor 278 = 746
    Number of faces shared with processor 22 = 2538
    Number of faces shared with processor 279 = 32
    Number of faces shared with processor 151 = 516
    Number of processor patches = 14
    Number of processor faces = 24746
    Number of boundary faces = 23338

Processor 151
    Number of cells = 127606
    Number of points = 158198
    Number of faces shared with processor 263 = 3737
    Number of faces shared with processor 135 = 8957
    Number of faces shared with processor 7 = 1293
    Number of faces shared with processor 264 = 148
    Number of faces shared with processor 136 = 282
    Number of faces shared with processor 8 = 48
    Number of faces shared with processor 150 = 516
    Number of faces shared with processor 22 = 73
    Number of faces shared with processor 279 = 326
    Number of faces shared with processor 23 = 7154
    Number of faces shared with processor 280 = 37
    Number of faces shared with processor 152 = 409
    Number of faces shared with processor 24 = 286
    Number of faces shared with processor 166 = 264
    Number of faces shared with processor 167 = 39
    Number of processor patches = 15
    Number of processor faces = 23569
    Number of boundary faces = 25403

Processor 152
    Number of cells = 127606
    Number of points = 157142
    Number of faces shared with processor 136 = 5920
    Number of faces shared with processor 8 = 1397
    Number of faces shared with processor 265 = 1
    Number of faces shared with processor 137 = 351
    Number of faces shared with processor 9 = 32
    Number of faces shared with processor 151 = 409
    Number of faces shared with processor 280 = 1139
    Number of faces shared with processor 24 = 1650
    Number of faces shared with processor 168 = 2480
    Number of processor patches = 9
    Number of processor faces = 13379
    Number of boundary faces = 21215

Processor 153
    Number of cells = 127606
    Number of points = 156980
    Number of faces shared with processor 137 = 2090
    Number of faces shared with processor 9 = 389
    Number of faces shared with processor 138 = 526
    Number of faces shared with processor 281 = 1963
    Number of faces shared with processor 25 = 1253
    Number of faces shared with processor 282 = 367
    Number of faces shared with processor 154 = 1553
    Number of faces shared with processor 169 = 3687
    Number of faces shared with processor 41 = 419
    Number of faces shared with processor 170 = 488
    Number of processor patches = 10
    Number of processor faces = 12735
    Number of boundary faces = 19824

Processor 154
    Number of cells = 127606
    Number of points = 159343
    Number of faces shared with processor 138 = 4156
    Number of faces shared with processor 10 = 864
    Number of faces shared with processor 153 = 1553
    Number of faces shared with processor 25 = 701
    Number of faces shared with processor 282 = 1573
    Number of faces shared with processor 26 = 2277
    Number of faces shared with processor 155 = 999
    Number of faces shared with processor 27 = 1596
    Number of faces shared with processor 170 = 2351
    Number of processor patches = 9
    Number of processor faces = 16070
    Number of boundary faces = 20373

Processor 155
    Number of cells = 127606
    Number of points = 158602
    Number of faces shared with processor 138 = 14
    Number of faces shared with processor 139 = 2134
    Number of faces shared with processor 11 = 117
    Number of faces shared with processor 282 = 611
    Number of faces shared with processor 154 = 999
    Number of faces shared with processor 283 = 1941
    Number of faces shared with processor 27 = 1880
    Number of faces shared with processor 156 = 1538
    Number of faces shared with processor 28 = 1374
    Number of faces shared with processor 298 = 87
    Number of faces shared with processor 170 = 832
    Number of faces shared with processor 171 = 1064
    Number of faces shared with processor 43 = 1247
    Number of faces shared with processor 300 = 2
    Number of faces shared with processor 172 = 18
    Number of faces shared with processor 44 = 6
    Number of processor patches = 16
    Number of processor faces = 13864
    Number of boundary faces = 17575

Processor 156
    Number of cells = 127606
    Number of points = 155222
    Number of faces shared with processor 267 = 70
    Number of faces shared with processor 139 = 738
    Number of faces shared with processor 140 = 2221
    Number of faces shared with processor 283 = 2612
    Number of faces shared with processor 155 = 1538
    Number of faces shared with processor 284 = 1336
    Number of faces shared with processor 28 = 2733
    Number of faces shared with processor 157 = 1234
    Number of faces shared with processor 29 = 88
    Number of faces shared with processor 300 = 3681
    Number of faces shared with processor 172 = 2569
    Number of processor patches = 11
    Number of processor faces = 18820
    Number of boundary faces = 16864

Processor 157
    Number of cells = 127606
    Number of points = 147938
    Number of faces shared with processor 269 = 359
    Number of faces shared with processor 141 = 1963
    Number of faces shared with processor 284 = 334
    Number of faces shared with processor 156 = 1234
    Number of faces shared with processor 285 = 2277
    Number of faces shared with processor 29 = 3198
    Number of faces shared with processor 158 = 349
    Number of faces shared with processor 300 = 935
    Number of faces shared with processor 172 = 833
    Number of faces shared with processor 301 = 824
    Number of faces shared with processor 173 = 2434
    Number of faces shared with processor 174 = 126
    Number of processor patches = 12
    Number of processor faces = 14866
    Number of boundary faces = 8171

Processor 158
    Number of cells = 127606
    Number of points = 137774
    Number of faces shared with processor 269 = 112
    Number of faces shared with processor 141 = 126
    Number of faces shared with processor 270 = 4787
    Number of faces shared with processor 142 = 514
    Number of faces shared with processor 285 = 212
    Number of faces shared with processor 157 = 349
    Number of faces shared with processor 29 = 17
    Number of faces shared with processor 286 = 3834
    Number of faces shared with processor 30 = 3832
    Number of faces shared with processor 302 = 1
    Number of faces shared with processor 174 = 5295
    Number of faces shared with processor 46 = 9
    Number of faces shared with processor 303 = 816
    Number of processor patches = 13
    Number of processor faces = 19904
    Number of boundary faces = 0

Processor 159
    Number of cells = 127607
    Number of points = 177298
    Number of faces shared with processor 14 = 106
    Number of faces shared with processor 271 = 707
    Number of faces shared with processor 143 = 1754
    Number of faces shared with processor 15 = 1
    Number of faces shared with processor 287 = 46126
    Number of faces shared with processor 31 = 46244
    Number of faces shared with processor 175 = 1603
    Number of faces shared with processor 47 = 775
    Number of processor patches = 8
    Number of processor faces = 97316
    Number of boundary faces = 65

Processor 160
    Number of cells = 127606
    Number of points = 154961
    Number of faces shared with processor 384 = 1
    Number of faces shared with processor 128 = 4
    Number of faces shared with processor 272 = 3
    Number of faces shared with processor 144 = 1525
    Number of faces shared with processor 16 = 282
    Number of faces shared with processor 416 = 4
    Number of faces shared with processor 288 = 1855
    Number of faces shared with processor 32 = 5139
    Number of faces shared with processor 304 = 74
    Number of faces shared with processor 176 = 1944
    Number of faces shared with processor 48 = 217
    Number of faces shared with processor 208 = 4
    Number of processor patches = 12
    Number of processor faces = 11052
    Number of boundary faces = 17370

Processor 161
    Number of cells = 127606
    Number of points = 158804
    Number of faces shared with processor 144 = 2699
    Number of faces shared with processor 273 = 758
    Number of faces shared with processor 145 = 4539
    Number of faces shared with processor 274 = 53
    Number of faces shared with processor 146 = 119
    Number of faces shared with processor 289 = 1935
    Number of faces shared with processor 33 = 2214
    Number of faces shared with processor 290 = 173
    Number of faces shared with processor 162 = 2083
    Number of faces shared with processor 305 = 297
    Number of faces shared with processor 177 = 1874
    Number of processor patches = 11
    Number of processor faces = 16744
    Number of boundary faces = 18233

Processor 162
    Number of cells = 127606
    Number of points = 155889
    Number of faces shared with processor 274 = 565
    Number of faces shared with processor 146 = 2363
    Number of faces shared with processor 275 = 14
    Number of faces shared with processor 147 = 609
    Number of faces shared with processor 161 = 2083
    Number of faces shared with processor 33 = 476
    Number of faces shared with processor 290 = 1585
    Number of faces shared with processor 34 = 1486
    Number of faces shared with processor 163 = 596
    Number of faces shared with processor 305 = 16
    Number of faces shared with processor 177 = 167
    Number of faces shared with processor 178 = 1954
    Number of processor patches = 12
    Number of processor faces = 11914
    Number of boundary faces = 18240

Processor 163
    Number of cells = 127606
    Number of points = 151959
    Number of faces shared with processor 275 = 505
    Number of faces shared with processor 147 = 2610
    Number of faces shared with processor 19 = 163
    Number of faces shared with processor 290 = 42
    Number of faces shared with processor 162 = 596
    Number of faces shared with processor 34 = 202
    Number of faces shared with processor 291 = 1881
    Number of faces shared with processor 35 = 1835
    Number of faces shared with processor 306 = 84
    Number of faces shared with processor 178 = 2268
    Number of processor patches = 10
    Number of processor faces = 10186
    Number of boundary faces = 15792

Processor 164
    Number of cells = 127606
    Number of points = 157521
    Number of faces shared with processor 292 = 1804
    Number of faces shared with processor 36 = 4910
    Number of faces shared with processor 165 = 84
    Number of faces shared with processor 179 = 1467
    Number of faces shared with processor 51 = 68
    Number of faces shared with processor 180 = 2638
    Number of faces shared with processor 52 = 1443
    Number of faces shared with processor 309 = 6
    Number of faces shared with processor 181 = 237
    Number of faces shared with processor 53 = 306
    Number of processor patches = 10
    Number of processor faces = 12963
    Number of boundary faces = 15270

Processor 165
    Number of cells = 127606
    Number of points = 160182
    Number of faces shared with processor 148 = 92
    Number of faces shared with processor 20 = 67
    Number of faces shared with processor 149 = 810
    Number of faces shared with processor 21 = 976
    Number of faces shared with processor 164 = 84
    Number of faces shared with processor 36 = 219
    Number of faces shared with processor 293 = 1167
    Number of faces shared with processor 37 = 22993
    Number of faces shared with processor 38 = 495
    Number of faces shared with processor 166 = 121
    Number of faces shared with processor 53 = 229
    Number of faces shared with processor 182 = 133
    Number of faces shared with processor 54 = 486
    Number of processor patches = 13
    Number of processor faces = 27872
    Number of boundary faces = 26014

Processor 166
    Number of cells = 127606
    Number of points = 155678
    Number of faces shared with processor 405 = 299
    Number of faces shared with processor 149 = 220
    Number of faces shared with processor 21 = 114
    Number of faces shared with processor 406 = 3303
    Number of faces shared with processor 22 = 943
    Number of faces shared with processor 407 = 248
    Number of faces shared with processor 151 = 264
    Number of faces shared with processor 23 = 207
    Number of faces shared with processor 293 = 20
    Number of faces shared with processor 165 = 121
    Number of faces shared with processor 294 = 1485
    Number of faces shared with processor 38 = 11096
    Number of faces shared with processor 167 = 113
    Number of faces shared with processor 39 = 181
    Number of faces shared with processor 182 = 658
    Number of processor patches = 15
    Number of processor faces = 19272
    Number of boundary faces = 22394

Processor 167
    Number of cells = 127606
    Number of points = 158474
    Number of faces shared with processor 151 = 39
    Number of faces shared with processor 23 = 245
    Number of faces shared with processor 166 = 113
    Number of faces shared with processor 295 = 1225
    Number of faces shared with processor 39 = 15752
    Number of faces shared with processor 40 = 349
    Number of faces shared with processor 182 = 71
    Number of faces shared with processor 311 = 245
    Number of faces shared with processor 183 = 772
    Number of faces shared with processor 55 = 654
    Number of faces shared with processor 184 = 818
    Number of faces shared with processor 312 = 186
    Number of faces shared with processor 56 = 418
    Number of processor patches = 13
    Number of processor faces = 20887
    Number of boundary faces = 24461

Processor 168
    Number of cells = 127606
    Number of points = 157528
    Number of faces shared with processor 280 = 406
    Number of faces shared with processor 152 = 2480
    Number of faces shared with processor 24 = 458
    Number of faces shared with processor 296 = 622
    Number of faces shared with processor 40 = 2326
    Number of faces shared with processor 297 = 844
    Number of faces shared with processor 169 = 1394
    Number of faces shared with processor 41 = 251
    Number of faces shared with processor 184 = 753
    Number of faces shared with processor 56 = 101
    Number of faces shared with processor 313 = 63
    Number of faces shared with processor 185 = 1125
    Number of faces shared with processor 57 = 385
    Number of processor patches = 13
    Number of processor faces = 11208
    Number of boundary faces = 18781

Processor 169
    Number of cells = 127606
    Number of points = 158428
    Number of faces shared with processor 281 = 2625
    Number of faces shared with processor 153 = 3687
    Number of faces shared with processor 168 = 1394
    Number of faces shared with processor 297 = 1782
    Number of faces shared with processor 41 = 1362
    Number of faces shared with processor 298 = 607
    Number of faces shared with processor 170 = 1933
    Number of faces shared with processor 313 = 2844
    Number of faces shared with processor 185 = 1306
    Number of faces shared with processor 57 = 2
    Number of faces shared with processor 314 = 138
    Number of faces shared with processor 186 = 207
    Number of faces shared with processor 58 = 3
    Number of processor patches = 13
    Number of processor faces = 17890
    Number of boundary faces = 12246

Processor 170
    Number of cells = 127606
    Number of points = 156692
    Number of faces shared with processor 281 = 53
    Number of faces shared with processor 153 = 488
    Number of faces shared with processor 25 = 186
    Number of faces shared with processor 282 = 944
    Number of faces shared with processor 154 = 2351
    Number of faces shared with processor 26 = 1349
    Number of faces shared with processor 155 = 832
    Number of faces shared with processor 27 = 511
    Number of faces shared with processor 169 = 1933
    Number of faces shared with processor 41 = 730
    Number of faces shared with processor 298 = 1213
    Number of faces shared with processor 42 = 2231
    Number of faces shared with processor 171 = 125
    Number of faces shared with processor 43 = 1351
    Number of faces shared with processor 186 = 842
    Number of faces shared with processor 58 = 241
    Number of processor patches = 16
    Number of processor faces = 15380
    Number of boundary faces = 14186

Processor 171
    Number of cells = 127606
    Number of points = 155267
    Number of faces shared with processor 283 = 710
    Number of faces shared with processor 155 = 1064
    Number of faces shared with processor 298 = 313
    Number of faces shared with processor 170 = 125
    Number of faces shared with processor 299 = 5387
    Number of faces shared with processor 43 = 2037
    Number of faces shared with processor 172 = 527
    Number of faces shared with processor 300 = 675
    Number of faces shared with processor 314 = 497
    Number of faces shared with processor 186 = 535
    Number of faces shared with processor 187 = 1309
    Number of faces shared with processor 315 = 960
    Number of faces shared with processor 188 = 57
    Number of faces shared with processor 316 = 125
    Number of processor patches = 14
    Number of processor faces = 14321
    Number of boundary faces = 12682

Processor 172
    Number of cells = 127606
    Number of points = 156162
    Number of faces shared with processor 155 = 18
    Number of faces shared with processor 156 = 2569
    Number of faces shared with processor 28 = 1070
    Number of faces shared with processor 157 = 833
    Number of faces shared with processor 29 = 1141
    Number of faces shared with processor 171 = 527
    Number of faces shared with processor 43 = 587
    Number of faces shared with processor 300 = 1822
    Number of faces shared with processor 44 = 3837
    Number of faces shared with processor 173 = 252
    Number of faces shared with processor 45 = 326
    Number of faces shared with processor 188 = 442
    Number of faces shared with processor 316 = 45
    Number of processor patches = 13
    Number of processor faces = 13469
    Number of boundary faces = 19822

Processor 173
    Number of cells = 127606
    Number of points = 155174
    Number of faces shared with processor 157 = 2434
    Number of faces shared with processor 29 = 178
    Number of faces shared with processor 300 = 525
    Number of faces shared with processor 172 = 252
    Number of faces shared with processor 301 = 1600
    Number of faces shared with processor 45 = 3781
    Number of faces shared with processor 174 = 216
    Number of faces shared with processor 46 = 18
    Number of faces shared with processor 316 = 983
    Number of faces shared with processor 188 = 387
    Number of faces shared with processor 189 = 2099
    Number of processor patches = 11
    Number of processor faces = 12473
    Number of boundary faces = 14781

Processor 174
    Number of cells = 127606
    Number of points = 137769
    Number of faces shared with processor 285 = 77
    Number of faces shared with processor 157 = 126
    Number of faces shared with processor 286 = 26
    Number of faces shared with processor 158 = 5295
    Number of faces shared with processor 30 = 1
    Number of faces shared with processor 301 = 396
    Number of faces shared with processor 173 = 216
    Number of faces shared with processor 302 = 3832
    Number of faces shared with processor 46 = 3810
    Number of faces shared with processor 303 = 322
    Number of faces shared with processor 189 = 26
    Number of faces shared with processor 317 = 8
    Number of faces shared with processor 318 = 124
    Number of faces shared with processor 190 = 5141
    Number of faces shared with processor 319 = 494
    Number of processor patches = 15
    Number of processor faces = 19894
    Number of boundary faces = 0

Processor 175
    Number of cells = 127607
    Number of points = 168100
    Number of faces shared with processor 142 = 45
    Number of faces shared with processor 14 = 20
    Number of faces shared with processor 30 = 312
    Number of faces shared with processor 287 = 3411
    Number of faces shared with processor 159 = 1603
    Number of faces shared with processor 46 = 130
    Number of faces shared with processor 303 = 8646
    Number of faces shared with processor 47 = 33462
    Number of faces shared with processor 319 = 159
    Number of faces shared with processor 191 = 4704
    Number of processor patches = 10
    Number of processor faces = 52492
    Number of boundary faces = 415

Processor 176
    Number of cells = 127606
    Number of points = 152693
    Number of faces shared with processor 160 = 1944
    Number of faces shared with processor 304 = 1588
    Number of faces shared with processor 48 = 4610
    Number of faces shared with processor 320 = 17
    Number of faces shared with processor 192 = 1776
    Number of processor patches = 5
    Number of processor faces = 9935
    Number of boundary faces = 19004

Processor 177
    Number of cells = 127606
    Number of points = 157094
    Number of faces shared with processor 144 = 781
    Number of faces shared with processor 16 = 392
    Number of faces shared with processor 32 = 16
    Number of faces shared with processor 161 = 1874
    Number of faces shared with processor 33 = 962
    Number of faces shared with processor 162 = 167
    Number of faces shared with processor 34 = 8
    Number of faces shared with processor 305 = 1345
    Number of faces shared with processor 49 = 5534
    Number of faces shared with processor 178 = 1970
    Number of faces shared with processor 193 = 33
    Number of processor patches = 11
    Number of processor faces = 13082
    Number of boundary faces = 15084

Processor 178
    Number of cells = 127606
    Number of points = 155613
    Number of faces shared with processor 290 = 78
    Number of faces shared with processor 162 = 1954
    Number of faces shared with processor 34 = 262
    Number of faces shared with processor 163 = 2268
    Number of faces shared with processor 35 = 194
    Number of faces shared with processor 305 = 368
    Number of faces shared with processor 177 = 1970
    Number of faces shared with processor 49 = 100
    Number of faces shared with processor 306 = 1553
    Number of faces shared with processor 50 = 1244
    Number of processor patches = 10
    Number of processor faces = 9991
    Number of boundary faces = 14338

Processor 179
    Number of cells = 127606
    Number of points = 154103
    Number of faces shared with processor 292 = 218
    Number of faces shared with processor 164 = 1467
    Number of faces shared with processor 307 = 3516
    Number of faces shared with processor 51 = 3056
    Number of faces shared with processor 180 = 97
    Number of faces shared with processor 52 = 313
    Number of faces shared with processor 195 = 389
    Number of faces shared with processor 67 = 24
    Number of faces shared with processor 68 = 4
    Number of processor patches = 9
    Number of processor faces = 9084
    Number of boundary faces = 17465

Processor 180
    Number of cells = 127606
    Number of points = 156564
    Number of faces shared with processor 292 = 866
    Number of faces shared with processor 164 = 2638
    Number of faces shared with processor 179 = 97
    Number of faces shared with processor 308 = 920
    Number of faces shared with processor 52 = 6417
    Number of faces shared with processor 309 = 567
    Number of faces shared with processor 181 = 667
    Number of faces shared with processor 53 = 352
    Number of faces shared with processor 68 = 93
    Number of faces shared with processor 197 = 65
    Number of faces shared with processor 69 = 45
    Number of processor patches = 11
    Number of processor faces = 12727
    Number of boundary faces = 26314

Processor 181
    Number of cells = 127606
    Number of points = 158653
    Number of faces shared with processor 164 = 237
    Number of faces shared with processor 180 = 667
    Number of faces shared with processor 309 = 2927
    Number of faces shared with processor 53 = 11956
    Number of faces shared with processor 310 = 250
    Number of faces shared with processor 182 = 296
    Number of faces shared with processor 197 = 1200
    Number of faces shared with processor 326 = 4
    Number of faces shared with processor 198 = 14
    Number of processor patches = 9
    Number of processor faces = 17551
    Number of boundary faces = 25117

Processor 182
    Number of cells = 127606
    Number of points = 158718
    Number of faces shared with processor 165 = 133
    Number of faces shared with processor 166 = 658
    Number of faces shared with processor 38 = 144
    Number of faces shared with processor 167 = 71
    Number of faces shared with processor 39 = 164
    Number of faces shared with processor 181 = 296
    Number of faces shared with processor 53 = 426
    Number of faces shared with processor 310 = 2509
    Number of faces shared with processor 54 = 14532
    Number of faces shared with processor 183 = 622
    Number of faces shared with processor 55 = 370
    Number of faces shared with processor 198 = 2795
    Number of processor patches = 12
    Number of processor faces = 22720
    Number of boundary faces = 19797

Processor 183
    Number of cells = 127606
    Number of points = 155989
    Number of faces shared with processor 167 = 772
    Number of faces shared with processor 310 = 107
    Number of faces shared with processor 182 = 622
    Number of faces shared with processor 311 = 3276
    Number of faces shared with processor 55 = 4697
    Number of faces shared with processor 184 = 14
    Number of faces shared with processor 56 = 37
    Number of faces shared with processor 326 = 3
    Number of faces shared with processor 198 = 90
    Number of faces shared with processor 327 = 1314
    Number of faces shared with processor 199 = 1429
    Number of faces shared with processor 328 = 314
    Number of faces shared with processor 200 = 220
    Number of processor patches = 13
    Number of processor faces = 12895
    Number of boundary faces = 16766

Processor 184
    Number of cells = 127606
    Number of points = 157043
    Number of faces shared with processor 167 = 818
    Number of faces shared with processor 168 = 753
    Number of faces shared with processor 183 = 14
    Number of faces shared with processor 312 = 3207
    Number of faces shared with processor 56 = 4440
    Number of faces shared with processor 185 = 702
    Number of faces shared with processor 57 = 885
    Number of faces shared with processor 200 = 1046
    Number of faces shared with processor 328 = 1018
    Number of processor patches = 9
    Number of processor faces = 12883
    Number of boundary faces = 17329

Processor 185
    Number of cells = 127606
    Number of points = 155524
    Number of faces shared with processor 168 = 1125
    Number of faces shared with processor 169 = 1306
    Number of faces shared with processor 440 = 99
    Number of faces shared with processor 312 = 949
    Number of faces shared with processor 184 = 702
    Number of faces shared with processor 313 = 2320
    Number of faces shared with processor 57 = 4256
    Number of faces shared with processor 186 = 2954
    Number of faces shared with processor 58 = 61
    Number of processor patches = 9
    Number of processor faces = 13772
    Number of boundary faces = 15818

Processor 186
    Number of cells = 127606
    Number of points = 155860
    Number of faces shared with processor 169 = 207
    Number of faces shared with processor 298 = 145
    Number of faces shared with processor 170 = 842
    Number of faces shared with processor 171 = 535
    Number of faces shared with processor 43 = 666
    Number of faces shared with processor 313 = 90
    Number of faces shared with processor 185 = 2954
    Number of faces shared with processor 314 = 1864
    Number of faces shared with processor 58 = 3145
    Number of faces shared with processor 315 = 125
    Number of faces shared with processor 187 = 2422
    Number of faces shared with processor 59 = 993
    Number of faces shared with processor 202 = 52
    Number of processor patches = 13
    Number of processor faces = 14040
    Number of boundary faces = 18922

Processor 187
    Number of cells = 127606
    Number of points = 158410
    Number of faces shared with processor 171 = 1309
    Number of faces shared with processor 43 = 612
    Number of faces shared with processor 186 = 2422
    Number of faces shared with processor 315 = 3186
    Number of faces shared with processor 59 = 2788
    Number of faces shared with processor 316 = 375
    Number of faces shared with processor 188 = 1677
    Number of processor patches = 7
    Number of processor faces = 12369
    Number of boundary faces = 13464

Processor 188
    Number of cells = 127606
    Number of points = 154221
    Number of faces shared with processor 171 = 57
    Number of faces shared with processor 43 = 897
    Number of faces shared with processor 172 = 442
    Number of faces shared with processor 44 = 215
    Number of faces shared with processor 173 = 387
    Number of faces shared with processor 45 = 483
    Number of faces shared with processor 187 = 1677
    Number of faces shared with processor 59 = 215
    Number of faces shared with processor 316 = 1976
    Number of faces shared with processor 60 = 3335
    Number of faces shared with processor 189 = 71
    Number of faces shared with processor 61 = 188
    Number of processor patches = 12
    Number of processor faces = 9943
    Number of boundary faces = 18849

Processor 189
    Number of cells = 127606
    Number of points = 148928
    Number of faces shared with processor 301 = 1093
    Number of faces shared with processor 173 = 2099
    Number of faces shared with processor 45 = 354
    Number of faces shared with processor 174 = 26
    Number of faces shared with processor 46 = 3
    Number of faces shared with processor 316 = 25
    Number of faces shared with processor 188 = 71
    Number of faces shared with processor 317 = 1829
    Number of faces shared with processor 61 = 2735
    Number of faces shared with processor 190 = 585
    Number of faces shared with processor 62 = 42
    Number of faces shared with processor 205 = 2226
    Number of faces shared with processor 77 = 3
    Number of processor patches = 13
    Number of processor faces = 11091
    Number of boundary faces = 13170

Processor 190
    Number of cells = 127606
    Number of points = 137794
    Number of faces shared with processor 46 = 109
    Number of faces shared with processor 174 = 5141
    Number of faces shared with processor 317 = 158
    Number of faces shared with processor 189 = 585
    Number of faces shared with processor 318 = 3830
    Number of faces shared with processor 62 = 3840
    Number of faces shared with processor 319 = 803
    Number of faces shared with processor 205 = 92
    Number of faces shared with processor 333 = 15
    Number of faces shared with processor 334 = 10
    Number of faces shared with processor 206 = 5306
    Number of faces shared with processor 78 = 6
    Number of faces shared with processor 335 = 47
    Number of processor patches = 13
    Number of processor faces = 19942
    Number of boundary faces = 0

Processor 191
    Number of cells = 127607
    Number of points = 167303
    Number of faces shared with processor 46 = 182
    Number of faces shared with processor 303 = 121
    Number of faces shared with processor 175 = 4704
    Number of faces shared with processor 47 = 92
    Number of faces shared with processor 62 = 312
    Number of faces shared with processor 319 = 9313
    Number of faces shared with processor 63 = 33107
    Number of faces shared with processor 335 = 32
    Number of faces shared with processor 79 = 2
    Number of faces shared with processor 207 = 4685
    Number of processor patches = 10
    Number of processor faces = 52550
    Number of boundary faces = 352

Processor 192
    Number of cells = 127606
    Number of points = 152607
    Number of faces shared with processor 176 = 1776
    Number of faces shared with processor 48 = 15
    Number of faces shared with processor 320 = 1689
    Number of faces shared with processor 64 = 4675
    Number of faces shared with processor 208 = 1764
    Number of faces shared with processor 80 = 1
    Number of processor patches = 6
    Number of processor faces = 9920
    Number of boundary faces = 19070

Processor 193
    Number of cells = 127606
    Number of points = 156224
    Number of faces shared with processor 48 = 10
    Number of faces shared with processor 177 = 33
    Number of faces shared with processor 49 = 43
    Number of faces shared with processor 64 = 130
    Number of faces shared with processor 321 = 1255
    Number of faces shared with processor 65 = 6334
    Number of faces shared with processor 194 = 1793
    Number of faces shared with processor 80 = 160
    Number of faces shared with processor 209 = 1456
    Number of faces shared with processor 81 = 727
    Number of faces shared with processor 210 = 42
    Number of faces shared with processor 224 = 771
    Number of faces shared with processor 96 = 461
    Number of processor patches = 13
    Number of processor faces = 13215
    Number of boundary faces = 15287

Processor 194
    Number of cells = 127606
    Number of points = 155410
    Number of faces shared with processor 321 = 431
    Number of faces shared with processor 193 = 1793
    Number of faces shared with processor 65 = 30
    Number of faces shared with processor 322 = 1411
    Number of faces shared with processor 66 = 1241
    Number of faces shared with processor 338 = 82
    Number of faces shared with processor 210 = 1978
    Number of faces shared with processor 82 = 175
    Number of faces shared with processor 211 = 2311
    Number of faces shared with processor 83 = 176
    Number of processor patches = 10
    Number of processor faces = 9628
    Number of boundary faces = 14315

Processor 195
    Number of cells = 127606
    Number of points = 155271
    Number of faces shared with processor 179 = 389
    Number of faces shared with processor 323 = 2257
    Number of faces shared with processor 67 = 3350
    Number of faces shared with processor 196 = 262
    Number of faces shared with processor 68 = 318
    Number of faces shared with processor 212 = 811
    Number of faces shared with processor 340 = 861
    Number of processor patches = 7
    Number of processor faces = 8248
    Number of boundary faces = 18335

Processor 196
    Number of cells = 127606
    Number of points = 156772
    Number of faces shared with processor 323 = 33
    Number of faces shared with processor 195 = 262
    Number of faces shared with processor 324 = 1513
    Number of faces shared with processor 68 = 4178
    Number of faces shared with processor 325 = 476
    Number of faces shared with processor 197 = 887
    Number of faces shared with processor 69 = 98
    Number of faces shared with processor 340 = 2023
    Number of faces shared with processor 212 = 509
    Number of processor patches = 9
    Number of processor faces = 9979
    Number of boundary faces = 23327

Processor 197
    Number of cells = 127606
    Number of points = 154259
    Number of faces shared with processor 180 = 65
    Number of faces shared with processor 181 = 1200
    Number of faces shared with processor 53 = 85
    Number of faces shared with processor 196 = 887
    Number of faces shared with processor 325 = 2962
    Number of faces shared with processor 69 = 7999
    Number of faces shared with processor 326 = 145
    Number of faces shared with processor 198 = 609
    Number of faces shared with processor 212 = 66
    Number of faces shared with processor 340 = 74
    Number of processor patches = 10
    Number of processor faces = 14092
    Number of boundary faces = 21203

Processor 198
    Number of cells = 127606
    Number of points = 158982
    Number of faces shared with processor 181 = 14
    Number of faces shared with processor 53 = 13
    Number of faces shared with processor 310 = 382
    Number of faces shared with processor 182 = 2795
    Number of faces shared with processor 54 = 17
    Number of faces shared with processor 183 = 90
    Number of faces shared with processor 55 = 23
    Number of faces shared with processor 197 = 609
    Number of faces shared with processor 69 = 848
    Number of faces shared with processor 326 = 2275
    Number of faces shared with processor 70 = 13145
    Number of faces shared with processor 327 = 230
    Number of faces shared with processor 199 = 517
    Number of faces shared with processor 71 = 306
    Number of faces shared with processor 213 = 110
    Number of faces shared with processor 214 = 1333
    Number of faces shared with processor 86 = 40
    Number of faces shared with processor 215 = 61
    Number of faces shared with processor 87 = 141
    Number of processor patches = 19
    Number of processor faces = 22949
    Number of boundary faces = 17994

Processor 199
    Number of cells = 127606
    Number of points = 155645
    Number of faces shared with processor 183 = 1429
    Number of faces shared with processor 55 = 77
    Number of faces shared with processor 198 = 517
    Number of faces shared with processor 327 = 3262
    Number of faces shared with processor 71 = 6668
    Number of faces shared with processor 328 = 13
    Number of faces shared with processor 200 = 421
    Number of faces shared with processor 343 = 74
    Number of faces shared with processor 215 = 73
    Number of processor patches = 9
    Number of processor faces = 12534
    Number of boundary faces = 17954

Processor 200
    Number of cells = 127606
    Number of points = 158669
    Number of faces shared with processor 183 = 220
    Number of faces shared with processor 55 = 20
    Number of faces shared with processor 184 = 1046
    Number of faces shared with processor 56 = 734
    Number of faces shared with processor 199 = 421
    Number of faces shared with processor 71 = 67
    Number of faces shared with processor 328 = 2094
    Number of faces shared with processor 72 = 8082
    Number of faces shared with processor 201 = 66
    Number of faces shared with processor 73 = 1777
    Number of faces shared with processor 216 = 250
    Number of faces shared with processor 88 = 330
    Number of processor patches = 12
    Number of processor faces = 15107
    Number of boundary faces = 17974

Processor 201
    Number of cells = 127606
    Number of points = 156576
    Number of faces shared with processor 200 = 66
    Number of faces shared with processor 329 = 1003
    Number of faces shared with processor 73 = 2908
    Number of faces shared with processor 202 = 2640
    Number of faces shared with processor 74 = 364
    Number of faces shared with processor 216 = 1235
    Number of faces shared with processor 217 = 2272
    Number of faces shared with processor 89 = 99
    Number of processor patches = 8
    Number of processor faces = 10587
    Number of boundary faces = 16528

Processor 202
    Number of cells = 127606
    Number of points = 159274
    Number of faces shared with processor 186 = 52
    Number of faces shared with processor 58 = 88
    Number of faces shared with processor 59 = 37
    Number of faces shared with processor 329 = 201
    Number of faces shared with processor 201 = 2640
    Number of faces shared with processor 330 = 3222
    Number of faces shared with processor 74 = 3672
    Number of faces shared with processor 203 = 3246
    Number of faces shared with processor 75 = 468
    Number of faces shared with processor 217 = 283
    Number of faces shared with processor 89 = 16
    Number of faces shared with processor 346 = 340
    Number of faces shared with processor 218 = 940
    Number of faces shared with processor 219 = 926
    Number of faces shared with processor 91 = 814
    Number of processor patches = 15
    Number of processor faces = 16945
    Number of boundary faces = 19249

Processor 203
    Number of cells = 127606
    Number of points = 156882
    Number of faces shared with processor 202 = 3246
    Number of faces shared with processor 331 = 2074
    Number of faces shared with processor 75 = 1470
    Number of faces shared with processor 219 = 1663
    Number of faces shared with processor 91 = 870
    Number of processor patches = 5
    Number of processor faces = 9323
    Number of boundary faces = 16382

Processor 204
    Number of cells = 127606
    Number of points = 152425
    Number of faces shared with processor 59 = 37
    Number of faces shared with processor 444 = 56
    Number of faces shared with processor 316 = 388
    Number of faces shared with processor 60 = 584
    Number of faces shared with processor 445 = 488
    Number of faces shared with processor 61 = 543
    Number of faces shared with processor 332 = 7610
    Number of faces shared with processor 76 = 8735
    Number of faces shared with processor 461 = 782
    Number of faces shared with processor 77 = 850
    Number of faces shared with processor 348 = 512
    Number of faces shared with processor 220 = 245
    Number of faces shared with processor 92 = 312
    Number of faces shared with processor 477 = 103
    Number of faces shared with processor 93 = 101
    Number of processor patches = 15
    Number of processor faces = 21346
    Number of boundary faces = 21321

Processor 205
    Number of cells = 127606
    Number of points = 146926
    Number of faces shared with processor 317 = 134
    Number of faces shared with processor 189 = 2226
    Number of faces shared with processor 61 = 3
    Number of faces shared with processor 190 = 92
    Number of faces shared with processor 62 = 6
    Number of faces shared with processor 333 = 2027
    Number of faces shared with processor 77 = 2666
    Number of faces shared with processor 206 = 577
    Number of faces shared with processor 78 = 41
    Number of faces shared with processor 349 = 203
    Number of faces shared with processor 221 = 2323
    Number of processor patches = 11
    Number of processor faces = 10298
    Number of boundary faces = 12417

Processor 206
    Number of cells = 127606
    Number of points = 137788
    Number of faces shared with processor 190 = 5306
    Number of faces shared with processor 333 = 95
    Number of faces shared with processor 205 = 577
    Number of faces shared with processor 334 = 3841
    Number of faces shared with processor 78 = 3792
    Number of faces shared with processor 335 = 802
    Number of faces shared with processor 221 = 135
    Number of faces shared with processor 349 = 35
    Number of faces shared with processor 350 = 56
    Number of faces shared with processor 222 = 5291
    Number of processor patches = 10
    Number of processor faces = 19930
    Number of boundary faces = 0

Processor 207
    Number of cells = 127607
    Number of points = 167800
    Number of faces shared with processor 62 = 13
    Number of faces shared with processor 319 = 74
    Number of faces shared with processor 63 = 135
    Number of faces shared with processor 191 = 4685
    Number of faces shared with processor 78 = 312
    Number of faces shared with processor 335 = 8663
    Number of faces shared with processor 79 = 33256
    Number of faces shared with processor 94 = 169
    Number of faces shared with processor 351 = 173
    Number of faces shared with processor 223 = 4793
    Number of processor patches = 10
    Number of processor faces = 52273
    Number of boundary faces = 397

Processor 208
    Number of cells = 127606
    Number of points = 154768
    Number of faces shared with processor 160 = 4
    Number of faces shared with processor 320 = 73
    Number of faces shared with processor 192 = 1764
    Number of faces shared with processor 64 = 237
    Number of faces shared with processor 464 = 4
    Number of faces shared with processor 336 = 1689
    Number of faces shared with processor 80 = 5064
    Number of faces shared with processor 352 = 1
    Number of faces shared with processor 224 = 1540
    Number of faces shared with processor 96 = 221
    Number of faces shared with processor 496 = 1
    Number of faces shared with processor 240 = 4
    Number of processor patches = 12
    Number of processor faces = 10602
    Number of boundary faces = 17452

Processor 209
    Number of cells = 127606
    Number of points = 157306
    Number of faces shared with processor 321 = 180
    Number of faces shared with processor 193 = 1456
    Number of faces shared with processor 337 = 2154
    Number of faces shared with processor 81 = 2212
    Number of faces shared with processor 338 = 222
    Number of faces shared with processor 210 = 2272
    Number of faces shared with processor 224 = 2294
    Number of faces shared with processor 353 = 631
    Number of faces shared with processor 225 = 3778
    Number of faces shared with processor 354 = 21
    Number of faces shared with processor 226 = 57
    Number of processor patches = 11
    Number of processor faces = 15277
    Number of boundary faces = 17938

Processor 210
    Number of cells = 127606
    Number of points = 156141
    Number of faces shared with processor 321 = 6
    Number of faces shared with processor 193 = 42
    Number of faces shared with processor 194 = 1978
    Number of faces shared with processor 209 = 2272
    Number of faces shared with processor 81 = 506
    Number of faces shared with processor 338 = 1530
    Number of faces shared with processor 82 = 1445
    Number of faces shared with processor 211 = 715
    Number of faces shared with processor 226 = 2290
    Number of faces shared with processor 354 = 543
    Number of faces shared with processor 355 = 8
    Number of faces shared with processor 227 = 692
    Number of processor patches = 12
    Number of processor faces = 12027
    Number of boundary faces = 17991

Processor 211
    Number of cells = 127606
    Number of points = 152448
    Number of faces shared with processor 322 = 78
    Number of faces shared with processor 194 = 2311
    Number of faces shared with processor 338 = 46
    Number of faces shared with processor 210 = 715
    Number of faces shared with processor 82 = 169
    Number of faces shared with processor 339 = 2054
    Number of faces shared with processor 83 = 1847
    Number of faces shared with processor 355 = 494
    Number of faces shared with processor 227 = 2875
    Number of faces shared with processor 99 = 122
    Number of processor patches = 10
    Number of processor faces = 10711
    Number of boundary faces = 15913

Processor 212
    Number of cells = 127606
    Number of points = 158605
    Number of faces shared with processor 195 = 811
    Number of faces shared with processor 67 = 269
    Number of faces shared with processor 196 = 509
    Number of faces shared with processor 68 = 1663
    Number of faces shared with processor 197 = 66
    Number of faces shared with processor 69 = 328
    Number of faces shared with processor 340 = 2567
    Number of faces shared with processor 84 = 8621
    Number of faces shared with processor 213 = 236
    Number of processor patches = 9
    Number of processor faces = 15070
    Number of boundary faces = 16543

Processor 213
    Number of cells = 127606
    Number of points = 160227
    Number of faces shared with processor 69 = 541
    Number of faces shared with processor 198 = 110
    Number of faces shared with processor 70 = 484
    Number of faces shared with processor 212 = 236
    Number of faces shared with processor 84 = 108
    Number of faces shared with processor 341 = 1478
    Number of faces shared with processor 85 = 22745
    Number of faces shared with processor 214 = 154
    Number of faces shared with processor 86 = 463
    Number of faces shared with processor 228 = 140
    Number of faces shared with processor 100 = 23
    Number of faces shared with processor 229 = 1026
    Number of faces shared with processor 101 = 711
    Number of processor patches = 13
    Number of processor faces = 28219
    Number of boundary faces = 25884

Processor 214
    Number of cells = 127606
    Number of points = 156167
    Number of faces shared with processor 198 = 1333
    Number of faces shared with processor 70 = 46
    Number of faces shared with processor 341 = 28
    Number of faces shared with processor 213 = 154
    Number of faces shared with processor 342 = 1276
    Number of faces shared with processor 86 = 11192
    Number of faces shared with processor 215 = 107
    Number of faces shared with processor 87 = 169
    Number of faces shared with processor 485 = 273
    Number of faces shared with processor 229 = 168
    Number of faces shared with processor 101 = 79
    Number of faces shared with processor 486 = 3805
    Number of faces shared with processor 102 = 820
    Number of faces shared with processor 487 = 240
    Number of faces shared with processor 231 = 226
    Number of faces shared with processor 103 = 178
    Number of processor patches = 16
    Number of processor faces = 20094
    Number of boundary faces = 22449

Processor 215
    Number of cells = 127606
    Number of points = 161696
    Number of faces shared with processor 198 = 61
    Number of faces shared with processor 199 = 73
    Number of faces shared with processor 71 = 602
    Number of faces shared with processor 72 = 156
    Number of faces shared with processor 214 = 107
    Number of faces shared with processor 343 = 5574
    Number of faces shared with processor 87 = 19322
    Number of faces shared with processor 88 = 882
    Number of faces shared with processor 231 = 132
    Number of faces shared with processor 103 = 369
    Number of processor patches = 10
    Number of processor faces = 27278
    Number of boundary faces = 24369

Processor 216
    Number of cells = 127606
    Number of points = 157938
    Number of faces shared with processor 200 = 250
    Number of faces shared with processor 201 = 1235
    Number of faces shared with processor 73 = 102
    Number of faces shared with processor 343 = 104
    Number of faces shared with processor 344 = 708
    Number of faces shared with processor 88 = 5687
    Number of faces shared with processor 217 = 1227
    Number of faces shared with processor 89 = 323
    Number of faces shared with processor 232 = 2778
    Number of faces shared with processor 104 = 611
    Number of processor patches = 10
    Number of processor faces = 13025
    Number of boundary faces = 19393

Processor 217
    Number of cells = 127606
    Number of points = 158379
    Number of faces shared with processor 201 = 2272
    Number of faces shared with processor 329 = 2214
    Number of faces shared with processor 330 = 108
    Number of faces shared with processor 202 = 283
    Number of faces shared with processor 344 = 254
    Number of faces shared with processor 216 = 1227
    Number of faces shared with processor 345 = 1886
    Number of faces shared with processor 89 = 1249
    Number of faces shared with processor 346 = 574
    Number of faces shared with processor 218 = 1560
    Number of faces shared with processor 361 = 2419
    Number of faces shared with processor 233 = 3411
    Number of processor patches = 12
    Number of processor faces = 17457
    Number of boundary faces = 12111

Processor 218
    Number of cells = 127606
    Number of points = 157753
    Number of faces shared with processor 202 = 940
    Number of faces shared with processor 74 = 185
    Number of faces shared with processor 217 = 1560
    Number of faces shared with processor 89 = 764
    Number of faces shared with processor 346 = 1693
    Number of faces shared with processor 90 = 3047
    Number of faces shared with processor 219 = 104
    Number of faces shared with processor 91 = 1214
    Number of faces shared with processor 361 = 33
    Number of faces shared with processor 105 = 183
    Number of faces shared with processor 233 = 457
    Number of faces shared with processor 362 = 916
    Number of faces shared with processor 234 = 2771
    Number of faces shared with processor 106 = 1447
    Number of faces shared with processor 235 = 935
    Number of faces shared with processor 107 = 535
    Number of processor patches = 16
    Number of processor faces = 16784
    Number of boundary faces = 14259

Processor 219
    Number of cells = 127606
    Number of points = 156775
    Number of faces shared with processor 330 = 127
    Number of faces shared with processor 202 = 926
    Number of faces shared with processor 331 = 704
    Number of faces shared with processor 203 = 1663
    Number of faces shared with processor 346 = 286
    Number of faces shared with processor 218 = 104
    Number of faces shared with processor 347 = 7564
    Number of faces shared with processor 91 = 1897
    Number of faces shared with processor 220 = 1558
    Number of faces shared with processor 363 = 702
    Number of faces shared with processor 235 = 1276
    Number of faces shared with processor 236 = 27
    Number of processor patches = 12
    Number of processor faces = 16834
    Number of boundary faces = 12553

Processor 220
    Number of cells = 127606
    Number of points = 158739
    Number of faces shared with processor 204 = 245
    Number of faces shared with processor 347 = 305
    Number of faces shared with processor 219 = 1558
    Number of faces shared with processor 91 = 680
    Number of faces shared with processor 348 = 654
    Number of faces shared with processor 92 = 6860
    Number of faces shared with processor 93 = 996
    Number of faces shared with processor 364 = 151
    Number of faces shared with processor 492 = 1148
    Number of faces shared with processor 236 = 907
    Number of faces shared with processor 108 = 1487
    Number of faces shared with processor 365 = 382
    Number of faces shared with processor 493 = 459
    Number of faces shared with processor 237 = 1
    Number of faces shared with processor 109 = 1332
    Number of processor patches = 15
    Number of processor faces = 17165
    Number of boundary faces = 19519

Processor 221
    Number of cells = 127606
    Number of points = 149275
    Number of faces shared with processor 205 = 2323
    Number of faces shared with processor 77 = 36
    Number of faces shared with processor 206 = 135
    Number of faces shared with processor 78 = 10
    Number of faces shared with processor 349 = 1954
    Number of faces shared with processor 93 = 2746
    Number of faces shared with processor 222 = 459
    Number of faces shared with processor 94 = 34
    Number of faces shared with processor 237 = 2302
    Number of faces shared with processor 365 = 148
    Number of faces shared with processor 109 = 216
    Number of processor patches = 11
    Number of processor faces = 10363
    Number of boundary faces = 12341

Processor 222
    Number of cells = 127606
    Number of points = 137807
    Number of faces shared with processor 206 = 5291
    Number of faces shared with processor 78 = 41
    Number of faces shared with processor 335 = 442
    Number of faces shared with processor 349 = 119
    Number of faces shared with processor 221 = 459
    Number of faces shared with processor 350 = 3836
    Number of faces shared with processor 94 = 3833
    Number of faces shared with processor 351 = 374
    Number of faces shared with processor 237 = 175
    Number of faces shared with processor 365 = 63
    Number of faces shared with processor 366 = 42
    Number of faces shared with processor 238 = 5293
    Number of processor patches = 12
    Number of processor faces = 19968
    Number of boundary faces = 0

Processor 223
    Number of cells = 127607
    Number of points = 168360
    Number of faces shared with processor 335 = 104
    Number of faces shared with processor 207 = 4793
    Number of faces shared with processor 79 = 146
    Number of faces shared with processor 94 = 143
    Number of faces shared with processor 351 = 8582
    Number of faces shared with processor 95 = 33468
    Number of faces shared with processor 110 = 312
    Number of faces shared with processor 239 = 1429
    Number of faces shared with processor 367 = 3776
    Number of faces shared with processor 254 = 27
    Number of faces shared with processor 126 = 12
    Number of processor patches = 11
    Number of processor faces = 52792
    Number of boundary faces = 400

Processor 224
    Number of cells = 127606
    Number of points = 159178
    Number of faces shared with processor 321 = 344
    Number of faces shared with processor 193 = 771
    Number of faces shared with processor 336 = 68
    Number of faces shared with processor 208 = 1540
    Number of faces shared with processor 337 = 499
    Number of faces shared with processor 209 = 2294
    Number of faces shared with processor 81 = 133
    Number of faces shared with processor 352 = 4243
    Number of faces shared with processor 96 = 2443
    Number of faces shared with processor 353 = 420
    Number of faces shared with processor 225 = 934
    Number of faces shared with processor 97 = 29
    Number of faces shared with processor 368 = 910
    Number of faces shared with processor 240 = 2163
    Number of processor patches = 14
    Number of processor faces = 16791
    Number of boundary faces = 15194

Processor 225
    Number of cells = 127606
    Number of points = 158269
    Number of faces shared with processor 209 = 3778
    Number of faces shared with processor 81 = 290
    Number of faces shared with processor 224 = 934
    Number of faces shared with processor 353 = 1987
    Number of faces shared with processor 97 = 1647
    Number of faces shared with processor 226 = 1588
    Number of faces shared with processor 354 = 316
    Number of faces shared with processor 368 = 17
    Number of faces shared with processor 240 = 2360
    Number of faces shared with processor 241 = 2997
    Number of faces shared with processor 113 = 382
    Number of faces shared with processor 242 = 54
    Number of processor patches = 12
    Number of processor faces = 16350
    Number of boundary faces = 19606

Processor 226
    Number of cells = 127606
    Number of points = 159875
    Number of faces shared with processor 209 = 57
    Number of faces shared with processor 81 = 29
    Number of faces shared with processor 210 = 2290
    Number of faces shared with processor 82 = 432
    Number of faces shared with processor 225 = 1588
    Number of faces shared with processor 97 = 454
    Number of faces shared with processor 354 = 1228
    Number of faces shared with processor 98 = 2256
    Number of faces shared with processor 227 = 2219
    Number of faces shared with processor 242 = 4169
    Number of faces shared with processor 114 = 976
    Number of processor patches = 11
    Number of processor faces = 15698
    Number of boundary faces = 17516

Processor 227
    Number of cells = 127606
    Number of points = 156308
    Number of faces shared with processor 210 = 692
    Number of faces shared with processor 82 = 17
    Number of faces shared with processor 211 = 2875
    Number of faces shared with processor 354 = 391
    Number of faces shared with processor 226 = 2219
    Number of faces shared with processor 355 = 2026
    Number of faces shared with processor 99 = 1410
    Number of faces shared with processor 242 = 187
    Number of faces shared with processor 243 = 1208
    Number of faces shared with processor 115 = 727
    Number of processor patches = 10
    Number of processor faces = 11752
    Number of boundary faces = 19947

Processor 228
    Number of cells = 127606
    Number of points = 152286
    Number of faces shared with processor 341 = 29
    Number of faces shared with processor 213 = 140
    Number of faces shared with processor 483 = 235
    Number of faces shared with processor 99 = 78
    Number of faces shared with processor 356 = 1559
    Number of faces shared with processor 100 = 7596
    Number of faces shared with processor 357 = 118
    Number of faces shared with processor 229 = 256
    Number of faces shared with processor 101 = 458
    Number of faces shared with processor 499 = 92
    Number of faces shared with processor 115 = 50
    Number of faces shared with processor 500 = 1921
    Number of faces shared with processor 116 = 1664
    Number of processor patches = 13
    Number of processor faces = 14196
    Number of boundary faces = 19706

Processor 229
    Number of cells = 127606
    Number of points = 161562
    Number of faces shared with processor 341 = 1382
    Number of faces shared with processor 213 = 1026
    Number of faces shared with processor 214 = 168
    Number of faces shared with processor 228 = 256
    Number of faces shared with processor 357 = 733
    Number of faces shared with processor 101 = 4469
    Number of faces shared with processor 358 = 128
    Number of faces shared with processor 230 = 723
    Number of faces shared with processor 102 = 51
    Number of faces shared with processor 500 = 89
    Number of faces shared with processor 372 = 450
    Number of faces shared with processor 244 = 460
    Number of faces shared with processor 116 = 287
    Number of faces shared with processor 373 = 8103
    Number of faces shared with processor 245 = 10868
    Number of faces shared with processor 117 = 2786
    Number of processor patches = 16
    Number of processor faces = 31979
    Number of boundary faces = 27610

Processor 230
    Number of cells = 127606
    Number of points = 155347
    Number of faces shared with processor 229 = 723
    Number of faces shared with processor 358 = 761
    Number of faces shared with processor 102 = 3199
    Number of faces shared with processor 359 = 40
    Number of faces shared with processor 231 = 534
    Number of faces shared with processor 245 = 264
    Number of faces shared with processor 373 = 114
    Number of faces shared with processor 117 = 27
    Number of faces shared with processor 374 = 7755
    Number of faces shared with processor 246 = 11532
    Number of faces shared with processor 118 = 936
    Number of faces shared with processor 375 = 319
    Number of faces shared with processor 247 = 428
    Number of faces shared with processor 119 = 48
    Number of processor patches = 14
    Number of processor faces = 26680
    Number of boundary faces = 24043

Processor 231
    Number of cells = 127606
    Number of points = 158143
    Number of faces shared with processor 214 = 226
    Number of faces shared with processor 215 = 132
    Number of faces shared with processor 230 = 534
    Number of faces shared with processor 102 = 44
    Number of faces shared with processor 359 = 311
    Number of faces shared with processor 103 = 6548
    Number of faces shared with processor 360 = 34
    Number of faces shared with processor 232 = 422
    Number of faces shared with processor 104 = 290
    Number of faces shared with processor 375 = 3740
    Number of faces shared with processor 247 = 8766
    Number of faces shared with processor 119 = 985
    Number of faces shared with processor 376 = 153
    Number of faces shared with processor 248 = 336
    Number of faces shared with processor 120 = 49
    Number of processor patches = 15
    Number of processor faces = 22570
    Number of boundary faces = 25522

Processor 232
    Number of cells = 127606
    Number of points = 157409
    Number of faces shared with processor 344 = 228
    Number of faces shared with processor 216 = 2778
    Number of faces shared with processor 231 = 422
    Number of faces shared with processor 360 = 1162
    Number of faces shared with processor 104 = 1866
    Number of faces shared with processor 248 = 5452
    Number of faces shared with processor 120 = 1362
    Number of faces shared with processor 249 = 476
    Number of faces shared with processor 121 = 70
    Number of processor patches = 9
    Number of processor faces = 13816
    Number of boundary faces = 21035

Processor 233
    Number of cells = 127606
    Number of points = 156598
    Number of faces shared with processor 89 = 488
    Number of faces shared with processor 217 = 3411
    Number of faces shared with processor 218 = 457
    Number of faces shared with processor 361 = 1935
    Number of faces shared with processor 105 = 1341
    Number of faces shared with processor 362 = 384
    Number of faces shared with processor 234 = 1537
    Number of faces shared with processor 249 = 2015
    Number of faces shared with processor 121 = 363
    Number of faces shared with processor 250 = 553
    Number of processor patches = 10
    Number of processor faces = 12484
    Number of boundary faces = 19829

Processor 234
    Number of cells = 127606
    Number of points = 160251
    Number of faces shared with processor 218 = 2771
    Number of faces shared with processor 233 = 1537
    Number of faces shared with processor 105 = 606
    Number of faces shared with processor 362 = 1533
    Number of faces shared with processor 106 = 2286
    Number of faces shared with processor 235 = 1145
    Number of faces shared with processor 107 = 1557
    Number of faces shared with processor 250 = 4536
    Number of faces shared with processor 122 = 1001
    Number of faces shared with processor 123 = 1
    Number of processor patches = 10
    Number of processor faces = 16973
    Number of boundary faces = 20386

Processor 235
    Number of cells = 127606
    Number of points = 158542
    Number of faces shared with processor 346 = 145
    Number of faces shared with processor 218 = 935
    Number of faces shared with processor 219 = 1276
    Number of faces shared with processor 91 = 1087
    Number of faces shared with processor 362 = 656
    Number of faces shared with processor 234 = 1145
    Number of faces shared with processor 363 = 1841
    Number of faces shared with processor 107 = 1801
    Number of faces shared with processor 236 = 1724
    Number of faces shared with processor 108 = 1047
    Number of faces shared with processor 250 = 7
    Number of faces shared with processor 251 = 2126
    Number of faces shared with processor 123 = 85
    Number of processor patches = 13
    Number of processor faces = 13875
    Number of boundary faces = 17901

Processor 236
    Number of cells = 127606
    Number of points = 154233
    Number of faces shared with processor 347 = 25
    Number of faces shared with processor 219 = 27
    Number of faces shared with processor 91 = 4
    Number of faces shared with processor 220 = 907
    Number of faces shared with processor 363 = 2715
    Number of faces shared with processor 235 = 1724
    Number of faces shared with processor 364 = 1258
    Number of faces shared with processor 108 = 2342
    Number of faces shared with processor 237 = 1253
    Number of faces shared with processor 109 = 202
    Number of faces shared with processor 379 = 102
    Number of faces shared with processor 251 = 792
    Number of faces shared with processor 252 = 2843
    Number of faces shared with processor 381 = 2
    Number of faces shared with processor 253 = 43
    Number of processor patches = 15
    Number of processor faces = 14239
    Number of boundary faces = 17049

Processor 237
    Number of cells = 127606
    Number of points = 143079
    Number of faces shared with processor 220 = 1
    Number of faces shared with processor 221 = 2302
    Number of faces shared with processor 222 = 175
    Number of faces shared with processor 364 = 371
    Number of faces shared with processor 236 = 1253
    Number of faces shared with processor 365 = 2424
    Number of faces shared with processor 109 = 2611
    Number of faces shared with processor 238 = 458
    Number of faces shared with processor 381 = 770
    Number of faces shared with processor 253 = 1988
    Number of processor patches = 10
    Number of processor faces = 12353
    Number of boundary faces = 6092

Processor 238
    Number of cells = 127606
    Number of points = 137808
    Number of faces shared with processor 222 = 5293
    Number of faces shared with processor 94 = 43
    Number of faces shared with processor 351 = 816
    Number of faces shared with processor 365 = 154
    Number of faces shared with processor 237 = 458
    Number of faces shared with processor 366 = 3833
    Number of faces shared with processor 110 = 3833
    Number of faces shared with processor 253 = 114
    Number of faces shared with processor 381 = 90
    Number of faces shared with processor 254 = 476
    Number of faces shared with processor 382 = 4860
    Number of processor patches = 11
    Number of processor faces = 19970
    Number of boundary faces = 0

Processor 239
    Number of cells = 127607
    Number of points = 177057
    Number of faces shared with processor 223 = 1429
    Number of faces shared with processor 95 = 1032
    Number of faces shared with processor 367 = 45816
    Number of faces shared with processor 111 = 45970
    Number of faces shared with processor 126 = 106
    Number of faces shared with processor 255 = 1450
    Number of faces shared with processor 383 = 1007
    Number of processor patches = 7
    Number of processor faces = 96810
    Number of boundary faces = 79

Processor 240
    Number of cells = 127608
    Number of points = 156576
    Number of faces shared with processor 208 = 4
    Number of faces shared with processor 224 = 2163
    Number of faces shared with processor 96 = 1887
    Number of faces shared with processor 353 = 2
    Number of faces shared with processor 225 = 2360
    Number of faces shared with processor 97 = 327
    Number of faces shared with processor 496 = 152
    Number of faces shared with processor 368 = 4537
    Number of faces shared with processor 112 = 6816
    Number of faces shared with processor 369 = 1
    Number of faces shared with processor 241 = 1512
    Number of faces shared with processor 113 = 1432
    Number of faces shared with processor 243 = 20
    Number of processor patches = 13
    Number of processor faces = 21213
    Number of boundary faces = 7372

Processor 241
    Number of cells = 127608
    Number of points = 151743
    Number of faces shared with processor 353 = 1215
    Number of faces shared with processor 225 = 2997
    Number of faces shared with processor 368 = 668
    Number of faces shared with processor 240 = 1512
    Number of faces shared with processor 369 = 2634
    Number of faces shared with processor 113 = 2444
    Number of faces shared with processor 242 = 2000
    Number of faces shared with processor 370 = 553
    Number of processor patches = 8
    Number of processor faces = 14023
    Number of boundary faces = 13482

Processor 242
    Number of cells = 127608
    Number of points = 153175
    Number of faces shared with processor 225 = 54
    Number of faces shared with processor 97 = 42
    Number of faces shared with processor 354 = 607
    Number of faces shared with processor 226 = 4169
    Number of faces shared with processor 355 = 1
    Number of faces shared with processor 227 = 187
    Number of faces shared with processor 241 = 2000
    Number of faces shared with processor 113 = 591
    Number of faces shared with processor 370 = 1830
    Number of faces shared with processor 114 = 2509
    Number of faces shared with processor 243 = 1531
    Number of faces shared with processor 115 = 907
    Number of processor patches = 12
    Number of processor faces = 14428
    Number of boundary faces = 14037

Processor 243
    Number of cells = 127608
    Number of points = 150896
    Number of faces shared with processor 355 = 1471
    Number of faces shared with processor 227 = 1208
    Number of faces shared with processor 240 = 20
    Number of faces shared with processor 370 = 765
    Number of faces shared with processor 242 = 1531
    Number of faces shared with processor 499 = 20
    Number of faces shared with processor 371 = 3105
    Number of faces shared with processor 115 = 3055
    Number of faces shared with processor 244 = 1526
    Number of faces shared with processor 116 = 108
    Number of faces shared with processor 246 = 11
    Number of faces shared with processor 118 = 9
    Number of processor patches = 12
    Number of processor faces = 12829
    Number of boundary faces = 12084

Processor 244
    Number of cells = 127608
    Number of points = 144099
    Number of faces shared with processor 229 = 460
    Number of faces shared with processor 371 = 718
    Number of faces shared with processor 243 = 1526
    Number of faces shared with processor 500 = 3
    Number of faces shared with processor 372 = 2659
    Number of faces shared with processor 116 = 3101
    Number of faces shared with processor 245 = 2020
    Number of faces shared with processor 117 = 472
    Number of processor patches = 8
    Number of processor faces = 10959
    Number of boundary faces = 9683

Processor 245
    Number of cells = 127608
    Number of points = 144036
    Number of faces shared with processor 229 = 10868
    Number of faces shared with processor 230 = 264
    Number of faces shared with processor 372 = 799
    Number of faces shared with processor 244 = 2020
    Number of faces shared with processor 373 = 2616
    Number of faces shared with processor 117 = 2523
    Number of faces shared with processor 374 = 316
    Number of faces shared with processor 246 = 2247
    Number of faces shared with processor 247 = 2
    Number of processor patches = 9
    Number of processor faces = 21655
    Number of boundary faces = 0

Processor 246
    Number of cells = 127608
    Number of points = 145047
    Number of faces shared with processor 230 = 11532
    Number of faces shared with processor 243 = 11
    Number of faces shared with processor 245 = 2247
    Number of faces shared with processor 117 = 400
    Number of faces shared with processor 374 = 2819
    Number of faces shared with processor 502 = 11
    Number of faces shared with processor 118 = 2855
    Number of faces shared with processor 503 = 1
    Number of faces shared with processor 375 = 102
    Number of faces shared with processor 247 = 2423
    Number of faces shared with processor 119 = 102
    Number of faces shared with processor 248 = 1
    Number of faces shared with processor 120 = 11
    Number of processor patches = 13
    Number of processor faces = 22515
    Number of boundary faces = 11

Processor 247
    Number of cells = 127608
    Number of points = 143516
    Number of faces shared with processor 230 = 428
    Number of faces shared with processor 231 = 8766
    Number of faces shared with processor 245 = 2
    Number of faces shared with processor 246 = 2423
    Number of faces shared with processor 375 = 2977
    Number of faces shared with processor 119 = 2760
    Number of faces shared with processor 248 = 2296
    Number of faces shared with processor 120 = 248
    Number of processor patches = 8
    Number of processor faces = 19900
    Number of boundary faces = 1118

Processor 248
    Number of cells = 127608
    Number of points = 144945
    Number of faces shared with processor 231 = 336
    Number of faces shared with processor 360 = 1443
    Number of faces shared with processor 232 = 5452
    Number of faces shared with processor 246 = 1
    Number of faces shared with processor 375 = 144
    Number of faces shared with processor 247 = 2296
    Number of faces shared with processor 376 = 2895
    Number of faces shared with processor 120 = 2567
    Number of faces shared with processor 377 = 759
    Number of faces shared with processor 249 = 1722
    Number of faces shared with processor 378 = 3
    Number of processor patches = 11
    Number of processor faces = 17618
    Number of boundary faces = 3694

Processor 249
    Number of cells = 127608
    Number of points = 148486
    Number of faces shared with processor 360 = 9
    Number of faces shared with processor 232 = 476
    Number of faces shared with processor 361 = 1390
    Number of faces shared with processor 233 = 2015
    Number of faces shared with processor 248 = 1722
    Number of faces shared with processor 120 = 397
    Number of faces shared with processor 377 = 2253
    Number of faces shared with processor 121 = 2430
    Number of faces shared with processor 378 = 472
    Number of faces shared with processor 250 = 2608
    Number of processor patches = 10
    Number of processor faces = 13772
    Number of boundary faces = 10198

Processor 250
    Number of cells = 127608
    Number of points = 153309
    Number of faces shared with processor 361 = 20
    Number of faces shared with processor 233 = 553
    Number of faces shared with processor 105 = 12
    Number of faces shared with processor 362 = 3861
    Number of faces shared with processor 234 = 4536
    Number of faces shared with processor 363 = 5
    Number of faces shared with processor 235 = 7
    Number of faces shared with processor 249 = 2608
    Number of faces shared with processor 121 = 347
    Number of faces shared with processor 378 = 2012
    Number of faces shared with processor 122 = 2094
    Number of faces shared with processor 251 = 2557
    Number of faces shared with processor 123 = 858
    Number of processor patches = 13
    Number of processor faces = 19470
    Number of boundary faces = 8118

Processor 251
    Number of cells = 127608
    Number of points = 149186
    Number of faces shared with processor 363 = 1284
    Number of faces shared with processor 235 = 2126
    Number of faces shared with processor 236 = 792
    Number of faces shared with processor 108 = 60
    Number of faces shared with processor 378 = 865
    Number of faces shared with processor 250 = 2557
    Number of faces shared with processor 122 = 2
    Number of faces shared with processor 379 = 2396
    Number of faces shared with processor 123 = 2423
    Number of faces shared with processor 252 = 2163
    Number of processor patches = 10
    Number of processor faces = 14668
    Number of boundary faces = 9442

Processor 252
    Number of cells = 127608
    Number of points = 137543
    Number of faces shared with processor 364 = 153
    Number of faces shared with processor 236 = 2843
    Number of faces shared with processor 108 = 594
    Number of faces shared with processor 120 = 20
    Number of faces shared with processor 378 = 3
    Number of faces shared with processor 379 = 672
    Number of faces shared with processor 251 = 2163
    Number of faces shared with processor 123 = 261
    Number of faces shared with processor 380 = 2699
    Number of faces shared with processor 508 = 20
    Number of faces shared with processor 124 = 2953
    Number of faces shared with processor 381 = 181
    Number of faces shared with processor 253 = 2819
    Number of faces shared with processor 125 = 1
    Number of faces shared with processor 254 = 20
    Number of processor patches = 15
    Number of processor faces = 15402
    Number of boundary faces = 21

Processor 253
    Number of cells = 127608
    Number of points = 137333
    Number of faces shared with processor 236 = 43
    Number of faces shared with processor 108 = 15
    Number of faces shared with processor 237 = 1988
    Number of faces shared with processor 109 = 1202
    Number of faces shared with processor 238 = 114
    Number of faces shared with processor 110 = 60
    Number of faces shared with processor 252 = 2819
    Number of faces shared with processor 124 = 193
    Number of faces shared with processor 381 = 2489
    Number of faces shared with processor 125 = 3290
    Number of faces shared with processor 254 = 671
    Number of faces shared with processor 382 = 459
    Number of processor patches = 12
    Number of processor faces = 13343
    Number of boundary faces = 0

Processor 254
    Number of cells = 127608
    Number of points = 142251
    Number of faces shared with processor 351 = 57
    Number of faces shared with processor 223 = 27
    Number of faces shared with processor 238 = 476
    Number of faces shared with processor 110 = 3935
    Number of faces shared with processor 367 = 460
    Number of faces shared with processor 252 = 20
    Number of faces shared with processor 253 = 671
    Number of faces shared with processor 125 = 863
    Number of faces shared with processor 510 = 15
    Number of faces shared with processor 382 = 5294
    Number of faces shared with processor 126 = 8235
    Number of faces shared with processor 383 = 107
    Number of faces shared with processor 511 = 211
    Number of processor patches = 13
    Number of processor faces = 20371
    Number of boundary faces = 78

Processor 255
    Number of cells = 127608
    Number of points = 191010
    Number of faces shared with processor 239 = 1450
    Number of faces shared with processor 111 = 601
    Number of faces shared with processor 126 = 147
    Number of faces shared with processor 383 = 58628
    Number of faces shared with processor 127 = 59086
    Number of processor patches = 5
    Number of processor faces = 119912
    Number of boundary faces = 1273

Processor 256
    Number of cells = 127606
    Number of points = 155160
    Number of faces shared with processor 384 = 3563
    Number of faces shared with processor 128 = 4618
    Number of faces shared with processor 257 = 2440
    Number of faces shared with processor 129 = 711
    Number of faces shared with processor 131 = 7
    Number of faces shared with processor 272 = 2350
    Number of faces shared with processor 144 = 881
    Number of faces shared with processor 401 = 385
    Number of faces shared with processor 145 = 4
    Number of faces shared with processor 273 = 1728
    Number of processor patches = 10
    Number of processor faces = 16687
    Number of boundary faces = 10776

Processor 257
    Number of cells = 127606
    Number of points = 154922
    Number of faces shared with processor 384 = 4
    Number of faces shared with processor 256 = 2440
    Number of faces shared with processor 128 = 1
    Number of faces shared with processor 385 = 2238
    Number of faces shared with processor 129 = 2685
    Number of faces shared with processor 1 = 3
    Number of faces shared with processor 386 = 704
    Number of faces shared with processor 258 = 2436
    Number of faces shared with processor 259 = 3
    Number of faces shared with processor 273 = 2035
    Number of faces shared with processor 401 = 1340
    Number of processor patches = 11
    Number of processor faces = 13889
    Number of boundary faces = 13306

Processor 258
    Number of cells = 127606
    Number of points = 154157
    Number of faces shared with processor 257 = 2436
    Number of faces shared with processor 129 = 586
    Number of faces shared with processor 386 = 1776
    Number of faces shared with processor 130 = 1941
    Number of faces shared with processor 259 = 1327
    Number of faces shared with processor 131 = 807
    Number of faces shared with processor 273 = 148
    Number of faces shared with processor 401 = 54
    Number of faces shared with processor 402 = 923
    Number of faces shared with processor 274 = 3644
    Number of faces shared with processor 275 = 140
    Number of processor patches = 11
    Number of processor faces = 13782
    Number of boundary faces = 13776

Processor 259
    Number of cells = 127606
    Number of points = 154344
    Number of faces shared with processor 257 = 3
    Number of faces shared with processor 386 = 1025
    Number of faces shared with processor 258 = 1327
    Number of faces shared with processor 387 = 2811
    Number of faces shared with processor 131 = 3032
    Number of faces shared with processor 3 = 3
    Number of faces shared with processor 260 = 984
    Number of faces shared with processor 132 = 718
    Number of faces shared with processor 403 = 1361
    Number of faces shared with processor 275 = 1307
    Number of processor patches = 10
    Number of processor faces = 12571
    Number of boundary faces = 11633

Processor 260
    Number of cells = 127606
    Number of points = 144194
    Number of faces shared with processor 387 = 1202
    Number of faces shared with processor 259 = 984
    Number of faces shared with processor 388 = 2764
    Number of faces shared with processor 132 = 2566
    Number of faces shared with processor 261 = 1558
    Number of faces shared with processor 133 = 735
    Number of faces shared with processor 149 = 440
    Number of processor patches = 7
    Number of processor faces = 10249
    Number of boundary faces = 9900

Processor 261
    Number of cells = 127606
    Number of points = 144001
    Number of faces shared with processor 388 = 1295
    Number of faces shared with processor 260 = 1558
    Number of faces shared with processor 389 = 2075
    Number of faces shared with processor 133 = 2629
    Number of faces shared with processor 390 = 730
    Number of faces shared with processor 262 = 2082
    Number of faces shared with processor 277 = 2564
    Number of faces shared with processor 149 = 7930
    Number of faces shared with processor 278 = 90
    Number of faces shared with processor 150 = 145
    Number of processor patches = 10
    Number of processor faces = 21098
    Number of boundary faces = 0

Processor 262
    Number of cells = 127606
    Number of points = 146340
    Number of faces shared with processor 261 = 2082
    Number of faces shared with processor 133 = 290
    Number of faces shared with processor 390 = 2655
    Number of faces shared with processor 134 = 2858
    Number of faces shared with processor 391 = 165
    Number of faces shared with processor 263 = 2216
    Number of faces shared with processor 264 = 2
    Number of faces shared with processor 278 = 3963
    Number of faces shared with processor 150 = 7282
    Number of processor patches = 9
    Number of processor faces = 21513
    Number of boundary faces = 1107

Processor 263
    Number of cells = 127606
    Number of points = 143904
    Number of faces shared with processor 390 = 1
    Number of faces shared with processor 262 = 2216
    Number of faces shared with processor 134 = 112
    Number of faces shared with processor 391 = 2548
    Number of faces shared with processor 135 = 2839
    Number of faces shared with processor 392 = 1
    Number of faces shared with processor 264 = 2339
    Number of faces shared with processor 136 = 154
    Number of faces shared with processor 278 = 123
    Number of faces shared with processor 150 = 331
    Number of faces shared with processor 279 = 5332
    Number of faces shared with processor 151 = 3737
    Number of processor patches = 12
    Number of processor faces = 19733
    Number of boundary faces = 1674

Processor 264
    Number of cells = 127606
    Number of points = 146088
    Number of faces shared with processor 262 = 2
    Number of faces shared with processor 391 = 189
    Number of faces shared with processor 263 = 2339
    Number of faces shared with processor 392 = 2589
    Number of faces shared with processor 136 = 2917
    Number of faces shared with processor 393 = 916
    Number of faces shared with processor 265 = 2175
    Number of faces shared with processor 394 = 2
    Number of faces shared with processor 279 = 149
    Number of faces shared with processor 151 = 148
    Number of faces shared with processor 280 = 8826
    Number of processor patches = 11
    Number of processor faces = 20252
    Number of boundary faces = 2894

Processor 265
    Number of cells = 127606
    Number of points = 150998
    Number of faces shared with processor 264 = 2175
    Number of faces shared with processor 136 = 764
    Number of faces shared with processor 393 = 2080
    Number of faces shared with processor 137 = 2239
    Number of faces shared with processor 394 = 432
    Number of faces shared with processor 266 = 3327
    Number of faces shared with processor 280 = 664
    Number of faces shared with processor 152 = 1
    Number of faces shared with processor 281 = 802
    Number of faces shared with processor 409 = 1831
    Number of processor patches = 10
    Number of processor faces = 14315
    Number of boundary faces = 9834

Processor 266
    Number of cells = 127606
    Number of points = 150027
    Number of faces shared with processor 136 = 4
    Number of faces shared with processor 265 = 3327
    Number of faces shared with processor 137 = 569
    Number of faces shared with processor 394 = 2362
    Number of faces shared with processor 138 = 2073
    Number of faces shared with processor 10 = 3
    Number of faces shared with processor 267 = 2650
    Number of faces shared with processor 139 = 924
    Number of faces shared with processor 140 = 3
    Number of faces shared with processor 281 = 205
    Number of faces shared with processor 409 = 51
    Number of faces shared with processor 282 = 855
    Number of faces shared with processor 410 = 1600
    Number of faces shared with processor 411 = 12
    Number of processor patches = 14
    Number of processor faces = 14638
    Number of boundary faces = 9458

Processor 267
    Number of cells = 127606
    Number of points = 151010
    Number of faces shared with processor 394 = 619
    Number of faces shared with processor 266 = 2650
    Number of faces shared with processor 395 = 2108
    Number of faces shared with processor 139 = 2332
    Number of faces shared with processor 268 = 1790
    Number of faces shared with processor 140 = 537
    Number of faces shared with processor 411 = 2160
    Number of faces shared with processor 283 = 1340
    Number of faces shared with processor 284 = 652
    Number of faces shared with processor 156 = 70
    Number of processor patches = 10
    Number of processor faces = 14258
    Number of boundary faces = 9109

Processor 268
    Number of cells = 127606
    Number of points = 136965
    Number of faces shared with processor 394 = 3
    Number of faces shared with processor 395 = 1163
    Number of faces shared with processor 267 = 1790
    Number of faces shared with processor 396 = 2289
    Number of faces shared with processor 140 = 2659
    Number of faces shared with processor 269 = 2920
    Number of faces shared with processor 284 = 2857
    Number of faces shared with processor 412 = 648
    Number of processor patches = 8
    Number of processor faces = 14329
    Number of boundary faces = 0

Processor 269
    Number of cells = 127606
    Number of points = 137047
    Number of faces shared with processor 396 = 84
    Number of faces shared with processor 268 = 2920
    Number of faces shared with processor 140 = 164
    Number of faces shared with processor 397 = 2300
    Number of faces shared with processor 141 = 2378
    Number of faces shared with processor 270 = 662
    Number of faces shared with processor 284 = 15
    Number of faces shared with processor 413 = 248
    Number of faces shared with processor 285 = 3153
    Number of faces shared with processor 157 = 359
    Number of faces shared with processor 286 = 119
    Number of faces shared with processor 158 = 112
    Number of processor patches = 12
    Number of processor faces = 12514
    Number of boundary faces = 0

Processor 270
    Number of cells = 127606
    Number of points = 142347
    Number of faces shared with processor 397 = 54
    Number of faces shared with processor 269 = 662
    Number of faces shared with processor 141 = 517
    Number of faces shared with processor 398 = 3129
    Number of faces shared with processor 142 = 5304
    Number of faces shared with processor 399 = 124
    Number of faces shared with processor 286 = 3202
    Number of faces shared with processor 158 = 4787
    Number of faces shared with processor 415 = 339
    Number of faces shared with processor 287 = 302
    Number of faces shared with processor 303 = 251
    Number of processor patches = 11
    Number of processor faces = 18671
    Number of boundary faces = 0

Processor 271
    Number of cells = 127607
    Number of points = 191503
    Number of faces shared with processor 142 = 107
    Number of faces shared with processor 14 = 103
    Number of faces shared with processor 399 = 18054
    Number of faces shared with processor 15 = 11
    Number of faces shared with processor 143 = 58895
    Number of faces shared with processor 287 = 2628
    Number of faces shared with processor 159 = 707
    Number of processor patches = 7
    Number of processor faces = 80505
    Number of boundary faces = 1628

Processor 272
    Number of cells = 127606
    Number of points = 159416
    Number of faces shared with processor 384 = 618
    Number of faces shared with processor 256 = 2350
    Number of faces shared with processor 400 = 1661
    Number of faces shared with processor 144 = 3719
    Number of faces shared with processor 16 = 4
    Number of faces shared with processor 401 = 175
    Number of faces shared with processor 273 = 162
    Number of faces shared with processor 160 = 3
    Number of faces shared with processor 288 = 1801
    Number of faces shared with processor 417 = 734
    Number of faces shared with processor 289 = 550
    Number of faces shared with processor 304 = 4
    Number of faces shared with processor 305 = 760
    Number of processor patches = 13
    Number of processor faces = 12541
    Number of boundary faces = 15920

Processor 273
    Number of cells = 127606
    Number of points = 159796
    Number of faces shared with processor 256 = 1728
    Number of faces shared with processor 128 = 4
    Number of faces shared with processor 257 = 2035
    Number of faces shared with processor 129 = 1249
    Number of faces shared with processor 258 = 148
    Number of faces shared with processor 272 = 162
    Number of faces shared with processor 144 = 442
    Number of faces shared with processor 401 = 1473
    Number of faces shared with processor 145 = 1840
    Number of faces shared with processor 274 = 1808
    Number of faces shared with processor 402 = 226
    Number of faces shared with processor 289 = 4194
    Number of faces shared with processor 161 = 758
    Number of processor patches = 13
    Number of processor faces = 16067
    Number of boundary faces = 18180

Processor 274
    Number of cells = 127606
    Number of points = 160107
    Number of faces shared with processor 258 = 3644
    Number of faces shared with processor 130 = 583
    Number of faces shared with processor 273 = 1808
    Number of faces shared with processor 145 = 218
    Number of faces shared with processor 402 = 2219
    Number of faces shared with processor 146 = 1357
    Number of faces shared with processor 275 = 1641
    Number of faces shared with processor 147 = 327
    Number of faces shared with processor 289 = 131
    Number of faces shared with processor 161 = 53
    Number of faces shared with processor 290 = 2506
    Number of faces shared with processor 162 = 565
    Number of processor patches = 12
    Number of processor faces = 15052
    Number of boundary faces = 17842

Processor 275
    Number of cells = 127606
    Number of points = 157417
    Number of faces shared with processor 258 = 140
    Number of faces shared with processor 130 = 1
    Number of faces shared with processor 259 = 1307
    Number of faces shared with processor 131 = 1407
    Number of faces shared with processor 274 = 1641
    Number of faces shared with processor 403 = 1515
    Number of faces shared with processor 147 = 1918
    Number of faces shared with processor 290 = 578
    Number of faces shared with processor 162 = 14
    Number of faces shared with processor 291 = 2180
    Number of faces shared with processor 163 = 505
    Number of processor patches = 11
    Number of processor faces = 11206
    Number of boundary faces = 19720

Processor 276
    Number of cells = 127606
    Number of points = 157826
    Number of faces shared with processor 387 = 63
    Number of faces shared with processor 388 = 1385
    Number of faces shared with processor 403 = 569
    Number of faces shared with processor 404 = 3326
    Number of faces shared with processor 148 = 1569
    Number of faces shared with processor 277 = 1726
    Number of faces shared with processor 291 = 10
    Number of faces shared with processor 419 = 1013
    Number of faces shared with processor 292 = 494
    Number of processor patches = 9
    Number of processor faces = 10155
    Number of boundary faces = 15398

Processor 277
    Number of cells = 127606
    Number of points = 149819
    Number of faces shared with processor 388 = 522
    Number of faces shared with processor 389 = 1362
    Number of faces shared with processor 261 = 2564
    Number of faces shared with processor 404 = 147
    Number of faces shared with processor 276 = 1726
    Number of faces shared with processor 148 = 110
    Number of faces shared with processor 405 = 2131
    Number of faces shared with processor 149 = 686
    Number of faces shared with processor 406 = 489
    Number of faces shared with processor 278 = 704
    Number of processor patches = 10
    Number of processor faces = 10441
    Number of boundary faces = 14799

Processor 278
    Number of cells = 127606
    Number of points = 152077
    Number of faces shared with processor 389 = 6
    Number of faces shared with processor 261 = 90
    Number of faces shared with processor 390 = 2609
    Number of faces shared with processor 262 = 3963
    Number of faces shared with processor 391 = 105
    Number of faces shared with processor 263 = 123
    Number of faces shared with processor 277 = 704
    Number of faces shared with processor 149 = 144
    Number of faces shared with processor 406 = 2600
    Number of faces shared with processor 150 = 746
    Number of faces shared with processor 279 = 705
    Number of processor patches = 11
    Number of processor faces = 11795
    Number of boundary faces = 17167

Processor 279
    Number of cells = 127606
    Number of points = 149536
    Number of faces shared with processor 391 = 3127
    Number of faces shared with processor 263 = 5332
    Number of faces shared with processor 392 = 73
    Number of faces shared with processor 264 = 149
    Number of faces shared with processor 406 = 500
    Number of faces shared with processor 278 = 705
    Number of faces shared with processor 150 = 32
    Number of faces shared with processor 407 = 1881
    Number of faces shared with processor 151 = 326
    Number of faces shared with processor 408 = 907
    Number of faces shared with processor 280 = 370
    Number of processor patches = 11
    Number of processor faces = 13402
    Number of boundary faces = 17991

Processor 280
    Number of cells = 127606
    Number of points = 161125
    Number of faces shared with processor 392 = 2536
    Number of faces shared with processor 264 = 8826
    Number of faces shared with processor 136 = 1203
    Number of faces shared with processor 393 = 724
    Number of faces shared with processor 137 = 1
    Number of faces shared with processor 265 = 664
    Number of faces shared with processor 279 = 370
    Number of faces shared with processor 151 = 37
    Number of faces shared with processor 408 = 1412
    Number of faces shared with processor 152 = 1139
    Number of faces shared with processor 281 = 1496
    Number of faces shared with processor 409 = 802
    Number of faces shared with processor 296 = 538
    Number of faces shared with processor 168 = 406
    Number of faces shared with processor 297 = 106
    Number of processor patches = 15
    Number of processor faces = 20260
    Number of boundary faces = 21335

Processor 281
    Number of cells = 127606
    Number of points = 160635
    Number of faces shared with processor 265 = 802
    Number of faces shared with processor 137 = 1392
    Number of faces shared with processor 266 = 205
    Number of faces shared with processor 138 = 20
    Number of faces shared with processor 280 = 1496
    Number of faces shared with processor 409 = 1100
    Number of faces shared with processor 153 = 1963
    Number of faces shared with processor 410 = 589
    Number of faces shared with processor 282 = 1888
    Number of faces shared with processor 297 = 1690
    Number of faces shared with processor 169 = 2625
    Number of faces shared with processor 298 = 247
    Number of faces shared with processor 170 = 53
    Number of processor patches = 13
    Number of processor faces = 14070
    Number of boundary faces = 17855

Processor 282
    Number of cells = 127606
    Number of points = 160137
    Number of faces shared with processor 266 = 855
    Number of faces shared with processor 138 = 3761
    Number of faces shared with processor 281 = 1888
    Number of faces shared with processor 153 = 367
    Number of faces shared with processor 410 = 1515
    Number of faces shared with processor 154 = 1573
    Number of faces shared with processor 283 = 936
    Number of faces shared with processor 155 = 611
    Number of faces shared with processor 298 = 1904
    Number of faces shared with processor 170 = 944
    Number of processor patches = 10
    Number of processor faces = 14354
    Number of boundary faces = 18768

Processor 283
    Number of cells = 127606
    Number of points = 159943
    Number of faces shared with processor 138 = 14
    Number of faces shared with processor 267 = 1340
    Number of faces shared with processor 139 = 1391
    Number of faces shared with processor 410 = 13
    Number of faces shared with processor 282 = 936
    Number of faces shared with processor 411 = 1703
    Number of faces shared with processor 155 = 1941
    Number of faces shared with processor 156 = 2612
    Number of faces shared with processor 298 = 452
    Number of faces shared with processor 299 = 2276
    Number of faces shared with processor 171 = 710
    Number of faces shared with processor 300 = 84
    Number of processor patches = 12
    Number of processor faces = 13472
    Number of boundary faces = 17803

Processor 284
    Number of cells = 127606
    Number of points = 149121
    Number of faces shared with processor 395 = 83
    Number of faces shared with processor 267 = 652
    Number of faces shared with processor 268 = 2857
    Number of faces shared with processor 140 = 523
    Number of faces shared with processor 269 = 15
    Number of faces shared with processor 411 = 590
    Number of faces shared with processor 412 = 1742
    Number of faces shared with processor 156 = 1336
    Number of faces shared with processor 285 = 1854
    Number of faces shared with processor 157 = 334
    Number of faces shared with processor 300 = 193
    Number of processor patches = 11
    Number of processor faces = 10179
    Number of boundary faces = 13588

Processor 285
    Number of cells = 127606
    Number of points = 143656
    Number of faces shared with processor 269 = 3153
    Number of faces shared with processor 412 = 216
    Number of faces shared with processor 284 = 1854
    Number of faces shared with processor 413 = 2254
    Number of faces shared with processor 157 = 2277
    Number of faces shared with processor 286 = 255
    Number of faces shared with processor 158 = 212
    Number of faces shared with processor 300 = 485
    Number of faces shared with processor 301 = 2633
    Number of faces shared with processor 302 = 85
    Number of faces shared with processor 174 = 77
    Number of processor patches = 11
    Number of processor faces = 13501
    Number of boundary faces = 4924

Processor 286
    Number of cells = 127606
    Number of points = 137776
    Number of faces shared with processor 397 = 119
    Number of faces shared with processor 269 = 119
    Number of faces shared with processor 398 = 2103
    Number of faces shared with processor 270 = 3202
    Number of faces shared with processor 413 = 323
    Number of faces shared with processor 285 = 255
    Number of faces shared with processor 414 = 3833
    Number of faces shared with processor 158 = 3834
    Number of faces shared with processor 302 = 5278
    Number of faces shared with processor 174 = 26
    Number of faces shared with processor 431 = 290
    Number of faces shared with processor 303 = 526
    Number of processor patches = 12
    Number of processor faces = 19908
    Number of boundary faces = 0

Processor 287
    Number of cells = 127607
    Number of points = 184213
    Number of faces shared with processor 270 = 302
    Number of faces shared with processor 142 = 428
    Number of faces shared with processor 14 = 50
    Number of faces shared with processor 399 = 3657
    Number of faces shared with processor 271 = 2628
    Number of faces shared with processor 415 = 3273
    Number of faces shared with processor 159 = 46126
    Number of faces shared with processor 303 = 4110
    Number of faces shared with processor 175 = 3411
    Number of faces shared with processor 47 = 1
    Number of faces shared with processor 319 = 30
    Number of processor patches = 11
    Number of processor faces = 64016
    Number of boundary faces = 532

Processor 288
    Number of cells = 127606
    Number of points = 154447
    Number of faces shared with processor 400 = 177
    Number of faces shared with processor 272 = 1801
    Number of faces shared with processor 144 = 103
    Number of faces shared with processor 416 = 2000
    Number of faces shared with processor 160 = 1855
    Number of faces shared with processor 304 = 2265
    Number of faces shared with processor 432 = 168
    Number of processor patches = 7
    Number of processor faces = 8369
    Number of boundary faces = 16421

Processor 289
    Number of cells = 127606
    Number of points = 157175
    Number of faces shared with processor 272 = 550
    Number of faces shared with processor 144 = 508
    Number of faces shared with processor 401 = 259
    Number of faces shared with processor 273 = 4194
    Number of faces shared with processor 402 = 23
    Number of faces shared with processor 274 = 131
    Number of faces shared with processor 417 = 2197
    Number of faces shared with processor 161 = 1935
    Number of faces shared with processor 290 = 2380
    Number of faces shared with processor 305 = 1565
    Number of processor patches = 10
    Number of processor faces = 13742
    Number of boundary faces = 16617

Processor 290
    Number of cells = 127606
    Number of points = 156195
    Number of faces shared with processor 402 = 571
    Number of faces shared with processor 274 = 2506
    Number of faces shared with processor 275 = 578
    Number of faces shared with processor 417 = 85
    Number of faces shared with processor 289 = 2380
    Number of faces shared with processor 161 = 173
    Number of faces shared with processor 418 = 3091
    Number of faces shared with processor 162 = 1585
    Number of faces shared with processor 291 = 833
    Number of faces shared with processor 163 = 42
    Number of faces shared with processor 305 = 112
    Number of faces shared with processor 306 = 1266
    Number of faces shared with processor 178 = 78
    Number of processor patches = 13
    Number of processor faces = 13300
    Number of boundary faces = 15612

Processor 291
    Number of cells = 127606
    Number of points = 160285
    Number of faces shared with processor 403 = 2409
    Number of faces shared with processor 275 = 2180
    Number of faces shared with processor 276 = 10
    Number of faces shared with processor 418 = 1161
    Number of faces shared with processor 290 = 833
    Number of faces shared with processor 419 = 3227
    Number of faces shared with processor 163 = 1881
    Number of faces shared with processor 292 = 4
    Number of faces shared with processor 434 = 705
    Number of faces shared with processor 306 = 1441
    Number of faces shared with processor 307 = 25
    Number of processor patches = 11
    Number of processor faces = 13876
    Number of boundary faces = 16023

Processor 292
    Number of cells = 127606
    Number of points = 156017
    Number of faces shared with processor 404 = 144
    Number of faces shared with processor 276 = 494
    Number of faces shared with processor 419 = 1017
    Number of faces shared with processor 291 = 4
    Number of faces shared with processor 420 = 2353
    Number of faces shared with processor 164 = 1804
    Number of faces shared with processor 435 = 880
    Number of faces shared with processor 307 = 605
    Number of faces shared with processor 179 = 218
    Number of faces shared with processor 436 = 1772
    Number of faces shared with processor 308 = 3252
    Number of faces shared with processor 180 = 866
    Number of processor patches = 12
    Number of processor faces = 13409
    Number of boundary faces = 18287

Processor 293
    Number of cells = 127606
    Number of points = 156386
    Number of faces shared with processor 404 = 1229
    Number of faces shared with processor 148 = 29
    Number of faces shared with processor 405 = 3539
    Number of faces shared with processor 149 = 1403
    Number of faces shared with processor 420 = 1524
    Number of faces shared with processor 421 = 3831
    Number of faces shared with processor 165 = 1167
    Number of faces shared with processor 294 = 541
    Number of faces shared with processor 166 = 20
    Number of faces shared with processor 437 = 381
    Number of processor patches = 10
    Number of processor faces = 13664
    Number of boundary faces = 15525

Processor 294
    Number of cells = 127606
    Number of points = 149033
    Number of faces shared with processor 405 = 340
    Number of faces shared with processor 406 = 1934
    Number of faces shared with processor 407 = 601
    Number of faces shared with processor 421 = 655
    Number of faces shared with processor 293 = 541
    Number of faces shared with processor 422 = 3038
    Number of faces shared with processor 166 = 1485
    Number of faces shared with processor 295 = 915
    Number of processor patches = 8
    Number of processor faces = 9509
    Number of boundary faces = 14167

Processor 295
    Number of cells = 127606
    Number of points = 154549
    Number of faces shared with processor 407 = 3502
    Number of faces shared with processor 422 = 400
    Number of faces shared with processor 294 = 915
    Number of faces shared with processor 423 = 7168
    Number of faces shared with processor 167 = 1225
    Number of faces shared with processor 424 = 606
    Number of faces shared with processor 296 = 574
    Number of faces shared with processor 311 = 552
    Number of faces shared with processor 312 = 240
    Number of processor patches = 9
    Number of processor faces = 15182
    Number of boundary faces = 19206

Processor 296
    Number of cells = 127606
    Number of points = 151737
    Number of faces shared with processor 407 = 650
    Number of faces shared with processor 408 = 3804
    Number of faces shared with processor 280 = 538
    Number of faces shared with processor 295 = 574
    Number of faces shared with processor 424 = 2103
    Number of faces shared with processor 168 = 622
    Number of faces shared with processor 425 = 2058
    Number of faces shared with processor 297 = 1496
    Number of processor patches = 8
    Number of processor faces = 11845
    Number of boundary faces = 16148

Processor 297
    Number of cells = 127606
    Number of points = 156817
    Number of faces shared with processor 280 = 106
    Number of faces shared with processor 409 = 1740
    Number of faces shared with processor 281 = 1690
    Number of faces shared with processor 296 = 1496
    Number of faces shared with processor 168 = 844
    Number of faces shared with processor 425 = 973
    Number of faces shared with processor 169 = 1782
    Number of faces shared with processor 426 = 846
    Number of faces shared with processor 298 = 1567
    Number of faces shared with processor 313 = 3744
    Number of faces shared with processor 314 = 595
    Number of processor patches = 11
    Number of processor faces = 15383
    Number of boundary faces = 12655

Processor 298
    Number of cells = 127606
    Number of points = 154586
    Number of faces shared with processor 409 = 30
    Number of faces shared with processor 281 = 247
    Number of faces shared with processor 410 = 1025
    Number of faces shared with processor 282 = 1904
    Number of faces shared with processor 411 = 239
    Number of faces shared with processor 283 = 452
    Number of faces shared with processor 155 = 87
    Number of faces shared with processor 297 = 1567
    Number of faces shared with processor 169 = 607
    Number of faces shared with processor 426 = 2771
    Number of faces shared with processor 170 = 1213
    Number of faces shared with processor 299 = 1464
    Number of faces shared with processor 171 = 313
    Number of faces shared with processor 314 = 1278
    Number of faces shared with processor 186 = 145
    Number of processor patches = 15
    Number of processor faces = 13342
    Number of boundary faces = 14475

Processor 299
    Number of cells = 127606
    Number of points = 158524
    Number of faces shared with processor 411 = 1051
    Number of faces shared with processor 283 = 2276
    Number of faces shared with processor 426 = 588
    Number of faces shared with processor 298 = 1464
    Number of faces shared with processor 427 = 207
    Number of faces shared with processor 171 = 5387
    Number of faces shared with processor 300 = 1064
    Number of faces shared with processor 314 = 835
    Number of faces shared with processor 315 = 10
    Number of processor patches = 9
    Number of processor faces = 12882
    Number of boundary faces = 17280

Processor 300
    Number of cells = 127606
    Number of points = 155075
    Number of faces shared with processor 283 = 84
    Number of faces shared with processor 155 = 2
    Number of faces shared with processor 412 = 1459
    Number of faces shared with processor 284 = 193
    Number of faces shared with processor 156 = 3681
    Number of faces shared with processor 413 = 650
    Number of faces shared with processor 285 = 485
    Number of faces shared with processor 157 = 935
    Number of faces shared with processor 299 = 1064
    Number of faces shared with processor 171 = 675
    Number of faces shared with processor 428 = 953
    Number of faces shared with processor 172 = 1822
    Number of faces shared with processor 301 = 27
    Number of faces shared with processor 173 = 525
    Number of faces shared with processor 316 = 258
    Number of processor patches = 15
    Number of processor faces = 12813
    Number of boundary faces = 22068

Processor 301
    Number of cells = 127606
    Number of points = 146838
    Number of faces shared with processor 413 = 61
    Number of faces shared with processor 285 = 2633
    Number of faces shared with processor 157 = 824
    Number of faces shared with processor 300 = 27
    Number of faces shared with processor 429 = 1715
    Number of faces shared with processor 173 = 1600
    Number of faces shared with processor 302 = 279
    Number of faces shared with processor 174 = 396
    Number of faces shared with processor 317 = 1761
    Number of faces shared with processor 189 = 1093
    Number of processor patches = 10
    Number of processor faces = 10389
    Number of boundary faces = 11098

Processor 302
    Number of cells = 127606
    Number of points = 137768
    Number of faces shared with processor 413 = 114
    Number of faces shared with processor 285 = 85
    Number of faces shared with processor 414 = 3
    Number of faces shared with processor 286 = 5278
    Number of faces shared with processor 158 = 1
    Number of faces shared with processor 429 = 355
    Number of faces shared with processor 301 = 279
    Number of faces shared with processor 430 = 3869
    Number of faces shared with processor 174 = 3832
    Number of faces shared with processor 303 = 189
    Number of faces shared with processor 431 = 108
    Number of faces shared with processor 317 = 25
    Number of faces shared with processor 445 = 5
    Number of faces shared with processor 318 = 5161
    Number of faces shared with processor 446 = 93
    Number of faces shared with processor 319 = 315
    Number of faces shared with processor 447 = 180
    Number of processor patches = 17
    Number of processor faces = 19892
    Number of boundary faces = 0

Processor 303
    Number of cells = 127607
    Number of points = 146644
    Number of faces shared with processor 398 = 4
    Number of faces shared with processor 270 = 251
    Number of faces shared with processor 142 = 95
    Number of faces shared with processor 286 = 526
    Number of faces shared with processor 158 = 816
    Number of faces shared with processor 30 = 360
    Number of faces shared with processor 415 = 2572
    Number of faces shared with processor 287 = 4110
    Number of faces shared with processor 302 = 189
    Number of faces shared with processor 174 = 322
    Number of faces shared with processor 46 = 160
    Number of faces shared with processor 431 = 3549
    Number of faces shared with processor 175 = 8646
    Number of faces shared with processor 447 = 2
    Number of faces shared with processor 191 = 121
    Number of faces shared with processor 319 = 7038
    Number of processor patches = 16
    Number of processor faces = 28761
    Number of boundary faces = 3

Processor 304
    Number of cells = 127606
    Number of points = 151564
    Number of faces shared with processor 272 = 4
    Number of faces shared with processor 288 = 2265
    Number of faces shared with processor 160 = 74
    Number of faces shared with processor 432 = 1881
    Number of faces shared with processor 176 = 1588
    Number of faces shared with processor 48 = 4
    Number of faces shared with processor 448 = 26
    Number of faces shared with processor 320 = 2109
    Number of faces shared with processor 336 = 4
    Number of processor patches = 9
    Number of processor faces = 7955
    Number of boundary faces = 17180

Processor 305
    Number of cells = 127606
    Number of points = 158728
    Number of faces shared with processor 400 = 473
    Number of faces shared with processor 272 = 760
    Number of faces shared with processor 144 = 295
    Number of faces shared with processor 416 = 481
    Number of faces shared with processor 417 = 3644
    Number of faces shared with processor 289 = 1565
    Number of faces shared with processor 161 = 297
    Number of faces shared with processor 418 = 165
    Number of faces shared with processor 290 = 112
    Number of faces shared with processor 162 = 16
    Number of faces shared with processor 432 = 121
    Number of faces shared with processor 433 = 3135
    Number of faces shared with processor 177 = 1345
    Number of faces shared with processor 306 = 2807
    Number of faces shared with processor 434 = 856
    Number of faces shared with processor 178 = 368
    Number of faces shared with processor 321 = 2
    Number of processor patches = 17
    Number of processor faces = 16442
    Number of boundary faces = 14381

Processor 306
    Number of cells = 127606
    Number of points = 155313
    Number of faces shared with processor 418 = 1048
    Number of faces shared with processor 290 = 1266
    Number of faces shared with processor 291 = 1441
    Number of faces shared with processor 163 = 84
    Number of faces shared with processor 305 = 2807
    Number of faces shared with processor 434 = 926
    Number of faces shared with processor 178 = 1553
    Number of processor patches = 7
    Number of processor faces = 9125
    Number of boundary faces = 14614

Processor 307
    Number of cells = 127606
    Number of points = 152931
    Number of faces shared with processor 419 = 285
    Number of faces shared with processor 291 = 25
    Number of faces shared with processor 292 = 605
    Number of faces shared with processor 434 = 530
    Number of faces shared with processor 435 = 4211
    Number of faces shared with processor 179 = 3516
    Number of faces shared with processor 308 = 520
    Number of faces shared with processor 436 = 558
    Number of faces shared with processor 450 = 12
    Number of faces shared with processor 451 = 75
    Number of faces shared with processor 323 = 1391
    Number of faces shared with processor 324 = 8
    Number of faces shared with processor 452 = 7
    Number of processor patches = 13
    Number of processor faces = 11743
    Number of boundary faces = 21694

Processor 308
    Number of cells = 127606
    Number of points = 157407
    Number of faces shared with processor 292 = 3252
    Number of faces shared with processor 307 = 520
    Number of faces shared with processor 436 = 3585
    Number of faces shared with processor 180 = 920
    Number of faces shared with processor 437 = 741
    Number of faces shared with processor 309 = 639
    Number of faces shared with processor 452 = 154
    Number of faces shared with processor 324 = 1162
    Number of faces shared with processor 453 = 125
    Number of processor patches = 9
    Number of processor faces = 11098
    Number of boundary faces = 17592

Processor 309
    Number of cells = 127606
    Number of points = 154975
    Number of faces shared with processor 164 = 6
    Number of faces shared with processor 308 = 639
    Number of faces shared with processor 180 = 567
    Number of faces shared with processor 437 = 4414
    Number of faces shared with processor 181 = 2927
    Number of faces shared with processor 310 = 838
    Number of faces shared with processor 325 = 961
    Number of faces shared with processor 326 = 53
    Number of processor patches = 8
    Number of processor faces = 10405
    Number of boundary faces = 20795

Processor 310
    Number of cells = 127606
    Number of points = 153690
    Number of faces shared with processor 421 = 626
    Number of faces shared with processor 422 = 638
    Number of faces shared with processor 437 = 804
    Number of faces shared with processor 309 = 838
    Number of faces shared with processor 181 = 250
    Number of faces shared with processor 438 = 5639
    Number of faces shared with processor 182 = 2509
    Number of faces shared with processor 311 = 606
    Number of faces shared with processor 439 = 232
    Number of faces shared with processor 183 = 107
    Number of faces shared with processor 454 = 14
    Number of faces shared with processor 326 = 2684
    Number of faces shared with processor 198 = 382
    Number of processor patches = 13
    Number of processor faces = 15329
    Number of boundary faces = 18087

Processor 311
    Number of cells = 127606
    Number of points = 152306
    Number of faces shared with processor 295 = 552
    Number of faces shared with processor 167 = 245
    Number of faces shared with processor 310 = 606
    Number of faces shared with processor 439 = 3904
    Number of faces shared with processor 183 = 3276
    Number of faces shared with processor 326 = 93
    Number of faces shared with processor 455 = 235
    Number of faces shared with processor 327 = 1132
    Number of faces shared with processor 328 = 742
    Number of processor patches = 9
    Number of processor faces = 10785
    Number of boundary faces = 16562

Processor 312
    Number of cells = 127606
    Number of points = 155049
    Number of faces shared with processor 295 = 240
    Number of faces shared with processor 167 = 186
    Number of faces shared with processor 440 = 1398
    Number of faces shared with processor 184 = 3207
    Number of faces shared with processor 185 = 949
    Number of faces shared with processor 328 = 1379
    Number of processor patches = 6
    Number of processor faces = 7359
    Number of boundary faces = 19032

Processor 313
    Number of cells = 127606
    Number of points = 159984
    Number of faces shared with processor 168 = 63
    Number of faces shared with processor 425 = 947
    Number of faces shared with processor 297 = 3744
    Number of faces shared with processor 169 = 2844
    Number of faces shared with processor 440 = 926
    Number of faces shared with processor 441 = 4022
    Number of faces shared with processor 185 = 2320
    Number of faces shared with processor 442 = 1510
    Number of faces shared with processor 314 = 1256
    Number of faces shared with processor 186 = 90
    Number of faces shared with processor 329 = 22
    Number of faces shared with processor 458 = 10
    Number of processor patches = 12
    Number of processor faces = 17754
    Number of boundary faces = 22505

Processor 314
    Number of cells = 127606
    Number of points = 154234
    Number of faces shared with processor 297 = 595
    Number of faces shared with processor 169 = 138
    Number of faces shared with processor 426 = 1848
    Number of faces shared with processor 298 = 1278
    Number of faces shared with processor 427 = 545
    Number of faces shared with processor 299 = 835
    Number of faces shared with processor 171 = 497
    Number of faces shared with processor 313 = 1256
    Number of faces shared with processor 442 = 1287
    Number of faces shared with processor 186 = 1864
    Number of faces shared with processor 443 = 170
    Number of faces shared with processor 315 = 1257
    Number of processor patches = 12
    Number of processor faces = 11570
    Number of boundary faces = 19570

Processor 315
    Number of cells = 127606
    Number of points = 156066
    Number of faces shared with processor 427 = 182
    Number of faces shared with processor 299 = 10
    Number of faces shared with processor 171 = 960
    Number of faces shared with processor 314 = 1257
    Number of faces shared with processor 186 = 125
    Number of faces shared with processor 443 = 1003
    Number of faces shared with processor 187 = 3186
    Number of faces shared with processor 444 = 596
    Number of faces shared with processor 316 = 1374
    Number of faces shared with processor 332 = 57
    Number of faces shared with processor 460 = 22
    Number of processor patches = 11
    Number of processor faces = 8772
    Number of boundary faces = 19740

Processor 316
    Number of cells = 127606
    Number of points = 153487
    Number of faces shared with processor 171 = 125
    Number of faces shared with processor 428 = 793
    Number of faces shared with processor 300 = 258
    Number of faces shared with processor 172 = 45
    Number of faces shared with processor 429 = 581
    Number of faces shared with processor 173 = 983
    Number of faces shared with processor 315 = 1374
    Number of faces shared with processor 187 = 375
    Number of faces shared with processor 444 = 4733
    Number of faces shared with processor 188 = 1976
    Number of faces shared with processor 445 = 283
    Number of faces shared with processor 189 = 25
    Number of faces shared with processor 204 = 388
    Number of processor patches = 13
    Number of processor faces = 11939
    Number of boundary faces = 20721

Processor 317
    Number of cells = 127606
    Number of points = 146259
    Number of faces shared with processor 429 = 708
    Number of faces shared with processor 301 = 1761
    Number of faces shared with processor 302 = 25
    Number of faces shared with processor 174 = 8
    Number of faces shared with processor 445 = 1758
    Number of faces shared with processor 189 = 1829
    Number of faces shared with processor 318 = 545
    Number of faces shared with processor 190 = 158
    Number of faces shared with processor 333 = 2445
    Number of faces shared with processor 205 = 134
    Number of processor patches = 10
    Number of processor faces = 9371
    Number of boundary faces = 11775

Processor 318
    Number of cells = 127606
    Number of points = 137808
    Number of faces shared with processor 302 = 5161
    Number of faces shared with processor 174 = 124
    Number of faces shared with processor 445 = 193
    Number of faces shared with processor 317 = 545
    Number of faces shared with processor 446 = 3818
    Number of faces shared with processor 190 = 3830
    Number of faces shared with processor 319 = 506
    Number of faces shared with processor 447 = 276
    Number of faces shared with processor 333 = 78
    Number of faces shared with processor 461 = 24
    Number of faces shared with processor 334 = 5321
    Number of faces shared with processor 462 = 24
    Number of faces shared with processor 335 = 44
    Number of faces shared with processor 463 = 24
    Number of processor patches = 14
    Number of processor faces = 19968
    Number of boundary faces = 0

Processor 319
    Number of cells = 127607
    Number of points = 147546
    Number of faces shared with processor 287 = 30
    Number of faces shared with processor 302 = 315
    Number of faces shared with processor 174 = 494
    Number of faces shared with processor 46 = 224
    Number of faces shared with processor 431 = 61
    Number of faces shared with processor 303 = 7038
    Number of faces shared with processor 175 = 159
    Number of faces shared with processor 318 = 506
    Number of faces shared with processor 190 = 803
    Number of faces shared with processor 62 = 360
    Number of faces shared with processor 447 = 3573
    Number of faces shared with processor 191 = 9313
    Number of faces shared with processor 463 = 1
    Number of faces shared with processor 207 = 74
    Number of faces shared with processor 335 = 6745
    Number of processor patches = 15
    Number of processor faces = 29696
    Number of boundary faces = 34

Processor 320
    Number of cells = 127606
    Number of points = 151278
    Number of faces shared with processor 304 = 2109
    Number of faces shared with processor 176 = 17
    Number of faces shared with processor 448 = 1812
    Number of faces shared with processor 192 = 1689
    Number of faces shared with processor 336 = 2081
    Number of faces shared with processor 208 = 73
    Number of processor patches = 6
    Number of processor faces = 7781
    Number of boundary faces = 17237

Processor 321
    Number of cells = 127606
    Number of points = 157700
    Number of faces shared with processor 432 = 18
    Number of faces shared with processor 433 = 8
    Number of faces shared with processor 305 = 2
    Number of faces shared with processor 448 = 252
    Number of faces shared with processor 449 = 3810
    Number of faces shared with processor 193 = 1255
    Number of faces shared with processor 450 = 697
    Number of faces shared with processor 322 = 2446
    Number of faces shared with processor 194 = 431
    Number of faces shared with processor 464 = 590
    Number of faces shared with processor 465 = 3387
    Number of faces shared with processor 337 = 980
    Number of faces shared with processor 209 = 180
    Number of faces shared with processor 466 = 15
    Number of faces shared with processor 338 = 15
    Number of faces shared with processor 210 = 6
    Number of faces shared with processor 480 = 455
    Number of faces shared with processor 352 = 802
    Number of faces shared with processor 224 = 344
    Number of processor patches = 19
    Number of processor faces = 15693
    Number of boundary faces = 15158

Processor 322
    Number of cells = 127606
    Number of points = 154840
    Number of faces shared with processor 321 = 2446
    Number of faces shared with processor 450 = 890
    Number of faces shared with processor 194 = 1411
    Number of faces shared with processor 466 = 976
    Number of faces shared with processor 338 = 1242
    Number of faces shared with processor 339 = 1439
    Number of faces shared with processor 211 = 78
    Number of processor patches = 7
    Number of processor faces = 8482
    Number of boundary faces = 14547

Processor 323
    Number of cells = 127606
    Number of points = 152025
    Number of faces shared with processor 307 = 1391
    Number of faces shared with processor 450 = 293
    Number of faces shared with processor 451 = 2967
    Number of faces shared with processor 195 = 2257
    Number of faces shared with processor 452 = 570
    Number of faces shared with processor 324 = 599
    Number of faces shared with processor 196 = 33
    Number of faces shared with processor 467 = 253
    Number of faces shared with processor 340 = 438
    Number of processor patches = 9
    Number of processor faces = 8801
    Number of boundary faces = 20282

Processor 324
    Number of cells = 127606
    Number of points = 157659
    Number of faces shared with processor 307 = 8
    Number of faces shared with processor 308 = 1162
    Number of faces shared with processor 323 = 599
    Number of faces shared with processor 452 = 3818
    Number of faces shared with processor 196 = 1513
    Number of faces shared with processor 325 = 752
    Number of faces shared with processor 453 = 577
    Number of faces shared with processor 340 = 2558
    Number of processor patches = 8
    Number of processor faces = 10987
    Number of boundary faces = 17588

Processor 325
    Number of cells = 127606
    Number of points = 154779
    Number of faces shared with processor 437 = 142
    Number of faces shared with processor 309 = 961
    Number of faces shared with processor 324 = 752
    Number of faces shared with processor 196 = 476
    Number of faces shared with processor 453 = 4472
    Number of faces shared with processor 197 = 2962
    Number of faces shared with processor 326 = 880
    Number of processor patches = 7
    Number of processor faces = 10645
    Number of boundary faces = 20613

Processor 326
    Number of cells = 127606
    Number of points = 153935
    Number of faces shared with processor 437 = 36
    Number of faces shared with processor 309 = 53
    Number of faces shared with processor 181 = 4
    Number of faces shared with processor 310 = 2684
    Number of faces shared with processor 439 = 95
    Number of faces shared with processor 311 = 93
    Number of faces shared with processor 183 = 3
    Number of faces shared with processor 453 = 864
    Number of faces shared with processor 325 = 880
    Number of faces shared with processor 197 = 145
    Number of faces shared with processor 454 = 5989
    Number of faces shared with processor 198 = 2275
    Number of faces shared with processor 455 = 282
    Number of faces shared with processor 327 = 483
    Number of faces shared with processor 469 = 582
    Number of faces shared with processor 342 = 1
    Number of faces shared with processor 470 = 706
    Number of processor patches = 17
    Number of processor faces = 15175
    Number of boundary faces = 18523

Processor 327
    Number of cells = 127606
    Number of points = 155101
    Number of faces shared with processor 311 = 1132
    Number of faces shared with processor 183 = 1314
    Number of faces shared with processor 326 = 483
    Number of faces shared with processor 198 = 230
    Number of faces shared with processor 455 = 3529
    Number of faces shared with processor 199 = 3262
    Number of faces shared with processor 328 = 6
    Number of processor patches = 7
    Number of processor faces = 9956
    Number of boundary faces = 17498

Processor 328
    Number of cells = 127606
    Number of points = 155424
    Number of faces shared with processor 439 = 27
    Number of faces shared with processor 311 = 742
    Number of faces shared with processor 183 = 314
    Number of faces shared with processor 440 = 96
    Number of faces shared with processor 312 = 1379
    Number of faces shared with processor 184 = 1018
    Number of faces shared with processor 327 = 6
    Number of faces shared with processor 199 = 13
    Number of faces shared with processor 456 = 6183
    Number of faces shared with processor 200 = 2094
    Number of faces shared with processor 329 = 2
    Number of faces shared with processor 457 = 1310
    Number of faces shared with processor 471 = 13
    Number of faces shared with processor 472 = 703
    Number of processor patches = 14
    Number of processor faces = 13900
    Number of boundary faces = 21081

Processor 329
    Number of cells = 127606
    Number of points = 160494
    Number of faces shared with processor 441 = 271
    Number of faces shared with processor 313 = 22
    Number of faces shared with processor 328 = 2
    Number of faces shared with processor 457 = 5204
    Number of faces shared with processor 201 = 1003
    Number of faces shared with processor 330 = 859
    Number of faces shared with processor 458 = 2023
    Number of faces shared with processor 202 = 201
    Number of faces shared with processor 472 = 288
    Number of faces shared with processor 345 = 3267
    Number of faces shared with processor 473 = 1194
    Number of faces shared with processor 217 = 2214
    Number of processor patches = 12
    Number of processor faces = 16548
    Number of boundary faces = 20883

Processor 330
    Number of cells = 127606
    Number of points = 155502
    Number of faces shared with processor 442 = 183
    Number of faces shared with processor 443 = 69
    Number of faces shared with processor 329 = 859
    Number of faces shared with processor 458 = 3922
    Number of faces shared with processor 202 = 3222
    Number of faces shared with processor 459 = 1974
    Number of faces shared with processor 345 = 556
    Number of faces shared with processor 473 = 137
    Number of faces shared with processor 217 = 108
    Number of faces shared with processor 346 = 937
    Number of faces shared with processor 474 = 2524
    Number of faces shared with processor 347 = 963
    Number of faces shared with processor 475 = 942
    Number of faces shared with processor 219 = 127
    Number of processor patches = 14
    Number of processor faces = 16523
    Number of boundary faces = 17555

Processor 331
    Number of cells = 127606
    Number of points = 152139
    Number of faces shared with processor 443 = 373
    Number of faces shared with processor 459 = 3853
    Number of faces shared with processor 203 = 2074
    Number of faces shared with processor 332 = 155
    Number of faces shared with processor 460 = 1407
    Number of faces shared with processor 347 = 124
    Number of faces shared with processor 475 = 875
    Number of faces shared with processor 219 = 704
    Number of faces shared with processor 476 = 850
    Number of processor patches = 9
    Number of processor faces = 10415
    Number of boundary faces = 18134

Processor 332
    Number of cells = 127606
    Number of points = 149102
    Number of faces shared with processor 315 = 57
    Number of faces shared with processor 444 = 1124
    Number of faces shared with processor 445 = 327
    Number of faces shared with processor 331 = 155
    Number of faces shared with processor 460 = 5752
    Number of faces shared with processor 204 = 7610
    Number of faces shared with processor 461 = 585
    Number of faces shared with processor 348 = 214
    Number of faces shared with processor 476 = 936
    Number of faces shared with processor 477 = 78
    Number of processor patches = 10
    Number of processor faces = 16838
    Number of boundary faces = 10014

Processor 333
    Number of cells = 127606
    Number of points = 145643
    Number of faces shared with processor 445 = 100
    Number of faces shared with processor 317 = 2445
    Number of faces shared with processor 318 = 78
    Number of faces shared with processor 190 = 15
    Number of faces shared with processor 461 = 1839
    Number of faces shared with processor 205 = 2027
    Number of faces shared with processor 334 = 494
    Number of faces shared with processor 206 = 95
    Number of faces shared with processor 477 = 238
    Number of faces shared with processor 349 = 2335
    Number of processor patches = 10
    Number of processor faces = 9666
    Number of boundary faces = 11671

Processor 334
    Number of cells = 127606
    Number of points = 137807
    Number of faces shared with processor 318 = 5321
    Number of faces shared with processor 190 = 10
    Number of faces shared with processor 461 = 152
    Number of faces shared with processor 333 = 494
    Number of faces shared with processor 462 = 3838
    Number of faces shared with processor 206 = 3841
    Number of faces shared with processor 335 = 528
    Number of faces shared with processor 463 = 288
    Number of faces shared with processor 349 = 115
    Number of faces shared with processor 477 = 55
    Number of faces shared with processor 478 = 44
    Number of faces shared with processor 350 = 5282
    Number of processor patches = 12
    Number of processor faces = 19968
    Number of boundary faces = 0

Processor 335
    Number of cells = 127607
    Number of points = 146874
    Number of faces shared with processor 318 = 44
    Number of faces shared with processor 190 = 47
    Number of faces shared with processor 62 = 15
    Number of faces shared with processor 191 = 32
    Number of faces shared with processor 319 = 6745
    Number of faces shared with processor 334 = 528
    Number of faces shared with processor 206 = 802
    Number of faces shared with processor 78 = 374
    Number of faces shared with processor 463 = 3586
    Number of faces shared with processor 207 = 8663
    Number of faces shared with processor 350 = 299
    Number of faces shared with processor 222 = 442
    Number of faces shared with processor 94 = 195
    Number of faces shared with processor 479 = 44
    Number of faces shared with processor 351 = 6995
    Number of faces shared with processor 223 = 104
    Number of faces shared with processor 367 = 30
    Number of processor patches = 17
    Number of processor faces = 28945
    Number of boundary faces = 34

Processor 336
    Number of cells = 127606
    Number of points = 154277
    Number of faces shared with processor 304 = 4
    Number of faces shared with processor 448 = 157
    Number of faces shared with processor 320 = 2081
    Number of faces shared with processor 464 = 1956
    Number of faces shared with processor 208 = 1689
    Number of faces shared with processor 80 = 4
    Number of faces shared with processor 352 = 1858
    Number of faces shared with processor 480 = 179
    Number of faces shared with processor 224 = 68
    Number of processor patches = 9
    Number of processor faces = 7996
    Number of boundary faces = 16415

Processor 337
    Number of cells = 127606
    Number of points = 156396
    Number of faces shared with processor 321 = 980
    Number of faces shared with processor 465 = 1921
    Number of faces shared with processor 209 = 2154
    Number of faces shared with processor 466 = 7
    Number of faces shared with processor 338 = 2617
    Number of faces shared with processor 352 = 551
    Number of faces shared with processor 224 = 499
    Number of faces shared with processor 481 = 275
    Number of faces shared with processor 353 = 3615
    Number of faces shared with processor 482 = 10
    Number of faces shared with processor 354 = 77
    Number of processor patches = 11
    Number of processor faces = 12706
    Number of boundary faces = 16747

Processor 338
    Number of cells = 127606
    Number of points = 156313
    Number of faces shared with processor 321 = 15
    Number of faces shared with processor 322 = 1242
    Number of faces shared with processor 194 = 82
    Number of faces shared with processor 337 = 2617
    Number of faces shared with processor 209 = 222
    Number of faces shared with processor 466 = 2928
    Number of faces shared with processor 210 = 1530
    Number of faces shared with processor 339 = 887
    Number of faces shared with processor 211 = 46
    Number of faces shared with processor 354 = 2403
    Number of faces shared with processor 482 = 525
    Number of faces shared with processor 355 = 612
    Number of processor patches = 12
    Number of processor faces = 13109
    Number of boundary faces = 15569

Processor 339
    Number of cells = 127606
    Number of points = 159212
    Number of faces shared with processor 450 = 859
    Number of faces shared with processor 322 = 1439
    Number of faces shared with processor 466 = 1204
    Number of faces shared with processor 338 = 887
    Number of faces shared with processor 467 = 1522
    Number of faces shared with processor 211 = 2054
    Number of faces shared with processor 483 = 2117
    Number of faces shared with processor 355 = 2082
    Number of processor patches = 8
    Number of processor faces = 12164
    Number of boundary faces = 15469

Processor 340
    Number of cells = 127606
    Number of points = 156864
    Number of faces shared with processor 451 = 766
    Number of faces shared with processor 323 = 438
    Number of faces shared with processor 195 = 861
    Number of faces shared with processor 452 = 514
    Number of faces shared with processor 324 = 2558
    Number of faces shared with processor 196 = 2023
    Number of faces shared with processor 197 = 74
    Number of faces shared with processor 467 = 933
    Number of faces shared with processor 468 = 2095
    Number of faces shared with processor 212 = 2567
    Number of faces shared with processor 484 = 44
    Number of faces shared with processor 356 = 570
    Number of processor patches = 12
    Number of processor faces = 13443
    Number of boundary faces = 18092

Processor 341
    Number of cells = 127606
    Number of points = 156426
    Number of faces shared with processor 453 = 415
    Number of faces shared with processor 468 = 1624
    Number of faces shared with processor 469 = 3860
    Number of faces shared with processor 213 = 1478
    Number of faces shared with processor 342 = 512
    Number of faces shared with processor 214 = 28
    Number of faces shared with processor 484 = 1335
    Number of faces shared with processor 228 = 29
    Number of faces shared with processor 485 = 3516
    Number of faces shared with processor 229 = 1382
    Number of processor patches = 10
    Number of processor faces = 14179
    Number of boundary faces = 15569

Processor 342
    Number of cells = 127606
    Number of points = 149289
    Number of faces shared with processor 326 = 1
    Number of faces shared with processor 469 = 688
    Number of faces shared with processor 341 = 512
    Number of faces shared with processor 470 = 3363
    Number of faces shared with processor 214 = 1276
    Number of faces shared with processor 343 = 1071
    Number of faces shared with processor 485 = 264
    Number of faces shared with processor 486 = 1949
    Number of faces shared with processor 487 = 547
    Number of processor patches = 9
    Number of processor faces = 9671
    Number of boundary faces = 14432

Processor 343
    Number of cells = 127606
    Number of points = 154932
    Number of faces shared with processor 199 = 74
    Number of faces shared with processor 470 = 392
    Number of faces shared with processor 342 = 1071
    Number of faces shared with processor 471 = 7046
    Number of faces shared with processor 215 = 5574
    Number of faces shared with processor 344 = 356
    Number of faces shared with processor 472 = 731
    Number of faces shared with processor 216 = 104
    Number of faces shared with processor 88 = 58
    Number of faces shared with processor 487 = 3717
    Number of processor patches = 10
    Number of processor faces = 19123
    Number of boundary faces = 20183

Processor 344
    Number of cells = 127606
    Number of points = 153072
    Number of faces shared with processor 343 = 356
    Number of faces shared with processor 472 = 1949
    Number of faces shared with processor 216 = 708
    Number of faces shared with processor 345 = 2142
    Number of faces shared with processor 473 = 1605
    Number of faces shared with processor 217 = 254
    Number of faces shared with processor 487 = 525
    Number of faces shared with processor 360 = 1025
    Number of faces shared with processor 488 = 4178
    Number of faces shared with processor 232 = 228
    Number of processor patches = 10
    Number of processor faces = 12970
    Number of boundary faces = 16621

Processor 345
    Number of cells = 127606
    Number of points = 155927
    Number of faces shared with processor 329 = 3267
    Number of faces shared with processor 330 = 556
    Number of faces shared with processor 344 = 2142
    Number of faces shared with processor 473 = 769
    Number of faces shared with processor 217 = 1886
    Number of faces shared with processor 474 = 728
    Number of faces shared with processor 346 = 1442
    Number of faces shared with processor 360 = 54
    Number of faces shared with processor 489 = 1589
    Number of faces shared with processor 361 = 1406
    Number of processor patches = 10
    Number of processor faces = 13839
    Number of boundary faces = 12694

Processor 346
    Number of cells = 127606
    Number of points = 155202
    Number of faces shared with processor 330 = 937
    Number of faces shared with processor 202 = 340
    Number of faces shared with processor 345 = 1442
    Number of faces shared with processor 217 = 574
    Number of faces shared with processor 474 = 2608
    Number of faces shared with processor 218 = 1693
    Number of faces shared with processor 347 = 1564
    Number of faces shared with processor 219 = 286
    Number of faces shared with processor 489 = 33
    Number of faces shared with processor 361 = 324
    Number of faces shared with processor 490 = 1103
    Number of faces shared with processor 362 = 2132
    Number of faces shared with processor 363 = 491
    Number of faces shared with processor 491 = 279
    Number of faces shared with processor 235 = 145
    Number of processor patches = 15
    Number of processor faces = 13951
    Number of boundary faces = 14142

Processor 347
    Number of cells = 127606
    Number of points = 158423
    Number of faces shared with processor 330 = 963
    Number of faces shared with processor 331 = 124
    Number of faces shared with processor 474 = 591
    Number of faces shared with processor 346 = 1564
    Number of faces shared with processor 475 = 149
    Number of faces shared with processor 219 = 7564
    Number of faces shared with processor 220 = 305
    Number of faces shared with processor 363 = 2414
    Number of faces shared with processor 491 = 1042
    Number of faces shared with processor 236 = 25
    Number of processor patches = 10
    Number of processor faces = 14741
    Number of boundary faces = 17974

Processor 348
    Number of cells = 127606
    Number of points = 152812
    Number of faces shared with processor 332 = 214
    Number of faces shared with processor 204 = 512
    Number of faces shared with processor 475 = 717
    Number of faces shared with processor 476 = 5864
    Number of faces shared with processor 220 = 654
    Number of faces shared with processor 477 = 882
    Number of faces shared with processor 491 = 3
    Number of faces shared with processor 492 = 1976
    Number of faces shared with processor 493 = 1188
    Number of processor patches = 9
    Number of processor faces = 12010
    Number of boundary faces = 14509

Processor 349
    Number of cells = 127606
    Number of points = 147458
    Number of faces shared with processor 333 = 2335
    Number of faces shared with processor 205 = 203
    Number of faces shared with processor 334 = 115
    Number of faces shared with processor 206 = 35
    Number of faces shared with processor 477 = 2033
    Number of faces shared with processor 221 = 1954
    Number of faces shared with processor 350 = 391
    Number of faces shared with processor 222 = 119
    Number of faces shared with processor 493 = 543
    Number of faces shared with processor 365 = 2327
    Number of processor patches = 10
    Number of processor faces = 10055
    Number of boundary faces = 10953

Processor 350
    Number of cells = 127606
    Number of points = 137812
    Number of faces shared with processor 206 = 56
    Number of faces shared with processor 334 = 5282
    Number of faces shared with processor 463 = 143
    Number of faces shared with processor 335 = 299
    Number of faces shared with processor 477 = 187
    Number of faces shared with processor 349 = 391
    Number of faces shared with processor 478 = 3835
    Number of faces shared with processor 222 = 3836
    Number of faces shared with processor 351 = 242
    Number of faces shared with processor 479 = 132
    Number of faces shared with processor 365 = 126
    Number of faces shared with processor 493 = 112
    Number of faces shared with processor 494 = 45
    Number of faces shared with processor 366 = 5292
    Number of processor patches = 14
    Number of processor faces = 19978
    Number of boundary faces = 0

Processor 351
    Number of cells = 127607
    Number of points = 146571
    Number of faces shared with processor 463 = 2
    Number of faces shared with processor 335 = 6995
    Number of faces shared with processor 207 = 173
    Number of faces shared with processor 350 = 242
    Number of faces shared with processor 222 = 374
    Number of faces shared with processor 94 = 165
    Number of faces shared with processor 479 = 3540
    Number of faces shared with processor 223 = 8582
    Number of faces shared with processor 366 = 528
    Number of faces shared with processor 238 = 816
    Number of faces shared with processor 110 = 360
    Number of faces shared with processor 495 = 2622
    Number of faces shared with processor 367 = 4099
    Number of faces shared with processor 510 = 3
    Number of faces shared with processor 382 = 153
    Number of faces shared with processor 254 = 57
    Number of processor patches = 16
    Number of processor faces = 28711
    Number of boundary faces = 3

Processor 352
    Number of cells = 127606
    Number of points = 159654
    Number of faces shared with processor 321 = 802
    Number of faces shared with processor 336 = 1858
    Number of faces shared with processor 208 = 1
    Number of faces shared with processor 465 = 854
    Number of faces shared with processor 337 = 551
    Number of faces shared with processor 480 = 1637
    Number of faces shared with processor 224 = 4243
    Number of faces shared with processor 96 = 4
    Number of faces shared with processor 481 = 186
    Number of faces shared with processor 353 = 173
    Number of faces shared with processor 496 = 633
    Number of faces shared with processor 368 = 2316
    Number of processor patches = 12
    Number of processor faces = 13258
    Number of boundary faces = 15837

Processor 353
    Number of cells = 127606
    Number of points = 159949
    Number of faces shared with processor 337 = 3615
    Number of faces shared with processor 209 = 631
    Number of faces shared with processor 352 = 173
    Number of faces shared with processor 224 = 420
    Number of faces shared with processor 481 = 1528
    Number of faces shared with processor 225 = 1987
    Number of faces shared with processor 354 = 1854
    Number of faces shared with processor 482 = 180
    Number of faces shared with processor 368 = 1558
    Number of faces shared with processor 240 = 2
    Number of faces shared with processor 369 = 2132
    Number of faces shared with processor 241 = 1215
    Number of faces shared with processor 370 = 176
    Number of processor patches = 13
    Number of processor faces = 15471
    Number of boundary faces = 17844

Processor 354
    Number of cells = 127606
    Number of points = 160849
    Number of faces shared with processor 337 = 77
    Number of faces shared with processor 209 = 21
    Number of faces shared with processor 338 = 2403
    Number of faces shared with processor 210 = 543
    Number of faces shared with processor 353 = 1854
    Number of faces shared with processor 225 = 316
    Number of faces shared with processor 482 = 2068
    Number of faces shared with processor 226 = 1228
    Number of faces shared with processor 355 = 1852
    Number of faces shared with processor 227 = 391
    Number of faces shared with processor 370 = 3641
    Number of faces shared with processor 242 = 607
    Number of processor patches = 12
    Number of processor faces = 15001
    Number of boundary faces = 18128

Processor 355
    Number of cells = 127606
    Number of points = 157440
    Number of faces shared with processor 338 = 612
    Number of faces shared with processor 210 = 8
    Number of faces shared with processor 339 = 2082
    Number of faces shared with processor 211 = 494
    Number of faces shared with processor 354 = 1852
    Number of faces shared with processor 483 = 1516
    Number of faces shared with processor 227 = 2026
    Number of faces shared with processor 370 = 134
    Number of faces shared with processor 242 = 1
    Number of faces shared with processor 371 = 1251
    Number of faces shared with processor 243 = 1471
    Number of processor patches = 11
    Number of processor faces = 11447
    Number of boundary faces = 19767

Processor 356
    Number of cells = 127606
    Number of points = 158028
    Number of faces shared with processor 467 = 1208
    Number of faces shared with processor 340 = 570
    Number of faces shared with processor 483 = 572
    Number of faces shared with processor 484 = 3309
    Number of faces shared with processor 228 = 1559
    Number of faces shared with processor 357 = 1767
    Number of faces shared with processor 499 = 42
    Number of faces shared with processor 500 = 1343
    Number of processor patches = 8
    Number of processor faces = 10370
    Number of boundary faces = 15446

Processor 357
    Number of cells = 127606
    Number of points = 150020
    Number of faces shared with processor 484 = 121
    Number of faces shared with processor 356 = 1767
    Number of faces shared with processor 228 = 118
    Number of faces shared with processor 485 = 2172
    Number of faces shared with processor 229 = 733
    Number of faces shared with processor 358 = 713
    Number of faces shared with processor 486 = 431
    Number of faces shared with processor 500 = 573
    Number of faces shared with processor 373 = 2563
    Number of faces shared with processor 501 = 1305
    Number of processor patches = 10
    Number of processor faces = 10496
    Number of boundary faces = 14899

Processor 358
    Number of cells = 127606
    Number of points = 151948
    Number of faces shared with processor 357 = 713
    Number of faces shared with processor 229 = 128
    Number of faces shared with processor 486 = 3001
    Number of faces shared with processor 230 = 761
    Number of faces shared with processor 359 = 725
    Number of faces shared with processor 373 = 53
    Number of faces shared with processor 374 = 4781
    Number of faces shared with processor 502 = 2534
    Number of faces shared with processor 375 = 117
    Number of faces shared with processor 503 = 91
    Number of processor patches = 10
    Number of processor faces = 12904
    Number of boundary faces = 17305

Processor 359
    Number of cells = 127606
    Number of points = 149631
    Number of faces shared with processor 486 = 504
    Number of faces shared with processor 358 = 725
    Number of faces shared with processor 230 = 40
    Number of faces shared with processor 487 = 1857
    Number of faces shared with processor 231 = 311
    Number of faces shared with processor 488 = 830
    Number of faces shared with processor 360 = 371
    Number of faces shared with processor 503 = 2991
    Number of faces shared with processor 375 = 5523
    Number of faces shared with processor 504 = 79
    Number of faces shared with processor 376 = 146
    Number of processor patches = 11
    Number of processor faces = 13377
    Number of boundary faces = 18054

Processor 360
    Number of cells = 127606
    Number of points = 161104
    Number of faces shared with processor 344 = 1025
    Number of faces shared with processor 345 = 54
    Number of faces shared with processor 359 = 371
    Number of faces shared with processor 231 = 34
    Number of faces shared with processor 488 = 1406
    Number of faces shared with processor 232 = 1162
    Number of faces shared with processor 489 = 655
    Number of faces shared with processor 361 = 1437
    Number of faces shared with processor 504 = 2420
    Number of faces shared with processor 376 = 8937
    Number of faces shared with processor 248 = 1443
    Number of faces shared with processor 505 = 664
    Number of faces shared with processor 377 = 654
    Number of faces shared with processor 249 = 9
    Number of processor patches = 14
    Number of processor faces = 20271
    Number of boundary faces = 21543

Processor 361
    Number of cells = 127606
    Number of points = 159954
    Number of faces shared with processor 345 = 1406
    Number of faces shared with processor 217 = 2419
    Number of faces shared with processor 218 = 33
    Number of faces shared with processor 346 = 324
    Number of faces shared with processor 360 = 1437
    Number of faces shared with processor 489 = 1191
    Number of faces shared with processor 233 = 1935
    Number of faces shared with processor 490 = 551
    Number of faces shared with processor 362 = 1745
    Number of faces shared with processor 377 = 768
    Number of faces shared with processor 249 = 1390
    Number of faces shared with processor 378 = 196
    Number of faces shared with processor 250 = 20
    Number of processor patches = 13
    Number of processor faces = 13415
    Number of boundary faces = 17797

Processor 362
    Number of cells = 127606
    Number of points = 160483
    Number of faces shared with processor 346 = 2132
    Number of faces shared with processor 218 = 916
    Number of faces shared with processor 361 = 1745
    Number of faces shared with processor 233 = 384
    Number of faces shared with processor 490 = 1596
    Number of faces shared with processor 234 = 1533
    Number of faces shared with processor 363 = 985
    Number of faces shared with processor 235 = 656
    Number of faces shared with processor 378 = 793
    Number of faces shared with processor 250 = 3861
    Number of processor patches = 10
    Number of processor faces = 14601
    Number of boundary faces = 18779

Processor 363
    Number of cells = 127606
    Number of points = 159679
    Number of faces shared with processor 346 = 491
    Number of faces shared with processor 347 = 2414
    Number of faces shared with processor 219 = 702
    Number of faces shared with processor 490 = 29
    Number of faces shared with processor 362 = 985
    Number of faces shared with processor 491 = 1536
    Number of faces shared with processor 235 = 1841
    Number of faces shared with processor 236 = 2715
    Number of faces shared with processor 378 = 5
    Number of faces shared with processor 250 = 5
    Number of faces shared with processor 379 = 1376
    Number of faces shared with processor 251 = 1284
    Number of processor patches = 12
    Number of processor faces = 13383
    Number of boundary faces = 17867

Processor 364
    Number of cells = 127606
    Number of points = 149010
    Number of faces shared with processor 220 = 151
    Number of faces shared with processor 491 = 576
    Number of faces shared with processor 236 = 1258
    Number of faces shared with processor 492 = 1803
    Number of faces shared with processor 237 = 371
    Number of faces shared with processor 365 = 1694
    Number of faces shared with processor 379 = 467
    Number of faces shared with processor 507 = 111
    Number of faces shared with processor 380 = 3054
    Number of faces shared with processor 252 = 153
    Number of faces shared with processor 381 = 55
    Number of processor patches = 11
    Number of processor faces = 9693
    Number of boundary faces = 13421

Processor 365
    Number of cells = 127606
    Number of points = 144238
    Number of faces shared with processor 220 = 382
    Number of faces shared with processor 349 = 2327
    Number of faces shared with processor 221 = 148
    Number of faces shared with processor 350 = 126
    Number of faces shared with processor 222 = 63
    Number of faces shared with processor 492 = 250
    Number of faces shared with processor 364 = 1694
    Number of faces shared with processor 493 = 2413
    Number of faces shared with processor 237 = 2424
    Number of faces shared with processor 366 = 324
    Number of faces shared with processor 238 = 154
    Number of faces shared with processor 381 = 2875
    Number of faces shared with processor 509 = 18
    Number of processor patches = 13
    Number of processor faces = 13198
    Number of boundary faces = 5252

Processor 366
    Number of cells = 127606
    Number of points = 137808
    Number of faces shared with processor 350 = 5292
    Number of faces shared with processor 222 = 42
    Number of faces shared with processor 479 = 288
    Number of faces shared with processor 351 = 528
    Number of faces shared with processor 493 = 288
    Number of faces shared with processor 365 = 324
    Number of faces shared with processor 494 = 3835
    Number of faces shared with processor 238 = 3833
    Number of faces shared with processor 381 = 108
    Number of faces shared with processor 509 = 96
    Number of faces shared with processor 382 = 3260
    Number of faces shared with processor 510 = 2076
    Number of processor patches = 12
    Number of processor faces = 19970
    Number of boundary faces = 0

Processor 367
    Number of cells = 127607
    Number of points = 184018
    Number of faces shared with processor 335 = 30
    Number of faces shared with processor 351 = 4099
    Number of faces shared with processor 223 = 3776
    Number of faces shared with processor 495 = 3293
    Number of faces shared with processor 239 = 45816
    Number of faces shared with processor 382 = 325
    Number of faces shared with processor 254 = 460
    Number of faces shared with processor 126 = 51
    Number of faces shared with processor 511 = 3735
    Number of faces shared with processor 383 = 2385
    Number of processor patches = 10
    Number of processor faces = 63970
    Number of boundary faces = 488

Processor 368
    Number of cells = 127608
    Number of points = 154960
    Number of faces shared with processor 352 = 2316
    Number of faces shared with processor 224 = 910
    Number of faces shared with processor 481 = 384
    Number of faces shared with processor 225 = 17
    Number of faces shared with processor 353 = 1558
    Number of faces shared with processor 496 = 3346
    Number of faces shared with processor 240 = 4537
    Number of faces shared with processor 497 = 1
    Number of faces shared with processor 369 = 2568
    Number of faces shared with processor 241 = 668
    Number of processor patches = 10
    Number of processor faces = 16305
    Number of boundary faces = 10792

Processor 369
    Number of cells = 127608
    Number of points = 154827
    Number of faces shared with processor 481 = 1231
    Number of faces shared with processor 353 = 2132
    Number of faces shared with processor 368 = 2568
    Number of faces shared with processor 240 = 1
    Number of faces shared with processor 497 = 2206
    Number of faces shared with processor 241 = 2634
    Number of faces shared with processor 113 = 5
    Number of faces shared with processor 498 = 668
    Number of faces shared with processor 370 = 2347
    Number of faces shared with processor 371 = 3
    Number of processor patches = 10
    Number of processor faces = 13795
    Number of boundary faces = 13479

Processor 370
    Number of cells = 127608
    Number of points = 154081
    Number of faces shared with processor 481 = 48
    Number of faces shared with processor 353 = 176
    Number of faces shared with processor 482 = 916
    Number of faces shared with processor 354 = 3641
    Number of faces shared with processor 355 = 134
    Number of faces shared with processor 369 = 2347
    Number of faces shared with processor 241 = 553
    Number of faces shared with processor 498 = 1780
    Number of faces shared with processor 242 = 1830
    Number of faces shared with processor 371 = 1324
    Number of faces shared with processor 243 = 765
    Number of processor patches = 11
    Number of processor faces = 13514
    Number of boundary faces = 13840

Processor 371
    Number of cells = 127608
    Number of points = 154467
    Number of faces shared with processor 483 = 1514
    Number of faces shared with processor 355 = 1251
    Number of faces shared with processor 369 = 3
    Number of faces shared with processor 498 = 998
    Number of faces shared with processor 370 = 1324
    Number of faces shared with processor 499 = 2871
    Number of faces shared with processor 243 = 3105
    Number of faces shared with processor 115 = 3
    Number of faces shared with processor 372 = 982
    Number of faces shared with processor 244 = 718
    Number of processor patches = 10
    Number of processor faces = 12769
    Number of boundary faces = 11595

Processor 372
    Number of cells = 127608
    Number of points = 144268
    Number of faces shared with processor 229 = 450
    Number of faces shared with processor 499 = 1221
    Number of faces shared with processor 371 = 982
    Number of faces shared with processor 500 = 2813
    Number of faces shared with processor 244 = 2659
    Number of faces shared with processor 245 = 799
    Number of faces shared with processor 373 = 1586
    Number of processor patches = 7
    Number of processor faces = 10510
    Number of boundary faces = 9883

Processor 373
    Number of cells = 127608
    Number of points = 144199
    Number of faces shared with processor 357 = 2563
    Number of faces shared with processor 229 = 8103
    Number of faces shared with processor 358 = 53
    Number of faces shared with processor 230 = 114
    Number of faces shared with processor 500 = 1376
    Number of faces shared with processor 372 = 1586
    Number of faces shared with processor 501 = 2208
    Number of faces shared with processor 245 = 2616
    Number of faces shared with processor 374 = 1994
    Number of faces shared with processor 502 = 766
    Number of faces shared with processor 503 = 1
    Number of faces shared with processor 375 = 2
    Number of processor patches = 12
    Number of processor faces = 21382
    Number of boundary faces = 0

Processor 374
    Number of cells = 127608
    Number of points = 147773
    Number of faces shared with processor 358 = 4781
    Number of faces shared with processor 230 = 7755
    Number of faces shared with processor 373 = 1994
    Number of faces shared with processor 245 = 316
    Number of faces shared with processor 502 = 2812
    Number of faces shared with processor 246 = 2819
    Number of faces shared with processor 503 = 121
    Number of faces shared with processor 375 = 2201
    Number of processor patches = 8
    Number of processor faces = 22799
    Number of boundary faces = 1296

Processor 375
    Number of cells = 127608
    Number of points = 143869
    Number of faces shared with processor 358 = 117
    Number of faces shared with processor 230 = 319
    Number of faces shared with processor 359 = 5523
    Number of faces shared with processor 231 = 3740
    Number of faces shared with processor 373 = 2
    Number of faces shared with processor 502 = 1
    Number of faces shared with processor 374 = 2201
    Number of faces shared with processor 246 = 102
    Number of faces shared with processor 503 = 2593
    Number of faces shared with processor 247 = 2977
    Number of faces shared with processor 376 = 2272
    Number of faces shared with processor 248 = 144
    Number of processor patches = 12
    Number of processor faces = 19991
    Number of boundary faces = 1186

Processor 376
    Number of cells = 127608
    Number of points = 145904
    Number of faces shared with processor 359 = 146
    Number of faces shared with processor 231 = 153
    Number of faces shared with processor 360 = 8937
    Number of faces shared with processor 503 = 184
    Number of faces shared with processor 375 = 2272
    Number of faces shared with processor 504 = 2569
    Number of faces shared with processor 248 = 2895
    Number of faces shared with processor 505 = 901
    Number of faces shared with processor 377 = 2077
    Number of faces shared with processor 506 = 3
    Number of processor patches = 10
    Number of processor faces = 20137
    Number of boundary faces = 2717

Processor 377
    Number of cells = 127608
    Number of points = 150672
    Number of faces shared with processor 360 = 654
    Number of faces shared with processor 489 = 1849
    Number of faces shared with processor 361 = 768
    Number of faces shared with processor 376 = 2077
    Number of faces shared with processor 248 = 759
    Number of faces shared with processor 505 = 1959
    Number of faces shared with processor 249 = 2253
    Number of faces shared with processor 506 = 347
    Number of faces shared with processor 378 = 3165
    Number of processor patches = 9
    Number of processor faces = 13831
    Number of boundary faces = 9806

Processor 378
    Number of cells = 127608
    Number of points = 150040
    Number of faces shared with processor 489 = 47
    Number of faces shared with processor 361 = 196
    Number of faces shared with processor 490 = 1553
    Number of faces shared with processor 362 = 793
    Number of faces shared with processor 491 = 6
    Number of faces shared with processor 363 = 5
    Number of faces shared with processor 248 = 3
    Number of faces shared with processor 120 = 1
    Number of faces shared with processor 377 = 3165
    Number of faces shared with processor 249 = 472
    Number of faces shared with processor 506 = 2207
    Number of faces shared with processor 250 = 2012
    Number of faces shared with processor 122 = 3
    Number of faces shared with processor 379 = 2857
    Number of faces shared with processor 251 = 865
    Number of faces shared with processor 252 = 3
    Number of processor patches = 16
    Number of processor faces = 14188
    Number of boundary faces = 9588

Processor 379
    Number of cells = 127608
    Number of points = 150921
    Number of faces shared with processor 491 = 1987
    Number of faces shared with processor 363 = 1376
    Number of faces shared with processor 364 = 467
    Number of faces shared with processor 236 = 102
    Number of faces shared with processor 506 = 526
    Number of faces shared with processor 378 = 2857
    Number of faces shared with processor 507 = 2129
    Number of faces shared with processor 251 = 2396
    Number of faces shared with processor 380 = 1649
    Number of faces shared with processor 252 = 672
    Number of processor patches = 10
    Number of processor faces = 14161
    Number of boundary faces = 9016

Processor 380
    Number of cells = 127608
    Number of points = 136973
    Number of faces shared with processor 492 = 456
    Number of faces shared with processor 364 = 3054
    Number of faces shared with processor 506 = 3
    Number of faces shared with processor 379 = 1649
    Number of faces shared with processor 507 = 1317
    Number of faces shared with processor 508 = 2249
    Number of faces shared with processor 252 = 2699
    Number of faces shared with processor 509 = 1
    Number of faces shared with processor 381 = 2909
    Number of processor patches = 9
    Number of processor faces = 14337
    Number of boundary faces = 0

Processor 381
    Number of cells = 127608
    Number of points = 137029
    Number of faces shared with processor 492 = 10
    Number of faces shared with processor 364 = 55
    Number of faces shared with processor 236 = 2
    Number of faces shared with processor 365 = 2875
    Number of faces shared with processor 237 = 770
    Number of faces shared with processor 366 = 108
    Number of faces shared with processor 238 = 90
    Number of faces shared with processor 508 = 45
    Number of faces shared with processor 380 = 2909
    Number of faces shared with processor 252 = 181
    Number of faces shared with processor 509 = 2283
    Number of faces shared with processor 253 = 2489
    Number of faces shared with processor 382 = 666
    Number of processor patches = 13
    Number of processor faces = 12483
    Number of boundary faces = 0

Processor 382
    Number of cells = 127608
    Number of points = 142375
    Number of faces shared with processor 351 = 153
    Number of faces shared with processor 366 = 3260
    Number of faces shared with processor 238 = 4860
    Number of faces shared with processor 495 = 377
    Number of faces shared with processor 367 = 325
    Number of faces shared with processor 508 = 15
    Number of faces shared with processor 509 = 64
    Number of faces shared with processor 381 = 666
    Number of faces shared with processor 253 = 459
    Number of faces shared with processor 510 = 3236
    Number of faces shared with processor 254 = 5294
    Number of faces shared with processor 511 = 140
    Number of processor patches = 12
    Number of processor faces = 18849
    Number of boundary faces = 3

Processor 383
    Number of cells = 127608
    Number of points = 191280
    Number of faces shared with processor 367 = 2385
    Number of faces shared with processor 239 = 1007
    Number of faces shared with processor 254 = 107
    Number of faces shared with processor 126 = 134
    Number of faces shared with processor 511 = 18015
    Number of faces shared with processor 127 = 151
    Number of faces shared with processor 255 = 58628
    Number of processor patches = 7
    Number of processor faces = 80427
    Number of boundary faces = 1548

Processor 384
    Number of cells = 127609
    Number of points = 151743
    Number of faces shared with processor 256 = 3563
    Number of faces shared with processor 128 = 76
    Number of faces shared with processor 257 = 4
    Number of faces shared with processor 385 = 3433
    Number of faces shared with processor 387 = 103
    Number of faces shared with processor 389 = 143
    Number of faces shared with processor 400 = 4575
    Number of faces shared with processor 272 = 618
    Number of faces shared with processor 401 = 796
    Number of faces shared with processor 405 = 9
    Number of faces shared with processor 416 = 88
    Number of faces shared with processor 160 = 1
    Number of faces shared with processor 464 = 4
    Number of faces shared with processor 496 = 268
    Number of processor patches = 14
    Number of processor faces = 13681
    Number of boundary faces = 5537

Processor 385
    Number of cells = 127609
    Number of points = 156871
    Number of faces shared with processor 384 = 3433
    Number of faces shared with processor 257 = 2238
    Number of faces shared with processor 386 = 4325
    Number of faces shared with processor 387 = 74
    Number of faces shared with processor 401 = 4991
    Number of faces shared with processor 402 = 1
    Number of faces shared with processor 433 = 5
    Number of processor patches = 7
    Number of processor faces = 15067
    Number of boundary faces = 9490

Processor 386
    Number of cells = 127609
    Number of points = 152766
    Number of faces shared with processor 385 = 4325
    Number of faces shared with processor 257 = 704
    Number of faces shared with processor 258 = 1776
    Number of faces shared with processor 387 = 3882
    Number of faces shared with processor 259 = 1025
    Number of faces shared with processor 401 = 101
    Number of faces shared with processor 402 = 3422
    Number of faces shared with processor 403 = 167
    Number of processor patches = 8
    Number of processor faces = 15402
    Number of boundary faces = 10963

Processor 387
    Number of cells = 127609
    Number of points = 151509
    Number of faces shared with processor 384 = 103
    Number of faces shared with processor 385 = 74
    Number of faces shared with processor 386 = 3882
    Number of faces shared with processor 259 = 2811
    Number of faces shared with processor 131 = 20
    Number of faces shared with processor 388 = 2260
    Number of faces shared with processor 260 = 1202
    Number of faces shared with processor 389 = 32
    Number of faces shared with processor 390 = 103
    Number of faces shared with processor 402 = 1
    Number of faces shared with processor 403 = 3477
    Number of faces shared with processor 404 = 24
    Number of faces shared with processor 276 = 63
    Number of faces shared with processor 148 = 94
    Number of faces shared with processor 405 = 1
    Number of faces shared with processor 419 = 9
    Number of processor patches = 16
    Number of processor faces = 14156
    Number of boundary faces = 9345

Processor 388
    Number of cells = 127609
    Number of points = 149165
    Number of faces shared with processor 387 = 2260
    Number of faces shared with processor 260 = 2764
    Number of faces shared with processor 132 = 3
    Number of faces shared with processor 389 = 3119
    Number of faces shared with processor 261 = 1295
    Number of faces shared with processor 404 = 1745
    Number of faces shared with processor 276 = 1385
    Number of faces shared with processor 148 = 2251
    Number of faces shared with processor 405 = 321
    Number of faces shared with processor 277 = 522
    Number of faces shared with processor 149 = 81
    Number of processor patches = 11
    Number of processor faces = 15746
    Number of boundary faces = 6221

Processor 389
    Number of cells = 127609
    Number of points = 147570
    Number of faces shared with processor 384 = 143
    Number of faces shared with processor 387 = 32
    Number of faces shared with processor 388 = 3119
    Number of faces shared with processor 261 = 2075
    Number of faces shared with processor 390 = 2686
    Number of faces shared with processor 395 = 143
    Number of faces shared with processor 405 = 2218
    Number of faces shared with processor 277 = 1362
    Number of faces shared with processor 406 = 54
    Number of faces shared with processor 278 = 6
    Number of faces shared with processor 421 = 5
    Number of processor patches = 11
    Number of processor faces = 11843
    Number of boundary faces = 7013

Processor 390
    Number of cells = 127609
    Number of points = 139544
    Number of faces shared with processor 387 = 103
    Number of faces shared with processor 389 = 2686
    Number of faces shared with processor 261 = 730
    Number of faces shared with processor 262 = 2655
    Number of faces shared with processor 134 = 21
    Number of faces shared with processor 391 = 3291
    Number of faces shared with processor 263 = 1
    Number of faces shared with processor 392 = 175
    Number of faces shared with processor 405 = 1
    Number of faces shared with processor 406 = 2867
    Number of faces shared with processor 278 = 2609
    Number of faces shared with processor 422 = 13
    Number of faces shared with processor 438 = 4
    Number of processor patches = 13
    Number of processor faces = 15156
    Number of boundary faces = 147

Processor 391
    Number of cells = 127609
    Number of points = 139109
    Number of faces shared with processor 390 = 3291
    Number of faces shared with processor 262 = 165
    Number of faces shared with processor 263 = 2548
    Number of faces shared with processor 392 = 3486
    Number of faces shared with processor 264 = 189
    Number of faces shared with processor 406 = 103
    Number of faces shared with processor 278 = 105
    Number of faces shared with processor 407 = 2005
    Number of faces shared with processor 279 = 3127
    Number of processor patches = 9
    Number of processor faces = 15019
    Number of boundary faces = 0

Processor 392
    Number of cells = 127609
    Number of points = 141820
    Number of faces shared with processor 390 = 175
    Number of faces shared with processor 391 = 3486
    Number of faces shared with processor 263 = 1
    Number of faces shared with processor 264 = 2589
    Number of faces shared with processor 136 = 21
    Number of faces shared with processor 393 = 4097
    Number of faces shared with processor 394 = 96
    Number of faces shared with processor 395 = 32
    Number of faces shared with processor 396 = 103
    Number of faces shared with processor 407 = 38
    Number of faces shared with processor 279 = 73
    Number of faces shared with processor 408 = 3539
    Number of faces shared with processor 280 = 2536
    Number of faces shared with processor 411 = 1
    Number of faces shared with processor 424 = 6
    Number of faces shared with processor 440 = 4
    Number of processor patches = 16
    Number of processor faces = 16797
    Number of boundary faces = 781

Processor 393
    Number of cells = 127609
    Number of points = 143291
    Number of faces shared with processor 392 = 4097
    Number of faces shared with processor 264 = 916
    Number of faces shared with processor 265 = 2080
    Number of faces shared with processor 394 = 5756
    Number of faces shared with processor 408 = 444
    Number of faces shared with processor 280 = 724
    Number of faces shared with processor 409 = 4563
    Number of faces shared with processor 425 = 4
    Number of processor patches = 8
    Number of processor faces = 18584
    Number of boundary faces = 3185

Processor 394
    Number of cells = 127609
    Number of points = 145647
    Number of faces shared with processor 264 = 2
    Number of faces shared with processor 392 = 96
    Number of faces shared with processor 393 = 5756
    Number of faces shared with processor 265 = 432
    Number of faces shared with processor 266 = 2362
    Number of faces shared with processor 395 = 5699
    Number of faces shared with processor 267 = 619
    Number of faces shared with processor 396 = 71
    Number of faces shared with processor 268 = 3
    Number of faces shared with processor 409 = 304
    Number of faces shared with processor 410 = 4600
    Number of faces shared with processor 411 = 15
    Number of faces shared with processor 426 = 9
    Number of processor patches = 13
    Number of processor faces = 19968
    Number of boundary faces = 4954

Processor 395
    Number of cells = 127609
    Number of points = 141150
    Number of faces shared with processor 389 = 143
    Number of faces shared with processor 392 = 32
    Number of faces shared with processor 394 = 5699
    Number of faces shared with processor 267 = 2108
    Number of faces shared with processor 396 = 3960
    Number of faces shared with processor 268 = 1163
    Number of faces shared with processor 398 = 143
    Number of faces shared with processor 411 = 4351
    Number of faces shared with processor 412 = 499
    Number of faces shared with processor 284 = 83
    Number of processor patches = 10
    Number of processor faces = 18181
    Number of boundary faces = 737

Processor 396
    Number of cells = 127609
    Number of points = 138553
    Number of faces shared with processor 392 = 103
    Number of faces shared with processor 394 = 71
    Number of faces shared with processor 395 = 3960
    Number of faces shared with processor 268 = 2289
    Number of faces shared with processor 140 = 20
    Number of faces shared with processor 397 = 3861
    Number of faces shared with processor 269 = 84
    Number of faces shared with processor 398 = 103
    Number of faces shared with processor 411 = 1
    Number of faces shared with processor 412 = 4248
    Number of faces shared with processor 413 = 1
    Number of faces shared with processor 428 = 5
    Number of faces shared with processor 444 = 4
    Number of processor patches = 13
    Number of processor faces = 14750
    Number of boundary faces = 3

Processor 397
    Number of cells = 127609
    Number of points = 138321
    Number of faces shared with processor 396 = 3861
    Number of faces shared with processor 269 = 2300
    Number of faces shared with processor 398 = 1794
    Number of faces shared with processor 270 = 54
    Number of faces shared with processor 412 = 1
    Number of faces shared with processor 413 = 4483
    Number of faces shared with processor 414 = 321
    Number of faces shared with processor 286 = 119
    Number of processor patches = 8
    Number of processor faces = 12933
    Number of boundary faces = 0

Processor 398
    Number of cells = 127609
    Number of points = 142033
    Number of faces shared with processor 395 = 143
    Number of faces shared with processor 396 = 103
    Number of faces shared with processor 397 = 1794
    Number of faces shared with processor 270 = 3129
    Number of faces shared with processor 142 = 60
    Number of faces shared with processor 399 = 686
    Number of faces shared with processor 414 = 6851
    Number of faces shared with processor 286 = 2103
    Number of faces shared with processor 415 = 1048
    Number of faces shared with processor 430 = 37
    Number of faces shared with processor 431 = 270
    Number of faces shared with processor 303 = 4
    Number of processor patches = 12
    Number of processor faces = 16228
    Number of boundary faces = 34

Processor 399
    Number of cells = 127608
    Number of points = 163530
    Number of faces shared with processor 398 = 686
    Number of faces shared with processor 270 = 124
    Number of faces shared with processor 142 = 205
    Number of faces shared with processor 271 = 18054
    Number of faces shared with processor 415 = 10558
    Number of faces shared with processor 287 = 3657
    Number of faces shared with processor 431 = 390
    Number of processor patches = 7
    Number of processor faces = 33674
    Number of boundary faces = 3371

Processor 400
    Number of cells = 127609
    Number of points = 158940
    Number of faces shared with processor 384 = 4575
    Number of faces shared with processor 272 = 1661
    Number of faces shared with processor 401 = 140
    Number of faces shared with processor 416 = 4900
    Number of faces shared with processor 288 = 177
    Number of faces shared with processor 417 = 648
    Number of faces shared with processor 432 = 95
    Number of faces shared with processor 433 = 445
    Number of faces shared with processor 305 = 473
    Number of processor patches = 9
    Number of processor faces = 13114
    Number of boundary faces = 10196

Processor 401
    Number of cells = 127609
    Number of points = 160146
    Number of faces shared with processor 384 = 796
    Number of faces shared with processor 256 = 385
    Number of faces shared with processor 385 = 4991
    Number of faces shared with processor 257 = 1340
    Number of faces shared with processor 386 = 101
    Number of faces shared with processor 258 = 54
    Number of faces shared with processor 400 = 140
    Number of faces shared with processor 272 = 175
    Number of faces shared with processor 273 = 1473
    Number of faces shared with processor 402 = 2446
    Number of faces shared with processor 417 = 6190
    Number of faces shared with processor 289 = 259
    Number of faces shared with processor 433 = 5
    Number of processor patches = 13
    Number of processor faces = 18355
    Number of boundary faces = 14775

Processor 402
    Number of cells = 127609
    Number of points = 155925
    Number of faces shared with processor 385 = 1
    Number of faces shared with processor 386 = 3422
    Number of faces shared with processor 258 = 923
    Number of faces shared with processor 387 = 1
    Number of faces shared with processor 401 = 2446
    Number of faces shared with processor 273 = 226
    Number of faces shared with processor 274 = 2219
    Number of faces shared with processor 403 = 1642
    Number of faces shared with processor 417 = 214
    Number of faces shared with processor 289 = 23
    Number of faces shared with processor 418 = 4122
    Number of faces shared with processor 290 = 571
    Number of faces shared with processor 419 = 2
    Number of faces shared with processor 434 = 4
    Number of processor patches = 14
    Number of processor faces = 15816
    Number of boundary faces = 14106

Processor 403
    Number of cells = 127609
    Number of points = 154610
    Number of faces shared with processor 386 = 167
    Number of faces shared with processor 387 = 3477
    Number of faces shared with processor 259 = 1361
    Number of faces shared with processor 402 = 1642
    Number of faces shared with processor 275 = 1515
    Number of faces shared with processor 404 = 425
    Number of faces shared with processor 276 = 569
    Number of faces shared with processor 148 = 203
    Number of faces shared with processor 418 = 642
    Number of faces shared with processor 419 = 1661
    Number of faces shared with processor 291 = 2409
    Number of processor patches = 11
    Number of processor faces = 14071
    Number of boundary faces = 13337

Processor 404
    Number of cells = 127609
    Number of points = 153381
    Number of faces shared with processor 387 = 24
    Number of faces shared with processor 388 = 1745
    Number of faces shared with processor 403 = 425
    Number of faces shared with processor 276 = 3326
    Number of faces shared with processor 405 = 2460
    Number of faces shared with processor 277 = 147
    Number of faces shared with processor 419 = 442
    Number of faces shared with processor 420 = 1906
    Number of faces shared with processor 292 = 144
    Number of faces shared with processor 421 = 330
    Number of faces shared with processor 293 = 1229
    Number of processor patches = 11
    Number of processor faces = 12178
    Number of boundary faces = 7989

Processor 405
    Number of cells = 127609
    Number of points = 148429
    Number of faces shared with processor 384 = 9
    Number of faces shared with processor 387 = 1
    Number of faces shared with processor 388 = 321
    Number of faces shared with processor 389 = 2218
    Number of faces shared with processor 390 = 1
    Number of faces shared with processor 404 = 2460
    Number of faces shared with processor 277 = 2131
    Number of faces shared with processor 406 = 1227
    Number of faces shared with processor 411 = 9
    Number of faces shared with processor 419 = 1
    Number of faces shared with processor 421 = 1451
    Number of faces shared with processor 293 = 3539
    Number of faces shared with processor 422 = 149
    Number of faces shared with processor 294 = 340
    Number of faces shared with processor 166 = 299
    Number of faces shared with processor 438 = 1
    Number of faces shared with processor 485 = 9
    Number of processor patches = 17
    Number of processor faces = 14166
    Number of boundary faces = 8270

Processor 406
    Number of cells = 127609
    Number of points = 147052
    Number of faces shared with processor 389 = 54
    Number of faces shared with processor 390 = 2867
    Number of faces shared with processor 391 = 103
    Number of faces shared with processor 405 = 1227
    Number of faces shared with processor 277 = 489
    Number of faces shared with processor 278 = 2600
    Number of faces shared with processor 407 = 1038
    Number of faces shared with processor 279 = 500
    Number of faces shared with processor 422 = 882
    Number of faces shared with processor 294 = 1934
    Number of faces shared with processor 166 = 3303
    Number of processor patches = 11
    Number of processor faces = 14997
    Number of boundary faces = 7550

Processor 407
    Number of cells = 127609
    Number of points = 147422
    Number of faces shared with processor 391 = 2005
    Number of faces shared with processor 392 = 38
    Number of faces shared with processor 406 = 1038
    Number of faces shared with processor 279 = 1881
    Number of faces shared with processor 408 = 1116
    Number of faces shared with processor 422 = 263
    Number of faces shared with processor 294 = 601
    Number of faces shared with processor 166 = 248
    Number of faces shared with processor 423 = 1283
    Number of faces shared with processor 295 = 3502
    Number of faces shared with processor 424 = 262
    Number of faces shared with processor 296 = 650
    Number of processor patches = 12
    Number of processor faces = 12887
    Number of boundary faces = 9037

Processor 408
    Number of cells = 127609
    Number of points = 148167
    Number of faces shared with processor 392 = 3539
    Number of faces shared with processor 393 = 444
    Number of faces shared with processor 407 = 1116
    Number of faces shared with processor 279 = 907
    Number of faces shared with processor 280 = 1412
    Number of faces shared with processor 409 = 1859
    Number of faces shared with processor 424 = 1067
    Number of faces shared with processor 296 = 3804
    Number of faces shared with processor 425 = 44
    Number of processor patches = 9
    Number of processor faces = 14192
    Number of boundary faces = 10001

Processor 409
    Number of cells = 127609
    Number of points = 155568
    Number of faces shared with processor 393 = 4563
    Number of faces shared with processor 265 = 1831
    Number of faces shared with processor 394 = 304
    Number of faces shared with processor 266 = 51
    Number of faces shared with processor 408 = 1859
    Number of faces shared with processor 280 = 802
    Number of faces shared with processor 281 = 1100
    Number of faces shared with processor 410 = 2877
    Number of faces shared with processor 425 = 4915
    Number of faces shared with processor 297 = 1740
    Number of faces shared with processor 426 = 347
    Number of faces shared with processor 298 = 30
    Number of processor patches = 12
    Number of processor faces = 20419
    Number of boundary faces = 11675

Processor 410
    Number of cells = 127609
    Number of points = 155425
    Number of faces shared with processor 394 = 4600
    Number of faces shared with processor 266 = 1600
    Number of faces shared with processor 409 = 2877
    Number of faces shared with processor 281 = 589
    Number of faces shared with processor 282 = 1515
    Number of faces shared with processor 411 = 2621
    Number of faces shared with processor 283 = 13
    Number of faces shared with processor 426 = 4242
    Number of faces shared with processor 298 = 1025
    Number of processor patches = 9
    Number of processor faces = 19082
    Number of boundary faces = 13452

Processor 411
    Number of cells = 127609
    Number of points = 153346
    Number of faces shared with processor 392 = 1
    Number of faces shared with processor 394 = 15
    Number of faces shared with processor 266 = 12
    Number of faces shared with processor 395 = 4351
    Number of faces shared with processor 267 = 2160
    Number of faces shared with processor 396 = 1
    Number of faces shared with processor 405 = 9
    Number of faces shared with processor 410 = 2621
    Number of faces shared with processor 283 = 1703
    Number of faces shared with processor 412 = 2006
    Number of faces shared with processor 284 = 590
    Number of faces shared with processor 414 = 9
    Number of faces shared with processor 426 = 862
    Number of faces shared with processor 298 = 239
    Number of faces shared with processor 427 = 3291
    Number of faces shared with processor 299 = 1051
    Number of faces shared with processor 428 = 130
    Number of faces shared with processor 440 = 1
    Number of faces shared with processor 444 = 1
    Number of faces shared with processor 507 = 9
    Number of processor patches = 20
    Number of processor faces = 19062
    Number of boundary faces = 11406

Processor 412
    Number of cells = 127609
    Number of points = 145078
    Number of faces shared with processor 395 = 499
    Number of faces shared with processor 396 = 4248
    Number of faces shared with processor 268 = 648
    Number of faces shared with processor 397 = 1
    Number of faces shared with processor 411 = 2006
    Number of faces shared with processor 284 = 1742
    Number of faces shared with processor 413 = 1869
    Number of faces shared with processor 285 = 216
    Number of faces shared with processor 428 = 3869
    Number of faces shared with processor 300 = 1459
    Number of processor patches = 10
    Number of processor faces = 16557
    Number of boundary faces = 5188

Processor 413
    Number of cells = 127609
    Number of points = 142260
    Number of faces shared with processor 396 = 1
    Number of faces shared with processor 397 = 4483
    Number of faces shared with processor 269 = 248
    Number of faces shared with processor 412 = 1869
    Number of faces shared with processor 285 = 2254
    Number of faces shared with processor 414 = 837
    Number of faces shared with processor 286 = 323
    Number of faces shared with processor 428 = 2032
    Number of faces shared with processor 300 = 650
    Number of faces shared with processor 429 = 3918
    Number of faces shared with processor 301 = 61
    Number of faces shared with processor 430 = 274
    Number of faces shared with processor 302 = 114
    Number of faces shared with processor 444 = 1
    Number of faces shared with processor 445 = 5
    Number of processor patches = 15
    Number of processor faces = 17070
    Number of boundary faces = 1284

Processor 414
    Number of cells = 127609
    Number of points = 139634
    Number of faces shared with processor 397 = 321
    Number of faces shared with processor 398 = 6851
    Number of faces shared with processor 411 = 9
    Number of faces shared with processor 413 = 837
    Number of faces shared with processor 286 = 3833
    Number of faces shared with processor 430 = 6754
    Number of faces shared with processor 302 = 3
    Number of faces shared with processor 431 = 1040
    Number of faces shared with processor 494 = 9
    Number of processor patches = 9
    Number of processor faces = 19657
    Number of boundary faces = 1

Processor 415
    Number of cells = 127608
    Number of points = 147017
    Number of faces shared with processor 398 = 1048
    Number of faces shared with processor 270 = 339
    Number of faces shared with processor 399 = 10558
    Number of faces shared with processor 287 = 3273
    Number of faces shared with processor 431 = 11718
    Number of faces shared with processor 303 = 2572
    Number of faces shared with processor 447 = 310
    Number of processor patches = 7
    Number of processor faces = 29818
    Number of boundary faces = 3

Processor 416
    Number of cells = 127609
    Number of points = 151559
    Number of faces shared with processor 384 = 88
    Number of faces shared with processor 400 = 4900
    Number of faces shared with processor 288 = 2000
    Number of faces shared with processor 160 = 4
    Number of faces shared with processor 419 = 4
    Number of faces shared with processor 432 = 4964
    Number of faces shared with processor 433 = 1040
    Number of faces shared with processor 305 = 481
    Number of faces shared with processor 464 = 61
    Number of processor patches = 9
    Number of processor faces = 13542
    Number of boundary faces = 10451

Processor 417
    Number of cells = 127609
    Number of points = 160364
    Number of faces shared with processor 400 = 648
    Number of faces shared with processor 272 = 734
    Number of faces shared with processor 401 = 6190
    Number of faces shared with processor 402 = 214
    Number of faces shared with processor 289 = 2197
    Number of faces shared with processor 418 = 2931
    Number of faces shared with processor 290 = 85
    Number of faces shared with processor 433 = 949
    Number of faces shared with processor 305 = 3644
    Number of processor patches = 9
    Number of processor faces = 17592
    Number of boundary faces = 14136

Processor 418
    Number of cells = 127609
    Number of points = 156114
    Number of faces shared with processor 402 = 4122
    Number of faces shared with processor 403 = 642
    Number of faces shared with processor 417 = 2931
    Number of faces shared with processor 290 = 3091
    Number of faces shared with processor 419 = 208
    Number of faces shared with processor 291 = 1161
    Number of faces shared with processor 433 = 94
    Number of faces shared with processor 305 = 165
    Number of faces shared with processor 434 = 1983
    Number of faces shared with processor 306 = 1048
    Number of processor patches = 10
    Number of processor faces = 15445
    Number of boundary faces = 13661

Processor 419
    Number of cells = 127609
    Number of points = 153121
    Number of faces shared with processor 387 = 9
    Number of faces shared with processor 402 = 2
    Number of faces shared with processor 403 = 1661
    Number of faces shared with processor 404 = 442
    Number of faces shared with processor 276 = 1013
    Number of faces shared with processor 405 = 1
    Number of faces shared with processor 416 = 4
    Number of faces shared with processor 418 = 208
    Number of faces shared with processor 291 = 3227
    Number of faces shared with processor 420 = 373
    Number of faces shared with processor 292 = 1017
    Number of faces shared with processor 433 = 5
    Number of faces shared with processor 434 = 1404
    Number of faces shared with processor 435 = 2008
    Number of faces shared with processor 307 = 285
    Number of faces shared with processor 438 = 4
    Number of faces shared with processor 467 = 4
    Number of processor patches = 17
    Number of processor faces = 11667
    Number of boundary faces = 11108

Processor 420
    Number of cells = 127609
    Number of points = 148502
    Number of faces shared with processor 404 = 1906
    Number of faces shared with processor 419 = 373
    Number of faces shared with processor 292 = 2353
    Number of faces shared with processor 421 = 494
    Number of faces shared with processor 293 = 1524
    Number of faces shared with processor 435 = 562
    Number of faces shared with processor 436 = 1909
    Number of faces shared with processor 437 = 766
    Number of faces shared with processor 468 = 5
    Number of processor patches = 9
    Number of processor faces = 9892
    Number of boundary faces = 9395

Processor 421
    Number of cells = 127609
    Number of points = 150073
    Number of faces shared with processor 389 = 5
    Number of faces shared with processor 404 = 330
    Number of faces shared with processor 405 = 1451
    Number of faces shared with processor 420 = 494
    Number of faces shared with processor 293 = 3831
    Number of faces shared with processor 422 = 1317
    Number of faces shared with processor 294 = 655
    Number of faces shared with processor 437 = 1566
    Number of faces shared with processor 438 = 502
    Number of faces shared with processor 310 = 626
    Number of processor patches = 10
    Number of processor faces = 10777
    Number of boundary faces = 8248

Processor 422
    Number of cells = 127609
    Number of points = 146243
    Number of faces shared with processor 390 = 13
    Number of faces shared with processor 405 = 149
    Number of faces shared with processor 406 = 882
    Number of faces shared with processor 407 = 263
    Number of faces shared with processor 421 = 1317
    Number of faces shared with processor 294 = 3038
    Number of faces shared with processor 423 = 1313
    Number of faces shared with processor 295 = 400
    Number of faces shared with processor 424 = 5
    Number of faces shared with processor 438 = 1839
    Number of faces shared with processor 310 = 638
    Number of faces shared with processor 439 = 2
    Number of processor patches = 12
    Number of processor faces = 9859
    Number of boundary faces = 7258

Processor 423
    Number of cells = 127609
    Number of points = 146126
    Number of faces shared with processor 407 = 1283
    Number of faces shared with processor 422 = 1313
    Number of faces shared with processor 295 = 7168
    Number of faces shared with processor 424 = 1508
    Number of faces shared with processor 438 = 745
    Number of faces shared with processor 439 = 1921
    Number of faces shared with processor 440 = 555
    Number of processor patches = 7
    Number of processor faces = 14493
    Number of boundary faces = 5935

Processor 424
    Number of cells = 127609
    Number of points = 146985
    Number of faces shared with processor 392 = 6
    Number of faces shared with processor 407 = 262
    Number of faces shared with processor 408 = 1067
    Number of faces shared with processor 422 = 5
    Number of faces shared with processor 423 = 1508
    Number of faces shared with processor 295 = 606
    Number of faces shared with processor 296 = 2103
    Number of faces shared with processor 425 = 877
    Number of faces shared with processor 426 = 5
    Number of faces shared with processor 440 = 2011
    Number of faces shared with processor 441 = 1339
    Number of processor patches = 11
    Number of processor faces = 9789
    Number of boundary faces = 8022

Processor 425
    Number of cells = 127609
    Number of points = 154775
    Number of faces shared with processor 393 = 4
    Number of faces shared with processor 408 = 44
    Number of faces shared with processor 409 = 4915
    Number of faces shared with processor 424 = 877
    Number of faces shared with processor 296 = 2058
    Number of faces shared with processor 297 = 973
    Number of faces shared with processor 426 = 2880
    Number of faces shared with processor 441 = 1203
    Number of faces shared with processor 313 = 947
    Number of faces shared with processor 442 = 260
    Number of processor patches = 10
    Number of processor faces = 14161
    Number of boundary faces = 13577

Processor 426
    Number of cells = 127609
    Number of points = 155007
    Number of faces shared with processor 394 = 9
    Number of faces shared with processor 409 = 347
    Number of faces shared with processor 410 = 4242
    Number of faces shared with processor 411 = 862
    Number of faces shared with processor 424 = 5
    Number of faces shared with processor 425 = 2880
    Number of faces shared with processor 297 = 846
    Number of faces shared with processor 298 = 2771
    Number of faces shared with processor 427 = 1733
    Number of faces shared with processor 299 = 588
    Number of faces shared with processor 428 = 5
    Number of faces shared with processor 440 = 1
    Number of faces shared with processor 441 = 1
    Number of faces shared with processor 442 = 1672
    Number of faces shared with processor 314 = 1848
    Number of processor patches = 15
    Number of processor faces = 17810
    Number of boundary faces = 10736

Processor 427
    Number of cells = 127609
    Number of points = 152328
    Number of faces shared with processor 411 = 3291
    Number of faces shared with processor 426 = 1733
    Number of faces shared with processor 299 = 207
    Number of faces shared with processor 428 = 2546
    Number of faces shared with processor 442 = 1038
    Number of faces shared with processor 314 = 545
    Number of faces shared with processor 443 = 2111
    Number of faces shared with processor 315 = 182
    Number of faces shared with processor 444 = 886
    Number of processor patches = 9
    Number of processor faces = 12539
    Number of boundary faces = 8781

Processor 428
    Number of cells = 127609
    Number of points = 148726
    Number of faces shared with processor 396 = 5
    Number of faces shared with processor 411 = 130
    Number of faces shared with processor 412 = 3869
    Number of faces shared with processor 413 = 2032
    Number of faces shared with processor 426 = 5
    Number of faces shared with processor 427 = 2546
    Number of faces shared with processor 300 = 953
    Number of faces shared with processor 429 = 531
    Number of faces shared with processor 444 = 2854
    Number of faces shared with processor 316 = 793
    Number of faces shared with processor 460 = 5
    Number of processor patches = 11
    Number of processor faces = 13723
    Number of boundary faces = 7710

Processor 429
    Number of cells = 127609
    Number of points = 147643
    Number of faces shared with processor 413 = 3918
    Number of faces shared with processor 428 = 531
    Number of faces shared with processor 301 = 1715
    Number of faces shared with processor 430 = 851
    Number of faces shared with processor 302 = 355
    Number of faces shared with processor 444 = 1215
    Number of faces shared with processor 316 = 581
    Number of faces shared with processor 445 = 3157
    Number of faces shared with processor 317 = 708
    Number of processor patches = 9
    Number of processor faces = 13031
    Number of boundary faces = 7671

Processor 430
    Number of cells = 127609
    Number of points = 139570
    Number of faces shared with processor 398 = 37
    Number of faces shared with processor 413 = 274
    Number of faces shared with processor 414 = 6754
    Number of faces shared with processor 429 = 851
    Number of faces shared with processor 302 = 3869
    Number of faces shared with processor 431 = 404
    Number of faces shared with processor 444 = 4
    Number of faces shared with processor 445 = 6
    Number of faces shared with processor 446 = 6694
    Number of faces shared with processor 447 = 635
    Number of faces shared with processor 478 = 12
    Number of processor patches = 11
    Number of processor faces = 19540
    Number of boundary faces = 0

Processor 431
    Number of cells = 127608
    Number of points = 145956
    Number of faces shared with processor 398 = 270
    Number of faces shared with processor 399 = 390
    Number of faces shared with processor 414 = 1040
    Number of faces shared with processor 286 = 290
    Number of faces shared with processor 415 = 11718
    Number of faces shared with processor 430 = 404
    Number of faces shared with processor 302 = 108
    Number of faces shared with processor 303 = 3549
    Number of faces shared with processor 447 = 11614
    Number of faces shared with processor 319 = 61
    Number of faces shared with processor 479 = 390
    Number of processor patches = 11
    Number of processor faces = 29834
    Number of boundary faces = 50

Processor 432
    Number of cells = 127609
    Number of points = 148617
    Number of faces shared with processor 400 = 95
    Number of faces shared with processor 416 = 4964
    Number of faces shared with processor 288 = 168
    Number of faces shared with processor 304 = 1881
    Number of faces shared with processor 433 = 989
    Number of faces shared with processor 305 = 121
    Number of faces shared with processor 448 = 4825
    Number of faces shared with processor 449 = 75
    Number of faces shared with processor 321 = 18
    Number of faces shared with processor 464 = 95
    Number of processor patches = 10
    Number of processor faces = 13231
    Number of boundary faces = 11836

Processor 433
    Number of cells = 127609
    Number of points = 147633
    Number of faces shared with processor 385 = 5
    Number of faces shared with processor 400 = 445
    Number of faces shared with processor 401 = 5
    Number of faces shared with processor 416 = 1040
    Number of faces shared with processor 417 = 949
    Number of faces shared with processor 418 = 94
    Number of faces shared with processor 419 = 5
    Number of faces shared with processor 432 = 989
    Number of faces shared with processor 305 = 3135
    Number of faces shared with processor 434 = 3767
    Number of faces shared with processor 435 = 5
    Number of faces shared with processor 449 = 1438
    Number of faces shared with processor 321 = 8
    Number of processor patches = 13
    Number of processor faces = 11885
    Number of boundary faces = 9871

Processor 434
    Number of cells = 127609
    Number of points = 149794
    Number of faces shared with processor 402 = 4
    Number of faces shared with processor 418 = 1983
    Number of faces shared with processor 419 = 1404
    Number of faces shared with processor 291 = 705
    Number of faces shared with processor 433 = 3767
    Number of faces shared with processor 305 = 856
    Number of faces shared with processor 306 = 926
    Number of faces shared with processor 435 = 1680
    Number of faces shared with processor 307 = 530
    Number of faces shared with processor 449 = 132
    Number of faces shared with processor 450 = 954
    Number of processor patches = 11
    Number of processor faces = 12941
    Number of boundary faces = 11939

Processor 435
    Number of cells = 127609
    Number of points = 149400
    Number of faces shared with processor 419 = 2008
    Number of faces shared with processor 420 = 562
    Number of faces shared with processor 292 = 880
    Number of faces shared with processor 433 = 5
    Number of faces shared with processor 434 = 1680
    Number of faces shared with processor 307 = 4211
    Number of faces shared with processor 436 = 892
    Number of faces shared with processor 450 = 33
    Number of faces shared with processor 451 = 1962
    Number of faces shared with processor 452 = 15
    Number of processor patches = 10
    Number of processor faces = 12248
    Number of boundary faces = 9937

Processor 436
    Number of cells = 127609
    Number of points = 151859
    Number of faces shared with processor 420 = 1909
    Number of faces shared with processor 292 = 1772
    Number of faces shared with processor 435 = 892
    Number of faces shared with processor 307 = 558
    Number of faces shared with processor 308 = 3585
    Number of faces shared with processor 437 = 816
    Number of faces shared with processor 452 = 3679
    Number of faces shared with processor 453 = 93
    Number of processor patches = 8
    Number of processor faces = 13304
    Number of boundary faces = 13278

Processor 437
    Number of cells = 127609
    Number of points = 150436
    Number of faces shared with processor 420 = 766
    Number of faces shared with processor 421 = 1566
    Number of faces shared with processor 293 = 381
    Number of faces shared with processor 436 = 816
    Number of faces shared with processor 308 = 741
    Number of faces shared with processor 309 = 4414
    Number of faces shared with processor 438 = 683
    Number of faces shared with processor 310 = 804
    Number of faces shared with processor 439 = 2
    Number of faces shared with processor 453 = 3308
    Number of faces shared with processor 325 = 142
    Number of faces shared with processor 454 = 8
    Number of faces shared with processor 326 = 36
    Number of processor patches = 13
    Number of processor faces = 13667
    Number of boundary faces = 13048

Processor 438
    Number of cells = 127609
    Number of points = 147488
    Number of faces shared with processor 390 = 4
    Number of faces shared with processor 405 = 1
    Number of faces shared with processor 419 = 4
    Number of faces shared with processor 421 = 502
    Number of faces shared with processor 422 = 1839
    Number of faces shared with processor 423 = 745
    Number of faces shared with processor 437 = 683
    Number of faces shared with processor 310 = 5639
    Number of faces shared with processor 439 = 1783
    Number of faces shared with processor 440 = 7
    Number of faces shared with processor 454 = 1817
    Number of faces shared with processor 455 = 1
    Number of processor patches = 12
    Number of processor faces = 13025
    Number of boundary faces = 8407

Processor 439
    Number of cells = 127609
    Number of points = 147692
    Number of faces shared with processor 422 = 2
    Number of faces shared with processor 423 = 1921
    Number of faces shared with processor 437 = 2
    Number of faces shared with processor 438 = 1783
    Number of faces shared with processor 310 = 232
    Number of faces shared with processor 311 = 3904
    Number of faces shared with processor 440 = 1562
    Number of faces shared with processor 454 = 95
    Number of faces shared with processor 326 = 95
    Number of faces shared with processor 455 = 2276
    Number of faces shared with processor 456 = 387
    Number of faces shared with processor 328 = 27
    Number of processor patches = 12
    Number of processor faces = 12286
    Number of boundary faces = 13829

Processor 440
    Number of cells = 127609
    Number of points = 148425
    Number of faces shared with processor 392 = 4
    Number of faces shared with processor 411 = 1
    Number of faces shared with processor 423 = 555
    Number of faces shared with processor 424 = 2011
    Number of faces shared with processor 426 = 1
    Number of faces shared with processor 438 = 7
    Number of faces shared with processor 439 = 1562
    Number of faces shared with processor 312 = 1398
    Number of faces shared with processor 441 = 2117
    Number of faces shared with processor 313 = 926
    Number of faces shared with processor 185 = 99
    Number of faces shared with processor 442 = 6
    Number of faces shared with processor 444 = 4
    Number of faces shared with processor 456 = 1664
    Number of faces shared with processor 328 = 96
    Number of faces shared with processor 457 = 239
    Number of processor patches = 16
    Number of processor faces = 10690
    Number of boundary faces = 12963

Processor 441
    Number of cells = 127609
    Number of points = 147331
    Number of faces shared with processor 424 = 1339
    Number of faces shared with processor 425 = 1203
    Number of faces shared with processor 426 = 1
    Number of faces shared with processor 440 = 2117
    Number of faces shared with processor 313 = 4022
    Number of faces shared with processor 442 = 3087
    Number of faces shared with processor 457 = 1350
    Number of faces shared with processor 329 = 271
    Number of faces shared with processor 458 = 48
    Number of processor patches = 9
    Number of processor faces = 13438
    Number of boundary faces = 6960

Processor 442
    Number of cells = 127609
    Number of points = 145867
    Number of faces shared with processor 425 = 260
    Number of faces shared with processor 426 = 1672
    Number of faces shared with processor 427 = 1038
    Number of faces shared with processor 440 = 6
    Number of faces shared with processor 441 = 3087
    Number of faces shared with processor 313 = 1510
    Number of faces shared with processor 314 = 1287
    Number of faces shared with processor 443 = 3287
    Number of faces shared with processor 458 = 1371
    Number of faces shared with processor 330 = 183
    Number of faces shared with processor 459 = 1
    Number of faces shared with processor 460 = 5
    Number of processor patches = 12
    Number of processor faces = 13707
    Number of boundary faces = 6614

Processor 443
    Number of cells = 127609
    Number of points = 143190
    Number of faces shared with processor 427 = 2111
    Number of faces shared with processor 442 = 3287
    Number of faces shared with processor 314 = 170
    Number of faces shared with processor 315 = 1003
    Number of faces shared with processor 444 = 1869
    Number of faces shared with processor 458 = 130
    Number of faces shared with processor 330 = 69
    Number of faces shared with processor 459 = 1800
    Number of faces shared with processor 331 = 373
    Number of faces shared with processor 460 = 1570
    Number of processor patches = 10
    Number of processor faces = 12382
    Number of boundary faces = 6197

Processor 444
    Number of cells = 127609
    Number of points = 144472
    Number of faces shared with processor 396 = 4
    Number of faces shared with processor 411 = 1
    Number of faces shared with processor 413 = 1
    Number of faces shared with processor 427 = 886
    Number of faces shared with processor 428 = 2854
    Number of faces shared with processor 429 = 1215
    Number of faces shared with processor 430 = 4
    Number of faces shared with processor 440 = 4
    Number of faces shared with processor 443 = 1869
    Number of faces shared with processor 315 = 596
    Number of faces shared with processor 316 = 4733
    Number of faces shared with processor 445 = 712
    Number of faces shared with processor 460 = 2280
    Number of faces shared with processor 332 = 1124
    Number of faces shared with processor 204 = 56
    Number of faces shared with processor 476 = 4
    Number of processor patches = 16
    Number of processor faces = 16343
    Number of boundary faces = 3761

Processor 445
    Number of cells = 127609
    Number of points = 145599
    Number of faces shared with processor 413 = 5
    Number of faces shared with processor 429 = 3157
    Number of faces shared with processor 430 = 6
    Number of faces shared with processor 302 = 5
    Number of faces shared with processor 444 = 712
    Number of faces shared with processor 316 = 283
    Number of faces shared with processor 317 = 1758
    Number of faces shared with processor 446 = 1005
    Number of faces shared with processor 318 = 193
    Number of faces shared with processor 460 = 860
    Number of faces shared with processor 332 = 327
    Number of faces shared with processor 204 = 488
    Number of faces shared with processor 461 = 3310
    Number of faces shared with processor 333 = 100
    Number of processor patches = 14
    Number of processor faces = 12209
    Number of boundary faces = 7330

Processor 446
    Number of cells = 127609
    Number of points = 139546
    Number of faces shared with processor 430 = 6694
    Number of faces shared with processor 302 = 93
    Number of faces shared with processor 445 = 1005
    Number of faces shared with processor 318 = 3818
    Number of faces shared with processor 447 = 1009
    Number of faces shared with processor 461 = 146
    Number of faces shared with processor 462 = 6678
    Number of faces shared with processor 463 = 41
    Number of processor patches = 8
    Number of processor faces = 19484
    Number of boundary faces = 0

Processor 447
    Number of cells = 127608
    Number of points = 145365
    Number of faces shared with processor 415 = 310
    Number of faces shared with processor 430 = 635
    Number of faces shared with processor 302 = 180
    Number of faces shared with processor 431 = 11614
    Number of faces shared with processor 303 = 2
    Number of faces shared with processor 446 = 1009
    Number of faces shared with processor 318 = 276
    Number of faces shared with processor 319 = 3573
    Number of faces shared with processor 463 = 11360
    Number of processor patches = 9
    Number of processor faces = 28959
    Number of boundary faces = 3

Processor 448
    Number of cells = 127609
    Number of points = 148274
    Number of faces shared with processor 432 = 4825
    Number of faces shared with processor 304 = 26
    Number of faces shared with processor 320 = 1812
    Number of faces shared with processor 449 = 945
    Number of faces shared with processor 321 = 252
    Number of faces shared with processor 464 = 4814
    Number of faces shared with processor 336 = 157
    Number of processor patches = 7
    Number of processor faces = 12831
    Number of boundary faces = 11926

Processor 449
    Number of cells = 127609
    Number of points = 147648
    Number of faces shared with processor 432 = 75
    Number of faces shared with processor 433 = 1438
    Number of faces shared with processor 434 = 132
    Number of faces shared with processor 448 = 945
    Number of faces shared with processor 321 = 3810
    Number of faces shared with processor 450 = 3570
    Number of faces shared with processor 451 = 5
    Number of faces shared with processor 464 = 927
    Number of faces shared with processor 465 = 936
    Number of faces shared with processor 466 = 15
    Number of faces shared with processor 480 = 401
    Number of faces shared with processor 481 = 4
    Number of processor patches = 12
    Number of processor faces = 12258
    Number of boundary faces = 9563

Processor 450
    Number of cells = 127609
    Number of points = 149645
    Number of faces shared with processor 434 = 954
    Number of faces shared with processor 435 = 33
    Number of faces shared with processor 307 = 12
    Number of faces shared with processor 449 = 3570
    Number of faces shared with processor 321 = 697
    Number of faces shared with processor 322 = 890
    Number of faces shared with processor 451 = 1885
    Number of faces shared with processor 323 = 293
    Number of faces shared with processor 466 = 1960
    Number of faces shared with processor 467 = 1344
    Number of faces shared with processor 339 = 859
    Number of faces shared with processor 482 = 4
    Number of processor patches = 12
    Number of processor faces = 12501
    Number of boundary faces = 11925

Processor 451
    Number of cells = 127609
    Number of points = 149129
    Number of faces shared with processor 435 = 1962
    Number of faces shared with processor 307 = 75
    Number of faces shared with processor 449 = 5
    Number of faces shared with processor 450 = 1885
    Number of faces shared with processor 323 = 2967
    Number of faces shared with processor 452 = 854
    Number of faces shared with processor 467 = 1873
    Number of faces shared with processor 468 = 663
    Number of faces shared with processor 340 = 766
    Number of processor patches = 9
    Number of processor faces = 11050
    Number of boundary faces = 10762

Processor 452
    Number of cells = 127609
    Number of points = 152738
    Number of faces shared with processor 435 = 15
    Number of faces shared with processor 307 = 7
    Number of faces shared with processor 436 = 3679
    Number of faces shared with processor 308 = 154
    Number of faces shared with processor 451 = 854
    Number of faces shared with processor 323 = 570
    Number of faces shared with processor 324 = 3818
    Number of faces shared with processor 453 = 964
    Number of faces shared with processor 468 = 2372
    Number of faces shared with processor 340 = 514
    Number of processor patches = 10
    Number of processor faces = 12947
    Number of boundary faces = 13594

Processor 453
    Number of cells = 127609
    Number of points = 150744
    Number of faces shared with processor 436 = 93
    Number of faces shared with processor 308 = 125
    Number of faces shared with processor 437 = 3308
    Number of faces shared with processor 452 = 964
    Number of faces shared with processor 324 = 577
    Number of faces shared with processor 325 = 4472
    Number of faces shared with processor 454 = 701
    Number of faces shared with processor 326 = 864
    Number of faces shared with processor 455 = 3
    Number of faces shared with processor 468 = 768
    Number of faces shared with processor 469 = 1719
    Number of faces shared with processor 341 = 415
    Number of processor patches = 12
    Number of processor faces = 14009
    Number of boundary faces = 13127

Processor 454
    Number of cells = 127609
    Number of points = 147693
    Number of faces shared with processor 437 = 8
    Number of faces shared with processor 438 = 1817
    Number of faces shared with processor 310 = 14
    Number of faces shared with processor 439 = 95
    Number of faces shared with processor 453 = 701
    Number of faces shared with processor 326 = 5989
    Number of faces shared with processor 455 = 1724
    Number of faces shared with processor 456 = 6
    Number of faces shared with processor 467 = 4
    Number of faces shared with processor 469 = 467
    Number of faces shared with processor 470 = 1817
    Number of faces shared with processor 471 = 701
    Number of faces shared with processor 485 = 1
    Number of faces shared with processor 502 = 4
    Number of processor patches = 14
    Number of processor faces = 13348
    Number of boundary faces = 8490

Processor 455
    Number of cells = 127609
    Number of points = 147819
    Number of faces shared with processor 438 = 1
    Number of faces shared with processor 439 = 2276
    Number of faces shared with processor 311 = 235
    Number of faces shared with processor 453 = 3
    Number of faces shared with processor 454 = 1724
    Number of faces shared with processor 326 = 282
    Number of faces shared with processor 327 = 3529
    Number of faces shared with processor 456 = 1677
    Number of faces shared with processor 471 = 1858
    Number of processor patches = 9
    Number of processor faces = 11585
    Number of boundary faces = 13853

Processor 456
    Number of cells = 127609
    Number of points = 148105
    Number of faces shared with processor 439 = 387
    Number of faces shared with processor 440 = 1664
    Number of faces shared with processor 454 = 6
    Number of faces shared with processor 455 = 1677
    Number of faces shared with processor 328 = 6183
    Number of faces shared with processor 457 = 1937
    Number of faces shared with processor 458 = 6
    Number of faces shared with processor 471 = 784
    Number of faces shared with processor 472 = 1459
    Number of faces shared with processor 474 = 1
    Number of faces shared with processor 476 = 4
    Number of faces shared with processor 504 = 4
    Number of faces shared with processor 507 = 1
    Number of processor patches = 13
    Number of processor faces = 14113
    Number of boundary faces = 8156

Processor 457
    Number of cells = 127609
    Number of points = 143893
    Number of faces shared with processor 440 = 239
    Number of faces shared with processor 441 = 1350
    Number of faces shared with processor 456 = 1937
    Number of faces shared with processor 328 = 1310
    Number of faces shared with processor 329 = 5204
    Number of faces shared with processor 458 = 3902
    Number of faces shared with processor 472 = 669
    Number of faces shared with processor 473 = 995
    Number of faces shared with processor 474 = 1
    Number of faces shared with processor 489 = 4
    Number of processor patches = 10
    Number of processor faces = 15611
    Number of boundary faces = 4425

Processor 458
    Number of cells = 127609
    Number of points = 142853
    Number of faces shared with processor 441 = 48
    Number of faces shared with processor 313 = 10
    Number of faces shared with processor 442 = 1371
    Number of faces shared with processor 443 = 130
    Number of faces shared with processor 456 = 6
    Number of faces shared with processor 457 = 3902
    Number of faces shared with processor 329 = 2023
    Number of faces shared with processor 330 = 3922
    Number of faces shared with processor 459 = 3380
    Number of faces shared with processor 460 = 5
    Number of faces shared with processor 473 = 140
    Number of faces shared with processor 474 = 895
    Number of faces shared with processor 475 = 853
    Number of processor patches = 13
    Number of processor faces = 16685
    Number of boundary faces = 3405

Processor 459
    Number of cells = 127609
    Number of points = 142122
    Number of faces shared with processor 442 = 1
    Number of faces shared with processor 443 = 1800
    Number of faces shared with processor 458 = 3380
    Number of faces shared with processor 330 = 1974
    Number of faces shared with processor 331 = 3853
    Number of faces shared with processor 460 = 2424
    Number of faces shared with processor 475 = 1554
    Number of faces shared with processor 476 = 974
    Number of processor patches = 8
    Number of processor faces = 15960
    Number of boundary faces = 3150

Processor 460
    Number of cells = 127609
    Number of points = 141132
    Number of faces shared with processor 428 = 5
    Number of faces shared with processor 442 = 5
    Number of faces shared with processor 443 = 1570
    Number of faces shared with processor 315 = 22
    Number of faces shared with processor 444 = 2280
    Number of faces shared with processor 445 = 860
    Number of faces shared with processor 458 = 5
    Number of faces shared with processor 459 = 2424
    Number of faces shared with processor 331 = 1407
    Number of faces shared with processor 332 = 5752
    Number of faces shared with processor 461 = 1356
    Number of faces shared with processor 476 = 2173
    Number of faces shared with processor 477 = 171
    Number of processor patches = 13
    Number of processor faces = 18030
    Number of boundary faces = 148

Processor 461
    Number of cells = 127609
    Number of points = 145085
    Number of faces shared with processor 445 = 3310
    Number of faces shared with processor 446 = 146
    Number of faces shared with processor 318 = 24
    Number of faces shared with processor 460 = 1356
    Number of faces shared with processor 332 = 585
    Number of faces shared with processor 204 = 782
    Number of faces shared with processor 333 = 1839
    Number of faces shared with processor 462 = 892
    Number of faces shared with processor 334 = 152
    Number of faces shared with processor 476 = 1
    Number of faces shared with processor 477 = 3119
    Number of faces shared with processor 493 = 5
    Number of processor patches = 12
    Number of processor faces = 12211
    Number of boundary faces = 7224

Processor 462
    Number of cells = 127609
    Number of points = 139523
    Number of faces shared with processor 446 = 6678
    Number of faces shared with processor 318 = 24
    Number of faces shared with processor 461 = 892
    Number of faces shared with processor 334 = 3838
    Number of faces shared with processor 463 = 1049
    Number of faces shared with processor 477 = 227
    Number of faces shared with processor 478 = 6732
    Number of processor patches = 7
    Number of processor faces = 19440
    Number of boundary faces = 0

Processor 463
    Number of cells = 127608
    Number of points = 145310
    Number of faces shared with processor 446 = 41
    Number of faces shared with processor 318 = 24
    Number of faces shared with processor 447 = 11360
    Number of faces shared with processor 319 = 1
    Number of faces shared with processor 462 = 1049
    Number of faces shared with processor 334 = 288
    Number of faces shared with processor 335 = 3586
    Number of faces shared with processor 478 = 575
    Number of faces shared with processor 350 = 143
    Number of faces shared with processor 479 = 11605
    Number of faces shared with processor 351 = 2
    Number of faces shared with processor 495 = 310
    Number of processor patches = 12
    Number of processor faces = 28984
    Number of boundary faces = 3

Processor 464
    Number of cells = 127609
    Number of points = 151495
    Number of faces shared with processor 384 = 4
    Number of faces shared with processor 416 = 61
    Number of faces shared with processor 432 = 95
    Number of faces shared with processor 448 = 4814
    Number of faces shared with processor 449 = 927
    Number of faces shared with processor 321 = 590
    Number of faces shared with processor 336 = 1956
    Number of faces shared with processor 208 = 4
    Number of faces shared with processor 465 = 1
    Number of faces shared with processor 467 = 4
    Number of faces shared with processor 480 = 4922
    Number of faces shared with processor 496 = 88
    Number of processor patches = 12
    Number of processor faces = 13466
    Number of boundary faces = 10517

Processor 465
    Number of cells = 127609
    Number of points = 159869
    Number of faces shared with processor 449 = 936
    Number of faces shared with processor 321 = 3387
    Number of faces shared with processor 464 = 1
    Number of faces shared with processor 337 = 1921
    Number of faces shared with processor 466 = 2786
    Number of faces shared with processor 467 = 5
    Number of faces shared with processor 480 = 710
    Number of faces shared with processor 352 = 854
    Number of faces shared with processor 481 = 5419
    Number of faces shared with processor 482 = 161
    Number of faces shared with processor 497 = 5
    Number of processor patches = 11
    Number of processor faces = 16185
    Number of boundary faces = 13850

Processor 466
    Number of cells = 127609
    Number of points = 155637
    Number of faces shared with processor 449 = 15
    Number of faces shared with processor 321 = 15
    Number of faces shared with processor 450 = 1960
    Number of faces shared with processor 322 = 976
    Number of faces shared with processor 465 = 2786
    Number of faces shared with processor 337 = 7
    Number of faces shared with processor 338 = 2928
    Number of faces shared with processor 467 = 211
    Number of faces shared with processor 339 = 1204
    Number of faces shared with processor 482 = 4060
    Number of faces shared with processor 483 = 617
    Number of processor patches = 11
    Number of processor faces = 14779
    Number of boundary faces = 13527

Processor 467
    Number of cells = 127609
    Number of points = 152208
    Number of faces shared with processor 419 = 4
    Number of faces shared with processor 450 = 1344
    Number of faces shared with processor 451 = 1873
    Number of faces shared with processor 323 = 253
    Number of faces shared with processor 454 = 4
    Number of faces shared with processor 464 = 4
    Number of faces shared with processor 465 = 5
    Number of faces shared with processor 466 = 211
    Number of faces shared with processor 339 = 1522
    Number of faces shared with processor 468 = 374
    Number of faces shared with processor 340 = 933
    Number of faces shared with processor 482 = 2
    Number of faces shared with processor 483 = 1763
    Number of faces shared with processor 484 = 474
    Number of faces shared with processor 356 = 1208
    Number of faces shared with processor 485 = 1
    Number of faces shared with processor 499 = 9
    Number of processor patches = 17
    Number of processor faces = 9984
    Number of boundary faces = 11660

Processor 468
    Number of cells = 127609
    Number of points = 148985
    Number of faces shared with processor 420 = 5
    Number of faces shared with processor 451 = 663
    Number of faces shared with processor 452 = 2372
    Number of faces shared with processor 453 = 768
    Number of faces shared with processor 467 = 374
    Number of faces shared with processor 340 = 2095
    Number of faces shared with processor 469 = 489
    Number of faces shared with processor 341 = 1624
    Number of faces shared with processor 484 = 2282
    Number of processor patches = 9
    Number of processor faces = 10672
    Number of boundary faces = 9590

Processor 469
    Number of cells = 127609
    Number of points = 150239
    Number of faces shared with processor 453 = 1719
    Number of faces shared with processor 454 = 467
    Number of faces shared with processor 326 = 582
    Number of faces shared with processor 468 = 489
    Number of faces shared with processor 341 = 3860
    Number of faces shared with processor 470 = 1304
    Number of faces shared with processor 342 = 688
    Number of faces shared with processor 471 = 4
    Number of faces shared with processor 484 = 340
    Number of faces shared with processor 485 = 1388
    Number of faces shared with processor 501 = 5
    Number of processor patches = 11
    Number of processor faces = 10846
    Number of boundary faces = 8330

Processor 470
    Number of cells = 127609
    Number of points = 146340
    Number of faces shared with processor 454 = 1817
    Number of faces shared with processor 326 = 706
    Number of faces shared with processor 469 = 1304
    Number of faces shared with processor 342 = 3363
    Number of faces shared with processor 471 = 1385
    Number of faces shared with processor 343 = 392
    Number of faces shared with processor 472 = 1
    Number of faces shared with processor 485 = 120
    Number of faces shared with processor 486 = 919
    Number of faces shared with processor 487 = 248
    Number of faces shared with processor 502 = 8
    Number of faces shared with processor 503 = 1
    Number of processor patches = 12
    Number of processor faces = 10264
    Number of boundary faces = 7147

Processor 471
    Number of cells = 127609
    Number of points = 146172
    Number of faces shared with processor 454 = 701
    Number of faces shared with processor 455 = 1858
    Number of faces shared with processor 456 = 784
    Number of faces shared with processor 328 = 13
    Number of faces shared with processor 469 = 4
    Number of faces shared with processor 470 = 1385
    Number of faces shared with processor 343 = 7046
    Number of faces shared with processor 472 = 1179
    Number of faces shared with processor 487 = 1235
    Number of faces shared with processor 503 = 4
    Number of processor patches = 10
    Number of processor faces = 14209
    Number of boundary faces = 6001

Processor 472
    Number of cells = 127609
    Number of points = 147206
    Number of faces shared with processor 456 = 1459
    Number of faces shared with processor 328 = 703
    Number of faces shared with processor 457 = 669
    Number of faces shared with processor 329 = 288
    Number of faces shared with processor 470 = 1
    Number of faces shared with processor 471 = 1179
    Number of faces shared with processor 343 = 731
    Number of faces shared with processor 344 = 1949
    Number of faces shared with processor 473 = 1032
    Number of faces shared with processor 474 = 5
    Number of faces shared with processor 487 = 279
    Number of faces shared with processor 488 = 1320
    Number of faces shared with processor 504 = 5
    Number of processor patches = 13
    Number of processor faces = 9620
    Number of boundary faces = 8510

Processor 473
    Number of cells = 127609
    Number of points = 154373
    Number of faces shared with processor 457 = 995
    Number of faces shared with processor 329 = 1194
    Number of faces shared with processor 458 = 140
    Number of faces shared with processor 330 = 137
    Number of faces shared with processor 472 = 1032
    Number of faces shared with processor 344 = 1605
    Number of faces shared with processor 345 = 769
    Number of faces shared with processor 474 = 2582
    Number of faces shared with processor 488 = 41
    Number of faces shared with processor 489 = 4672
    Number of processor patches = 10
    Number of processor faces = 13167
    Number of boundary faces = 13461

Processor 474
    Number of cells = 127609
    Number of points = 154891
    Number of faces shared with processor 456 = 1
    Number of faces shared with processor 457 = 1
    Number of faces shared with processor 458 = 895
    Number of faces shared with processor 330 = 2524
    Number of faces shared with processor 472 = 5
    Number of faces shared with processor 473 = 2582
    Number of faces shared with processor 345 = 728
    Number of faces shared with processor 346 = 2608
    Number of faces shared with processor 475 = 1713
    Number of faces shared with processor 347 = 591
    Number of faces shared with processor 476 = 5
    Number of faces shared with processor 489 = 300
    Number of faces shared with processor 490 = 4545
    Number of faces shared with processor 491 = 917
    Number of faces shared with processor 506 = 9
    Number of processor patches = 15
    Number of processor faces = 17424
    Number of boundary faces = 10968

Processor 475
    Number of cells = 127609
    Number of points = 152368
    Number of faces shared with processor 458 = 853
    Number of faces shared with processor 330 = 942
    Number of faces shared with processor 459 = 1554
    Number of faces shared with processor 331 = 875
    Number of faces shared with processor 474 = 1713
    Number of faces shared with processor 347 = 149
    Number of faces shared with processor 476 = 2703
    Number of faces shared with processor 348 = 717
    Number of faces shared with processor 491 = 3623
    Number of faces shared with processor 492 = 58
    Number of processor patches = 10
    Number of processor faces = 13187
    Number of boundary faces = 8656

Processor 476
    Number of cells = 127609
    Number of points = 142819
    Number of faces shared with processor 444 = 4
    Number of faces shared with processor 456 = 4
    Number of faces shared with processor 459 = 974
    Number of faces shared with processor 331 = 850
    Number of faces shared with processor 460 = 2173
    Number of faces shared with processor 332 = 936
    Number of faces shared with processor 461 = 1
    Number of faces shared with processor 474 = 5
    Number of faces shared with processor 475 = 2703
    Number of faces shared with processor 348 = 5864
    Number of faces shared with processor 477 = 1547
    Number of faces shared with processor 478 = 4
    Number of faces shared with processor 491 = 3
    Number of faces shared with processor 492 = 2060
    Number of faces shared with processor 493 = 896
    Number of faces shared with processor 507 = 1
    Number of faces shared with processor 508 = 9
    Number of processor patches = 17
    Number of processor faces = 18034
    Number of boundary faces = 1039

Processor 477
    Number of cells = 127609
    Number of points = 146726
    Number of faces shared with processor 460 = 171
    Number of faces shared with processor 332 = 78
    Number of faces shared with processor 204 = 103
    Number of faces shared with processor 461 = 3119
    Number of faces shared with processor 333 = 238
    Number of faces shared with processor 462 = 227
    Number of faces shared with processor 334 = 55
    Number of faces shared with processor 476 = 1547
    Number of faces shared with processor 348 = 882
    Number of faces shared with processor 349 = 2033
    Number of faces shared with processor 478 = 796
    Number of faces shared with processor 350 = 187
    Number of faces shared with processor 493 = 3215
    Number of processor patches = 13
    Number of processor faces = 12651
    Number of boundary faces = 7047

Processor 478
    Number of cells = 127609
    Number of points = 139571
    Number of faces shared with processor 430 = 12
    Number of faces shared with processor 334 = 44
    Number of faces shared with processor 462 = 6732
    Number of faces shared with processor 463 = 575
    Number of faces shared with processor 476 = 4
    Number of faces shared with processor 477 = 796
    Number of faces shared with processor 350 = 3835
    Number of faces shared with processor 479 = 464
    Number of faces shared with processor 493 = 319
    Number of faces shared with processor 494 = 6724
    Number of faces shared with processor 510 = 37
    Number of processor patches = 11
    Number of processor faces = 19542
    Number of boundary faces = 0

Processor 479
    Number of cells = 127608
    Number of points = 145857
    Number of faces shared with processor 431 = 390
    Number of faces shared with processor 463 = 11605
    Number of faces shared with processor 335 = 44
    Number of faces shared with processor 478 = 464
    Number of faces shared with processor 350 = 132
    Number of faces shared with processor 351 = 3540
    Number of faces shared with processor 494 = 1066
    Number of faces shared with processor 366 = 288
    Number of faces shared with processor 495 = 11467
    Number of faces shared with processor 510 = 183
    Number of faces shared with processor 511 = 390
    Number of processor patches = 11
    Number of processor faces = 29569
    Number of boundary faces = 50

Processor 480
    Number of cells = 127609
    Number of points = 158818
    Number of faces shared with processor 449 = 401
    Number of faces shared with processor 321 = 455
    Number of faces shared with processor 464 = 4922
    Number of faces shared with processor 336 = 179
    Number of faces shared with processor 465 = 710
    Number of faces shared with processor 352 = 1637
    Number of faces shared with processor 481 = 147
    Number of faces shared with processor 496 = 4477
    Number of processor patches = 8
    Number of processor faces = 12928
    Number of boundary faces = 10079

Processor 481
    Number of cells = 127609
    Number of points = 158922
    Number of faces shared with processor 449 = 4
    Number of faces shared with processor 465 = 5419
    Number of faces shared with processor 337 = 275
    Number of faces shared with processor 480 = 147
    Number of faces shared with processor 352 = 186
    Number of faces shared with processor 353 = 1528
    Number of faces shared with processor 482 = 2241
    Number of faces shared with processor 496 = 851
    Number of faces shared with processor 368 = 384
    Number of faces shared with processor 497 = 4518
    Number of faces shared with processor 369 = 1231
    Number of faces shared with processor 498 = 104
    Number of faces shared with processor 370 = 48
    Number of processor patches = 13
    Number of processor faces = 16936
    Number of boundary faces = 14686

Processor 482
    Number of cells = 127609
    Number of points = 155537
    Number of faces shared with processor 450 = 4
    Number of faces shared with processor 465 = 161
    Number of faces shared with processor 337 = 10
    Number of faces shared with processor 466 = 4060
    Number of faces shared with processor 338 = 525
    Number of faces shared with processor 467 = 2
    Number of faces shared with processor 481 = 2241
    Number of faces shared with processor 353 = 180
    Number of faces shared with processor 354 = 2068
    Number of faces shared with processor 483 = 1683
    Number of faces shared with processor 498 = 3475
    Number of faces shared with processor 370 = 916
    Number of processor patches = 12
    Number of processor faces = 15325
    Number of boundary faces = 14056

Processor 483
    Number of cells = 127609
    Number of points = 154608
    Number of faces shared with processor 466 = 617
    Number of faces shared with processor 467 = 1763
    Number of faces shared with processor 339 = 2117
    Number of faces shared with processor 482 = 1683
    Number of faces shared with processor 355 = 1516
    Number of faces shared with processor 484 = 410
    Number of faces shared with processor 356 = 572
    Number of faces shared with processor 228 = 235
    Number of faces shared with processor 498 = 198
    Number of faces shared with processor 499 = 3472
    Number of faces shared with processor 371 = 1514
    Number of processor patches = 11
    Number of processor faces = 14097
    Number of boundary faces = 13524

Processor 484
    Number of cells = 127609
    Number of points = 153459
    Number of faces shared with processor 467 = 474
    Number of faces shared with processor 468 = 2282
    Number of faces shared with processor 340 = 44
    Number of faces shared with processor 469 = 340
    Number of faces shared with processor 341 = 1335
    Number of faces shared with processor 483 = 410
    Number of faces shared with processor 356 = 3309
    Number of faces shared with processor 485 = 2436
    Number of faces shared with processor 357 = 121
    Number of faces shared with processor 499 = 21
    Number of faces shared with processor 500 = 1831
    Number of processor patches = 11
    Number of processor faces = 12603
    Number of boundary faces = 7815

Processor 485
    Number of cells = 127609
    Number of points = 148555
    Number of faces shared with processor 405 = 9
    Number of faces shared with processor 454 = 1
    Number of faces shared with processor 467 = 1
    Number of faces shared with processor 469 = 1388
    Number of faces shared with processor 341 = 3516
    Number of faces shared with processor 470 = 120
    Number of faces shared with processor 342 = 264
    Number of faces shared with processor 214 = 273
    Number of faces shared with processor 484 = 2436
    Number of faces shared with processor 357 = 2172
    Number of faces shared with processor 486 = 1313
    Number of faces shared with processor 496 = 9
    Number of faces shared with processor 499 = 1
    Number of faces shared with processor 500 = 338
    Number of faces shared with processor 501 = 2251
    Number of faces shared with processor 502 = 1
    Number of faces shared with processor 507 = 9
    Number of processor patches = 17
    Number of processor faces = 14102
    Number of boundary faces = 8383

Processor 486
    Number of cells = 127609
    Number of points = 147657
    Number of faces shared with processor 470 = 919
    Number of faces shared with processor 342 = 1949
    Number of faces shared with processor 214 = 3805
    Number of faces shared with processor 485 = 1313
    Number of faces shared with processor 357 = 431
    Number of faces shared with processor 358 = 3001
    Number of faces shared with processor 359 = 504
    Number of faces shared with processor 487 = 1045
    Number of faces shared with processor 501 = 12
    Number of faces shared with processor 502 = 2802
    Number of faces shared with processor 503 = 98
    Number of processor patches = 11
    Number of processor faces = 15879
    Number of boundary faces = 7508

Processor 487
    Number of cells = 127609
    Number of points = 147420
    Number of faces shared with processor 470 = 248
    Number of faces shared with processor 342 = 547
    Number of faces shared with processor 214 = 240
    Number of faces shared with processor 471 = 1235
    Number of faces shared with processor 343 = 3717
    Number of faces shared with processor 472 = 279
    Number of faces shared with processor 344 = 525
    Number of faces shared with processor 486 = 1045
    Number of faces shared with processor 359 = 1857
    Number of faces shared with processor 488 = 1090
    Number of faces shared with processor 503 = 2028
    Number of faces shared with processor 504 = 65
    Number of processor patches = 12
    Number of processor faces = 12876
    Number of boundary faces = 8782

Processor 488
    Number of cells = 127609
    Number of points = 148633
    Number of faces shared with processor 472 = 1320
    Number of faces shared with processor 344 = 4178
    Number of faces shared with processor 473 = 41
    Number of faces shared with processor 487 = 1090
    Number of faces shared with processor 359 = 830
    Number of faces shared with processor 360 = 1406
    Number of faces shared with processor 489 = 1738
    Number of faces shared with processor 504 = 3651
    Number of faces shared with processor 505 = 422
    Number of processor patches = 9
    Number of processor faces = 14676
    Number of boundary faces = 10093

Processor 489
    Number of cells = 127609
    Number of points = 154890
    Number of faces shared with processor 457 = 4
    Number of faces shared with processor 473 = 4672
    Number of faces shared with processor 345 = 1589
    Number of faces shared with processor 474 = 300
    Number of faces shared with processor 346 = 33
    Number of faces shared with processor 488 = 1738
    Number of faces shared with processor 360 = 655
    Number of faces shared with processor 361 = 1191
    Number of faces shared with processor 490 = 2573
    Number of faces shared with processor 505 = 4889
    Number of faces shared with processor 377 = 1849
    Number of faces shared with processor 506 = 302
    Number of faces shared with processor 378 = 47
    Number of processor patches = 13
    Number of processor faces = 19842
    Number of boundary faces = 11621

Processor 490
    Number of cells = 127609
    Number of points = 155503
    Number of faces shared with processor 474 = 4545
    Number of faces shared with processor 346 = 1103
    Number of faces shared with processor 489 = 2573
    Number of faces shared with processor 361 = 551
    Number of faces shared with processor 362 = 1596
    Number of faces shared with processor 491 = 2716
    Number of faces shared with processor 363 = 29
    Number of faces shared with processor 506 = 4657
    Number of faces shared with processor 378 = 1553
    Number of processor patches = 9
    Number of processor faces = 19323
    Number of boundary faces = 13434

Processor 491
    Number of cells = 127609
    Number of points = 153323
    Number of faces shared with processor 474 = 917
    Number of faces shared with processor 346 = 279
    Number of faces shared with processor 475 = 3623
    Number of faces shared with processor 347 = 1042
    Number of faces shared with processor 476 = 3
    Number of faces shared with processor 348 = 3
    Number of faces shared with processor 490 = 2716
    Number of faces shared with processor 363 = 1536
    Number of faces shared with processor 492 = 2045
    Number of faces shared with processor 364 = 576
    Number of faces shared with processor 506 = 31
    Number of faces shared with processor 378 = 6
    Number of faces shared with processor 507 = 4419
    Number of faces shared with processor 379 = 1987
    Number of processor patches = 14
    Number of processor faces = 19183
    Number of boundary faces = 11319

Processor 492
    Number of cells = 127609
    Number of points = 145295
    Number of faces shared with processor 475 = 58
    Number of faces shared with processor 476 = 2060
    Number of faces shared with processor 348 = 1976
    Number of faces shared with processor 220 = 1148
    Number of faces shared with processor 491 = 2045
    Number of faces shared with processor 364 = 1803
    Number of faces shared with processor 493 = 1805
    Number of faces shared with processor 365 = 250
    Number of faces shared with processor 507 = 415
    Number of faces shared with processor 508 = 4235
    Number of faces shared with processor 380 = 456
    Number of faces shared with processor 509 = 91
    Number of faces shared with processor 381 = 10
    Number of processor patches = 13
    Number of processor faces = 16352
    Number of boundary faces = 5137

Processor 493
    Number of cells = 127609
    Number of points = 142778
    Number of faces shared with processor 461 = 5
    Number of faces shared with processor 476 = 896
    Number of faces shared with processor 348 = 1188
    Number of faces shared with processor 220 = 459
    Number of faces shared with processor 477 = 3215
    Number of faces shared with processor 349 = 543
    Number of faces shared with processor 478 = 319
    Number of faces shared with processor 350 = 112
    Number of faces shared with processor 492 = 1805
    Number of faces shared with processor 365 = 2413
    Number of faces shared with processor 494 = 826
    Number of faces shared with processor 366 = 288
    Number of faces shared with processor 509 = 4363
    Number of processor patches = 13
    Number of processor faces = 16432
    Number of boundary faces = 1763

Processor 494
    Number of cells = 127609
    Number of points = 139590
    Number of faces shared with processor 414 = 9
    Number of faces shared with processor 350 = 45
    Number of faces shared with processor 478 = 6724
    Number of faces shared with processor 479 = 1066
    Number of faces shared with processor 493 = 826
    Number of faces shared with processor 366 = 3835
    Number of faces shared with processor 507 = 9
    Number of faces shared with processor 509 = 286
    Number of faces shared with processor 510 = 6769
    Number of processor patches = 9
    Number of processor faces = 19569
    Number of boundary faces = 1

Processor 495
    Number of cells = 127608
    Number of points = 146909
    Number of faces shared with processor 463 = 310
    Number of faces shared with processor 479 = 11467
    Number of faces shared with processor 351 = 2622
    Number of faces shared with processor 367 = 3293
    Number of faces shared with processor 510 = 1114
    Number of faces shared with processor 382 = 377
    Number of faces shared with processor 511 = 10410
    Number of processor patches = 7
    Number of processor faces = 29593
    Number of boundary faces = 3

Processor 496
    Number of cells = 127609
    Number of points = 151758
    Number of faces shared with processor 384 = 268
    Number of faces shared with processor 464 = 88
    Number of faces shared with processor 208 = 1
    Number of faces shared with processor 480 = 4477
    Number of faces shared with processor 352 = 633
    Number of faces shared with processor 481 = 851
    Number of faces shared with processor 485 = 9
    Number of faces shared with processor 368 = 3346
    Number of faces shared with processor 240 = 152
    Number of faces shared with processor 497 = 3498
    Number of faces shared with processor 499 = 103
    Number of faces shared with processor 501 = 143
    Number of processor patches = 12
    Number of processor faces = 13569
    Number of boundary faces = 5583

Processor 497
    Number of cells = 127609
    Number of points = 156734
    Number of faces shared with processor 465 = 5
    Number of faces shared with processor 481 = 4518
    Number of faces shared with processor 496 = 3498
    Number of faces shared with processor 368 = 1
    Number of faces shared with processor 369 = 2206
    Number of faces shared with processor 498 = 4085
    Number of faces shared with processor 499 = 74
    Number of processor patches = 7
    Number of processor faces = 14387
    Number of boundary faces = 9532

Processor 498
    Number of cells = 127609
    Number of points = 152600
    Number of faces shared with processor 481 = 104
    Number of faces shared with processor 482 = 3475
    Number of faces shared with processor 483 = 198
    Number of faces shared with processor 497 = 4085
    Number of faces shared with processor 369 = 668
    Number of faces shared with processor 370 = 1780
    Number of faces shared with processor 499 = 3759
    Number of faces shared with processor 371 = 998
    Number of processor patches = 8
    Number of processor faces = 15067
    Number of boundary faces = 10980

Processor 499
    Number of cells = 127609
    Number of points = 151455
    Number of faces shared with processor 467 = 9
    Number of faces shared with processor 483 = 3472
    Number of faces shared with processor 484 = 21
    Number of faces shared with processor 356 = 42
    Number of faces shared with processor 228 = 92
    Number of faces shared with processor 485 = 1
    Number of faces shared with processor 496 = 103
    Number of faces shared with processor 497 = 74
    Number of faces shared with processor 498 = 3759
    Number of faces shared with processor 371 = 2871
    Number of faces shared with processor 243 = 20
    Number of faces shared with processor 500 = 2249
    Number of faces shared with processor 372 = 1221
    Number of faces shared with processor 501 = 32
    Number of faces shared with processor 502 = 103
    Number of processor patches = 15
    Number of processor faces = 14069
    Number of boundary faces = 9347

Processor 500
    Number of cells = 127609
    Number of points = 149099
    Number of faces shared with processor 484 = 1831
    Number of faces shared with processor 356 = 1343
    Number of faces shared with processor 228 = 1921
    Number of faces shared with processor 485 = 338
    Number of faces shared with processor 357 = 573
    Number of faces shared with processor 229 = 89
    Number of faces shared with processor 499 = 2249
    Number of faces shared with processor 372 = 2813
    Number of faces shared with processor 244 = 3
    Number of faces shared with processor 501 = 3274
    Number of faces shared with processor 373 = 1376
    Number of processor patches = 11
    Number of processor faces = 15810
    Number of boundary faces = 6015

Processor 501
    Number of cells = 127609
    Number of points = 147712
    Number of faces shared with processor 469 = 5
    Number of faces shared with processor 485 = 2251
    Number of faces shared with processor 357 = 1305
    Number of faces shared with processor 486 = 12
    Number of faces shared with processor 496 = 143
    Number of faces shared with processor 499 = 32
    Number of faces shared with processor 500 = 3274
    Number of faces shared with processor 373 = 2208
    Number of faces shared with processor 502 = 2583
    Number of faces shared with processor 503 = 71
    Number of faces shared with processor 507 = 143
    Number of processor patches = 11
    Number of processor faces = 12027
    Number of boundary faces = 7145

Processor 502
    Number of cells = 127609
    Number of points = 139492
    Number of faces shared with processor 454 = 4
    Number of faces shared with processor 470 = 8
    Number of faces shared with processor 485 = 1
    Number of faces shared with processor 486 = 2802
    Number of faces shared with processor 358 = 2534
    Number of faces shared with processor 499 = 103
    Number of faces shared with processor 501 = 2583
    Number of faces shared with processor 373 = 766
    Number of faces shared with processor 374 = 2812
    Number of faces shared with processor 246 = 11
    Number of faces shared with processor 118 = 9
    Number of faces shared with processor 503 = 3221
    Number of faces shared with processor 375 = 1
    Number of faces shared with processor 504 = 103
    Number of processor patches = 14
    Number of processor faces = 14958
    Number of boundary faces = 151

Processor 503
    Number of cells = 127609
    Number of points = 139050
    Number of faces shared with processor 470 = 1
    Number of faces shared with processor 471 = 4
    Number of faces shared with processor 486 = 98
    Number of faces shared with processor 358 = 91
    Number of faces shared with processor 487 = 2028
    Number of faces shared with processor 359 = 2991
    Number of faces shared with processor 501 = 71
    Number of faces shared with processor 373 = 1
    Number of faces shared with processor 502 = 3221
    Number of faces shared with processor 374 = 121
    Number of faces shared with processor 246 = 1
    Number of faces shared with processor 375 = 2593
    Number of faces shared with processor 504 = 3525
    Number of faces shared with processor 376 = 184
    Number of processor patches = 14
    Number of processor faces = 14930
    Number of boundary faces = 0

Processor 504
    Number of cells = 127609
    Number of points = 141720
    Number of faces shared with processor 456 = 4
    Number of faces shared with processor 472 = 5
    Number of faces shared with processor 487 = 65
    Number of faces shared with processor 359 = 79
    Number of faces shared with processor 488 = 3651
    Number of faces shared with processor 360 = 2420
    Number of faces shared with processor 502 = 103
    Number of faces shared with processor 503 = 3525
    Number of faces shared with processor 376 = 2569
    Number of faces shared with processor 120 = 20
    Number of faces shared with processor 505 = 4118
    Number of faces shared with processor 506 = 95
    Number of faces shared with processor 507 = 33
    Number of faces shared with processor 508 = 103
    Number of processor patches = 14
    Number of processor faces = 16790
    Number of boundary faces = 740

Processor 505
    Number of cells = 127609
    Number of points = 143747
    Number of faces shared with processor 488 = 422
    Number of faces shared with processor 360 = 664
    Number of faces shared with processor 489 = 4889
    Number of faces shared with processor 504 = 4118
    Number of faces shared with processor 376 = 901
    Number of faces shared with processor 377 = 1959
    Number of faces shared with processor 506 = 5784
    Number of processor patches = 7
    Number of processor faces = 18737
    Number of boundary faces = 3412

Processor 506
    Number of cells = 127609
    Number of points = 145230
    Number of faces shared with processor 474 = 9
    Number of faces shared with processor 489 = 302
    Number of faces shared with processor 490 = 4657
    Number of faces shared with processor 491 = 31
    Number of faces shared with processor 504 = 95
    Number of faces shared with processor 376 = 3
    Number of faces shared with processor 505 = 5784
    Number of faces shared with processor 377 = 347
    Number of faces shared with processor 378 = 2207
    Number of faces shared with processor 507 = 5825
    Number of faces shared with processor 379 = 526
    Number of faces shared with processor 508 = 71
    Number of faces shared with processor 380 = 3
    Number of processor patches = 13
    Number of processor faces = 19860
    Number of boundary faces = 4881

Processor 507
    Number of cells = 127609
    Number of points = 141582
    Number of faces shared with processor 411 = 9
    Number of faces shared with processor 456 = 1
    Number of faces shared with processor 476 = 1
    Number of faces shared with processor 485 = 9
    Number of faces shared with processor 491 = 4419
    Number of faces shared with processor 492 = 415
    Number of faces shared with processor 364 = 111
    Number of faces shared with processor 494 = 9
    Number of faces shared with processor 501 = 143
    Number of faces shared with processor 504 = 33
    Number of faces shared with processor 506 = 5825
    Number of faces shared with processor 379 = 2129
    Number of faces shared with processor 508 = 3877
    Number of faces shared with processor 380 = 1317
    Number of faces shared with processor 510 = 143
    Number of processor patches = 15
    Number of processor faces = 18441
    Number of boundary faces = 889

Processor 508
    Number of cells = 127609
    Number of points = 138309
    Number of faces shared with processor 476 = 9
    Number of faces shared with processor 492 = 4235
    Number of faces shared with processor 504 = 103
    Number of faces shared with processor 506 = 71
    Number of faces shared with processor 507 = 3877
    Number of faces shared with processor 380 = 2249
    Number of faces shared with processor 252 = 20
    Number of faces shared with processor 509 = 3768
    Number of faces shared with processor 381 = 45
    Number of faces shared with processor 510 = 88
    Number of faces shared with processor 382 = 15
    Number of processor patches = 11
    Number of processor faces = 14480
    Number of boundary faces = 3

Processor 509
    Number of cells = 127609
    Number of points = 138211
    Number of faces shared with processor 492 = 91
    Number of faces shared with processor 493 = 4363
    Number of faces shared with processor 365 = 18
    Number of faces shared with processor 494 = 286
    Number of faces shared with processor 366 = 96
    Number of faces shared with processor 508 = 3768
    Number of faces shared with processor 380 = 1
    Number of faces shared with processor 381 = 2283
    Number of faces shared with processor 510 = 1752
    Number of faces shared with processor 382 = 64
    Number of processor patches = 10
    Number of processor faces = 12722
    Number of boundary faces = 0

Processor 510
    Number of cells = 127609
    Number of points = 141912
    Number of faces shared with processor 478 = 37
    Number of faces shared with processor 479 = 183
    Number of faces shared with processor 351 = 3
    Number of faces shared with processor 494 = 6769
    Number of faces shared with processor 366 = 2076
    Number of faces shared with processor 495 = 1114
    Number of faces shared with processor 507 = 143
    Number of faces shared with processor 508 = 88
    Number of faces shared with processor 509 = 1752
    Number of faces shared with processor 382 = 3236
    Number of faces shared with processor 254 = 15
    Number of faces shared with processor 511 = 694
    Number of processor patches = 12
    Number of processor faces = 16110
    Number of boundary faces = 31

Processor 511
    Number of cells = 127608
    Number of points = 163484
    Number of faces shared with processor 479 = 390
    Number of faces shared with processor 495 = 10410
    Number of faces shared with processor 367 = 3735
    Number of faces shared with processor 510 = 694
    Number of faces shared with processor 382 = 140
    Number of faces shared with processor 254 = 211
    Number of faces shared with processor 383 = 18015
    Number of processor patches = 7
    Number of processor faces = 33595
    Number of boundary faces = 3371

Number of processor faces = 4306118
Max number of cells = 127609 (0.001596393589232318% above average 127606.962890625)
Max number of processor patches = 20 (86.92953632712668% above average 10.69921875)
Max number of faces between processors = 119912 (612.880418047067% above average 16820.7734375)

Time = constant
--> FOAM Warning : 
    From bool Foam::IOobject::readHeader(Foam::dictionary&, Foam::Istream&)
    in file db/IOobject/IOobjectReadHeader.C at line 118
    Reading "constant/README.md" at line 1
    First token could not be read or is not 'FoamFile'

Check header is of the form:

/*--------------------------------*- C++ -*----------------------------------*\
| =========                 |                                                 |
| \\      /  F ield         | OpenFOAM: The Open Source CFD Toolbox           |
|  \\    /   O peration     | Version:  2512                                  |
|   \\  /    A nd           | Website:  www.openfoam.com                      |
|    \\/     M anipulation  |                                                 |
\*---------------------------------------------------------------------------*/
FoamFile
{
    version     2.0;
    format      ascii;
    arch        "LSB;label=32;scalar=64";
    class       IOobject;
    location    "constant";
    object      README.md;
}
// * * * * * * * * * * * * * * * * * * * * * * * * * * * * * * * * * * * * * //


Processor 0: field transfer
Processor 1: field transfer
Processor 2: field transfer
Processor 3: field transfer
Processor 4: field transfer
Processor 5: field transfer
Processor 6: field transfer
Processor 7: field transfer
Processor 8: field transfer
Processor 9: field transfer
Processor 10: field transfer
Processor 11: field transfer
Processor 12: field transfer
Processor 13: field transfer
Processor 14: field transfer
Processor 15: field transfer
Processor 16: field transfer
Processor 17: field transfer
Processor 18: field transfer
Processor 19: field transfer
Processor 20: field transfer
Processor 21: field transfer
Processor 22: field transfer
Processor 23: field transfer
Processor 24: field transfer
Processor 25: field transfer
Processor 26: field transfer
Processor 27: field transfer
Processor 28: field transfer
Processor 29: field transfer
Processor 30: field transfer
Processor 31: field transfer
Processor 32: field transfer
Processor 33: field transfer
Processor 34: field transfer
Processor 35: field transfer
Processor 36: field transfer
Processor 37: field transfer
Processor 38: field transfer
Processor 39: field transfer
Processor 40: field transfer
Processor 41: field transfer
Processor 42: field transfer
Processor 43: field transfer
Processor 44: field transfer
Processor 45: field transfer
Processor 46: field transfer
Processor 47: field transfer
Processor 48: field transfer
Processor 49: field transfer
Processor 50: field transfer
Processor 51: field transfer
Processor 52: field transfer
Processor 53: field transfer
Processor 54: field transfer
Processor 55: field transfer
Processor 56: field transfer
Processor 57: field transfer
Processor 58: field transfer
Processor 59: field transfer
Processor 60: field transfer
Processor 61: field transfer
Processor 62: field transfer
Processor 63: field transfer
Processor 64: field transfer
Processor 65: field transfer
Processor 66: field transfer
Processor 67: field transfer
Processor 68: field transfer
Processor 69: field transfer
Processor 70: field transfer
Processor 71: field transfer
Processor 72: field transfer
Processor 73: field transfer
Processor 74: field transfer
Processor 75: field transfer
Processor 76: field transfer
Processor 77: field transfer
Processor 78: field transfer
Processor 79: field transfer
Processor 80: field transfer
Processor 81: field transfer
Processor 82: field transfer
Processor 83: field transfer
Processor 84: field transfer
Processor 85: field transfer
Processor 86: field transfer
Processor 87: field transfer
Processor 88: field transfer
Processor 89: field transfer
Processor 90: field transfer
Processor 91: field transfer
Processor 92: field transfer
Processor 93: field transfer
Processor 94: field transfer
Processor 95: field transfer
Processor 96: field transfer
Processor 97: field transfer
Processor 98: field transfer
Processor 99: field transfer
Processor 100: field transfer
Processor 101: field transfer
Processor 102: field transfer
Processor 103: field transfer
Processor 104: field transfer
Processor 105: field transfer
Processor 106: field transfer
Processor 107: field transfer
Processor 108: field transfer
Processor 109: field transfer
Processor 110: field transfer
Processor 111: field transfer
Processor 112: field transfer
Processor 113: field transfer
Processor 114: field transfer
Processor 115: field transfer
Processor 116: field transfer
Processor 117: field transfer
Processor 118: field transfer
Processor 119: field transfer
Processor 120: field transfer
Processor 121: field transfer
Processor 122: field transfer
Processor 123: field transfer
Processor 124: field transfer
Processor 125: field transfer
Processor 126: field transfer
Processor 127: field transfer
Processor 128: field transfer
Processor 129: field transfer
Processor 130: field transfer
Processor 131: field transfer
Processor 132: field transfer
Processor 133: field transfer
Processor 134: field transfer
Processor 135: field transfer
Processor 136: field transfer
Processor 137: field transfer
Processor 138: field transfer
Processor 139: field transfer
Processor 140: field transfer
Processor 141: field transfer
Processor 142: field transfer
Processor 143: field transfer
Processor 144: field transfer
Processor 145: field transfer
Processor 146: field transfer
Processor 147: field transfer
Processor 148: field transfer
Processor 149: field transfer
Processor 150: field transfer
Processor 151: field transfer
Processor 152: field transfer
Processor 153: field transfer
Processor 154: field transfer
Processor 155: field transfer
Processor 156: field transfer
Processor 157: field transfer
Processor 158: field transfer
Processor 159: field transfer
Processor 160: field transfer
Processor 161: field transfer
Processor 162: field transfer
Processor 163: field transfer
Processor 164: field transfer
Processor 165: field transfer
Processor 166: field transfer
Processor 167: field transfer
Processor 168: field transfer
Processor 169: field transfer
Processor 170: field transfer
Processor 171: field transfer
Processor 172: field transfer
Processor 173: field transfer
Processor 174: field transfer
Processor 175: field transfer
Processor 176: field transfer
Processor 177: field transfer
Processor 178: field transfer
Processor 179: field transfer
Processor 180: field transfer
Processor 181: field transfer
Processor 182: field transfer
Processor 183: field transfer
Processor 184: field transfer
Processor 185: field transfer
Processor 186: field transfer
Processor 187: field transfer
Processor 188: field transfer
Processor 189: field transfer
Processor 190: field transfer
Processor 191: field transfer
Processor 192: field transfer
Processor 193: field transfer
Processor 194: field transfer
Processor 195: field transfer
Processor 196: field transfer
Processor 197: field transfer
Processor 198: field transfer
Processor 199: field transfer
Processor 200: field transfer
Processor 201: field transfer
Processor 202: field transfer
Processor 203: field transfer
Processor 204: field transfer
Processor 205: field transfer
Processor 206: field transfer
Processor 207: field transfer
Processor 208: field transfer
Processor 209: field transfer
Processor 210: field transfer
Processor 211: field transfer
Processor 212: field transfer
Processor 213: field transfer
Processor 214: field transfer
Processor 215: field transfer
Processor 216: field transfer
Processor 217: field transfer
Processor 218: field transfer
Processor 219: field transfer
Processor 220: field transfer
Processor 221: field transfer
Processor 222: field transfer
Processor 223: field transfer
Processor 224: field transfer
Processor 225: field transfer
Processor 226: field transfer
Processor 227: field transfer
Processor 228: field transfer
Processor 229: field transfer
Processor 230: field transfer
Processor 231: field transfer
Processor 232: field transfer
Processor 233: field transfer
Processor 234: field transfer
Processor 235: field transfer
Processor 236: field transfer
Processor 237: field transfer
Processor 238: field transfer
Processor 239: field transfer
Processor 240: field transfer
Processor 241: field transfer
Processor 242: field transfer
Processor 243: field transfer
Processor 244: field transfer
Processor 245: field transfer
Processor 246: field transfer
Processor 247: field transfer
Processor 248: field transfer
Processor 249: field transfer
Processor 250: field transfer
Processor 251: field transfer
Processor 252: field transfer
Processor 253: field transfer
Processor 254: field transfer
Processor 255: field transfer
Processor 256: field transfer
Processor 257: field transfer
Processor 258: field transfer
Processor 259: field transfer
Processor 260: field transfer
Processor 261: field transfer
Processor 262: field transfer
Processor 263: field transfer
Processor 264: field transfer
Processor 265: field transfer
Processor 266: field transfer
Processor 267: field transfer
Processor 268: field transfer
Processor 269: field transfer
Processor 270: field transfer
Processor 271: field transfer
Processor 272: field transfer
Processor 273: field transfer
Processor 274: field transfer
Processor 275: field transfer
Processor 276: field transfer
Processor 277: field transfer
Processor 278: field transfer
Processor 279: field transfer
Processor 280: field transfer
Processor 281: field transfer
Processor 282: field transfer
Processor 283: field transfer
Processor 284: field transfer
Processor 285: field transfer
Processor 286: field transfer
Processor 287: field transfer
Processor 288: field transfer
Processor 289: field transfer
Processor 290: field transfer
Processor 291: field transfer
Processor 292: field transfer
Processor 293: field transfer
Processor 294: field transfer
Processor 295: field transfer
Processor 296: field transfer
Processor 297: field transfer
Processor 298: field transfer
Processor 299: field transfer
Processor 300: field transfer
Processor 301: field transfer
Processor 302: field transfer
Processor 303: field transfer
Processor 304: field transfer
Processor 305: field transfer
Processor 306: field transfer
Processor 307: field transfer
Processor 308: field transfer
Processor 309: field transfer
Processor 310: field transfer
Processor 311: field transfer
Processor 312: field transfer
Processor 313: field transfer
Processor 314: field transfer
Processor 315: field transfer
Processor 316: field transfer
Processor 317: field transfer
Processor 318: field transfer
Processor 319: field transfer
Processor 320: field transfer
Processor 321: field transfer
Processor 322: field transfer
Processor 323: field transfer
Processor 324: field transfer
Processor 325: field transfer
Processor 326: field transfer
Processor 327: field transfer
Processor 328: field transfer
Processor 329: field transfer
Processor 330: field transfer
Processor 331: field transfer
Processor 332: field transfer
Processor 333: field transfer
Processor 334: field transfer
Processor 335: field transfer
Processor 336: field transfer
Processor 337: field transfer
Processor 338: field transfer
Processor 339: field transfer
Processor 340: field transfer
Processor 341: field transfer
Processor 342: field transfer
Processor 343: field transfer
Processor 344: field transfer
Processor 345: field transfer
Processor 346: field transfer
Processor 347: field transfer
Processor 348: field transfer
Processor 349: field transfer
Processor 350: field transfer
Processor 351: field transfer
Processor 352: field transfer
Processor 353: field transfer
Processor 354: field transfer
Processor 355: field transfer
Processor 356: field transfer
Processor 357: field transfer
Processor 358: field transfer
Processor 359: field transfer
Processor 360: field transfer
Processor 361: field transfer
Processor 362: field transfer
Processor 363: field transfer
Processor 364: field transfer
Processor 365: field transfer
Processor 366: field transfer
Processor 367: field transfer
Processor 368: field transfer
Processor 369: field transfer
Processor 370: field transfer
Processor 371: field transfer
Processor 372: field transfer
Processor 373: field transfer
Processor 374: field transfer
Processor 375: field transfer
Processor 376: field transfer
Processor 377: field transfer
Processor 378: field transfer
Processor 379: field transfer
Processor 380: field transfer
Processor 381: field transfer
Processor 382: field transfer
Processor 383: field transfer
Processor 384: field transfer
Processor 385: field transfer
Processor 386: field transfer
Processor 387: field transfer
Processor 388: field transfer
Processor 389: field transfer
Processor 390: field transfer
Processor 391: field transfer
Processor 392: field transfer
Processor 393: field transfer
Processor 394: field transfer
Processor 395: field transfer
Processor 396: field transfer
Processor 397: field transfer
Processor 398: field transfer
Processor 399: field transfer
Processor 400: field transfer
Processor 401: field transfer
Processor 402: field transfer
Processor 403: field transfer
Processor 404: field transfer
Processor 405: field transfer
Processor 406: field transfer
Processor 407: field transfer
Processor 408: field transfer
Processor 409: field transfer
Processor 410: field transfer
Processor 411: field transfer
Processor 412: field transfer
Processor 413: field transfer
Processor 414: field transfer
Processor 415: field transfer
Processor 416: field transfer
Processor 417: field transfer
Processor 418: field transfer
Processor 419: field transfer
Processor 420: field transfer
Processor 421: field transfer
Processor 422: field transfer
Processor 423: field transfer
Processor 424: field transfer
Processor 425: field transfer
Processor 426: field transfer
Processor 427: field transfer
Processor 428: field transfer
Processor 429: field transfer
Processor 430: field transfer
Processor 431: field transfer
Processor 432: field transfer
Processor 433: field transfer
Processor 434: field transfer
Processor 435: field transfer
Processor 436: field transfer
Processor 437: field transfer
Processor 438: field transfer
Processor 439: field transfer
Processor 440: field transfer
Processor 441: field transfer
Processor 442: field transfer
Processor 443: field transfer
Processor 444: field transfer
Processor 445: field transfer
Processor 446: field transfer
Processor 447: field transfer
Processor 448: field transfer
Processor 449: field transfer
Processor 450: field transfer
Processor 451: field transfer
Processor 452: field transfer
Processor 453: field transfer
Processor 454: field transfer
Processor 455: field transfer
Processor 456: field transfer
Processor 457: field transfer
Processor 458: field transfer
Processor 459: field transfer
Processor 460: field transfer
Processor 461: field transfer
Processor 462: field transfer
Processor 463: field transfer
Processor 464: field transfer
Processor 465: field transfer
Processor 466: field transfer
Processor 467: field transfer
Processor 468: field transfer
Processor 469: field transfer
Processor 470: field transfer
Processor 471: field transfer
Processor 472: field transfer
Processor 473: field transfer
Processor 474: field transfer
Processor 475: field transfer
Processor 476: field transfer
Processor 477: field transfer
Processor 478: field transfer
Processor 479: field transfer
Processor 480: field transfer
Processor 481: field transfer
Processor 482: field transfer
Processor 483: field transfer
Processor 484: field transfer
Processor 485: field transfer
Processor 486: field transfer
Processor 487: field transfer
Processor 488: field transfer
Processor 489: field transfer
Processor 490: field transfer
Processor 491: field transfer
Processor 492: field transfer
Processor 493: field transfer
Processor 494: field transfer
Processor 495: field transfer
Processor 496: field transfer
Processor 497: field transfer
Processor 498: field transfer
Processor 499: field transfer
Processor 500: field transfer
Processor 501: field transfer
Processor 502: field transfer
Processor 503: field transfer
Processor 504: field transfer
Processor 505: field transfer
Processor 506: field transfer
Processor 507: field transfer
Processor 508: field transfer
Processor 509: field transfer
Processor 510: field transfer
Processor 511: field transfer

End

