/*---------------------------------------------------------------------------*\
| =========                 |                                                 |
| \\      /  F ield         | OpenFOAM: The Open Source CFD Toolbox           |
|  \\    /   O peration     | Version:  2512                                  |
|   \\  /    A nd           | Website:  www.openfoam.com                      |
|    \\/     M anipulation  |                                                 |
\*---------------------------------------------------------------------------*/
Build  : _87ed40d256-20251219 OPENFOAM=2512 version=v2512
Arch   : "LSB;label=32;scalar=64"
Exec   : decomposePar -constant
Date   : Oct 07 2026
Time   : 09:38:02
Host   : x1002c2s4b1n0
PID    : 2207677
I/O    : uncollated
Case   : /scratch/users/industry/hpcadvisorycouncil/pengzhi/openfoam-occ-drivaer/runs/nosrx-scotch-2node.25710716
nProcs : 1
trapFpe: Floating point exception trapping enabled (FOAM_SIGFPE).
memory pool : not available
fileModificationChecking : Monitoring run-time modified files using timeStampMaster (fileModificationSkew 5, maxFileModificationPolls 20)
allowSystemOperations : Allowing user-supplied system call operations

// * * * * * * * * * * * * * * * * * * * * * * * * * * * * * * * * * * * * * //
Create time



Decomposing mesh

Create mesh

Calculating distribution of cells
Decomposition method scotch [256] (region region0)

Finished decomposition in 179.11 s

Calculating original mesh data

Distributing cells to processors

Distributing faces to processors

Distributing points to processors

Constructing processor meshes

Processor 0
    Number of cells = 257597
    Number of points = 274890
    Number of faces shared with processor 1 = 6317
    Number of faces shared with processor 2 = 2618
    Number of faces shared with processor 3 = 477
    Number of faces shared with processor 5 = 1154
    Number of faces shared with processor 6 = 1747
    Number of faces shared with processor 7 = 395
    Number of faces shared with processor 10 = 373
    Number of faces shared with processor 52 = 1512
    Number of faces shared with processor 54 = 2150
    Number of faces shared with processor 55 = 819
    Number of processor patches = 10
    Number of processor faces = 17562
    Number of boundary faces = 6104

Processor 1
    Number of cells = 257765
    Number of points = 281291
    Number of faces shared with processor 0 = 6317
    Number of faces shared with processor 2 = 977
    Number of faces shared with processor 3 = 4492
    Number of faces shared with processor 6 = 1733
    Number of faces shared with processor 7 = 5217
    Number of faces shared with processor 8 = 639
    Number of faces shared with processor 10 = 3919
    Number of faces shared with processor 13 = 1108
    Number of faces shared with processor 27 = 182
    Number of faces shared with processor 31 = 853
    Number of faces shared with processor 55 = 20
    Number of processor patches = 11
    Number of processor faces = 25457
    Number of boundary faces = 6767

Processor 2
    Number of cells = 257765
    Number of points = 275768
    Number of faces shared with processor 0 = 2618
    Number of faces shared with processor 1 = 977
    Number of faces shared with processor 3 = 5278
    Number of faces shared with processor 4 = 1714
    Number of faces shared with processor 5 = 314
    Number of faces shared with processor 10 = 995
    Number of faces shared with processor 40 = 20
    Number of faces shared with processor 41 = 408
    Number of faces shared with processor 52 = 103
    Number of faces shared with processor 54 = 2953
    Number of faces shared with processor 55 = 595
    Number of faces shared with processor 84 = 533
    Number of faces shared with processor 89 = 390
    Number of faces shared with processor 90 = 2268
    Number of faces shared with processor 91 = 3408
    Number of processor patches = 15
    Number of processor faces = 22574
    Number of boundary faces = 0

Processor 3
    Number of cells = 257765
    Number of points = 286962
    Number of faces shared with processor 0 = 477
    Number of faces shared with processor 1 = 4492
    Number of faces shared with processor 2 = 5278
    Number of faces shared with processor 4 = 1750
    Number of faces shared with processor 5 = 819
    Number of faces shared with processor 6 = 166
    Number of faces shared with processor 10 = 674
    Number of faces shared with processor 12 = 1515
    Number of faces shared with processor 13 = 1152
    Number of faces shared with processor 89 = 3269
    Number of faces shared with processor 91 = 2855
    Number of processor patches = 11
    Number of processor faces = 22447
    Number of boundary faces = 13620

Processor 4
    Number of cells = 254186
    Number of points = 293445
    Number of faces shared with processor 2 = 1714
    Number of faces shared with processor 3 = 1750
    Number of faces shared with processor 5 = 3681
    Number of faces shared with processor 6 = 1051
    Number of faces shared with processor 40 = 344
    Number of faces shared with processor 52 = 1415
    Number of faces shared with processor 53 = 2113
    Number of faces shared with processor 54 = 128
    Number of faces shared with processor 71 = 1854
    Number of faces shared with processor 84 = 2861
    Number of faces shared with processor 87 = 102
    Number of faces shared with processor 91 = 591
    Number of processor patches = 12
    Number of processor faces = 17604
    Number of boundary faces = 25635

Processor 5
    Number of cells = 253139
    Number of points = 305549
    Number of faces shared with processor 0 = 1154
    Number of faces shared with processor 2 = 314
    Number of faces shared with processor 3 = 819
    Number of faces shared with processor 4 = 3681
    Number of faces shared with processor 6 = 3268
    Number of faces shared with processor 16 = 1093
    Number of faces shared with processor 52 = 1757
    Number of faces shared with processor 53 = 2895
    Number of processor patches = 8
    Number of processor faces = 14981
    Number of boundary faces = 29478

Processor 6
    Number of cells = 257180
    Number of points = 308112
    Number of faces shared with processor 0 = 1747
    Number of faces shared with processor 1 = 1733
    Number of faces shared with processor 3 = 166
    Number of faces shared with processor 4 = 1051
    Number of faces shared with processor 5 = 3268
    Number of faces shared with processor 7 = 3456
    Number of faces shared with processor 13 = 1248
    Number of faces shared with processor 16 = 1966
    Number of faces shared with processor 17 = 596
    Number of faces shared with processor 30 = 124
    Number of faces shared with processor 52 = 29
    Number of processor patches = 11
    Number of processor faces = 15384
    Number of boundary faces = 32936

Processor 7
    Number of cells = 255216
    Number of points = 307999
    Number of faces shared with processor 0 = 395
    Number of faces shared with processor 1 = 5217
    Number of faces shared with processor 6 = 3456
    Number of faces shared with processor 8 = 346
    Number of faces shared with processor 13 = 1940
    Number of faces shared with processor 16 = 233
    Number of faces shared with processor 18 = 290
    Number of faces shared with processor 24 = 3542
    Number of faces shared with processor 27 = 765
    Number of faces shared with processor 30 = 817
    Number of faces shared with processor 31 = 951
    Number of faces shared with processor 52 = 124
    Number of processor patches = 12
    Number of processor faces = 18076
    Number of boundary faces = 30657

Processor 8
    Number of cells = 257692
    Number of points = 284028
    Number of faces shared with processor 1 = 639
    Number of faces shared with processor 7 = 346
    Number of faces shared with processor 9 = 3849
    Number of faces shared with processor 10 = 3938
    Number of faces shared with processor 23 = 1162
    Number of faces shared with processor 24 = 126
    Number of faces shared with processor 25 = 2755
    Number of faces shared with processor 26 = 82
    Number of faces shared with processor 27 = 1162
    Number of faces shared with processor 196 = 226
    Number of faces shared with processor 199 = 4814
    Number of faces shared with processor 252 = 39
    Number of faces shared with processor 254 = 1964
    Number of faces shared with processor 255 = 126
    Number of processor patches = 14
    Number of processor faces = 21228
    Number of boundary faces = 14552

Processor 9
    Number of cells = 256851
    Number of points = 307629
    Number of faces shared with processor 8 = 3849
    Number of faces shared with processor 10 = 969
    Number of faces shared with processor 11 = 2315
    Number of faces shared with processor 15 = 1615
    Number of faces shared with processor 22 = 496
    Number of faces shared with processor 23 = 1319
    Number of faces shared with processor 25 = 1572
    Number of faces shared with processor 26 = 1915
    Number of faces shared with processor 27 = 47
    Number of faces shared with processor 29 = 787
    Number of faces shared with processor 196 = 1952
    Number of faces shared with processor 199 = 376
    Number of processor patches = 12
    Number of processor faces = 17212
    Number of boundary faces = 32804

Processor 10
    Number of cells = 257860
    Number of points = 281908
    Number of faces shared with processor 0 = 373
    Number of faces shared with processor 1 = 3919
    Number of faces shared with processor 2 = 995
    Number of faces shared with processor 3 = 674
    Number of faces shared with processor 8 = 3938
    Number of faces shared with processor 9 = 969
    Number of faces shared with processor 11 = 3262
    Number of faces shared with processor 12 = 720
    Number of faces shared with processor 13 = 453
    Number of faces shared with processor 144 = 187
    Number of faces shared with processor 26 = 442
    Number of faces shared with processor 27 = 749
    Number of faces shared with processor 28 = 10
    Number of faces shared with processor 31 = 1774
    Number of faces shared with processor 55 = 3047
    Number of faces shared with processor 192 = 71
    Number of faces shared with processor 196 = 1096
    Number of faces shared with processor 197 = 1297
    Number of faces shared with processor 198 = 6
    Number of faces shared with processor 199 = 1288
    Number of faces shared with processor 203 = 996
    Number of faces shared with processor 88 = 1
    Number of faces shared with processor 89 = 993
    Number of faces shared with processor 90 = 71
    Number of faces shared with processor 94 = 859
    Number of faces shared with processor 95 = 57
    Number of processor patches = 26
    Number of processor faces = 28247
    Number of boundary faces = 4833

Processor 11
    Number of cells = 257636
    Number of points = 297619
    Number of faces shared with processor 9 = 2315
    Number of faces shared with processor 10 = 3262
    Number of faces shared with processor 12 = 2522
    Number of faces shared with processor 13 = 407
    Number of faces shared with processor 14 = 923
    Number of faces shared with processor 15 = 2432
    Number of faces shared with processor 26 = 208
    Number of faces shared with processor 28 = 3071
    Number of faces shared with processor 29 = 201
    Number of faces shared with processor 30 = 172
    Number of faces shared with processor 31 = 2337
    Number of faces shared with processor 196 = 1554
    Number of faces shared with processor 89 = 601
    Number of faces shared with processor 94 = 1887
    Number of processor patches = 14
    Number of processor faces = 21892
    Number of boundary faces = 20298

Processor 12
    Number of cells = 255191
    Number of points = 305181
    Number of faces shared with processor 3 = 1515
    Number of faces shared with processor 10 = 720
    Number of faces shared with processor 11 = 2522
    Number of faces shared with processor 13 = 6005
    Number of faces shared with processor 14 = 5574
    Number of faces shared with processor 17 = 531
    Number of faces shared with processor 28 = 421
    Number of faces shared with processor 30 = 169
    Number of faces shared with processor 89 = 2390
    Number of processor patches = 9
    Number of processor faces = 19847
    Number of boundary faces = 26722

Processor 13
    Number of cells = 254250
    Number of points = 307874
    Number of faces shared with processor 1 = 1108
    Number of faces shared with processor 3 = 1152
    Number of faces shared with processor 6 = 1248
    Number of faces shared with processor 7 = 1940
    Number of faces shared with processor 10 = 453
    Number of faces shared with processor 11 = 407
    Number of faces shared with processor 12 = 6005
    Number of faces shared with processor 14 = 261
    Number of faces shared with processor 15 = 28
    Number of faces shared with processor 17 = 1505
    Number of faces shared with processor 28 = 342
    Number of faces shared with processor 30 = 1195
    Number of faces shared with processor 31 = 1102
    Number of processor patches = 13
    Number of processor faces = 16746
    Number of boundary faces = 32485

Processor 14
    Number of cells = 253233
    Number of points = 299321
    Number of faces shared with processor 11 = 923
    Number of faces shared with processor 12 = 5574
    Number of faces shared with processor 13 = 261
    Number of faces shared with processor 15 = 4603
    Number of faces shared with processor 28 = 371
    Number of faces shared with processor 89 = 440
    Number of faces shared with processor 94 = 786
    Number of processor patches = 7
    Number of processor faces = 12958
    Number of boundary faces = 29476

Processor 15
    Number of cells = 254422
    Number of points = 309053
    Number of faces shared with processor 9 = 1615
    Number of faces shared with processor 11 = 2432
    Number of faces shared with processor 13 = 28
    Number of faces shared with processor 14 = 4603
    Number of faces shared with processor 22 = 888
    Number of faces shared with processor 28 = 1323
    Number of faces shared with processor 29 = 292
    Number of faces shared with processor 196 = 708
    Number of faces shared with processor 94 = 944
    Number of processor patches = 9
    Number of processor faces = 12833
    Number of boundary faces = 33145

Processor 16
    Number of cells = 256025
    Number of points = 305555
    Number of faces shared with processor 5 = 1093
    Number of faces shared with processor 6 = 1966
    Number of faces shared with processor 7 = 233
    Number of faces shared with processor 17 = 1861
    Number of faces shared with processor 18 = 3933
    Number of faces shared with processor 22 = 50
    Number of faces shared with processor 24 = 90
    Number of faces shared with processor 30 = 50
    Number of faces shared with processor 52 = 705
    Number of faces shared with processor 53 = 1743
    Number of faces shared with processor 121 = 752
    Number of processor patches = 11
    Number of processor faces = 12476
    Number of boundary faces = 31735

Processor 17
    Number of cells = 253300
    Number of points = 302567
    Number of faces shared with processor 6 = 596
    Number of faces shared with processor 12 = 531
    Number of faces shared with processor 13 = 1505
    Number of faces shared with processor 16 = 1861
    Number of faces shared with processor 18 = 616
    Number of faces shared with processor 19 = 1933
    Number of faces shared with processor 22 = 2439
    Number of faces shared with processor 28 = 608
    Number of faces shared with processor 29 = 28
    Number of faces shared with processor 30 = 1001
    Number of processor patches = 10
    Number of processor faces = 11118
    Number of boundary faces = 32250

Processor 18
    Number of cells = 253770
    Number of points = 303008
    Number of faces shared with processor 7 = 290
    Number of faces shared with processor 16 = 3933
    Number of faces shared with processor 17 = 616
    Number of faces shared with processor 19 = 4798
    Number of faces shared with processor 20 = 1825
    Number of faces shared with processor 22 = 667
    Number of faces shared with processor 23 = 177
    Number of faces shared with processor 24 = 557
    Number of faces shared with processor 52 = 492
    Number of faces shared with processor 120 = 759
    Number of faces shared with processor 121 = 2628
    Number of faces shared with processor 122 = 243
    Number of faces shared with processor 126 = 267
    Number of processor patches = 13
    Number of processor faces = 17252
    Number of boundary faces = 24471

Processor 19
    Number of cells = 252830
    Number of points = 304115
    Number of faces shared with processor 17 = 1933
    Number of faces shared with processor 18 = 4798
    Number of faces shared with processor 20 = 1416
    Number of faces shared with processor 21 = 1457
    Number of faces shared with processor 22 = 1590
    Number of processor patches = 5
    Number of processor faces = 11194
    Number of boundary faces = 36691

Processor 20
    Number of cells = 256622
    Number of points = 305960
    Number of faces shared with processor 18 = 1825
    Number of faces shared with processor 19 = 1416
    Number of faces shared with processor 21 = 3116
    Number of faces shared with processor 22 = 217
    Number of faces shared with processor 23 = 2661
    Number of faces shared with processor 120 = 297
    Number of faces shared with processor 249 = 1386
    Number of faces shared with processor 252 = 1071
    Number of faces shared with processor 126 = 2480
    Number of processor patches = 9
    Number of processor faces = 14469
    Number of boundary faces = 28671

Processor 21
    Number of cells = 253265
    Number of points = 299133
    Number of faces shared with processor 19 = 1457
    Number of faces shared with processor 20 = 3116
    Number of faces shared with processor 23 = 1580
    Number of faces shared with processor 249 = 1161
    Number of processor patches = 4
    Number of processor faces = 7314
    Number of boundary faces = 37756

Processor 22
    Number of cells = 255972
    Number of points = 304015
    Number of faces shared with processor 9 = 496
    Number of faces shared with processor 15 = 888
    Number of faces shared with processor 16 = 50
    Number of faces shared with processor 17 = 2439
    Number of faces shared with processor 18 = 667
    Number of faces shared with processor 19 = 1590
    Number of faces shared with processor 20 = 217
    Number of faces shared with processor 23 = 2525
    Number of faces shared with processor 24 = 502
    Number of faces shared with processor 26 = 155
    Number of faces shared with processor 28 = 737
    Number of faces shared with processor 29 = 1919
    Number of faces shared with processor 30 = 210
    Number of processor patches = 13
    Number of processor faces = 12395
    Number of boundary faces = 30244

Processor 23
    Number of cells = 253360
    Number of points = 301820
    Number of faces shared with processor 8 = 1162
    Number of faces shared with processor 9 = 1319
    Number of faces shared with processor 18 = 177
    Number of faces shared with processor 20 = 2661
    Number of faces shared with processor 21 = 1580
    Number of faces shared with processor 22 = 2525
    Number of faces shared with processor 24 = 184
    Number of faces shared with processor 25 = 755
    Number of faces shared with processor 26 = 407
    Number of faces shared with processor 252 = 3078
    Number of faces shared with processor 254 = 788
    Number of processor patches = 11
    Number of processor faces = 14636
    Number of boundary faces = 28069

Processor 24
    Number of cells = 253187
    Number of points = 301844
    Number of faces shared with processor 7 = 3542
    Number of faces shared with processor 8 = 126
    Number of faces shared with processor 16 = 90
    Number of faces shared with processor 18 = 557
    Number of faces shared with processor 22 = 502
    Number of faces shared with processor 23 = 184
    Number of faces shared with processor 25 = 2264
    Number of faces shared with processor 26 = 1365
    Number of faces shared with processor 27 = 2098
    Number of faces shared with processor 29 = 205
    Number of faces shared with processor 30 = 1449
    Number of processor patches = 11
    Number of processor faces = 12382
    Number of boundary faces = 35202

Processor 25
    Number of cells = 253838
    Number of points = 302036
    Number of faces shared with processor 8 = 2755
    Number of faces shared with processor 9 = 1572
    Number of faces shared with processor 23 = 755
    Number of faces shared with processor 24 = 2264
    Number of faces shared with processor 26 = 829
    Number of faces shared with processor 27 = 1162
    Number of processor patches = 6
    Number of processor faces = 9337
    Number of boundary faces = 40517

Processor 26
    Number of cells = 256631
    Number of points = 306880
    Number of faces shared with processor 8 = 82
    Number of faces shared with processor 9 = 1915
    Number of faces shared with processor 10 = 442
    Number of faces shared with processor 11 = 208
    Number of faces shared with processor 22 = 155
    Number of faces shared with processor 23 = 407
    Number of faces shared with processor 24 = 1365
    Number of faces shared with processor 25 = 829
    Number of faces shared with processor 27 = 3717
    Number of faces shared with processor 28 = 980
    Number of faces shared with processor 29 = 3113
    Number of faces shared with processor 31 = 433
    Number of processor patches = 12
    Number of processor faces = 13646
    Number of boundary faces = 31827

Processor 27
    Number of cells = 256448
    Number of points = 309432
    Number of faces shared with processor 1 = 182
    Number of faces shared with processor 7 = 765
    Number of faces shared with processor 8 = 1162
    Number of faces shared with processor 9 = 47
    Number of faces shared with processor 10 = 749
    Number of faces shared with processor 24 = 2098
    Number of faces shared with processor 25 = 1162
    Number of faces shared with processor 26 = 3717
    Number of faces shared with processor 29 = 537
    Number of faces shared with processor 30 = 1055
    Number of faces shared with processor 31 = 2674
    Number of processor patches = 11
    Number of processor faces = 14148
    Number of boundary faces = 30022

Processor 28
    Number of cells = 254060
    Number of points = 305424
    Number of faces shared with processor 10 = 10
    Number of faces shared with processor 11 = 3071
    Number of faces shared with processor 12 = 421
    Number of faces shared with processor 13 = 342
    Number of faces shared with processor 14 = 371
    Number of faces shared with processor 15 = 1323
    Number of faces shared with processor 17 = 608
    Number of faces shared with processor 22 = 737
    Number of faces shared with processor 26 = 980
    Number of faces shared with processor 29 = 2810
    Number of faces shared with processor 30 = 2536
    Number of faces shared with processor 31 = 1804
    Number of processor patches = 12
    Number of processor faces = 15013
    Number of boundary faces = 30099

Processor 29
    Number of cells = 255099
    Number of points = 305769
    Number of faces shared with processor 9 = 787
    Number of faces shared with processor 11 = 201
    Number of faces shared with processor 15 = 292
    Number of faces shared with processor 17 = 28
    Number of faces shared with processor 22 = 1919
    Number of faces shared with processor 24 = 205
    Number of faces shared with processor 26 = 3113
    Number of faces shared with processor 27 = 537
    Number of faces shared with processor 28 = 2810
    Number of faces shared with processor 30 = 1568
    Number of processor patches = 10
    Number of processor faces = 11460
    Number of boundary faces = 37656

Processor 30
    Number of cells = 253292
    Number of points = 305343
    Number of faces shared with processor 6 = 124
    Number of faces shared with processor 7 = 817
    Number of faces shared with processor 11 = 172
    Number of faces shared with processor 12 = 169
    Number of faces shared with processor 13 = 1195
    Number of faces shared with processor 16 = 50
    Number of faces shared with processor 17 = 1001
    Number of faces shared with processor 22 = 210
    Number of faces shared with processor 24 = 1449
    Number of faces shared with processor 27 = 1055
    Number of faces shared with processor 28 = 2536
    Number of faces shared with processor 29 = 1568
    Number of faces shared with processor 31 = 3822
    Number of processor patches = 13
    Number of processor faces = 14168
    Number of boundary faces = 31311

Processor 31
    Number of cells = 256501
    Number of points = 304503
    Number of faces shared with processor 1 = 853
    Number of faces shared with processor 7 = 951
    Number of faces shared with processor 10 = 1774
    Number of faces shared with processor 11 = 2337
    Number of faces shared with processor 13 = 1102
    Number of faces shared with processor 26 = 433
    Number of faces shared with processor 27 = 2674
    Number of faces shared with processor 28 = 1804
    Number of faces shared with processor 30 = 3822
    Number of processor patches = 9
    Number of processor faces = 15750
    Number of boundary faces = 30543

Processor 32
    Number of cells = 254860
    Number of points = 275245
    Number of faces shared with processor 33 = 6302
    Number of faces shared with processor 34 = 1570
    Number of faces shared with processor 35 = 3440
    Number of faces shared with processor 36 = 2258
    Number of faces shared with processor 46 = 3495
    Number of faces shared with processor 48 = 469
    Number of faces shared with processor 49 = 3498
    Number of processor patches = 7
    Number of processor faces = 21032
    Number of boundary faces = 7508

Processor 33
    Number of cells = 257665
    Number of points = 275246
    Number of faces shared with processor 32 = 6302
    Number of faces shared with processor 34 = 4211
    Number of faces shared with processor 35 = 1145
    Number of faces shared with processor 36 = 1165
    Number of faces shared with processor 37 = 4624
    Number of faces shared with processor 42 = 1103
    Number of faces shared with processor 45 = 3833
    Number of faces shared with processor 46 = 4754
    Number of processor patches = 8
    Number of processor faces = 27137
    Number of boundary faces = 4347

Processor 34
    Number of cells = 257713
    Number of points = 273420
    Number of faces shared with processor 32 = 1570
    Number of faces shared with processor 33 = 4211
    Number of faces shared with processor 35 = 5457
    Number of faces shared with processor 36 = 1289
    Number of faces shared with processor 37 = 284
    Number of faces shared with processor 38 = 1570
    Number of faces shared with processor 39 = 4469
    Number of faces shared with processor 42 = 1741
    Number of faces shared with processor 43 = 3465
    Number of faces shared with processor 45 = 1825
    Number of processor patches = 10
    Number of processor faces = 25881
    Number of boundary faces = 0

Processor 35
    Number of cells = 257765
    Number of points = 278844
    Number of faces shared with processor 144 = 421
    Number of faces shared with processor 32 = 3440
    Number of faces shared with processor 33 = 1145
    Number of faces shared with processor 34 = 5457
    Number of faces shared with processor 36 = 3301
    Number of faces shared with processor 39 = 272
    Number of faces shared with processor 40 = 175
    Number of faces shared with processor 41 = 20
    Number of faces shared with processor 42 = 2484
    Number of faces shared with processor 43 = 2470
    Number of faces shared with processor 46 = 417
    Number of faces shared with processor 48 = 541
    Number of faces shared with processor 49 = 1428
    Number of faces shared with processor 55 = 297
    Number of faces shared with processor 56 = 128
    Number of faces shared with processor 63 = 279
    Number of faces shared with processor 69 = 932
    Number of faces shared with processor 79 = 360
    Number of faces shared with processor 84 = 133
    Number of faces shared with processor 90 = 83
    Number of faces shared with processor 117 = 324
    Number of processor patches = 21
    Number of processor faces = 24107
    Number of boundary faces = 0

Processor 36
    Number of cells = 257279
    Number of points = 281721
    Number of faces shared with processor 144 = 7
    Number of faces shared with processor 32 = 2258
    Number of faces shared with processor 33 = 1165
    Number of faces shared with processor 34 = 1289
    Number of faces shared with processor 35 = 3301
    Number of faces shared with processor 37 = 2090
    Number of faces shared with processor 39 = 4717
    Number of faces shared with processor 48 = 2052
    Number of faces shared with processor 49 = 21
    Number of faces shared with processor 50 = 4220
    Number of faces shared with processor 51 = 1374
    Number of faces shared with processor 55 = 317
    Number of faces shared with processor 56 = 1223
    Number of faces shared with processor 63 = 77
    Number of processor patches = 14
    Number of processor faces = 24111
    Number of boundary faces = 7194

Processor 37
    Number of cells = 256917
    Number of points = 273800
    Number of faces shared with processor 33 = 4624
    Number of faces shared with processor 34 = 284
    Number of faces shared with processor 36 = 2090
    Number of faces shared with processor 38 = 3599
    Number of faces shared with processor 39 = 3425
    Number of faces shared with processor 44 = 2778
    Number of faces shared with processor 45 = 1690
    Number of faces shared with processor 50 = 943
    Number of faces shared with processor 55 = 921
    Number of processor patches = 9
    Number of processor faces = 20354
    Number of boundary faces = 5570

Processor 38
    Number of cells = 257361
    Number of points = 274236
    Number of faces shared with processor 34 = 1570
    Number of faces shared with processor 37 = 3599
    Number of faces shared with processor 39 = 8295
    Number of faces shared with processor 41 = 4522
    Number of faces shared with processor 43 = 2367
    Number of faces shared with processor 44 = 3716
    Number of faces shared with processor 45 = 2992
    Number of faces shared with processor 55 = 370
    Number of processor patches = 8
    Number of processor faces = 27431
    Number of boundary faces = 0

Processor 39
    Number of cells = 257752
    Number of points = 275918
    Number of faces shared with processor 34 = 4469
    Number of faces shared with processor 35 = 272
    Number of faces shared with processor 36 = 4717
    Number of faces shared with processor 37 = 3425
    Number of faces shared with processor 38 = 8295
    Number of faces shared with processor 40 = 547
    Number of faces shared with processor 41 = 615
    Number of faces shared with processor 43 = 1127
    Number of faces shared with processor 45 = 57
    Number of faces shared with processor 50 = 1
    Number of faces shared with processor 55 = 416
    Number of processor patches = 11
    Number of processor faces = 23941
    Number of boundary faces = 0

Processor 40
    Number of cells = 257803
    Number of points = 276331
    Number of faces shared with processor 2 = 20
    Number of faces shared with processor 4 = 344
    Number of faces shared with processor 35 = 175
    Number of faces shared with processor 39 = 547
    Number of faces shared with processor 41 = 6674
    Number of faces shared with processor 42 = 1187
    Number of faces shared with processor 43 = 5015
    Number of faces shared with processor 44 = 1741
    Number of faces shared with processor 45 = 2530
    Number of faces shared with processor 47 = 1631
    Number of faces shared with processor 52 = 3342
    Number of faces shared with processor 54 = 2033
    Number of faces shared with processor 55 = 33
    Number of faces shared with processor 68 = 1603
    Number of faces shared with processor 69 = 1383
    Number of faces shared with processor 71 = 892
    Number of faces shared with processor 84 = 3841
    Number of faces shared with processor 87 = 1456
    Number of faces shared with processor 90 = 439
    Number of processor patches = 19
    Number of processor faces = 34886
    Number of boundary faces = 0

Processor 41
    Number of cells = 257765
    Number of points = 275205
    Number of faces shared with processor 2 = 408
    Number of faces shared with processor 35 = 20
    Number of faces shared with processor 38 = 4522
    Number of faces shared with processor 39 = 615
    Number of faces shared with processor 40 = 6674
    Number of faces shared with processor 43 = 2809
    Number of faces shared with processor 44 = 1945
    Number of faces shared with processor 45 = 416
    Number of faces shared with processor 54 = 2582
    Number of faces shared with processor 55 = 510
    Number of faces shared with processor 84 = 1615
    Number of faces shared with processor 90 = 2601
    Number of processor patches = 12
    Number of processor faces = 24717
    Number of boundary faces = 0

Processor 42
    Number of cells = 257765
    Number of points = 274085
    Number of faces shared with processor 33 = 1103
    Number of faces shared with processor 34 = 1741
    Number of faces shared with processor 35 = 2484
    Number of faces shared with processor 40 = 1187
    Number of faces shared with processor 43 = 5249
    Number of faces shared with processor 45 = 1801
    Number of faces shared with processor 46 = 4129
    Number of faces shared with processor 47 = 4003
    Number of faces shared with processor 68 = 1036
    Number of faces shared with processor 69 = 4475
    Number of faces shared with processor 117 = 1090
    Number of processor patches = 11
    Number of processor faces = 28298
    Number of boundary faces = 0

Processor 43
    Number of cells = 257555
    Number of points = 276619
    Number of faces shared with processor 34 = 3465
    Number of faces shared with processor 35 = 2470
    Number of faces shared with processor 38 = 2367
    Number of faces shared with processor 39 = 1127
    Number of faces shared with processor 40 = 5015
    Number of faces shared with processor 41 = 2809
    Number of faces shared with processor 42 = 5249
    Number of faces shared with processor 45 = 1384
    Number of faces shared with processor 69 = 4536
    Number of faces shared with processor 84 = 1085
    Number of processor patches = 10
    Number of processor faces = 29507
    Number of boundary faces = 0

Processor 44
    Number of cells = 257265
    Number of points = 272587
    Number of faces shared with processor 37 = 2778
    Number of faces shared with processor 38 = 3716
    Number of faces shared with processor 40 = 1741
    Number of faces shared with processor 41 = 1945
    Number of faces shared with processor 45 = 4898
    Number of faces shared with processor 52 = 1657
    Number of faces shared with processor 54 = 3865
    Number of faces shared with processor 55 = 917
    Number of processor patches = 8
    Number of processor faces = 21517
    Number of boundary faces = 5173

Processor 45
    Number of cells = 258091
    Number of points = 273682
    Number of faces shared with processor 33 = 3833
    Number of faces shared with processor 34 = 1825
    Number of faces shared with processor 37 = 1690
    Number of faces shared with processor 38 = 2992
    Number of faces shared with processor 39 = 57
    Number of faces shared with processor 40 = 2530
    Number of faces shared with processor 41 = 416
    Number of faces shared with processor 42 = 1801
    Number of faces shared with processor 43 = 1384
    Number of faces shared with processor 44 = 4898
    Number of faces shared with processor 46 = 2726
    Number of faces shared with processor 47 = 2729
    Number of faces shared with processor 52 = 1327
    Number of processor patches = 13
    Number of processor faces = 28208
    Number of boundary faces = 2490

Processor 46
    Number of cells = 256732
    Number of points = 272791
    Number of faces shared with processor 32 = 3495
    Number of faces shared with processor 33 = 4754
    Number of faces shared with processor 35 = 417
    Number of faces shared with processor 42 = 4129
    Number of faces shared with processor 45 = 2726
    Number of faces shared with processor 47 = 4380
    Number of faces shared with processor 49 = 877
    Number of faces shared with processor 117 = 477
    Number of processor patches = 8
    Number of processor faces = 21255
    Number of boundary faces = 5684

Processor 47
    Number of cells = 256383
    Number of points = 271803
    Number of faces shared with processor 40 = 1631
    Number of faces shared with processor 42 = 4003
    Number of faces shared with processor 45 = 2729
    Number of faces shared with processor 46 = 4380
    Number of faces shared with processor 52 = 3383
    Number of faces shared with processor 68 = 4541
    Number of faces shared with processor 116 = 1201
    Number of faces shared with processor 117 = 3173
    Number of processor patches = 8
    Number of processor faces = 25041
    Number of boundary faces = 5076

Processor 48
    Number of cells = 253323
    Number of points = 290547
    Number of faces shared with processor 32 = 469
    Number of faces shared with processor 35 = 541
    Number of faces shared with processor 36 = 2052
    Number of faces shared with processor 49 = 4448
    Number of faces shared with processor 51 = 4944
    Number of faces shared with processor 56 = 2696
    Number of faces shared with processor 58 = 48
    Number of faces shared with processor 59 = 1772
    Number of faces shared with processor 63 = 42
    Number of processor patches = 9
    Number of processor faces = 17012
    Number of boundary faces = 27089

Processor 49
    Number of cells = 252900
    Number of points = 292475
    Number of faces shared with processor 32 = 3498
    Number of faces shared with processor 35 = 1428
    Number of faces shared with processor 36 = 21
    Number of faces shared with processor 46 = 877
    Number of faces shared with processor 48 = 4448
    Number of faces shared with processor 56 = 90
    Number of faces shared with processor 63 = 160
    Number of faces shared with processor 117 = 1351
    Number of processor patches = 8
    Number of processor faces = 11873
    Number of boundary faces = 31358

Processor 50
    Number of cells = 252904
    Number of points = 291047
    Number of faces shared with processor 36 = 4220
    Number of faces shared with processor 37 = 943
    Number of faces shared with processor 39 = 1
    Number of faces shared with processor 51 = 2656
    Number of faces shared with processor 55 = 1330
    Number of faces shared with processor 56 = 1389
    Number of faces shared with processor 57 = 1593
    Number of faces shared with processor 63 = 104
    Number of processor patches = 8
    Number of processor faces = 12236
    Number of boundary faces = 30068

Processor 51
    Number of cells = 252749
    Number of points = 289798
    Number of faces shared with processor 36 = 1374
    Number of faces shared with processor 48 = 4944
    Number of faces shared with processor 50 = 2656
    Number of faces shared with processor 56 = 1576
    Number of faces shared with processor 57 = 2635
    Number of faces shared with processor 58 = 1314
    Number of faces shared with processor 59 = 231
    Number of processor patches = 7
    Number of processor faces = 14730
    Number of boundary faces = 29958

Processor 52
    Number of cells = 257120
    Number of points = 277525
    Number of faces shared with processor 0 = 1512
    Number of faces shared with processor 2 = 103
    Number of faces shared with processor 4 = 1415
    Number of faces shared with processor 5 = 1757
    Number of faces shared with processor 6 = 29
    Number of faces shared with processor 7 = 124
    Number of faces shared with processor 16 = 705
    Number of faces shared with processor 18 = 492
    Number of faces shared with processor 40 = 3342
    Number of faces shared with processor 44 = 1657
    Number of faces shared with processor 45 = 1327
    Number of faces shared with processor 47 = 3383
    Number of faces shared with processor 53 = 3727
    Number of faces shared with processor 54 = 3263
    Number of faces shared with processor 68 = 1279
    Number of faces shared with processor 71 = 1135
    Number of faces shared with processor 84 = 30
    Number of faces shared with processor 121 = 2503
    Number of faces shared with processor 122 = 905
    Number of processor patches = 19
    Number of processor faces = 28688
    Number of boundary faces = 6083

Processor 53
    Number of cells = 252688
    Number of points = 298579
    Number of faces shared with processor 4 = 2113
    Number of faces shared with processor 5 = 2895
    Number of faces shared with processor 16 = 1743
    Number of faces shared with processor 52 = 3727
    Number of faces shared with processor 71 = 2421
    Number of faces shared with processor 121 = 2133
    Number of processor patches = 6
    Number of processor faces = 15032
    Number of boundary faces = 30648

Processor 54
    Number of cells = 253544
    Number of points = 270387
    Number of faces shared with processor 0 = 2150
    Number of faces shared with processor 2 = 2953
    Number of faces shared with processor 4 = 128
    Number of faces shared with processor 40 = 2033
    Number of faces shared with processor 41 = 2582
    Number of faces shared with processor 44 = 3865
    Number of faces shared with processor 52 = 3263
    Number of faces shared with processor 55 = 2887
    Number of processor patches = 8
    Number of processor faces = 19861
    Number of boundary faces = 5230

Processor 55
    Number of cells = 253635
    Number of points = 295271
    Number of faces shared with processor 0 = 819
    Number of faces shared with processor 1 = 20
    Number of faces shared with processor 2 = 595
    Number of faces shared with processor 10 = 3047
    Number of faces shared with processor 144 = 576
    Number of faces shared with processor 35 = 297
    Number of faces shared with processor 36 = 317
    Number of faces shared with processor 37 = 921
    Number of faces shared with processor 38 = 370
    Number of faces shared with processor 39 = 416
    Number of faces shared with processor 40 = 33
    Number of faces shared with processor 41 = 510
    Number of faces shared with processor 44 = 917
    Number of faces shared with processor 50 = 1330
    Number of faces shared with processor 54 = 2887
    Number of faces shared with processor 63 = 55
    Number of faces shared with processor 197 = 54
    Number of faces shared with processor 200 = 66
    Number of faces shared with processor 203 = 1424
    Number of faces shared with processor 204 = 111
    Number of faces shared with processor 90 = 276
    Number of processor patches = 21
    Number of processor faces = 15041
    Number of boundary faces = 31068

Processor 56
    Number of cells = 257031
    Number of points = 280624
    Number of faces shared with processor 35 = 128
    Number of faces shared with processor 36 = 1223
    Number of faces shared with processor 48 = 2696
    Number of faces shared with processor 49 = 90
    Number of faces shared with processor 50 = 1389
    Number of faces shared with processor 51 = 1576
    Number of faces shared with processor 57 = 3443
    Number of faces shared with processor 58 = 3317
    Number of faces shared with processor 59 = 3213
    Number of faces shared with processor 60 = 151
    Number of faces shared with processor 62 = 1788
    Number of faces shared with processor 63 = 2330
    Number of processor patches = 12
    Number of processor faces = 21344
    Number of boundary faces = 6165

Processor 57
    Number of cells = 253112
    Number of points = 290896
    Number of faces shared with processor 50 = 1593
    Number of faces shared with processor 51 = 2635
    Number of faces shared with processor 56 = 3443
    Number of faces shared with processor 58 = 2569
    Number of faces shared with processor 62 = 10
    Number of faces shared with processor 63 = 27
    Number of processor patches = 6
    Number of processor faces = 10277
    Number of boundary faces = 31634

Processor 58
    Number of cells = 253281
    Number of points = 291042
    Number of faces shared with processor 48 = 48
    Number of faces shared with processor 51 = 1314
    Number of faces shared with processor 56 = 3317
    Number of faces shared with processor 57 = 2569
    Number of faces shared with processor 59 = 3101
    Number of faces shared with processor 60 = 1748
    Number of faces shared with processor 62 = 1849
    Number of processor patches = 7
    Number of processor faces = 13946
    Number of boundary faces = 30988

Processor 59
    Number of cells = 254170
    Number of points = 290840
    Number of faces shared with processor 48 = 1772
    Number of faces shared with processor 51 = 231
    Number of faces shared with processor 56 = 3213
    Number of faces shared with processor 58 = 3101
    Number of faces shared with processor 60 = 2577
    Number of faces shared with processor 63 = 805
    Number of processor patches = 6
    Number of processor faces = 11699
    Number of boundary faces = 28428

Processor 60
    Number of cells = 252666
    Number of points = 292211
    Number of faces shared with processor 56 = 151
    Number of faces shared with processor 58 = 1748
    Number of faces shared with processor 59 = 2577
    Number of faces shared with processor 61 = 3853
    Number of faces shared with processor 62 = 2089
    Number of faces shared with processor 63 = 732
    Number of processor patches = 6
    Number of processor faces = 11150
    Number of boundary faces = 33105

Processor 61
    Number of cells = 252682
    Number of points = 291988
    Number of faces shared with processor 60 = 3853
    Number of faces shared with processor 63 = 2491
    Number of processor patches = 2
    Number of processor faces = 6344
    Number of boundary faces = 34446

Processor 62
    Number of cells = 252720
    Number of points = 293065
    Number of faces shared with processor 56 = 1788
    Number of faces shared with processor 57 = 10
    Number of faces shared with processor 58 = 1849
    Number of faces shared with processor 60 = 2089
    Number of faces shared with processor 63 = 2910
    Number of processor patches = 5
    Number of processor faces = 8646
    Number of boundary faces = 34164

Processor 63
    Number of cells = 253365
    Number of points = 286181
    Number of faces shared with processor 144 = 851
    Number of faces shared with processor 35 = 279
    Number of faces shared with processor 36 = 77
    Number of faces shared with processor 48 = 42
    Number of faces shared with processor 49 = 160
    Number of faces shared with processor 50 = 104
    Number of faces shared with processor 55 = 55
    Number of faces shared with processor 56 = 2330
    Number of faces shared with processor 57 = 27
    Number of faces shared with processor 59 = 805
    Number of faces shared with processor 60 = 732
    Number of faces shared with processor 61 = 2491
    Number of faces shared with processor 62 = 2910
    Number of faces shared with processor 117 = 56
    Number of processor patches = 14
    Number of processor faces = 10919
    Number of boundary faces = 21682

Processor 64
    Number of cells = 256338
    Number of points = 273925
    Number of faces shared with processor 65 = 6710
    Number of faces shared with processor 66 = 4184
    Number of faces shared with processor 67 = 1088
    Number of faces shared with processor 69 = 2940
    Number of faces shared with processor 72 = 1428
    Number of faces shared with processor 78 = 1919
    Number of faces shared with processor 79 = 2446
    Number of faces shared with processor 86 = 498
    Number of faces shared with processor 113 = 50
    Number of faces shared with processor 117 = 136
    Number of processor patches = 10
    Number of processor faces = 21399
    Number of boundary faces = 0

Processor 65
    Number of cells = 256566
    Number of points = 291466
    Number of faces shared with processor 64 = 6710
    Number of faces shared with processor 66 = 1705
    Number of faces shared with processor 67 = 6092
    Number of faces shared with processor 68 = 1410
    Number of faces shared with processor 69 = 2182
    Number of faces shared with processor 70 = 3333
    Number of faces shared with processor 78 = 1533
    Number of faces shared with processor 83 = 774
    Number of faces shared with processor 86 = 965
    Number of faces shared with processor 117 = 40
    Number of processor patches = 10
    Number of processor faces = 24744
    Number of boundary faces = 10676

Processor 66
    Number of cells = 254748
    Number of points = 285494
    Number of faces shared with processor 64 = 4184
    Number of faces shared with processor 65 = 1705
    Number of faces shared with processor 67 = 3971
    Number of faces shared with processor 72 = 4752
    Number of faces shared with processor 78 = 1514
    Number of faces shared with processor 79 = 878
    Number of faces shared with processor 110 = 1020
    Number of faces shared with processor 113 = 3914
    Number of processor patches = 8
    Number of processor faces = 21938
    Number of boundary faces = 14104

Processor 67
    Number of cells = 255954
    Number of points = 282299
    Number of faces shared with processor 64 = 1088
    Number of faces shared with processor 65 = 6092
    Number of faces shared with processor 66 = 3971
    Number of faces shared with processor 68 = 4373
    Number of faces shared with processor 69 = 66
    Number of faces shared with processor 113 = 3316
    Number of faces shared with processor 116 = 621
    Number of faces shared with processor 117 = 489
    Number of faces shared with processor 118 = 3814
    Number of processor patches = 9
    Number of processor faces = 23830
    Number of boundary faces = 8732

Processor 68
    Number of cells = 257484
    Number of points = 289051
    Number of faces shared with processor 40 = 1603
    Number of faces shared with processor 42 = 1036
    Number of faces shared with processor 47 = 4541
    Number of faces shared with processor 52 = 1279
    Number of faces shared with processor 65 = 1410
    Number of faces shared with processor 67 = 4373
    Number of faces shared with processor 69 = 2374
    Number of faces shared with processor 70 = 5382
    Number of faces shared with processor 71 = 688
    Number of faces shared with processor 87 = 74
    Number of faces shared with processor 116 = 2270
    Number of faces shared with processor 117 = 807
    Number of faces shared with processor 118 = 2521
    Number of faces shared with processor 122 = 1771
    Number of faces shared with processor 123 = 1582
    Number of processor patches = 15
    Number of processor faces = 31711
    Number of boundary faces = 10773

Processor 69
    Number of cells = 257746
    Number of points = 276357
    Number of faces shared with processor 35 = 932
    Number of faces shared with processor 40 = 1383
    Number of faces shared with processor 42 = 4475
    Number of faces shared with processor 43 = 4536
    Number of faces shared with processor 64 = 2940
    Number of faces shared with processor 65 = 2182
    Number of faces shared with processor 67 = 66
    Number of faces shared with processor 68 = 2374
    Number of faces shared with processor 70 = 1123
    Number of faces shared with processor 79 = 1193
    Number of faces shared with processor 84 = 1834
    Number of faces shared with processor 86 = 1474
    Number of faces shared with processor 87 = 1192
    Number of faces shared with processor 117 = 976
    Number of processor patches = 14
    Number of processor faces = 26680
    Number of boundary faces = 0

Processor 70
    Number of cells = 252859
    Number of points = 290765
    Number of faces shared with processor 65 = 3333
    Number of faces shared with processor 68 = 5382
    Number of faces shared with processor 69 = 1123
    Number of faces shared with processor 71 = 3814
    Number of faces shared with processor 86 = 2241
    Number of faces shared with processor 87 = 1587
    Number of faces shared with processor 122 = 928
    Number of processor patches = 7
    Number of processor faces = 18408
    Number of boundary faces = 22169

Processor 71
    Number of cells = 252671
    Number of points = 288139
    Number of faces shared with processor 4 = 1854
    Number of faces shared with processor 40 = 892
    Number of faces shared with processor 52 = 1135
    Number of faces shared with processor 53 = 2421
    Number of faces shared with processor 68 = 688
    Number of faces shared with processor 70 = 3814
    Number of faces shared with processor 84 = 20
    Number of faces shared with processor 87 = 3364
    Number of faces shared with processor 121 = 1575
    Number of faces shared with processor 122 = 1496
    Number of processor patches = 10
    Number of processor faces = 17259
    Number of boundary faces = 23557

Processor 72
    Number of cells = 253185
    Number of points = 276399
    Number of faces shared with processor 64 = 1428
    Number of faces shared with processor 66 = 4752
    Number of faces shared with processor 73 = 4394
    Number of faces shared with processor 74 = 74
    Number of faces shared with processor 79 = 5784
    Number of faces shared with processor 104 = 376
    Number of faces shared with processor 110 = 2218
    Number of faces shared with processor 111 = 1260
    Number of faces shared with processor 113 = 497
    Number of faces shared with processor 117 = 82
    Number of processor patches = 10
    Number of processor faces = 20865
    Number of boundary faces = 7768

Processor 73
    Number of cells = 253001
    Number of points = 284462
    Number of faces shared with processor 72 = 4394
    Number of faces shared with processor 74 = 4767
    Number of faces shared with processor 76 = 2597
    Number of faces shared with processor 79 = 1892
    Number of faces shared with processor 104 = 25
    Number of faces shared with processor 111 = 3606
    Number of processor patches = 6
    Number of processor faces = 17281
    Number of boundary faces = 17460

Processor 74
    Number of cells = 254729
    Number of points = 279474
    Number of faces shared with processor 130 = 249
    Number of faces shared with processor 131 = 963
    Number of faces shared with processor 170 = 311
    Number of faces shared with processor 173 = 296
    Number of faces shared with processor 175 = 2360
    Number of faces shared with processor 72 = 74
    Number of faces shared with processor 73 = 4767
    Number of faces shared with processor 75 = 7283
    Number of faces shared with processor 76 = 1519
    Number of faces shared with processor 79 = 582
    Number of faces shared with processor 104 = 953
    Number of faces shared with processor 107 = 1772
    Number of faces shared with processor 111 = 2586
    Number of faces shared with processor 117 = 3
    Number of processor patches = 14
    Number of processor faces = 23718
    Number of boundary faces = 7087

Processor 75
    Number of cells = 253236
    Number of points = 291580
    Number of faces shared with processor 130 = 1745
    Number of faces shared with processor 131 = 831
    Number of faces shared with processor 174 = 1146
    Number of faces shared with processor 175 = 3809
    Number of faces shared with processor 74 = 7283
    Number of faces shared with processor 107 = 1295
    Number of faces shared with processor 111 = 604
    Number of processor patches = 7
    Number of processor faces = 16713
    Number of boundary faces = 27393

Processor 76
    Number of cells = 252697
    Number of points = 294572
    Number of faces shared with processor 131 = 889
    Number of faces shared with processor 135 = 4814
    Number of faces shared with processor 73 = 2597
    Number of faces shared with processor 74 = 1519
    Number of faces shared with processor 77 = 4456
    Number of faces shared with processor 79 = 1827
    Number of processor patches = 6
    Number of processor faces = 16102
    Number of boundary faces = 22355

Processor 77
    Number of cells = 253010
    Number of points = 291738
    Number of faces shared with processor 135 = 1106
    Number of faces shared with processor 76 = 4456
    Number of faces shared with processor 78 = 3094
    Number of faces shared with processor 79 = 3414
    Number of faces shared with processor 80 = 2013
    Number of faces shared with processor 81 = 3237
    Number of processor patches = 6
    Number of processor faces = 17320
    Number of boundary faces = 15652

Processor 78
    Number of cells = 254984
    Number of points = 296543
    Number of faces shared with processor 64 = 1919
    Number of faces shared with processor 65 = 1533
    Number of faces shared with processor 66 = 1514
    Number of faces shared with processor 77 = 3094
    Number of faces shared with processor 79 = 5415
    Number of faces shared with processor 81 = 1732
    Number of faces shared with processor 82 = 178
    Number of faces shared with processor 83 = 4801
    Number of faces shared with processor 86 = 405
    Number of processor patches = 9
    Number of processor faces = 20591
    Number of boundary faces = 14814

Processor 79
    Number of cells = 254839
    Number of points = 291055
    Number of faces shared with processor 130 = 26
    Number of faces shared with processor 131 = 162
    Number of faces shared with processor 134 = 28
    Number of faces shared with processor 135 = 225
    Number of faces shared with processor 144 = 1303
    Number of faces shared with processor 35 = 360
    Number of faces shared with processor 170 = 173
    Number of faces shared with processor 64 = 2446
    Number of faces shared with processor 66 = 878
    Number of faces shared with processor 69 = 1193
    Number of faces shared with processor 72 = 5784
    Number of faces shared with processor 73 = 1892
    Number of faces shared with processor 74 = 582
    Number of faces shared with processor 76 = 1827
    Number of faces shared with processor 77 = 3414
    Number of faces shared with processor 78 = 5415
    Number of faces shared with processor 80 = 184
    Number of faces shared with processor 81 = 240
    Number of faces shared with processor 82 = 267
    Number of faces shared with processor 84 = 988
    Number of faces shared with processor 86 = 177
    Number of faces shared with processor 104 = 52
    Number of faces shared with processor 117 = 402
    Number of processor patches = 23
    Number of processor faces = 28018
    Number of boundary faces = 11364

Processor 80
    Number of cells = 253653
    Number of points = 285019
    Number of faces shared with processor 132 = 2780
    Number of faces shared with processor 134 = 1269
    Number of faces shared with processor 135 = 1047
    Number of faces shared with processor 144 = 42
    Number of faces shared with processor 77 = 2013
    Number of faces shared with processor 79 = 184
    Number of faces shared with processor 81 = 5821
    Number of faces shared with processor 82 = 94
    Number of faces shared with processor 84 = 63
    Number of faces shared with processor 92 = 37
    Number of faces shared with processor 93 = 2364
    Number of processor patches = 11
    Number of processor faces = 15714
    Number of boundary faces = 17837

Processor 81
    Number of cells = 254638
    Number of points = 282283
    Number of faces shared with processor 77 = 3237
    Number of faces shared with processor 78 = 1732
    Number of faces shared with processor 79 = 240
    Number of faces shared with processor 80 = 5821
    Number of faces shared with processor 82 = 5842
    Number of faces shared with processor 83 = 3654
    Number of faces shared with processor 93 = 1197
    Number of processor patches = 7
    Number of processor faces = 21723
    Number of boundary faces = 13533

Processor 82
    Number of cells = 256937
    Number of points = 286378
    Number of faces shared with processor 78 = 178
    Number of faces shared with processor 79 = 267
    Number of faces shared with processor 80 = 94
    Number of faces shared with processor 81 = 5842
    Number of faces shared with processor 83 = 3025
    Number of faces shared with processor 84 = 1072
    Number of faces shared with processor 85 = 4650
    Number of faces shared with processor 86 = 3093
    Number of faces shared with processor 88 = 91
    Number of faces shared with processor 92 = 358
    Number of faces shared with processor 93 = 3158
    Number of processor patches = 11
    Number of processor faces = 21828
    Number of boundary faces = 13080

Processor 83
    Number of cells = 252928
    Number of points = 283819
    Number of faces shared with processor 65 = 774
    Number of faces shared with processor 78 = 4801
    Number of faces shared with processor 81 = 3654
    Number of faces shared with processor 82 = 3025
    Number of faces shared with processor 86 = 5093
    Number of processor patches = 5
    Number of processor faces = 17347
    Number of boundary faces = 17617

Processor 84
    Number of cells = 257318
    Number of points = 290895
    Number of faces shared with processor 2 = 533
    Number of faces shared with processor 4 = 2861
    Number of faces shared with processor 144 = 169
    Number of faces shared with processor 35 = 133
    Number of faces shared with processor 40 = 3841
    Number of faces shared with processor 41 = 1615
    Number of faces shared with processor 43 = 1085
    Number of faces shared with processor 52 = 30
    Number of faces shared with processor 69 = 1834
    Number of faces shared with processor 71 = 20
    Number of faces shared with processor 79 = 988
    Number of faces shared with processor 80 = 63
    Number of faces shared with processor 82 = 1072
    Number of faces shared with processor 85 = 3856
    Number of faces shared with processor 86 = 1347
    Number of faces shared with processor 87 = 3992
    Number of faces shared with processor 90 = 3474
    Number of faces shared with processor 91 = 2276
    Number of faces shared with processor 92 = 502
    Number of faces shared with processor 93 = 2
    Number of processor patches = 20
    Number of processor faces = 29693
    Number of boundary faces = 11130

Processor 85
    Number of cells = 256378
    Number of points = 292739
    Number of faces shared with processor 82 = 4650
    Number of faces shared with processor 84 = 3856
    Number of faces shared with processor 86 = 1767
    Number of faces shared with processor 87 = 1727
    Number of faces shared with processor 88 = 3297
    Number of faces shared with processor 90 = 1547
    Number of faces shared with processor 91 = 2274
    Number of faces shared with processor 92 = 492
    Number of faces shared with processor 93 = 422
    Number of processor patches = 9
    Number of processor faces = 20032
    Number of boundary faces = 15868

Processor 86
    Number of cells = 253318
    Number of points = 285960
    Number of faces shared with processor 64 = 498
    Number of faces shared with processor 65 = 965
    Number of faces shared with processor 69 = 1474
    Number of faces shared with processor 70 = 2241
    Number of faces shared with processor 78 = 405
    Number of faces shared with processor 79 = 177
    Number of faces shared with processor 82 = 3093
    Number of faces shared with processor 83 = 5093
    Number of faces shared with processor 84 = 1347
    Number of faces shared with processor 85 = 1767
    Number of faces shared with processor 87 = 5682
    Number of processor patches = 11
    Number of processor faces = 22742
    Number of boundary faces = 15557

Processor 87
    Number of cells = 253234
    Number of points = 289507
    Number of faces shared with processor 4 = 102
    Number of faces shared with processor 40 = 1456
    Number of faces shared with processor 68 = 74
    Number of faces shared with processor 69 = 1192
    Number of faces shared with processor 70 = 1587
    Number of faces shared with processor 71 = 3364
    Number of faces shared with processor 84 = 3992
    Number of faces shared with processor 85 = 1727
    Number of faces shared with processor 86 = 5682
    Number of processor patches = 9
    Number of processor faces = 19176
    Number of boundary faces = 19819

Processor 88
    Number of cells = 257531
    Number of points = 290723
    Number of faces shared with processor 10 = 1
    Number of faces shared with processor 144 = 3
    Number of faces shared with processor 82 = 91
    Number of faces shared with processor 85 = 3297
    Number of faces shared with processor 89 = 3870
    Number of faces shared with processor 90 = 1791
    Number of faces shared with processor 91 = 3272
    Number of faces shared with processor 92 = 2056
    Number of faces shared with processor 93 = 2849
    Number of faces shared with processor 95 = 3699
    Number of processor patches = 10
    Number of processor faces = 20929
    Number of boundary faces = 11023

Processor 89
    Number of cells = 257579
    Number of points = 286272
    Number of faces shared with processor 2 = 390
    Number of faces shared with processor 3 = 3269
    Number of faces shared with processor 10 = 993
    Number of faces shared with processor 11 = 601
    Number of faces shared with processor 12 = 2390
    Number of faces shared with processor 14 = 440
    Number of faces shared with processor 88 = 3870
    Number of faces shared with processor 90 = 17
    Number of faces shared with processor 91 = 4215
    Number of faces shared with processor 94 = 1828
    Number of faces shared with processor 95 = 2500
    Number of processor patches = 11
    Number of processor faces = 20513
    Number of boundary faces = 12381

Processor 90
    Number of cells = 257765
    Number of points = 276613
    Number of faces shared with processor 2 = 2268
    Number of faces shared with processor 10 = 71
    Number of faces shared with processor 144 = 422
    Number of faces shared with processor 35 = 83
    Number of faces shared with processor 40 = 439
    Number of faces shared with processor 41 = 2601
    Number of faces shared with processor 55 = 276
    Number of faces shared with processor 84 = 3474
    Number of faces shared with processor 85 = 1547
    Number of faces shared with processor 88 = 1791
    Number of faces shared with processor 89 = 17
    Number of faces shared with processor 91 = 6141
    Number of faces shared with processor 92 = 1710
    Number of processor patches = 13
    Number of processor faces = 20840
    Number of boundary faces = 0

Processor 91
    Number of cells = 257731
    Number of points = 289665
    Number of faces shared with processor 2 = 3408
    Number of faces shared with processor 3 = 2855
    Number of faces shared with processor 4 = 591
    Number of faces shared with processor 84 = 2276
    Number of faces shared with processor 85 = 2274
    Number of faces shared with processor 88 = 3272
    Number of faces shared with processor 89 = 4215
    Number of faces shared with processor 90 = 6141
    Number of processor patches = 8
    Number of processor faces = 25032
    Number of boundary faces = 11914

Processor 92
    Number of cells = 255843
    Number of points = 293076
    Number of faces shared with processor 132 = 410
    Number of faces shared with processor 133 = 2912
    Number of faces shared with processor 144 = 614
    Number of faces shared with processor 193 = 2066
    Number of faces shared with processor 80 = 37
    Number of faces shared with processor 82 = 358
    Number of faces shared with processor 84 = 502
    Number of faces shared with processor 85 = 492
    Number of faces shared with processor 88 = 2056
    Number of faces shared with processor 90 = 1710
    Number of faces shared with processor 93 = 5645
    Number of faces shared with processor 95 = 3859
    Number of processor patches = 12
    Number of processor faces = 20661
    Number of boundary faces = 14051

Processor 93
    Number of cells = 257058
    Number of points = 301184
    Number of faces shared with processor 132 = 2000
    Number of faces shared with processor 133 = 384
    Number of faces shared with processor 80 = 2364
    Number of faces shared with processor 81 = 1197
    Number of faces shared with processor 82 = 3158
    Number of faces shared with processor 84 = 2
    Number of faces shared with processor 85 = 422
    Number of faces shared with processor 88 = 2849
    Number of faces shared with processor 92 = 5645
    Number of faces shared with processor 95 = 138
    Number of processor patches = 10
    Number of processor faces = 18159
    Number of boundary faces = 17849

Processor 94
    Number of cells = 257594
    Number of points = 292146
    Number of faces shared with processor 10 = 859
    Number of faces shared with processor 11 = 1887
    Number of faces shared with processor 14 = 786
    Number of faces shared with processor 15 = 944
    Number of faces shared with processor 192 = 1544
    Number of faces shared with processor 193 = 1291
    Number of faces shared with processor 196 = 3860
    Number of faces shared with processor 89 = 1828
    Number of faces shared with processor 95 = 3438
    Number of processor patches = 9
    Number of processor faces = 16437
    Number of boundary faces = 19929

Processor 95
    Number of cells = 257208
    Number of points = 287422
    Number of faces shared with processor 10 = 57
    Number of faces shared with processor 144 = 47
    Number of faces shared with processor 192 = 234
    Number of faces shared with processor 193 = 3503
    Number of faces shared with processor 88 = 3699
    Number of faces shared with processor 89 = 2500
    Number of faces shared with processor 92 = 3859
    Number of faces shared with processor 93 = 138
    Number of faces shared with processor 94 = 3438
    Number of processor patches = 9
    Number of processor faces = 17475
    Number of boundary faces = 14680

Processor 96
    Number of cells = 255428
    Number of points = 302832
    Number of faces shared with processor 97 = 2682
    Number of faces shared with processor 98 = 1586
    Number of faces shared with processor 99 = 2259
    Number of faces shared with processor 104 = 583
    Number of faces shared with processor 105 = 3946
    Number of faces shared with processor 109 = 1205
    Number of faces shared with processor 116 = 100
    Number of faces shared with processor 244 = 262
    Number of faces shared with processor 119 = 1309
    Number of faces shared with processor 120 = 2248
    Number of faces shared with processor 126 = 437
    Number of faces shared with processor 127 = 205
    Number of processor patches = 12
    Number of processor faces = 16822
    Number of boundary faces = 26199

Processor 97
    Number of cells = 257647
    Number of points = 297093
    Number of faces shared with processor 96 = 2682
    Number of faces shared with processor 98 = 378
    Number of faces shared with processor 99 = 4534
    Number of faces shared with processor 101 = 1991
    Number of faces shared with processor 102 = 734
    Number of faces shared with processor 103 = 3155
    Number of faces shared with processor 104 = 726
    Number of faces shared with processor 105 = 1551
    Number of faces shared with processor 109 = 850
    Number of faces shared with processor 110 = 1890
    Number of faces shared with processor 113 = 544
    Number of faces shared with processor 114 = 2076
    Number of faces shared with processor 116 = 176
    Number of faces shared with processor 119 = 229
    Number of processor patches = 14
    Number of processor faces = 21516
    Number of boundary faces = 22425

Processor 98
    Number of cells = 254805
    Number of points = 304191
    Number of faces shared with processor 96 = 1586
    Number of faces shared with processor 97 = 378
    Number of faces shared with processor 99 = 4048
    Number of faces shared with processor 100 = 2959
    Number of faces shared with processor 102 = 1170
    Number of faces shared with processor 109 = 614
    Number of faces shared with processor 120 = 708
    Number of faces shared with processor 124 = 70
    Number of faces shared with processor 126 = 20
    Number of faces shared with processor 127 = 489
    Number of processor patches = 10
    Number of processor faces = 12042
    Number of boundary faces = 30191

Processor 99
    Number of cells = 254162
    Number of points = 306288
    Number of faces shared with processor 96 = 2259
    Number of faces shared with processor 97 = 4534
    Number of faces shared with processor 98 = 4048
    Number of faces shared with processor 100 = 856
    Number of faces shared with processor 101 = 1423
    Number of faces shared with processor 102 = 408
    Number of faces shared with processor 114 = 305
    Number of faces shared with processor 119 = 936
    Number of faces shared with processor 120 = 340
    Number of processor patches = 9
    Number of processor faces = 15109
    Number of boundary faces = 32002

Processor 100
    Number of cells = 255958
    Number of points = 307435
    Number of faces shared with processor 98 = 2959
    Number of faces shared with processor 99 = 856
    Number of faces shared with processor 101 = 3105
    Number of faces shared with processor 102 = 895
    Number of faces shared with processor 115 = 944
    Number of faces shared with processor 120 = 446
    Number of faces shared with processor 124 = 850
    Number of faces shared with processor 127 = 1221
    Number of processor patches = 8
    Number of processor faces = 11276
    Number of boundary faces = 36282

Processor 101
    Number of cells = 256030
    Number of points = 309541
    Number of faces shared with processor 97 = 1991
    Number of faces shared with processor 99 = 1423
    Number of faces shared with processor 100 = 3105
    Number of faces shared with processor 102 = 1798
    Number of faces shared with processor 103 = 3313
    Number of faces shared with processor 112 = 155
    Number of faces shared with processor 114 = 666
    Number of faces shared with processor 115 = 880
    Number of faces shared with processor 124 = 415
    Number of faces shared with processor 125 = 85
    Number of faces shared with processor 127 = 22
    Number of processor patches = 11
    Number of processor faces = 13853
    Number of boundary faces = 33741

Processor 102
    Number of cells = 254648
    Number of points = 305508
    Number of faces shared with processor 97 = 734
    Number of faces shared with processor 98 = 1170
    Number of faces shared with processor 99 = 408
    Number of faces shared with processor 100 = 895
    Number of faces shared with processor 101 = 1798
    Number of faces shared with processor 103 = 3612
    Number of faces shared with processor 108 = 664
    Number of faces shared with processor 109 = 764
    Number of faces shared with processor 112 = 867
    Number of faces shared with processor 124 = 363
    Number of faces shared with processor 127 = 567
    Number of processor patches = 11
    Number of processor faces = 11842
    Number of boundary faces = 30390

Processor 103
    Number of cells = 254307
    Number of points = 304433
    Number of faces shared with processor 97 = 3155
    Number of faces shared with processor 101 = 3313
    Number of faces shared with processor 102 = 3612
    Number of faces shared with processor 110 = 2832
    Number of faces shared with processor 113 = 1287
    Number of faces shared with processor 114 = 230
    Number of processor patches = 6
    Number of processor faces = 14429
    Number of boundary faces = 30647

Processor 104
    Number of cells = 257765
    Number of points = 285736
    Number of faces shared with processor 144 = 106
    Number of faces shared with processor 160 = 3464
    Number of faces shared with processor 161 = 830
    Number of faces shared with processor 164 = 733
    Number of faces shared with processor 165 = 63
    Number of faces shared with processor 170 = 116
    Number of faces shared with processor 172 = 22
    Number of faces shared with processor 173 = 1152
    Number of faces shared with processor 72 = 376
    Number of faces shared with processor 73 = 25
    Number of faces shared with processor 74 = 953
    Number of faces shared with processor 79 = 52
    Number of faces shared with processor 96 = 583
    Number of faces shared with processor 97 = 726
    Number of faces shared with processor 105 = 3029
    Number of faces shared with processor 106 = 2649
    Number of faces shared with processor 107 = 1271
    Number of faces shared with processor 110 = 973
    Number of faces shared with processor 111 = 667
    Number of faces shared with processor 113 = 904
    Number of faces shared with processor 116 = 1177
    Number of faces shared with processor 117 = 1714
    Number of faces shared with processor 119 = 38
    Number of faces shared with processor 247 = 1404
    Number of processor patches = 24
    Number of processor faces = 23027
    Number of boundary faces = 13316

Processor 105
    Number of cells = 257266
    Number of points = 289407
    Number of faces shared with processor 96 = 3946
    Number of faces shared with processor 97 = 1551
    Number of faces shared with processor 104 = 3029
    Number of faces shared with processor 106 = 2741
    Number of faces shared with processor 107 = 362
    Number of faces shared with processor 109 = 1812
    Number of faces shared with processor 110 = 880
    Number of faces shared with processor 244 = 1792
    Number of faces shared with processor 247 = 1831
    Number of faces shared with processor 127 = 848
    Number of processor patches = 10
    Number of processor faces = 18792
    Number of boundary faces = 17116

Processor 106
    Number of cells = 257507
    Number of points = 285802
    Number of faces shared with processor 160 = 3719
    Number of faces shared with processor 173 = 1514
    Number of faces shared with processor 174 = 1355
    Number of faces shared with processor 104 = 2649
    Number of faces shared with processor 105 = 2741
    Number of faces shared with processor 107 = 5195
    Number of faces shared with processor 110 = 200
    Number of faces shared with processor 247 = 1537
    Number of processor patches = 8
    Number of processor faces = 18910
    Number of boundary faces = 18141

Processor 107
    Number of cells = 257745
    Number of points = 285059
    Number of faces shared with processor 173 = 283
    Number of faces shared with processor 174 = 2403
    Number of faces shared with processor 175 = 161
    Number of faces shared with processor 74 = 1772
    Number of faces shared with processor 75 = 1295
    Number of faces shared with processor 104 = 1271
    Number of faces shared with processor 105 = 362
    Number of faces shared with processor 106 = 5195
    Number of faces shared with processor 110 = 1944
    Number of faces shared with processor 111 = 3771
    Number of processor patches = 10
    Number of processor faces = 18457
    Number of boundary faces = 17135

Processor 108
    Number of cells = 256601
    Number of points = 306284
    Number of faces shared with processor 102 = 664
    Number of faces shared with processor 109 = 2733
    Number of faces shared with processor 110 = 3098
    Number of faces shared with processor 111 = 629
    Number of faces shared with processor 112 = 5229
    Number of faces shared with processor 113 = 285
    Number of faces shared with processor 124 = 110
    Number of faces shared with processor 127 = 207
    Number of processor patches = 8
    Number of processor faces = 12955
    Number of boundary faces = 31649

Processor 109
    Number of cells = 254067
    Number of points = 307061
    Number of faces shared with processor 96 = 1205
    Number of faces shared with processor 97 = 850
    Number of faces shared with processor 98 = 614
    Number of faces shared with processor 102 = 764
    Number of faces shared with processor 105 = 1812
    Number of faces shared with processor 108 = 2733
    Number of faces shared with processor 110 = 2715
    Number of faces shared with processor 127 = 1734
    Number of processor patches = 8
    Number of processor faces = 12427
    Number of boundary faces = 37788

Processor 110
    Number of cells = 257750
    Number of points = 300416
    Number of faces shared with processor 66 = 1020
    Number of faces shared with processor 72 = 2218
    Number of faces shared with processor 97 = 1890
    Number of faces shared with processor 103 = 2832
    Number of faces shared with processor 104 = 973
    Number of faces shared with processor 105 = 880
    Number of faces shared with processor 106 = 200
    Number of faces shared with processor 107 = 1944
    Number of faces shared with processor 108 = 3098
    Number of faces shared with processor 109 = 2715
    Number of faces shared with processor 111 = 4814
    Number of faces shared with processor 112 = 647
    Number of faces shared with processor 113 = 3083
    Number of processor patches = 13
    Number of processor faces = 26314
    Number of boundary faces = 17921

Processor 111
    Number of cells = 256391
    Number of points = 293417
    Number of faces shared with processor 72 = 1260
    Number of faces shared with processor 73 = 3606
    Number of faces shared with processor 74 = 2586
    Number of faces shared with processor 75 = 604
    Number of faces shared with processor 104 = 667
    Number of faces shared with processor 107 = 3771
    Number of faces shared with processor 108 = 629
    Number of faces shared with processor 110 = 4814
    Number of processor patches = 8
    Number of processor faces = 17937
    Number of boundary faces = 21028

Processor 112
    Number of cells = 255862
    Number of points = 303138
    Number of faces shared with processor 101 = 155
    Number of faces shared with processor 102 = 867
    Number of faces shared with processor 108 = 5229
    Number of faces shared with processor 110 = 647
    Number of faces shared with processor 113 = 1827
    Number of faces shared with processor 114 = 667
    Number of faces shared with processor 115 = 1623
    Number of faces shared with processor 124 = 889
    Number of processor patches = 8
    Number of processor faces = 11904
    Number of boundary faces = 30804

Processor 113
    Number of cells = 254964
    Number of points = 291892
    Number of faces shared with processor 64 = 50
    Number of faces shared with processor 66 = 3914
    Number of faces shared with processor 67 = 3316
    Number of faces shared with processor 72 = 497
    Number of faces shared with processor 97 = 544
    Number of faces shared with processor 103 = 1287
    Number of faces shared with processor 104 = 904
    Number of faces shared with processor 108 = 285
    Number of faces shared with processor 110 = 3083
    Number of faces shared with processor 112 = 1827
    Number of faces shared with processor 114 = 4703
    Number of faces shared with processor 116 = 1067
    Number of faces shared with processor 117 = 255
    Number of faces shared with processor 118 = 2829
    Number of processor patches = 14
    Number of processor faces = 24561
    Number of boundary faces = 14624

Processor 114
    Number of cells = 252935
    Number of points = 300738
    Number of faces shared with processor 97 = 2076
    Number of faces shared with processor 99 = 305
    Number of faces shared with processor 101 = 666
    Number of faces shared with processor 103 = 230
    Number of faces shared with processor 112 = 667
    Number of faces shared with processor 113 = 4703
    Number of faces shared with processor 115 = 3792
    Number of faces shared with processor 116 = 249
    Number of faces shared with processor 118 = 2259
    Number of faces shared with processor 119 = 4125
    Number of faces shared with processor 123 = 56
    Number of processor patches = 11
    Number of processor faces = 19128
    Number of boundary faces = 26196

Processor 115
    Number of cells = 252683
    Number of points = 302571
    Number of faces shared with processor 100 = 944
    Number of faces shared with processor 101 = 880
    Number of faces shared with processor 112 = 1623
    Number of faces shared with processor 114 = 3792
    Number of faces shared with processor 119 = 1668
    Number of faces shared with processor 120 = 427
    Number of faces shared with processor 122 = 28
    Number of faces shared with processor 123 = 1488
    Number of faces shared with processor 124 = 1030
    Number of faces shared with processor 125 = 1815
    Number of processor patches = 10
    Number of processor faces = 13695
    Number of boundary faces = 32511

Processor 116
    Number of cells = 256856
    Number of points = 277288
    Number of faces shared with processor 47 = 1201
    Number of faces shared with processor 67 = 621
    Number of faces shared with processor 68 = 2270
    Number of faces shared with processor 96 = 100
    Number of faces shared with processor 97 = 176
    Number of faces shared with processor 104 = 1177
    Number of faces shared with processor 113 = 1067
    Number of faces shared with processor 114 = 249
    Number of faces shared with processor 117 = 5362
    Number of faces shared with processor 118 = 7137
    Number of faces shared with processor 119 = 3628
    Number of faces shared with processor 122 = 383
    Number of faces shared with processor 123 = 1035
    Number of processor patches = 13
    Number of processor faces = 24406
    Number of boundary faces = 5812

Processor 117
    Number of cells = 253357
    Number of points = 284234
    Number of faces shared with processor 144 = 78
    Number of faces shared with processor 35 = 324
    Number of faces shared with processor 42 = 1090
    Number of faces shared with processor 46 = 477
    Number of faces shared with processor 47 = 3173
    Number of faces shared with processor 49 = 1351
    Number of faces shared with processor 63 = 56
    Number of faces shared with processor 64 = 136
    Number of faces shared with processor 65 = 40
    Number of faces shared with processor 67 = 489
    Number of faces shared with processor 68 = 807
    Number of faces shared with processor 69 = 976
    Number of faces shared with processor 72 = 82
    Number of faces shared with processor 74 = 3
    Number of faces shared with processor 79 = 402
    Number of faces shared with processor 104 = 1714
    Number of faces shared with processor 113 = 255
    Number of faces shared with processor 116 = 5362
    Number of faces shared with processor 118 = 327
    Number of processor patches = 19
    Number of processor faces = 17142
    Number of boundary faces = 18312

Processor 118
    Number of cells = 253650
    Number of points = 277562
    Number of faces shared with processor 67 = 3814
    Number of faces shared with processor 68 = 2521
    Number of faces shared with processor 113 = 2829
    Number of faces shared with processor 114 = 2259
    Number of faces shared with processor 116 = 7137
    Number of faces shared with processor 117 = 327
    Number of faces shared with processor 119 = 2805
    Number of faces shared with processor 123 = 2331
    Number of processor patches = 8
    Number of processor faces = 24023
    Number of boundary faces = 6636

Processor 119
    Number of cells = 255460
    Number of points = 284680
    Number of faces shared with processor 96 = 1309
    Number of faces shared with processor 97 = 229
    Number of faces shared with processor 99 = 936
    Number of faces shared with processor 104 = 38
    Number of faces shared with processor 114 = 4125
    Number of faces shared with processor 115 = 1668
    Number of faces shared with processor 116 = 3628
    Number of faces shared with processor 118 = 2805
    Number of faces shared with processor 120 = 2365
    Number of faces shared with processor 122 = 385
    Number of faces shared with processor 123 = 2102
    Number of processor patches = 11
    Number of processor faces = 19590
    Number of boundary faces = 14390

Processor 120
    Number of cells = 253551
    Number of points = 298126
    Number of faces shared with processor 18 = 759
    Number of faces shared with processor 20 = 297
    Number of faces shared with processor 96 = 2248
    Number of faces shared with processor 98 = 708
    Number of faces shared with processor 99 = 340
    Number of faces shared with processor 100 = 446
    Number of faces shared with processor 115 = 427
    Number of faces shared with processor 119 = 2365
    Number of faces shared with processor 121 = 721
    Number of faces shared with processor 122 = 67
    Number of faces shared with processor 124 = 639
    Number of faces shared with processor 126 = 1249
    Number of processor patches = 12
    Number of processor faces = 10266
    Number of boundary faces = 44223

Processor 121
    Number of cells = 253262
    Number of points = 289828
    Number of faces shared with processor 16 = 752
    Number of faces shared with processor 18 = 2628
    Number of faces shared with processor 52 = 2503
    Number of faces shared with processor 53 = 2133
    Number of faces shared with processor 71 = 1575
    Number of faces shared with processor 120 = 721
    Number of faces shared with processor 122 = 4737
    Number of faces shared with processor 124 = 1414
    Number of faces shared with processor 126 = 94
    Number of processor patches = 9
    Number of processor faces = 16557
    Number of boundary faces = 24152

Processor 122
    Number of cells = 254807
    Number of points = 294845
    Number of faces shared with processor 18 = 243
    Number of faces shared with processor 52 = 905
    Number of faces shared with processor 68 = 1771
    Number of faces shared with processor 70 = 928
    Number of faces shared with processor 71 = 1496
    Number of faces shared with processor 115 = 28
    Number of faces shared with processor 116 = 383
    Number of faces shared with processor 119 = 385
    Number of faces shared with processor 120 = 67
    Number of faces shared with processor 121 = 4737
    Number of faces shared with processor 123 = 5723
    Number of faces shared with processor 124 = 1361
    Number of faces shared with processor 126 = 105
    Number of processor patches = 13
    Number of processor faces = 18132
    Number of boundary faces = 22878

Processor 123
    Number of cells = 252964
    Number of points = 296173
    Number of faces shared with processor 68 = 1582
    Number of faces shared with processor 114 = 56
    Number of faces shared with processor 115 = 1488
    Number of faces shared with processor 116 = 1035
    Number of faces shared with processor 118 = 2331
    Number of faces shared with processor 119 = 2102
    Number of faces shared with processor 122 = 5723
    Number of faces shared with processor 124 = 836
    Number of faces shared with processor 125 = 164
    Number of processor patches = 9
    Number of processor faces = 15317
    Number of boundary faces = 23001

Processor 124
    Number of cells = 257130
    Number of points = 308277
    Number of faces shared with processor 98 = 70
    Number of faces shared with processor 100 = 850
    Number of faces shared with processor 101 = 415
    Number of faces shared with processor 102 = 363
    Number of faces shared with processor 108 = 110
    Number of faces shared with processor 112 = 889
    Number of faces shared with processor 115 = 1030
    Number of faces shared with processor 120 = 639
    Number of faces shared with processor 121 = 1414
    Number of faces shared with processor 122 = 1361
    Number of faces shared with processor 123 = 836
    Number of faces shared with processor 125 = 3873
    Number of faces shared with processor 126 = 2930
    Number of faces shared with processor 127 = 3337
    Number of processor patches = 14
    Number of processor faces = 18117
    Number of boundary faces = 28432

Processor 125
    Number of cells = 253505
    Number of points = 303588
    Number of faces shared with processor 101 = 85
    Number of faces shared with processor 115 = 1815
    Number of faces shared with processor 123 = 164
    Number of faces shared with processor 124 = 3873
    Number of faces shared with processor 127 = 692
    Number of processor patches = 5
    Number of processor faces = 6629
    Number of boundary faces = 36088

Processor 126
    Number of cells = 255923
    Number of points = 301849
    Number of faces shared with processor 18 = 267
    Number of faces shared with processor 20 = 2480
    Number of faces shared with processor 96 = 437
    Number of faces shared with processor 98 = 20
    Number of faces shared with processor 244 = 1803
    Number of faces shared with processor 120 = 1249
    Number of faces shared with processor 121 = 94
    Number of faces shared with processor 249 = 2053
    Number of faces shared with processor 122 = 105
    Number of faces shared with processor 124 = 2930
    Number of faces shared with processor 127 = 1817
    Number of processor patches = 11
    Number of processor faces = 13255
    Number of boundary faces = 27415

Processor 127
    Number of cells = 256906
    Number of points = 306877
    Number of faces shared with processor 96 = 205
    Number of faces shared with processor 98 = 489
    Number of faces shared with processor 100 = 1221
    Number of faces shared with processor 101 = 22
    Number of faces shared with processor 102 = 567
    Number of faces shared with processor 105 = 848
    Number of faces shared with processor 108 = 207
    Number of faces shared with processor 109 = 1734
    Number of faces shared with processor 244 = 183
    Number of faces shared with processor 124 = 3337
    Number of faces shared with processor 125 = 692
    Number of faces shared with processor 126 = 1817
    Number of processor patches = 12
    Number of processor faces = 11322
    Number of boundary faces = 32123

Processor 128
    Number of cells = 254559
    Number of points = 300861
    Number of faces shared with processor 129 = 2963
    Number of faces shared with processor 130 = 2782
    Number of faces shared with processor 138 = 1845
    Number of faces shared with processor 144 = 174
    Number of faces shared with processor 154 = 2127
    Number of faces shared with processor 155 = 180
    Number of faces shared with processor 168 = 2052
    Number of faces shared with processor 169 = 9
    Number of faces shared with processor 170 = 2671
    Number of faces shared with processor 171 = 1997
    Number of processor patches = 10
    Number of processor faces = 16800
    Number of boundary faces = 19047

Processor 129
    Number of cells = 252809
    Number of points = 290890
    Number of faces shared with processor 128 = 2963
    Number of faces shared with processor 130 = 2058
    Number of faces shared with processor 131 = 2491
    Number of faces shared with processor 134 = 2834
    Number of faces shared with processor 138 = 3753
    Number of faces shared with processor 139 = 1248
    Number of faces shared with processor 141 = 104
    Number of faces shared with processor 144 = 215
    Number of processor patches = 8
    Number of processor faces = 15666
    Number of boundary faces = 22135

Processor 130
    Number of cells = 253458
    Number of points = 291021
    Number of faces shared with processor 128 = 2782
    Number of faces shared with processor 129 = 2058
    Number of faces shared with processor 131 = 4787
    Number of faces shared with processor 144 = 89
    Number of faces shared with processor 170 = 2628
    Number of faces shared with processor 175 = 1682
    Number of faces shared with processor 74 = 249
    Number of faces shared with processor 75 = 1745
    Number of faces shared with processor 79 = 26
    Number of processor patches = 9
    Number of processor faces = 16046
    Number of boundary faces = 20419

Processor 131
    Number of cells = 253193
    Number of points = 290019
    Number of faces shared with processor 129 = 2491
    Number of faces shared with processor 130 = 4787
    Number of faces shared with processor 134 = 551
    Number of faces shared with processor 135 = 5466
    Number of faces shared with processor 144 = 75
    Number of faces shared with processor 74 = 963
    Number of faces shared with processor 75 = 831
    Number of faces shared with processor 76 = 889
    Number of faces shared with processor 79 = 162
    Number of processor patches = 9
    Number of processor faces = 16215
    Number of boundary faces = 20154

Processor 132
    Number of cells = 252850
    Number of points = 288197
    Number of faces shared with processor 133 = 4473
    Number of faces shared with processor 134 = 4006
    Number of faces shared with processor 141 = 2414
    Number of faces shared with processor 144 = 145
    Number of faces shared with processor 80 = 2780
    Number of faces shared with processor 92 = 410
    Number of faces shared with processor 93 = 2000
    Number of processor patches = 7
    Number of processor faces = 16228
    Number of boundary faces = 21317

Processor 133
    Number of cells = 253012
    Number of points = 289465
    Number of faces shared with processor 132 = 4473
    Number of faces shared with processor 140 = 635
    Number of faces shared with processor 141 = 2946
    Number of faces shared with processor 142 = 3
    Number of faces shared with processor 144 = 116
    Number of faces shared with processor 192 = 72
    Number of faces shared with processor 193 = 2431
    Number of faces shared with processor 92 = 2912
    Number of faces shared with processor 93 = 384
    Number of processor patches = 9
    Number of processor faces = 13972
    Number of boundary faces = 20106

Processor 134
    Number of cells = 252661
    Number of points = 285527
    Number of faces shared with processor 129 = 2834
    Number of faces shared with processor 131 = 551
    Number of faces shared with processor 132 = 4006
    Number of faces shared with processor 135 = 3734
    Number of faces shared with processor 139 = 636
    Number of faces shared with processor 141 = 1214
    Number of faces shared with processor 144 = 159
    Number of faces shared with processor 79 = 28
    Number of faces shared with processor 80 = 1269
    Number of processor patches = 9
    Number of processor faces = 14431
    Number of boundary faces = 23231

Processor 135
    Number of cells = 252661
    Number of points = 288831
    Number of faces shared with processor 131 = 5466
    Number of faces shared with processor 134 = 3734
    Number of faces shared with processor 144 = 6
    Number of faces shared with processor 76 = 4814
    Number of faces shared with processor 77 = 1106
    Number of faces shared with processor 79 = 225
    Number of faces shared with processor 80 = 1047
    Number of processor patches = 7
    Number of processor faces = 16398
    Number of boundary faces = 21009

Processor 136
    Number of cells = 253898
    Number of points = 302916
    Number of faces shared with processor 137 = 4405
    Number of faces shared with processor 142 = 81
    Number of faces shared with processor 143 = 2855
    Number of faces shared with processor 144 = 94
    Number of faces shared with processor 156 = 3356
    Number of faces shared with processor 158 = 667
    Number of faces shared with processor 201 = 1196
    Number of faces shared with processor 218 = 1387
    Number of processor patches = 8
    Number of processor faces = 14041
    Number of boundary faces = 22563

Processor 137
    Number of cells = 254231
    Number of points = 298168
    Number of faces shared with processor 136 = 4405
    Number of faces shared with processor 138 = 3666
    Number of faces shared with processor 139 = 3525
    Number of faces shared with processor 140 = 124
    Number of faces shared with processor 142 = 1722
    Number of faces shared with processor 143 = 1921
    Number of faces shared with processor 144 = 122
    Number of faces shared with processor 154 = 1567
    Number of faces shared with processor 156 = 1126
    Number of processor patches = 9
    Number of processor faces = 18178
    Number of boundary faces = 19855

Processor 138
    Number of cells = 252982
    Number of points = 286906
    Number of faces shared with processor 128 = 1845
    Number of faces shared with processor 129 = 3753
    Number of faces shared with processor 137 = 3666
    Number of faces shared with processor 139 = 3154
    Number of faces shared with processor 144 = 197
    Number of faces shared with processor 154 = 2000
    Number of faces shared with processor 156 = 17
    Number of processor patches = 7
    Number of processor faces = 14632
    Number of boundary faces = 22256

Processor 139
    Number of cells = 254654
    Number of points = 297684
    Number of faces shared with processor 129 = 1248
    Number of faces shared with processor 134 = 636
    Number of faces shared with processor 137 = 3525
    Number of faces shared with processor 138 = 3154
    Number of faces shared with processor 140 = 1714
    Number of faces shared with processor 141 = 4278
    Number of faces shared with processor 142 = 818
    Number of faces shared with processor 144 = 202
    Number of processor patches = 8
    Number of processor faces = 15575
    Number of boundary faces = 20668

Processor 140
    Number of cells = 256183
    Number of points = 292586
    Number of faces shared with processor 133 = 635
    Number of faces shared with processor 137 = 124
    Number of faces shared with processor 139 = 1714
    Number of faces shared with processor 141 = 3890
    Number of faces shared with processor 142 = 3565
    Number of faces shared with processor 144 = 5
    Number of faces shared with processor 192 = 2134
    Number of faces shared with processor 193 = 1489
    Number of faces shared with processor 194 = 575
    Number of faces shared with processor 195 = 2281
    Number of processor patches = 10
    Number of processor faces = 16412
    Number of boundary faces = 22915

Processor 141
    Number of cells = 253629
    Number of points = 289699
    Number of faces shared with processor 129 = 104
    Number of faces shared with processor 132 = 2414
    Number of faces shared with processor 133 = 2946
    Number of faces shared with processor 134 = 1214
    Number of faces shared with processor 139 = 4278
    Number of faces shared with processor 140 = 3890
    Number of faces shared with processor 142 = 6
    Number of faces shared with processor 144 = 221
    Number of processor patches = 8
    Number of processor faces = 15073
    Number of boundary faces = 18733

Processor 142
    Number of cells = 255464
    Number of points = 293276
    Number of faces shared with processor 133 = 3
    Number of faces shared with processor 136 = 81
    Number of faces shared with processor 137 = 1722
    Number of faces shared with processor 139 = 818
    Number of faces shared with processor 140 = 3565
    Number of faces shared with processor 141 = 6
    Number of faces shared with processor 143 = 5386
    Number of faces shared with processor 144 = 580
    Number of faces shared with processor 192 = 270
    Number of faces shared with processor 194 = 1667
    Number of faces shared with processor 195 = 4880
    Number of faces shared with processor 200 = 114
    Number of faces shared with processor 201 = 802
    Number of faces shared with processor 204 = 1
    Number of processor patches = 14
    Number of processor faces = 19895
    Number of boundary faces = 14514

Processor 143
    Number of cells = 253525
    Number of points = 300495
    Number of faces shared with processor 136 = 2855
    Number of faces shared with processor 137 = 1921
    Number of faces shared with processor 142 = 5386
    Number of faces shared with processor 195 = 2126
    Number of faces shared with processor 201 = 2364
    Number of processor patches = 5
    Number of processor faces = 14652
    Number of boundary faces = 27830

Processor 144
    Number of cells = 257137
    Number of points = 282402
    Number of faces shared with processor 128 = 174
    Number of faces shared with processor 129 = 215
    Number of faces shared with processor 130 = 89
    Number of faces shared with processor 131 = 75
    Number of faces shared with processor 132 = 145
    Number of faces shared with processor 133 = 116
    Number of faces shared with processor 134 = 159
    Number of faces shared with processor 135 = 6
    Number of faces shared with processor 136 = 94
    Number of faces shared with processor 137 = 122
    Number of faces shared with processor 138 = 197
    Number of faces shared with processor 10 = 187
    Number of faces shared with processor 139 = 202
    Number of faces shared with processor 140 = 5
    Number of faces shared with processor 141 = 221
    Number of faces shared with processor 142 = 580
    Number of faces shared with processor 145 = 2737
    Number of faces shared with processor 146 = 163
    Number of faces shared with processor 147 = 88
    Number of faces shared with processor 148 = 78
    Number of faces shared with processor 149 = 29
    Number of faces shared with processor 150 = 399
    Number of faces shared with processor 152 = 258
    Number of faces shared with processor 153 = 291
    Number of faces shared with processor 154 = 22
    Number of faces shared with processor 155 = 186
    Number of faces shared with processor 156 = 144
    Number of faces shared with processor 157 = 220
    Number of faces shared with processor 158 = 250
    Number of faces shared with processor 159 = 267
    Number of faces shared with processor 35 = 421
    Number of faces shared with processor 36 = 7
    Number of faces shared with processor 164 = 2365
    Number of faces shared with processor 165 = 693
    Number of faces shared with processor 169 = 253
    Number of faces shared with processor 170 = 611
    Number of faces shared with processor 55 = 576
    Number of faces shared with processor 63 = 851
    Number of faces shared with processor 192 = 139
    Number of faces shared with processor 193 = 37
    Number of faces shared with processor 194 = 48
    Number of faces shared with processor 197 = 55
    Number of faces shared with processor 200 = 43
    Number of faces shared with processor 201 = 51
    Number of faces shared with processor 204 = 760
    Number of faces shared with processor 79 = 1303
    Number of faces shared with processor 80 = 42
    Number of faces shared with processor 84 = 169
    Number of faces shared with processor 88 = 3
    Number of faces shared with processor 90 = 422
    Number of faces shared with processor 92 = 614
    Number of faces shared with processor 95 = 47
    Number of faces shared with processor 104 = 106
    Number of faces shared with processor 117 = 78
    Number of processor patches = 54
    Number of processor faces = 17413
    Number of boundary faces = 6203

Processor 145
    Number of cells = 254000
    Number of points = 299862
    Number of faces shared with processor 144 = 2737
    Number of faces shared with processor 147 = 581
    Number of faces shared with processor 149 = 1985
    Number of faces shared with processor 150 = 956
    Number of faces shared with processor 159 = 1170
    Number of faces shared with processor 204 = 1809
    Number of faces shared with processor 206 = 3692
    Number of faces shared with processor 207 = 208
    Number of faces shared with processor 225 = 164
    Number of processor patches = 9
    Number of processor faces = 13302
    Number of boundary faces = 32005

Processor 146
    Number of cells = 254101
    Number of points = 299495
    Number of faces shared with processor 144 = 163
    Number of faces shared with processor 147 = 2321
    Number of faces shared with processor 148 = 1750
    Number of faces shared with processor 149 = 432
    Number of faces shared with processor 152 = 1975
    Number of faces shared with processor 153 = 1184
    Number of faces shared with processor 157 = 1115
    Number of processor patches = 7
    Number of processor faces = 8940
    Number of boundary faces = 32654

Processor 147
    Number of cells = 253452
    Number of points = 298487
    Number of faces shared with processor 144 = 88
    Number of faces shared with processor 145 = 581
    Number of faces shared with processor 146 = 2321
    Number of faces shared with processor 149 = 1531
    Number of faces shared with processor 156 = 776
    Number of faces shared with processor 157 = 1720
    Number of faces shared with processor 159 = 1935
    Number of processor patches = 7
    Number of processor faces = 8952
    Number of boundary faces = 33201

Processor 148
    Number of cells = 255973
    Number of points = 305788
    Number of faces shared with processor 144 = 78
    Number of faces shared with processor 146 = 1750
    Number of faces shared with processor 149 = 1624
    Number of faces shared with processor 150 = 2307
    Number of faces shared with processor 151 = 792
    Number of faces shared with processor 152 = 1761
    Number of faces shared with processor 164 = 2375
    Number of processor patches = 7
    Number of processor faces = 10687
    Number of boundary faces = 32340

Processor 149
    Number of cells = 253932
    Number of points = 298268
    Number of faces shared with processor 144 = 29
    Number of faces shared with processor 145 = 1985
    Number of faces shared with processor 146 = 432
    Number of faces shared with processor 147 = 1531
    Number of faces shared with processor 148 = 1624
    Number of faces shared with processor 150 = 3012
    Number of faces shared with processor 206 = 83
    Number of processor patches = 7
    Number of processor faces = 8696
    Number of boundary faces = 34452

Processor 150
    Number of cells = 255025
    Number of points = 293230
    Number of faces shared with processor 144 = 399
    Number of faces shared with processor 145 = 956
    Number of faces shared with processor 148 = 2307
    Number of faces shared with processor 149 = 3012
    Number of faces shared with processor 151 = 3098
    Number of faces shared with processor 164 = 412
    Number of faces shared with processor 206 = 1006
    Number of faces shared with processor 225 = 1447
    Number of processor patches = 8
    Number of processor faces = 12637
    Number of boundary faces = 27006

Processor 151
    Number of cells = 255201
    Number of points = 290402
    Number of faces shared with processor 148 = 792
    Number of faces shared with processor 150 = 3098
    Number of faces shared with processor 164 = 1211
    Number of faces shared with processor 166 = 228
    Number of faces shared with processor 181 = 3140
    Number of faces shared with processor 224 = 2459
    Number of faces shared with processor 225 = 1692
    Number of processor patches = 7
    Number of processor faces = 12620
    Number of boundary faces = 26681

Processor 152
    Number of cells = 256194
    Number of points = 316725
    Number of faces shared with processor 144 = 258
    Number of faces shared with processor 146 = 1975
    Number of faces shared with processor 148 = 1761
    Number of faces shared with processor 153 = 3671
    Number of faces shared with processor 164 = 1387
    Number of faces shared with processor 165 = 2338
    Number of faces shared with processor 169 = 148
    Number of faces shared with processor 182 = 1860
    Number of processor patches = 8
    Number of processor faces = 13398
    Number of boundary faces = 25558

Processor 153
    Number of cells = 256890
    Number of points = 295980
    Number of faces shared with processor 144 = 291
    Number of faces shared with processor 146 = 1184
    Number of faces shared with processor 152 = 3671
    Number of faces shared with processor 155 = 4058
    Number of faces shared with processor 157 = 3690
    Number of faces shared with processor 165 = 623
    Number of faces shared with processor 169 = 1353
    Number of processor patches = 7
    Number of processor faces = 14870
    Number of boundary faces = 22125

Processor 154
    Number of cells = 254473
    Number of points = 295259
    Number of faces shared with processor 128 = 2127
    Number of faces shared with processor 137 = 1567
    Number of faces shared with processor 138 = 2000
    Number of faces shared with processor 144 = 22
    Number of faces shared with processor 155 = 3755
    Number of faces shared with processor 156 = 2522
    Number of faces shared with processor 168 = 982
    Number of processor patches = 7
    Number of processor faces = 12975
    Number of boundary faces = 27189

Processor 155
    Number of cells = 253234
    Number of points = 289504
    Number of faces shared with processor 128 = 180
    Number of faces shared with processor 144 = 186
    Number of faces shared with processor 153 = 4058
    Number of faces shared with processor 154 = 3755
    Number of faces shared with processor 156 = 1482
    Number of faces shared with processor 157 = 619
    Number of faces shared with processor 168 = 896
    Number of faces shared with processor 169 = 2832
    Number of processor patches = 8
    Number of processor faces = 14008
    Number of boundary faces = 22787

Processor 156
    Number of cells = 254242
    Number of points = 292961
    Number of faces shared with processor 136 = 3356
    Number of faces shared with processor 137 = 1126
    Number of faces shared with processor 138 = 17
    Number of faces shared with processor 144 = 144
    Number of faces shared with processor 147 = 776
    Number of faces shared with processor 154 = 2522
    Number of faces shared with processor 155 = 1482
    Number of faces shared with processor 157 = 2624
    Number of faces shared with processor 158 = 2870
    Number of faces shared with processor 159 = 412
    Number of processor patches = 10
    Number of processor faces = 15329
    Number of boundary faces = 23611

Processor 157
    Number of cells = 256672
    Number of points = 291504
    Number of faces shared with processor 144 = 220
    Number of faces shared with processor 146 = 1115
    Number of faces shared with processor 147 = 1720
    Number of faces shared with processor 153 = 3690
    Number of faces shared with processor 155 = 619
    Number of faces shared with processor 156 = 2624
    Number of faces shared with processor 158 = 1691
    Number of faces shared with processor 159 = 2794
    Number of processor patches = 8
    Number of processor faces = 14473
    Number of boundary faces = 22363

Processor 158
    Number of cells = 254750
    Number of points = 305500
    Number of faces shared with processor 136 = 667
    Number of faces shared with processor 144 = 250
    Number of faces shared with processor 156 = 2870
    Number of faces shared with processor 157 = 1691
    Number of faces shared with processor 159 = 3813
    Number of faces shared with processor 204 = 872
    Number of faces shared with processor 217 = 1613
    Number of faces shared with processor 218 = 3721
    Number of processor patches = 8
    Number of processor faces = 15497
    Number of boundary faces = 19829

Processor 159
    Number of cells = 255454
    Number of points = 313061
    Number of faces shared with processor 144 = 267
    Number of faces shared with processor 145 = 1170
    Number of faces shared with processor 147 = 1935
    Number of faces shared with processor 156 = 412
    Number of faces shared with processor 157 = 2794
    Number of faces shared with processor 158 = 3813
    Number of faces shared with processor 204 = 337
    Number of faces shared with processor 206 = 2273
    Number of faces shared with processor 217 = 803
    Number of processor patches = 9
    Number of processor faces = 13804
    Number of boundary faces = 25434

Processor 160
    Number of cells = 256463
    Number of points = 278261
    Number of faces shared with processor 161 = 4445
    Number of faces shared with processor 173 = 3353
    Number of faces shared with processor 104 = 3464
    Number of faces shared with processor 106 = 3719
    Number of faces shared with processor 241 = 317
    Number of faces shared with processor 246 = 2165
    Number of faces shared with processor 247 = 2538
    Number of processor patches = 7
    Number of processor faces = 20001
    Number of boundary faces = 11678

Processor 161
    Number of cells = 257557
    Number of points = 279474
    Number of faces shared with processor 160 = 4445
    Number of faces shared with processor 162 = 1036
    Number of faces shared with processor 163 = 6191
    Number of faces shared with processor 164 = 163
    Number of faces shared with processor 165 = 1056
    Number of faces shared with processor 172 = 52
    Number of faces shared with processor 173 = 3748
    Number of faces shared with processor 104 = 830
    Number of faces shared with processor 241 = 508
    Number of faces shared with processor 246 = 1175
    Number of processor patches = 10
    Number of processor faces = 19204
    Number of boundary faces = 11645

Processor 162
    Number of cells = 254418
    Number of points = 300675
    Number of faces shared with processor 161 = 1036
    Number of faces shared with processor 163 = 3214
    Number of faces shared with processor 167 = 1730
    Number of faces shared with processor 179 = 1574
    Number of faces shared with processor 188 = 505
    Number of faces shared with processor 240 = 2517
    Number of faces shared with processor 241 = 2026
    Number of faces shared with processor 246 = 788
    Number of processor patches = 8
    Number of processor faces = 13390
    Number of boundary faces = 31365

Processor 163
    Number of cells = 257299
    Number of points = 287044
    Number of faces shared with processor 161 = 6191
    Number of faces shared with processor 162 = 3214
    Number of faces shared with processor 165 = 2024
    Number of faces shared with processor 167 = 1462
    Number of faces shared with processor 172 = 1772
    Number of faces shared with processor 173 = 2190
    Number of faces shared with processor 178 = 1371
    Number of faces shared with processor 179 = 1014
    Number of faces shared with processor 188 = 778
    Number of faces shared with processor 240 = 270
    Number of faces shared with processor 241 = 45
    Number of processor patches = 11
    Number of processor faces = 20331
    Number of boundary faces = 17637

Processor 164
    Number of cells = 255821
    Number of points = 301623
    Number of faces shared with processor 144 = 2365
    Number of faces shared with processor 148 = 2375
    Number of faces shared with processor 150 = 412
    Number of faces shared with processor 151 = 1211
    Number of faces shared with processor 152 = 1387
    Number of faces shared with processor 161 = 163
    Number of faces shared with processor 165 = 2577
    Number of faces shared with processor 166 = 333
    Number of faces shared with processor 180 = 1630
    Number of faces shared with processor 181 = 274
    Number of faces shared with processor 182 = 1275
    Number of faces shared with processor 104 = 733
    Number of processor patches = 12
    Number of processor faces = 14735
    Number of boundary faces = 30996

Processor 165
    Number of cells = 256590
    Number of points = 284959
    Number of faces shared with processor 144 = 693
    Number of faces shared with processor 152 = 2338
    Number of faces shared with processor 153 = 623
    Number of faces shared with processor 161 = 1056
    Number of faces shared with processor 163 = 2024
    Number of faces shared with processor 164 = 2577
    Number of faces shared with processor 166 = 932
    Number of faces shared with processor 167 = 437
    Number of faces shared with processor 168 = 292
    Number of faces shared with processor 169 = 2995
    Number of faces shared with processor 170 = 122
    Number of faces shared with processor 172 = 985
    Number of faces shared with processor 177 = 864
    Number of faces shared with processor 178 = 487
    Number of faces shared with processor 180 = 72
    Number of faces shared with processor 182 = 1908
    Number of faces shared with processor 187 = 606
    Number of faces shared with processor 188 = 688
    Number of faces shared with processor 189 = 665
    Number of faces shared with processor 104 = 63
    Number of processor patches = 20
    Number of processor faces = 20427
    Number of boundary faces = 8123

Processor 166
    Number of cells = 254130
    Number of points = 300449
    Number of faces shared with processor 151 = 228
    Number of faces shared with processor 164 = 333
    Number of faces shared with processor 165 = 932
    Number of faces shared with processor 167 = 2015
    Number of faces shared with processor 180 = 876
    Number of faces shared with processor 181 = 996
    Number of faces shared with processor 182 = 1908
    Number of faces shared with processor 189 = 1831
    Number of faces shared with processor 190 = 948
    Number of processor patches = 9
    Number of processor faces = 10067
    Number of boundary faces = 35693

Processor 167
    Number of cells = 253932
    Number of points = 300130
    Number of faces shared with processor 162 = 1730
    Number of faces shared with processor 163 = 1462
    Number of faces shared with processor 165 = 437
    Number of faces shared with processor 166 = 2015
    Number of faces shared with processor 179 = 502
    Number of faces shared with processor 180 = 55
    Number of faces shared with processor 181 = 204
    Number of faces shared with processor 188 = 985
    Number of faces shared with processor 189 = 893
    Number of faces shared with processor 190 = 439
    Number of faces shared with processor 191 = 771
    Number of faces shared with processor 224 = 62
    Number of faces shared with processor 240 = 778
    Number of processor patches = 13
    Number of processor faces = 10333
    Number of boundary faces = 37033

Processor 168
    Number of cells = 253079
    Number of points = 297959
    Number of faces shared with processor 128 = 2052
    Number of faces shared with processor 154 = 982
    Number of faces shared with processor 155 = 896
    Number of faces shared with processor 165 = 292
    Number of faces shared with processor 169 = 4144
    Number of faces shared with processor 170 = 383
    Number of faces shared with processor 171 = 3702
    Number of faces shared with processor 172 = 2975
    Number of faces shared with processor 178 = 864
    Number of processor patches = 9
    Number of processor faces = 16290
    Number of boundary faces = 21254

Processor 169
    Number of cells = 253892
    Number of points = 296607
    Number of faces shared with processor 128 = 9
    Number of faces shared with processor 144 = 253
    Number of faces shared with processor 152 = 148
    Number of faces shared with processor 153 = 1353
    Number of faces shared with processor 155 = 2832
    Number of faces shared with processor 165 = 2995
    Number of faces shared with processor 168 = 4144
    Number of faces shared with processor 170 = 48
    Number of faces shared with processor 177 = 2398
    Number of faces shared with processor 178 = 1811
    Number of faces shared with processor 187 = 173
    Number of processor patches = 11
    Number of processor faces = 16164
    Number of boundary faces = 19577

Processor 170
    Number of cells = 253471
    Number of points = 289725
    Number of faces shared with processor 128 = 2671
    Number of faces shared with processor 130 = 2628
    Number of faces shared with processor 144 = 611
    Number of faces shared with processor 165 = 122
    Number of faces shared with processor 168 = 383
    Number of faces shared with processor 169 = 48
    Number of faces shared with processor 171 = 6066
    Number of faces shared with processor 172 = 1594
    Number of faces shared with processor 173 = 172
    Number of faces shared with processor 175 = 5823
    Number of faces shared with processor 74 = 311
    Number of faces shared with processor 79 = 173
    Number of faces shared with processor 104 = 116
    Number of processor patches = 13
    Number of processor faces = 20718
    Number of boundary faces = 13636

Processor 171
    Number of cells = 252837
    Number of points = 302588
    Number of faces shared with processor 128 = 1997
    Number of faces shared with processor 168 = 3702
    Number of faces shared with processor 170 = 6066
    Number of faces shared with processor 172 = 1660
    Number of faces shared with processor 175 = 956
    Number of processor patches = 5
    Number of processor faces = 14381
    Number of boundary faces = 28291

Processor 172
    Number of cells = 257030
    Number of points = 286654
    Number of faces shared with processor 161 = 52
    Number of faces shared with processor 163 = 1772
    Number of faces shared with processor 165 = 985
    Number of faces shared with processor 168 = 2975
    Number of faces shared with processor 170 = 1594
    Number of faces shared with processor 171 = 1660
    Number of faces shared with processor 173 = 4505
    Number of faces shared with processor 174 = 2147
    Number of faces shared with processor 175 = 1199
    Number of faces shared with processor 178 = 732
    Number of faces shared with processor 104 = 22
    Number of processor patches = 11
    Number of processor faces = 17643
    Number of boundary faces = 17892

Processor 173
    Number of cells = 257641
    Number of points = 285015
    Number of faces shared with processor 160 = 3353
    Number of faces shared with processor 161 = 3748
    Number of faces shared with processor 163 = 2190
    Number of faces shared with processor 170 = 172
    Number of faces shared with processor 172 = 4505
    Number of faces shared with processor 174 = 3805
    Number of faces shared with processor 175 = 131
    Number of faces shared with processor 74 = 296
    Number of faces shared with processor 104 = 1152
    Number of faces shared with processor 106 = 1514
    Number of faces shared with processor 107 = 283
    Number of processor patches = 11
    Number of processor faces = 21149
    Number of boundary faces = 15253

Processor 174
    Number of cells = 256480
    Number of points = 290416
    Number of faces shared with processor 172 = 2147
    Number of faces shared with processor 173 = 3805
    Number of faces shared with processor 175 = 3810
    Number of faces shared with processor 75 = 1146
    Number of faces shared with processor 106 = 1355
    Number of faces shared with processor 107 = 2403
    Number of processor patches = 6
    Number of processor faces = 14666
    Number of boundary faces = 21887

Processor 175
    Number of cells = 257171
    Number of points = 283779
    Number of faces shared with processor 130 = 1682
    Number of faces shared with processor 170 = 5823
    Number of faces shared with processor 171 = 956
    Number of faces shared with processor 172 = 1199
    Number of faces shared with processor 173 = 131
    Number of faces shared with processor 174 = 3810
    Number of faces shared with processor 74 = 2360
    Number of faces shared with processor 75 = 3809
    Number of faces shared with processor 107 = 161
    Number of processor patches = 9
    Number of processor faces = 19931
    Number of boundary faces = 13687

Processor 176
    Number of cells = 254212
    Number of points = 305540
    Number of faces shared with processor 177 = 4358
    Number of faces shared with processor 178 = 2869
    Number of faces shared with processor 179 = 1411
    Number of faces shared with processor 180 = 26
    Number of faces shared with processor 181 = 940
    Number of faces shared with processor 183 = 2003
    Number of faces shared with processor 184 = 38
    Number of faces shared with processor 185 = 3234
    Number of faces shared with processor 186 = 360
    Number of processor patches = 9
    Number of processor faces = 15239
    Number of boundary faces = 28472

Processor 177
    Number of cells = 254061
    Number of points = 307722
    Number of faces shared with processor 165 = 864
    Number of faces shared with processor 169 = 2398
    Number of faces shared with processor 176 = 4358
    Number of faces shared with processor 178 = 1641
    Number of faces shared with processor 182 = 841
    Number of faces shared with processor 183 = 3371
    Number of faces shared with processor 187 = 1567
    Number of processor patches = 7
    Number of processor faces = 15040
    Number of boundary faces = 28163

Processor 178
    Number of cells = 254243
    Number of points = 310692
    Number of faces shared with processor 163 = 1371
    Number of faces shared with processor 165 = 487
    Number of faces shared with processor 168 = 864
    Number of faces shared with processor 169 = 1811
    Number of faces shared with processor 172 = 732
    Number of faces shared with processor 176 = 2869
    Number of faces shared with processor 177 = 1641
    Number of faces shared with processor 179 = 3436
    Number of faces shared with processor 185 = 440
    Number of faces shared with processor 187 = 1075
    Number of faces shared with processor 188 = 1112
    Number of processor patches = 11
    Number of processor faces = 15838
    Number of boundary faces = 29253

Processor 179
    Number of cells = 253075
    Number of points = 303227
    Number of faces shared with processor 162 = 1574
    Number of faces shared with processor 163 = 1014
    Number of faces shared with processor 167 = 502
    Number of faces shared with processor 176 = 1411
    Number of faces shared with processor 178 = 3436
    Number of faces shared with processor 180 = 810
    Number of faces shared with processor 181 = 169
    Number of faces shared with processor 185 = 1225
    Number of faces shared with processor 188 = 1071
    Number of faces shared with processor 191 = 714
    Number of faces shared with processor 240 = 1110
    Number of processor patches = 11
    Number of processor faces = 13036
    Number of boundary faces = 35687

Processor 180
    Number of cells = 252776
    Number of points = 305959
    Number of faces shared with processor 164 = 1630
    Number of faces shared with processor 165 = 72
    Number of faces shared with processor 166 = 876
    Number of faces shared with processor 167 = 55
    Number of faces shared with processor 176 = 26
    Number of faces shared with processor 179 = 810
    Number of faces shared with processor 181 = 3785
    Number of faces shared with processor 182 = 1707
    Number of faces shared with processor 184 = 3715
    Number of faces shared with processor 185 = 471
    Number of faces shared with processor 190 = 815
    Number of faces shared with processor 191 = 1436
    Number of faces shared with processor 224 = 187
    Number of faces shared with processor 240 = 601
    Number of processor patches = 14
    Number of processor faces = 16186
    Number of boundary faces = 29611

Processor 181
    Number of cells = 253788
    Number of points = 301671
    Number of faces shared with processor 151 = 3140
    Number of faces shared with processor 164 = 274
    Number of faces shared with processor 166 = 996
    Number of faces shared with processor 167 = 204
    Number of faces shared with processor 176 = 940
    Number of faces shared with processor 179 = 169
    Number of faces shared with processor 180 = 3785
    Number of faces shared with processor 182 = 874
    Number of faces shared with processor 183 = 1707
    Number of faces shared with processor 184 = 667
    Number of faces shared with processor 185 = 99
    Number of faces shared with processor 190 = 887
    Number of faces shared with processor 191 = 4
    Number of faces shared with processor 224 = 1464
    Number of faces shared with processor 240 = 13
    Number of processor patches = 15
    Number of processor faces = 15223
    Number of boundary faces = 26413

Processor 182
    Number of cells = 255571
    Number of points = 305926
    Number of faces shared with processor 152 = 1860
    Number of faces shared with processor 164 = 1275
    Number of faces shared with processor 165 = 1908
    Number of faces shared with processor 166 = 1908
    Number of faces shared with processor 177 = 841
    Number of faces shared with processor 180 = 1707
    Number of faces shared with processor 181 = 874
    Number of faces shared with processor 183 = 3789
    Number of faces shared with processor 187 = 1242
    Number of faces shared with processor 189 = 1169
    Number of faces shared with processor 190 = 450
    Number of processor patches = 11
    Number of processor faces = 17023
    Number of boundary faces = 31003

Processor 183
    Number of cells = 252962
    Number of points = 307407
    Number of faces shared with processor 176 = 2003
    Number of faces shared with processor 177 = 3371
    Number of faces shared with processor 181 = 1707
    Number of faces shared with processor 182 = 3789
    Number of faces shared with processor 184 = 117
    Number of faces shared with processor 185 = 243
    Number of faces shared with processor 186 = 1727
    Number of faces shared with processor 187 = 609
    Number of faces shared with processor 190 = 115
    Number of processor patches = 9
    Number of processor faces = 13681
    Number of boundary faces = 33117

Processor 184
    Number of cells = 253005
    Number of points = 303309
    Number of faces shared with processor 176 = 38
    Number of faces shared with processor 180 = 3715
    Number of faces shared with processor 181 = 667
    Number of faces shared with processor 183 = 117
    Number of faces shared with processor 185 = 3139
    Number of faces shared with processor 186 = 2086
    Number of faces shared with processor 190 = 1248
    Number of faces shared with processor 191 = 594
    Number of processor patches = 8
    Number of processor faces = 11604
    Number of boundary faces = 39581

Processor 185
    Number of cells = 253385
    Number of points = 307294
    Number of faces shared with processor 176 = 3234
    Number of faces shared with processor 178 = 440
    Number of faces shared with processor 179 = 1225
    Number of faces shared with processor 180 = 471
    Number of faces shared with processor 181 = 99
    Number of faces shared with processor 183 = 243
    Number of faces shared with processor 184 = 3139
    Number of faces shared with processor 186 = 4804
    Number of faces shared with processor 188 = 1100
    Number of faces shared with processor 191 = 1403
    Number of processor patches = 10
    Number of processor faces = 16158
    Number of boundary faces = 31105

Processor 186
    Number of cells = 252661
    Number of points = 305180
    Number of faces shared with processor 176 = 360
    Number of faces shared with processor 183 = 1727
    Number of faces shared with processor 184 = 2086
    Number of faces shared with processor 185 = 4804
    Number of faces shared with processor 187 = 3636
    Number of faces shared with processor 188 = 379
    Number of faces shared with processor 189 = 284
    Number of faces shared with processor 190 = 1515
    Number of processor patches = 8
    Number of processor faces = 14791
    Number of boundary faces = 30707

Processor 187
    Number of cells = 252793
    Number of points = 301509
    Number of faces shared with processor 165 = 606
    Number of faces shared with processor 169 = 173
    Number of faces shared with processor 177 = 1567
    Number of faces shared with processor 178 = 1075
    Number of faces shared with processor 182 = 1242
    Number of faces shared with processor 183 = 609
    Number of faces shared with processor 186 = 3636
    Number of faces shared with processor 188 = 2957
    Number of faces shared with processor 189 = 2087
    Number of faces shared with processor 190 = 320
    Number of processor patches = 10
    Number of processor faces = 14272
    Number of boundary faces = 28860

Processor 188
    Number of cells = 253268
    Number of points = 301682
    Number of faces shared with processor 162 = 505
    Number of faces shared with processor 163 = 778
    Number of faces shared with processor 165 = 688
    Number of faces shared with processor 167 = 985
    Number of faces shared with processor 178 = 1112
    Number of faces shared with processor 179 = 1071
    Number of faces shared with processor 185 = 1100
    Number of faces shared with processor 186 = 379
    Number of faces shared with processor 187 = 2957
    Number of faces shared with processor 189 = 3698
    Number of faces shared with processor 191 = 2770
    Number of processor patches = 11
    Number of processor faces = 16043
    Number of boundary faces = 27595

Processor 189
    Number of cells = 254153
    Number of points = 300842
    Number of faces shared with processor 165 = 665
    Number of faces shared with processor 166 = 1831
    Number of faces shared with processor 167 = 893
    Number of faces shared with processor 182 = 1169
    Number of faces shared with processor 186 = 284
    Number of faces shared with processor 187 = 2087
    Number of faces shared with processor 188 = 3698
    Number of faces shared with processor 190 = 2607
    Number of faces shared with processor 191 = 1258
    Number of processor patches = 9
    Number of processor faces = 14492
    Number of boundary faces = 28800

Processor 190
    Number of cells = 253022
    Number of points = 303739
    Number of faces shared with processor 166 = 948
    Number of faces shared with processor 167 = 439
    Number of faces shared with processor 180 = 815
    Number of faces shared with processor 181 = 887
    Number of faces shared with processor 182 = 450
    Number of faces shared with processor 183 = 115
    Number of faces shared with processor 184 = 1248
    Number of faces shared with processor 186 = 1515
    Number of faces shared with processor 187 = 320
    Number of faces shared with processor 189 = 2607
    Number of faces shared with processor 191 = 2944
    Number of processor patches = 11
    Number of processor faces = 12288
    Number of boundary faces = 32133

Processor 191
    Number of cells = 252917
    Number of points = 302938
    Number of faces shared with processor 167 = 771
    Number of faces shared with processor 179 = 714
    Number of faces shared with processor 180 = 1436
    Number of faces shared with processor 181 = 4
    Number of faces shared with processor 184 = 594
    Number of faces shared with processor 185 = 1403
    Number of faces shared with processor 188 = 2770
    Number of faces shared with processor 189 = 1258
    Number of faces shared with processor 190 = 2944
    Number of faces shared with processor 240 = 88
    Number of processor patches = 10
    Number of processor faces = 11982
    Number of boundary faces = 31859

Processor 192
    Number of cells = 257765
    Number of points = 284935
    Number of faces shared with processor 133 = 72
    Number of faces shared with processor 10 = 71
    Number of faces shared with processor 140 = 2134
    Number of faces shared with processor 142 = 270
    Number of faces shared with processor 144 = 139
    Number of faces shared with processor 193 = 7629
    Number of faces shared with processor 194 = 5575
    Number of faces shared with processor 195 = 430
    Number of faces shared with processor 196 = 2273
    Number of faces shared with processor 197 = 352
    Number of faces shared with processor 94 = 1544
    Number of faces shared with processor 95 = 234
    Number of processor patches = 12
    Number of processor faces = 20723
    Number of boundary faces = 12900

Processor 193
    Number of cells = 257457
    Number of points = 291174
    Number of faces shared with processor 133 = 2431
    Number of faces shared with processor 140 = 1489
    Number of faces shared with processor 144 = 37
    Number of faces shared with processor 192 = 7629
    Number of faces shared with processor 92 = 2066
    Number of faces shared with processor 94 = 1291
    Number of faces shared with processor 95 = 3503
    Number of processor patches = 7
    Number of processor faces = 18446
    Number of boundary faces = 20652

Processor 194
    Number of cells = 256464
    Number of points = 289058
    Number of faces shared with processor 140 = 575
    Number of faces shared with processor 142 = 1667
    Number of faces shared with processor 144 = 48
    Number of faces shared with processor 192 = 5575
    Number of faces shared with processor 195 = 5008
    Number of faces shared with processor 196 = 603
    Number of faces shared with processor 197 = 4415
    Number of faces shared with processor 200 = 283
    Number of processor patches = 8
    Number of processor faces = 18174
    Number of boundary faces = 17542

Processor 195
    Number of cells = 254680
    Number of points = 287387
    Number of faces shared with processor 140 = 2281
    Number of faces shared with processor 142 = 4880
    Number of faces shared with processor 143 = 2126
    Number of faces shared with processor 192 = 430
    Number of faces shared with processor 194 = 5008
    Number of faces shared with processor 197 = 273
    Number of faces shared with processor 200 = 3661
    Number of faces shared with processor 201 = 947
    Number of processor patches = 8
    Number of processor faces = 19606
    Number of boundary faces = 21273

Processor 196
    Number of cells = 257725
    Number of points = 286334
    Number of faces shared with processor 8 = 226
    Number of faces shared with processor 9 = 1952
    Number of faces shared with processor 10 = 1096
    Number of faces shared with processor 11 = 1554
    Number of faces shared with processor 15 = 708
    Number of faces shared with processor 192 = 2273
    Number of faces shared with processor 194 = 603
    Number of faces shared with processor 197 = 3445
    Number of faces shared with processor 199 = 3340
    Number of faces shared with processor 94 = 3860
    Number of processor patches = 10
    Number of processor faces = 19057
    Number of boundary faces = 18016

Processor 197
    Number of cells = 257765
    Number of points = 284595
    Number of faces shared with processor 10 = 1297
    Number of faces shared with processor 144 = 55
    Number of faces shared with processor 55 = 54
    Number of faces shared with processor 192 = 352
    Number of faces shared with processor 194 = 4415
    Number of faces shared with processor 195 = 273
    Number of faces shared with processor 196 = 3445
    Number of faces shared with processor 198 = 2756
    Number of faces shared with processor 199 = 2916
    Number of faces shared with processor 200 = 3655
    Number of faces shared with processor 203 = 578
    Number of processor patches = 11
    Number of processor faces = 19796
    Number of boundary faces = 15334

Processor 198
    Number of cells = 257578
    Number of points = 280427
    Number of faces shared with processor 10 = 6
    Number of faces shared with processor 197 = 2756
    Number of faces shared with processor 199 = 4365
    Number of faces shared with processor 200 = 1465
    Number of faces shared with processor 202 = 3990
    Number of faces shared with processor 203 = 1216
    Number of faces shared with processor 230 = 1195
    Number of faces shared with processor 254 = 920
    Number of faces shared with processor 255 = 1731
    Number of processor patches = 9
    Number of processor faces = 17644
    Number of boundary faces = 14018

Processor 199
    Number of cells = 257643
    Number of points = 282194
    Number of faces shared with processor 8 = 4814
    Number of faces shared with processor 9 = 376
    Number of faces shared with processor 10 = 1288
    Number of faces shared with processor 196 = 3340
    Number of faces shared with processor 197 = 2916
    Number of faces shared with processor 198 = 4365
    Number of faces shared with processor 203 = 58
    Number of faces shared with processor 254 = 1874
    Number of faces shared with processor 255 = 146
    Number of processor patches = 9
    Number of processor faces = 19177
    Number of boundary faces = 14238

Processor 200
    Number of cells = 257020
    Number of points = 283315
    Number of faces shared with processor 142 = 114
    Number of faces shared with processor 144 = 43
    Number of faces shared with processor 55 = 66
    Number of faces shared with processor 194 = 283
    Number of faces shared with processor 195 = 3661
    Number of faces shared with processor 197 = 3655
    Number of faces shared with processor 198 = 1465
    Number of faces shared with processor 201 = 4218
    Number of faces shared with processor 202 = 2689
    Number of faces shared with processor 203 = 3265
    Number of faces shared with processor 204 = 80
    Number of processor patches = 11
    Number of processor faces = 19539
    Number of boundary faces = 14362

Processor 201
    Number of cells = 256039
    Number of points = 289734
    Number of faces shared with processor 136 = 1196
    Number of faces shared with processor 142 = 802
    Number of faces shared with processor 143 = 2364
    Number of faces shared with processor 144 = 51
    Number of faces shared with processor 195 = 947
    Number of faces shared with processor 200 = 4218
    Number of faces shared with processor 203 = 2666
    Number of faces shared with processor 204 = 1792
    Number of faces shared with processor 218 = 2594
    Number of faces shared with processor 220 = 1436
    Number of processor patches = 10
    Number of processor faces = 18066
    Number of boundary faces = 20063

Processor 202
    Number of cells = 254955
    Number of points = 276736
    Number of faces shared with processor 198 = 3990
    Number of faces shared with processor 200 = 2689
    Number of faces shared with processor 203 = 4446
    Number of faces shared with processor 228 = 2589
    Number of faces shared with processor 229 = 10
    Number of faces shared with processor 230 = 2802
    Number of faces shared with processor 255 = 8
    Number of processor patches = 7
    Number of processor faces = 16534
    Number of boundary faces = 13573

Processor 203
    Number of cells = 257138
    Number of points = 288541
    Number of faces shared with processor 10 = 996
    Number of faces shared with processor 55 = 1424
    Number of faces shared with processor 197 = 578
    Number of faces shared with processor 198 = 1216
    Number of faces shared with processor 199 = 58
    Number of faces shared with processor 200 = 3265
    Number of faces shared with processor 201 = 2666
    Number of faces shared with processor 202 = 4446
    Number of faces shared with processor 204 = 3281
    Number of faces shared with processor 215 = 868
    Number of faces shared with processor 220 = 983
    Number of faces shared with processor 228 = 2632
    Number of processor patches = 12
    Number of processor faces = 22413
    Number of boundary faces = 17788

Processor 204
    Number of cells = 256734
    Number of points = 284276
    Number of faces shared with processor 142 = 1
    Number of faces shared with processor 144 = 760
    Number of faces shared with processor 145 = 1809
    Number of faces shared with processor 158 = 872
    Number of faces shared with processor 159 = 337
    Number of faces shared with processor 55 = 111
    Number of faces shared with processor 200 = 80
    Number of faces shared with processor 201 = 1792
    Number of faces shared with processor 203 = 3281
    Number of faces shared with processor 205 = 1162
    Number of faces shared with processor 206 = 403
    Number of faces shared with processor 207 = 1311
    Number of faces shared with processor 212 = 318
    Number of faces shared with processor 214 = 1494
    Number of faces shared with processor 215 = 1828
    Number of faces shared with processor 217 = 1142
    Number of faces shared with processor 218 = 962
    Number of faces shared with processor 220 = 216
    Number of faces shared with processor 222 = 286
    Number of faces shared with processor 228 = 1116
    Number of processor patches = 20
    Number of processor faces = 19281
    Number of boundary faces = 12872

Processor 205
    Number of cells = 257165
    Number of points = 302446
    Number of faces shared with processor 204 = 1162
    Number of faces shared with processor 207 = 1831
    Number of faces shared with processor 209 = 131
    Number of faces shared with processor 210 = 685
    Number of faces shared with processor 211 = 1054
    Number of faces shared with processor 213 = 140
    Number of faces shared with processor 214 = 709
    Number of faces shared with processor 215 = 519
    Number of faces shared with processor 225 = 307
    Number of faces shared with processor 227 = 43
    Number of faces shared with processor 228 = 219
    Number of faces shared with processor 229 = 226
    Number of processor patches = 12
    Number of processor faces = 7026
    Number of boundary faces = 45897

Processor 206
    Number of cells = 257508
    Number of points = 302984
    Number of faces shared with processor 145 = 3692
    Number of faces shared with processor 149 = 83
    Number of faces shared with processor 150 = 1006
    Number of faces shared with processor 159 = 2273
    Number of faces shared with processor 204 = 403
    Number of faces shared with processor 207 = 3224
    Number of faces shared with processor 209 = 826
    Number of faces shared with processor 217 = 1242
    Number of faces shared with processor 225 = 1550
    Number of processor patches = 9
    Number of processor faces = 14299
    Number of boundary faces = 26538

Processor 207
    Number of cells = 257679
    Number of points = 308424
    Number of faces shared with processor 145 = 208
    Number of faces shared with processor 204 = 1311
    Number of faces shared with processor 205 = 1831
    Number of faces shared with processor 206 = 3224
    Number of faces shared with processor 209 = 1028
    Number of faces shared with processor 212 = 1196
    Number of faces shared with processor 213 = 913
    Number of faces shared with processor 214 = 1498
    Number of faces shared with processor 216 = 2240
    Number of faces shared with processor 217 = 1149
    Number of faces shared with processor 225 = 198
    Number of processor patches = 11
    Number of processor faces = 14796
    Number of boundary faces = 28165

Processor 208
    Number of cells = 257438
    Number of points = 307667
    Number of faces shared with processor 209 = 2564
    Number of faces shared with processor 210 = 1357
    Number of faces shared with processor 211 = 1030
    Number of faces shared with processor 212 = 412
    Number of faces shared with processor 213 = 1518
    Number of faces shared with processor 216 = 118
    Number of faces shared with processor 221 = 501
    Number of faces shared with processor 222 = 389
    Number of faces shared with processor 223 = 2596
    Number of processor patches = 9
    Number of processor faces = 10485
    Number of boundary faces = 40798

Processor 209
    Number of cells = 256863
    Number of points = 307429
    Number of faces shared with processor 205 = 131
    Number of faces shared with processor 206 = 826
    Number of faces shared with processor 207 = 1028
    Number of faces shared with processor 208 = 2564
    Number of faces shared with processor 210 = 208
    Number of faces shared with processor 211 = 2544
    Number of faces shared with processor 213 = 2284
    Number of faces shared with processor 216 = 2081
    Number of faces shared with processor 221 = 567
    Number of faces shared with processor 225 = 2365
    Number of processor patches = 10
    Number of processor faces = 14598
    Number of boundary faces = 29017

Processor 210
    Number of cells = 257442
    Number of points = 309251
    Number of faces shared with processor 205 = 685
    Number of faces shared with processor 208 = 1357
    Number of faces shared with processor 209 = 208
    Number of faces shared with processor 211 = 2581
    Number of faces shared with processor 213 = 1543
    Number of faces shared with processor 214 = 3161
    Number of faces shared with processor 215 = 1235
    Number of faces shared with processor 221 = 666
    Number of faces shared with processor 222 = 1207
    Number of faces shared with processor 223 = 685
    Number of faces shared with processor 225 = 20
    Number of processor patches = 11
    Number of processor faces = 13348
    Number of boundary faces = 32597

Processor 211
    Number of cells = 254873
    Number of points = 306493
    Number of faces shared with processor 205 = 1054
    Number of faces shared with processor 208 = 1030
    Number of faces shared with processor 209 = 2544
    Number of faces shared with processor 210 = 2581
    Number of faces shared with processor 215 = 1786
    Number of faces shared with processor 220 = 707
    Number of faces shared with processor 221 = 2623
    Number of faces shared with processor 225 = 1450
    Number of faces shared with processor 227 = 652
    Number of faces shared with processor 229 = 1704
    Number of processor patches = 10
    Number of processor faces = 16131
    Number of boundary faces = 29520

Processor 212
    Number of cells = 257594
    Number of points = 307611
    Number of faces shared with processor 204 = 318
    Number of faces shared with processor 207 = 1196
    Number of faces shared with processor 208 = 412
    Number of faces shared with processor 213 = 2798
    Number of faces shared with processor 214 = 2475
    Number of faces shared with processor 217 = 2353
    Number of faces shared with processor 222 = 3262
    Number of faces shared with processor 223 = 1721
    Number of processor patches = 8
    Number of processor faces = 14535
    Number of boundary faces = 30630

Processor 213
    Number of cells = 256993
    Number of points = 310951
    Number of faces shared with processor 205 = 140
    Number of faces shared with processor 207 = 913
    Number of faces shared with processor 208 = 1518
    Number of faces shared with processor 209 = 2284
    Number of faces shared with processor 210 = 1543
    Number of faces shared with processor 212 = 2798
    Number of faces shared with processor 214 = 3175
    Number of faces shared with processor 216 = 1662
    Number of faces shared with processor 223 = 531
    Number of processor patches = 9
    Number of processor faces = 14564
    Number of boundary faces = 32670

Processor 214
    Number of cells = 257725
    Number of points = 308616
    Number of faces shared with processor 204 = 1494
    Number of faces shared with processor 205 = 709
    Number of faces shared with processor 207 = 1498
    Number of faces shared with processor 210 = 3161
    Number of faces shared with processor 212 = 2475
    Number of faces shared with processor 213 = 3175
    Number of faces shared with processor 215 = 3547
    Number of faces shared with processor 222 = 722
    Number of processor patches = 8
    Number of processor faces = 16781
    Number of boundary faces = 30583

Processor 215
    Number of cells = 255585
    Number of points = 305717
    Number of faces shared with processor 203 = 868
    Number of faces shared with processor 204 = 1828
    Number of faces shared with processor 205 = 519
    Number of faces shared with processor 210 = 1235
    Number of faces shared with processor 211 = 1786
    Number of faces shared with processor 214 = 3547
    Number of faces shared with processor 220 = 1975
    Number of faces shared with processor 222 = 1119
    Number of faces shared with processor 228 = 1643
    Number of faces shared with processor 229 = 1231
    Number of processor patches = 10
    Number of processor faces = 15751
    Number of boundary faces = 30284

Processor 216
    Number of cells = 253335
    Number of points = 304071
    Number of faces shared with processor 207 = 2240
    Number of faces shared with processor 208 = 118
    Number of faces shared with processor 209 = 2081
    Number of faces shared with processor 213 = 1662
    Number of faces shared with processor 217 = 2977
    Number of faces shared with processor 219 = 2392
    Number of faces shared with processor 221 = 1299
    Number of faces shared with processor 223 = 1093
    Number of processor patches = 8
    Number of processor faces = 13862
    Number of boundary faces = 34388

Processor 217
    Number of cells = 254080
    Number of points = 307163
    Number of faces shared with processor 158 = 1613
    Number of faces shared with processor 159 = 803
    Number of faces shared with processor 204 = 1142
    Number of faces shared with processor 206 = 1242
    Number of faces shared with processor 207 = 1149
    Number of faces shared with processor 212 = 2353
    Number of faces shared with processor 216 = 2977
    Number of faces shared with processor 218 = 1965
    Number of faces shared with processor 219 = 1483
    Number of faces shared with processor 222 = 914
    Number of processor patches = 10
    Number of processor faces = 15641
    Number of boundary faces = 28756

Processor 218
    Number of cells = 253453
    Number of points = 301056
    Number of faces shared with processor 136 = 1387
    Number of faces shared with processor 158 = 3721
    Number of faces shared with processor 201 = 2594
    Number of faces shared with processor 204 = 962
    Number of faces shared with processor 217 = 1965
    Number of faces shared with processor 219 = 3865
    Number of faces shared with processor 220 = 2663
    Number of faces shared with processor 222 = 1043
    Number of processor patches = 8
    Number of processor faces = 18200
    Number of boundary faces = 23880

Processor 219
    Number of cells = 252845
    Number of points = 302859
    Number of faces shared with processor 216 = 2392
    Number of faces shared with processor 217 = 1483
    Number of faces shared with processor 218 = 3865
    Number of faces shared with processor 220 = 1046
    Number of faces shared with processor 221 = 3007
    Number of faces shared with processor 223 = 836
    Number of processor patches = 6
    Number of processor faces = 12629
    Number of boundary faces = 27588

Processor 220
    Number of cells = 254081
    Number of points = 309326
    Number of faces shared with processor 201 = 1436
    Number of faces shared with processor 203 = 983
    Number of faces shared with processor 204 = 216
    Number of faces shared with processor 211 = 707
    Number of faces shared with processor 215 = 1975
    Number of faces shared with processor 218 = 2663
    Number of faces shared with processor 219 = 1046
    Number of faces shared with processor 221 = 3459
    Number of faces shared with processor 222 = 1172
    Number of processor patches = 9
    Number of processor faces = 13657
    Number of boundary faces = 32724

Processor 221
    Number of cells = 254390
    Number of points = 309111
    Number of faces shared with processor 208 = 501
    Number of faces shared with processor 209 = 567
    Number of faces shared with processor 210 = 666
    Number of faces shared with processor 211 = 2623
    Number of faces shared with processor 216 = 1299
    Number of faces shared with processor 219 = 3007
    Number of faces shared with processor 220 = 3459
    Number of faces shared with processor 223 = 3681
    Number of processor patches = 8
    Number of processor faces = 15803
    Number of boundary faces = 29607

Processor 222
    Number of cells = 257538
    Number of points = 309495
    Number of faces shared with processor 204 = 286
    Number of faces shared with processor 208 = 389
    Number of faces shared with processor 210 = 1207
    Number of faces shared with processor 212 = 3262
    Number of faces shared with processor 214 = 722
    Number of faces shared with processor 215 = 1119
    Number of faces shared with processor 217 = 914
    Number of faces shared with processor 218 = 1043
    Number of faces shared with processor 220 = 1172
    Number of faces shared with processor 223 = 3102
    Number of processor patches = 10
    Number of processor faces = 13216
    Number of boundary faces = 30049

Processor 223
    Number of cells = 257288
    Number of points = 308365
    Number of faces shared with processor 208 = 2596
    Number of faces shared with processor 210 = 685
    Number of faces shared with processor 212 = 1721
    Number of faces shared with processor 213 = 531
    Number of faces shared with processor 216 = 1093
    Number of faces shared with processor 219 = 836
    Number of faces shared with processor 221 = 3681
    Number of faces shared with processor 222 = 3102
    Number of processor patches = 8
    Number of processor faces = 14245
    Number of boundary faces = 31144

Processor 224
    Number of cells = 256403
    Number of points = 293908
    Number of faces shared with processor 151 = 2459
    Number of faces shared with processor 167 = 62
    Number of faces shared with processor 180 = 187
    Number of faces shared with processor 181 = 1464
    Number of faces shared with processor 225 = 2730
    Number of faces shared with processor 227 = 1809
    Number of faces shared with processor 233 = 278
    Number of faces shared with processor 236 = 1233
    Number of faces shared with processor 239 = 2613
    Number of faces shared with processor 240 = 1732
    Number of processor patches = 10
    Number of processor faces = 14567
    Number of boundary faces = 26784

Processor 225
    Number of cells = 257493
    Number of points = 293886
    Number of faces shared with processor 145 = 164
    Number of faces shared with processor 150 = 1447
    Number of faces shared with processor 151 = 1692
    Number of faces shared with processor 205 = 307
    Number of faces shared with processor 206 = 1550
    Number of faces shared with processor 207 = 198
    Number of faces shared with processor 209 = 2365
    Number of faces shared with processor 210 = 20
    Number of faces shared with processor 211 = 1450
    Number of faces shared with processor 224 = 2730
    Number of faces shared with processor 227 = 1112
    Number of processor patches = 11
    Number of processor faces = 13035
    Number of boundary faces = 26176

Processor 226
    Number of cells = 255715
    Number of points = 300167
    Number of faces shared with processor 227 = 1657
    Number of faces shared with processor 231 = 1966
    Number of faces shared with processor 234 = 499
    Number of faces shared with processor 235 = 687
    Number of faces shared with processor 238 = 3118
    Number of faces shared with processor 242 = 1601
    Number of faces shared with processor 243 = 3428
    Number of faces shared with processor 250 = 407
    Number of processor patches = 8
    Number of processor faces = 13363
    Number of boundary faces = 41281

Processor 227
    Number of cells = 255452
    Number of points = 303378
    Number of faces shared with processor 205 = 43
    Number of faces shared with processor 211 = 652
    Number of faces shared with processor 224 = 1809
    Number of faces shared with processor 225 = 1112
    Number of faces shared with processor 226 = 1657
    Number of faces shared with processor 229 = 3819
    Number of faces shared with processor 231 = 999
    Number of faces shared with processor 233 = 2130
    Number of faces shared with processor 235 = 1693
    Number of faces shared with processor 238 = 1094
    Number of faces shared with processor 239 = 1144
    Number of processor patches = 11
    Number of processor faces = 16152
    Number of boundary faces = 29823

Processor 228
    Number of cells = 253254
    Number of points = 287505
    Number of faces shared with processor 202 = 2589
    Number of faces shared with processor 203 = 2632
    Number of faces shared with processor 204 = 1116
    Number of faces shared with processor 205 = 219
    Number of faces shared with processor 215 = 1643
    Number of faces shared with processor 229 = 3858
    Number of faces shared with processor 230 = 1552
    Number of processor patches = 7
    Number of processor faces = 13609
    Number of boundary faces = 23355

Processor 229
    Number of cells = 252788
    Number of points = 295689
    Number of faces shared with processor 202 = 10
    Number of faces shared with processor 205 = 226
    Number of faces shared with processor 211 = 1704
    Number of faces shared with processor 215 = 1231
    Number of faces shared with processor 227 = 3819
    Number of faces shared with processor 228 = 3858
    Number of faces shared with processor 230 = 1262
    Number of faces shared with processor 231 = 2587
    Number of faces shared with processor 239 = 55
    Number of processor patches = 9
    Number of processor faces = 14752
    Number of boundary faces = 26883

Processor 230
    Number of cells = 253200
    Number of points = 291186
    Number of faces shared with processor 198 = 1195
    Number of faces shared with processor 202 = 2802
    Number of faces shared with processor 228 = 1552
    Number of faces shared with processor 229 = 1262
    Number of faces shared with processor 231 = 1124
    Number of faces shared with processor 255 = 2701
    Number of processor patches = 6
    Number of processor faces = 10636
    Number of boundary faces = 28732

Processor 231
    Number of cells = 254757
    Number of points = 293394
    Number of faces shared with processor 226 = 1966
    Number of faces shared with processor 227 = 999
    Number of faces shared with processor 229 = 2587
    Number of faces shared with processor 230 = 1124
    Number of faces shared with processor 237 = 290
    Number of faces shared with processor 238 = 302
    Number of faces shared with processor 239 = 475
    Number of faces shared with processor 241 = 73
    Number of faces shared with processor 242 = 603
    Number of faces shared with processor 250 = 1275
    Number of faces shared with processor 253 = 1425
    Number of faces shared with processor 255 = 1745
    Number of processor patches = 12
    Number of processor faces = 12864
    Number of boundary faces = 25514

Processor 232
    Number of cells = 253404
    Number of points = 297358
    Number of faces shared with processor 233 = 2513
    Number of faces shared with processor 234 = 1933
    Number of faces shared with processor 235 = 1265
    Number of faces shared with processor 236 = 999
    Number of faces shared with processor 237 = 1342
    Number of faces shared with processor 239 = 771
    Number of processor patches = 6
    Number of processor faces = 8823
    Number of boundary faces = 36466

Processor 233
    Number of cells = 253596
    Number of points = 298650
    Number of faces shared with processor 224 = 278
    Number of faces shared with processor 227 = 2130
    Number of faces shared with processor 232 = 2513
    Number of faces shared with processor 235 = 1332
    Number of faces shared with processor 239 = 1598
    Number of processor patches = 5
    Number of processor faces = 7851
    Number of boundary faces = 37815

Processor 234
    Number of cells = 254052
    Number of points = 306181
    Number of faces shared with processor 226 = 499
    Number of faces shared with processor 232 = 1933
    Number of faces shared with processor 235 = 2600
    Number of faces shared with processor 237 = 3253
    Number of faces shared with processor 238 = 412
    Number of faces shared with processor 242 = 1018
    Number of faces shared with processor 243 = 1346
    Number of processor patches = 7
    Number of processor faces = 11061
    Number of boundary faces = 36253

Processor 235
    Number of cells = 255534
    Number of points = 309378
    Number of faces shared with processor 226 = 687
    Number of faces shared with processor 227 = 1693
    Number of faces shared with processor 232 = 1265
    Number of faces shared with processor 233 = 1332
    Number of faces shared with processor 234 = 2600
    Number of faces shared with processor 238 = 582
    Number of faces shared with processor 239 = 589
    Number of processor patches = 7
    Number of processor faces = 8748
    Number of boundary faces = 34110

Processor 236
    Number of cells = 253285
    Number of points = 303412
    Number of faces shared with processor 224 = 1233
    Number of faces shared with processor 232 = 999
    Number of faces shared with processor 237 = 3284
    Number of faces shared with processor 239 = 2209
    Number of faces shared with processor 240 = 2894
    Number of processor patches = 5
    Number of processor faces = 10619
    Number of boundary faces = 31853

Processor 237
    Number of cells = 257076
    Number of points = 311742
    Number of faces shared with processor 231 = 290
    Number of faces shared with processor 232 = 1342
    Number of faces shared with processor 234 = 3253
    Number of faces shared with processor 236 = 3284
    Number of faces shared with processor 238 = 2823
    Number of faces shared with processor 239 = 1624
    Number of faces shared with processor 240 = 1401
    Number of faces shared with processor 241 = 178
    Number of faces shared with processor 242 = 922
    Number of processor patches = 9
    Number of processor faces = 15117
    Number of boundary faces = 32031

Processor 238
    Number of cells = 256739
    Number of points = 302188
    Number of faces shared with processor 226 = 3118
    Number of faces shared with processor 227 = 1094
    Number of faces shared with processor 231 = 302
    Number of faces shared with processor 234 = 412
    Number of faces shared with processor 235 = 582
    Number of faces shared with processor 237 = 2823
    Number of faces shared with processor 239 = 3051
    Number of faces shared with processor 242 = 650
    Number of processor patches = 8
    Number of processor faces = 12032
    Number of boundary faces = 41907

Processor 239
    Number of cells = 254700
    Number of points = 303697
    Number of faces shared with processor 224 = 2613
    Number of faces shared with processor 227 = 1144
    Number of faces shared with processor 229 = 55
    Number of faces shared with processor 231 = 475
    Number of faces shared with processor 232 = 771
    Number of faces shared with processor 233 = 1598
    Number of faces shared with processor 235 = 589
    Number of faces shared with processor 236 = 2209
    Number of faces shared with processor 237 = 1624
    Number of faces shared with processor 238 = 3051
    Number of faces shared with processor 240 = 91
    Number of processor patches = 11
    Number of processor faces = 14220
    Number of boundary faces = 30205

Processor 240
    Number of cells = 253406
    Number of points = 295623
    Number of faces shared with processor 162 = 2517
    Number of faces shared with processor 163 = 270
    Number of faces shared with processor 167 = 778
    Number of faces shared with processor 179 = 1110
    Number of faces shared with processor 180 = 601
    Number of faces shared with processor 181 = 13
    Number of faces shared with processor 191 = 88
    Number of faces shared with processor 224 = 1732
    Number of faces shared with processor 236 = 2894
    Number of faces shared with processor 237 = 1401
    Number of faces shared with processor 239 = 91
    Number of faces shared with processor 241 = 3835
    Number of faces shared with processor 242 = 945
    Number of processor patches = 13
    Number of processor faces = 16275
    Number of boundary faces = 26387

Processor 241
    Number of cells = 253023
    Number of points = 291397
    Number of faces shared with processor 160 = 317
    Number of faces shared with processor 161 = 508
    Number of faces shared with processor 162 = 2026
    Number of faces shared with processor 163 = 45
    Number of faces shared with processor 231 = 73
    Number of faces shared with processor 237 = 178
    Number of faces shared with processor 240 = 3835
    Number of faces shared with processor 242 = 2117
    Number of faces shared with processor 245 = 678
    Number of faces shared with processor 246 = 3187
    Number of faces shared with processor 247 = 55
    Number of processor patches = 11
    Number of processor faces = 13019
    Number of boundary faces = 25927

Processor 242
    Number of cells = 257610
    Number of points = 298777
    Number of faces shared with processor 226 = 1601
    Number of faces shared with processor 231 = 603
    Number of faces shared with processor 234 = 1018
    Number of faces shared with processor 237 = 922
    Number of faces shared with processor 238 = 650
    Number of faces shared with processor 240 = 945
    Number of faces shared with processor 241 = 2117
    Number of faces shared with processor 243 = 2322
    Number of faces shared with processor 245 = 2086
    Number of faces shared with processor 246 = 109
    Number of faces shared with processor 250 = 3277
    Number of processor patches = 11
    Number of processor faces = 15650
    Number of boundary faces = 26761

Processor 243
    Number of cells = 255370
    Number of points = 301511
    Number of faces shared with processor 226 = 3428
    Number of faces shared with processor 234 = 1346
    Number of faces shared with processor 242 = 2322
    Number of faces shared with processor 250 = 3176
    Number of processor patches = 4
    Number of processor faces = 10272
    Number of boundary faces = 36731

Processor 244
    Number of cells = 255500
    Number of points = 298531
    Number of faces shared with processor 96 = 262
    Number of faces shared with processor 105 = 1792
    Number of faces shared with processor 245 = 2509
    Number of faces shared with processor 247 = 1452
    Number of faces shared with processor 249 = 1047
    Number of faces shared with processor 126 = 1803
    Number of faces shared with processor 127 = 183
    Number of processor patches = 7
    Number of processor faces = 9048
    Number of boundary faces = 29219

Processor 245
    Number of cells = 256765
    Number of points = 296787
    Number of faces shared with processor 241 = 678
    Number of faces shared with processor 242 = 2086
    Number of faces shared with processor 244 = 2509
    Number of faces shared with processor 246 = 1655
    Number of faces shared with processor 247 = 1505
    Number of faces shared with processor 248 = 2217
    Number of faces shared with processor 249 = 543
    Number of faces shared with processor 250 = 680
    Number of processor patches = 8
    Number of processor faces = 11873
    Number of boundary faces = 28763

Processor 246
    Number of cells = 253255
    Number of points = 291590
    Number of faces shared with processor 160 = 2165
    Number of faces shared with processor 161 = 1175
    Number of faces shared with processor 162 = 788
    Number of faces shared with processor 241 = 3187
    Number of faces shared with processor 242 = 109
    Number of faces shared with processor 245 = 1655
    Number of faces shared with processor 247 = 1487
    Number of processor patches = 7
    Number of processor faces = 10566
    Number of boundary faces = 29493

Processor 247
    Number of cells = 256380
    Number of points = 293915
    Number of faces shared with processor 160 = 2538
    Number of faces shared with processor 104 = 1404
    Number of faces shared with processor 105 = 1831
    Number of faces shared with processor 106 = 1537
    Number of faces shared with processor 241 = 55
    Number of faces shared with processor 244 = 1452
    Number of faces shared with processor 245 = 1505
    Number of faces shared with processor 246 = 1487
    Number of processor patches = 8
    Number of processor faces = 11809
    Number of boundary faces = 27592

Processor 248
    Number of cells = 255169
    Number of points = 302938
    Number of faces shared with processor 245 = 2217
    Number of faces shared with processor 249 = 3361
    Number of faces shared with processor 250 = 1012
    Number of faces shared with processor 251 = 4974
    Number of processor patches = 4
    Number of processor faces = 11564
    Number of boundary faces = 34550

Processor 249
    Number of cells = 254458
    Number of points = 302253
    Number of faces shared with processor 20 = 1386
    Number of faces shared with processor 21 = 1161
    Number of faces shared with processor 244 = 1047
    Number of faces shared with processor 245 = 543
    Number of faces shared with processor 248 = 3361
    Number of faces shared with processor 250 = 208
    Number of faces shared with processor 251 = 2100
    Number of faces shared with processor 252 = 2081
    Number of faces shared with processor 126 = 2053
    Number of processor patches = 9
    Number of processor faces = 13940
    Number of boundary faces = 29839

Processor 250
    Number of cells = 257551
    Number of points = 301805
    Number of faces shared with processor 226 = 407
    Number of faces shared with processor 231 = 1275
    Number of faces shared with processor 242 = 3277
    Number of faces shared with processor 243 = 3176
    Number of faces shared with processor 245 = 680
    Number of faces shared with processor 248 = 1012
    Number of faces shared with processor 249 = 208
    Number of faces shared with processor 251 = 3426
    Number of faces shared with processor 252 = 85
    Number of faces shared with processor 253 = 2571
    Number of processor patches = 10
    Number of processor faces = 16117
    Number of boundary faces = 24514

Processor 251
    Number of cells = 255428
    Number of points = 301751
    Number of faces shared with processor 248 = 4974
    Number of faces shared with processor 249 = 2100
    Number of faces shared with processor 250 = 3426
    Number of faces shared with processor 252 = 2172
    Number of faces shared with processor 253 = 1312
    Number of processor patches = 5
    Number of processor faces = 13984
    Number of boundary faces = 31420

Processor 252
    Number of cells = 253984
    Number of points = 297193
    Number of faces shared with processor 8 = 39
    Number of faces shared with processor 20 = 1071
    Number of faces shared with processor 23 = 3078
    Number of faces shared with processor 249 = 2081
    Number of faces shared with processor 250 = 85
    Number of faces shared with processor 251 = 2172
    Number of faces shared with processor 253 = 2221
    Number of faces shared with processor 254 = 859
    Number of faces shared with processor 255 = 105
    Number of processor patches = 9
    Number of processor faces = 11711
    Number of boundary faces = 31403

Processor 253
    Number of cells = 254522
    Number of points = 296507
    Number of faces shared with processor 231 = 1425
    Number of faces shared with processor 250 = 2571
    Number of faces shared with processor 251 = 1312
    Number of faces shared with processor 252 = 2221
    Number of faces shared with processor 254 = 1160
    Number of faces shared with processor 255 = 2990
    Number of processor patches = 6
    Number of processor faces = 11679
    Number of boundary faces = 28173

Processor 254
    Number of cells = 255252
    Number of points = 294904
    Number of faces shared with processor 8 = 1964
    Number of faces shared with processor 23 = 788
    Number of faces shared with processor 198 = 920
    Number of faces shared with processor 199 = 1874
    Number of faces shared with processor 252 = 859
    Number of faces shared with processor 253 = 1160
    Number of faces shared with processor 255 = 2771
    Number of processor patches = 7
    Number of processor faces = 10336
    Number of boundary faces = 29637

Processor 255
    Number of cells = 253443
    Number of points = 292144
    Number of faces shared with processor 8 = 126
    Number of faces shared with processor 198 = 1731
    Number of faces shared with processor 199 = 146
    Number of faces shared with processor 202 = 8
    Number of faces shared with processor 230 = 2701
    Number of faces shared with processor 231 = 1745
    Number of faces shared with processor 252 = 105
    Number of faces shared with processor 253 = 2990
    Number of faces shared with processor 254 = 2771
    Number of processor patches = 9
    Number of processor faces = 12323
    Number of boundary faces = 27903

Number of processor faces = 2116218
Max number of cells = 258091 (1.127318664113967% above average 255213.92578125)
Max number of processor patches = 54 (440.4222048475372% above average 9.9921875)
Max number of faces between processors = 34886 (111.008884717926% above average 16532.953125)

Time = constant
--> FOAM Warning : 
    From bool Foam::IOobject::readHeader(Foam::dictionary&, Foam::Istream&)
    in file db/IOobject/IOobjectReadHeader.C at line 118
    Reading "constant/README.md" at line 1
    First token could not be read or is not 'FoamFile'

Check header is of the form:

/*--------------------------------*- C++ -*----------------------------------*\
| =========                 |                                                 |
| \\      /  F ield         | OpenFOAM: The Open Source CFD Toolbox           |
|  \\    /   O peration     | Version:  2512                                  |
|   \\  /    A nd           | Website:  www.openfoam.com                      |
|    \\/     M anipulation  |                                                 |
\*---------------------------------------------------------------------------*/
FoamFile
{
    version     2.0;
    format      ascii;
    arch        "LSB;label=32;scalar=64";
    class       IOobject;
    location    "constant";
    object      README.md;
}
// * * * * * * * * * * * * * * * * * * * * * * * * * * * * * * * * * * * * * //


Processor 0: field transfer
Processor 1: field transfer
Processor 2: field transfer
Processor 3: field transfer
Processor 4: field transfer
Processor 5: field transfer
Processor 6: field transfer
Processor 7: field transfer
Processor 8: field transfer
Processor 9: field transfer
Processor 10: field transfer
Processor 11: field transfer
Processor 12: field transfer
Processor 13: field transfer
Processor 14: field transfer
Processor 15: field transfer
Processor 16: field transfer
Processor 17: field transfer
Processor 18: field transfer
Processor 19: field transfer
Processor 20: field transfer
Processor 21: field transfer
Processor 22: field transfer
Processor 23: field transfer
Processor 24: field transfer
Processor 25: field transfer
Processor 26: field transfer
Processor 27: field transfer
Processor 28: field transfer
Processor 29: field transfer
Processor 30: field transfer
Processor 31: field transfer
Processor 32: field transfer
Processor 33: field transfer
Processor 34: field transfer
Processor 35: field transfer
Processor 36: field transfer
Processor 37: field transfer
Processor 38: field transfer
Processor 39: field transfer
Processor 40: field transfer
Processor 41: field transfer
Processor 42: field transfer
Processor 43: field transfer
Processor 44: field transfer
Processor 45: field transfer
Processor 46: field transfer
Processor 47: field transfer
Processor 48: field transfer
Processor 49: field transfer
Processor 50: field transfer
Processor 51: field transfer
Processor 52: field transfer
Processor 53: field transfer
Processor 54: field transfer
Processor 55: field transfer
Processor 56: field transfer
Processor 57: field transfer
Processor 58: field transfer
Processor 59: field transfer
Processor 60: field transfer
Processor 61: field transfer
Processor 62: field transfer
Processor 63: field transfer
Processor 64: field transfer
Processor 65: field transfer
Processor 66: field transfer
Processor 67: field transfer
Processor 68: field transfer
Processor 69: field transfer
Processor 70: field transfer
Processor 71: field transfer
Processor 72: field transfer
Processor 73: field transfer
Processor 74: field transfer
Processor 75: field transfer
Processor 76: field transfer
Processor 77: field transfer
Processor 78: field transfer
Processor 79: field transfer
Processor 80: field transfer
Processor 81: field transfer
Processor 82: field transfer
Processor 83: field transfer
Processor 84: field transfer
Processor 85: field transfer
Processor 86: field transfer
Processor 87: field transfer
Processor 88: field transfer
Processor 89: field transfer
Processor 90: field transfer
Processor 91: field transfer
Processor 92: field transfer
Processor 93: field transfer
Processor 94: field transfer
Processor 95: field transfer
Processor 96: field transfer
Processor 97: field transfer
Processor 98: field transfer
Processor 99: field transfer
Processor 100: field transfer
Processor 101: field transfer
Processor 102: field transfer
Processor 103: field transfer
Processor 104: field transfer
Processor 105: field transfer
Processor 106: field transfer
Processor 107: field transfer
Processor 108: field transfer
Processor 109: field transfer
Processor 110: field transfer
Processor 111: field transfer
Processor 112: field transfer
Processor 113: field transfer
Processor 114: field transfer
Processor 115: field transfer
Processor 116: field transfer
Processor 117: field transfer
Processor 118: field transfer
Processor 119: field transfer
Processor 120: field transfer
Processor 121: field transfer
Processor 122: field transfer
Processor 123: field transfer
Processor 124: field transfer
Processor 125: field transfer
Processor 126: field transfer
Processor 127: field transfer
Processor 128: field transfer
Processor 129: field transfer
Processor 130: field transfer
Processor 131: field transfer
Processor 132: field transfer
Processor 133: field transfer
Processor 134: field transfer
Processor 135: field transfer
Processor 136: field transfer
Processor 137: field transfer
Processor 138: field transfer
Processor 139: field transfer
Processor 140: field transfer
Processor 141: field transfer
Processor 142: field transfer
Processor 143: field transfer
Processor 144: field transfer
Processor 145: field transfer
Processor 146: field transfer
Processor 147: field transfer
Processor 148: field transfer
Processor 149: field transfer
Processor 150: field transfer
Processor 151: field transfer
Processor 152: field transfer
Processor 153: field transfer
Processor 154: field transfer
Processor 155: field transfer
Processor 156: field transfer
Processor 157: field transfer
Processor 158: field transfer
Processor 159: field transfer
Processor 160: field transfer
Processor 161: field transfer
Processor 162: field transfer
Processor 163: field transfer
Processor 164: field transfer
Processor 165: field transfer
Processor 166: field transfer
Processor 167: field transfer
Processor 168: field transfer
Processor 169: field transfer
Processor 170: field transfer
Processor 171: field transfer
Processor 172: field transfer
Processor 173: field transfer
Processor 174: field transfer
Processor 175: field transfer
Processor 176: field transfer
Processor 177: field transfer
Processor 178: field transfer
Processor 179: field transfer
Processor 180: field transfer
Processor 181: field transfer
Processor 182: field transfer
Processor 183: field transfer
Processor 184: field transfer
Processor 185: field transfer
Processor 186: field transfer
Processor 187: field transfer
Processor 188: field transfer
Processor 189: field transfer
Processor 190: field transfer
Processor 191: field transfer
Processor 192: field transfer
Processor 193: field transfer
Processor 194: field transfer
Processor 195: field transfer
Processor 196: field transfer
Processor 197: field transfer
Processor 198: field transfer
Processor 199: field transfer
Processor 200: field transfer
Processor 201: field transfer
Processor 202: field transfer
Processor 203: field transfer
Processor 204: field transfer
Processor 205: field transfer
Processor 206: field transfer
Processor 207: field transfer
Processor 208: field transfer
Processor 209: field transfer
Processor 210: field transfer
Processor 211: field transfer
Processor 212: field transfer
Processor 213: field transfer
Processor 214: field transfer
Processor 215: field transfer
Processor 216: field transfer
Processor 217: field transfer
Processor 218: field transfer
Processor 219: field transfer
Processor 220: field transfer
Processor 221: field transfer
Processor 222: field transfer
Processor 223: field transfer
Processor 224: field transfer
Processor 225: field transfer
Processor 226: field transfer
Processor 227: field transfer
Processor 228: field transfer
Processor 229: field transfer
Processor 230: field transfer
Processor 231: field transfer
Processor 232: field transfer
Processor 233: field transfer
Processor 234: field transfer
Processor 235: field transfer
Processor 236: field transfer
Processor 237: field transfer
Processor 238: field transfer
Processor 239: field transfer
Processor 240: field transfer
Processor 241: field transfer
Processor 242: field transfer
Processor 243: field transfer
Processor 244: field transfer
Processor 245: field transfer
Processor 246: field transfer
Processor 247: field transfer
Processor 248: field transfer
Processor 249: field transfer
Processor 250: field transfer
Processor 251: field transfer
Processor 252: field transfer
Processor 253: field transfer
Processor 254: field transfer
Processor 255: field transfer

End

