/*---------------------------------------------------------------------------*\
| =========                 |                                                 |
| \\      /  F ield         | OpenFOAM: The Open Source CFD Toolbox           |
|  \\    /   O peration     | Version:  2512                                  |
|   \\  /    A nd           | Website:  www.openfoam.com                      |
|    \\/     M anipulation  |                                                 |
\*---------------------------------------------------------------------------*/
Build  : _87ed40d256-20251219 OPENFOAM=2512 version=v2512
Arch   : "LSB;label=32;scalar=64"
Exec   : decomposePar -constant
Date   : Oct 07 2026
Time   : 10:01:59
Host   : x1001c2s7b1n0
PID    : 862631
I/O    : uncollated
Case   : /scratch/users/industry/hpcadvisorycouncil/pengzhi/openfoam-occ-drivaer/runs/noxrc-scotch-4node.25710711
nProcs : 1
trapFpe: Floating point exception trapping enabled (FOAM_SIGFPE).
memory pool : not available
fileModificationChecking : Monitoring run-time modified files using timeStampMaster (fileModificationSkew 5, maxFileModificationPolls 20)
allowSystemOperations : Allowing user-supplied system call operations

// * * * * * * * * * * * * * * * * * * * * * * * * * * * * * * * * * * * * * //
Create time



Decomposing mesh

Create mesh

Calculating distribution of cells
Decomposition method scotch [512] (region region0)

Finished decomposition in 253.56 s

Calculating original mesh data

Distributing cells to processors

Distributing faces to processors

Distributing points to processors

Constructing processor meshes

Processor 0
    Number of cells = 128731
    Number of points = 146465
    Number of faces shared with processor 1 = 1116
    Number of faces shared with processor 3 = 1274
    Number of faces shared with processor 4 = 2934
    Number of faces shared with processor 5 = 812
    Number of faces shared with processor 7 = 1198
    Number of faces shared with processor 12 = 1845
    Number of faces shared with processor 17 = 3338
    Number of faces shared with processor 18 = 878
    Number of faces shared with processor 35 = 547
    Number of processor patches = 9
    Number of processor faces = 13942
    Number of boundary faces = 7863

Processor 1
    Number of cells = 127678
    Number of points = 149453
    Number of faces shared with processor 0 = 1116
    Number of faces shared with processor 2 = 1548
    Number of faces shared with processor 3 = 3205
    Number of faces shared with processor 5 = 1353
    Number of faces shared with processor 18 = 1748
    Number of faces shared with processor 19 = 520
    Number of faces shared with processor 41 = 275
    Number of faces shared with processor 50 = 531
    Number of faces shared with processor 68 = 241
    Number of faces shared with processor 75 = 663
    Number of faces shared with processor 226 = 23
    Number of faces shared with processor 227 = 1525
    Number of faces shared with processor 247 = 1202
    Number of faces shared with processor 248 = 995
    Number of processor patches = 14
    Number of processor faces = 14945
    Number of boundary faces = 10345

Processor 2
    Number of cells = 128318
    Number of points = 139441
    Number of faces shared with processor 1 = 1548
    Number of faces shared with processor 3 = 3439
    Number of faces shared with processor 5 = 378
    Number of faces shared with processor 7 = 3301
    Number of faces shared with processor 74 = 2152
    Number of faces shared with processor 76 = 1659
    Number of faces shared with processor 226 = 153
    Number of faces shared with processor 227 = 1702
    Number of faces shared with processor 247 = 226
    Number of processor patches = 9
    Number of processor faces = 14558
    Number of boundary faces = 0

Processor 3
    Number of cells = 128872
    Number of points = 140078
    Number of faces shared with processor 0 = 1274
    Number of faces shared with processor 1 = 3205
    Number of faces shared with processor 2 = 3439
    Number of faces shared with processor 5 = 101
    Number of faces shared with processor 7 = 1856
    Number of faces shared with processor 17 = 898
    Number of faces shared with processor 18 = 949
    Number of faces shared with processor 19 = 3137
    Number of faces shared with processor 74 = 862
    Number of faces shared with processor 75 = 34
    Number of faces shared with processor 247 = 402
    Number of faces shared with processor 248 = 269
    Number of processor patches = 12
    Number of processor faces = 16426
    Number of boundary faces = 0

Processor 4
    Number of cells = 128143
    Number of points = 144316
    Number of faces shared with processor 0 = 2934
    Number of faces shared with processor 5 = 2081
    Number of faces shared with processor 6 = 3022
    Number of faces shared with processor 7 = 1471
    Number of faces shared with processor 11 = 1415
    Number of faces shared with processor 12 = 1816
    Number of faces shared with processor 13 = 2976
    Number of faces shared with processor 68 = 98
    Number of processor patches = 8
    Number of processor faces = 15813
    Number of boundary faces = 6282

Processor 5
    Number of cells = 128214
    Number of points = 150813
    Number of faces shared with processor 0 = 812
    Number of faces shared with processor 1 = 1353
    Number of faces shared with processor 2 = 378
    Number of faces shared with processor 3 = 101
    Number of faces shared with processor 4 = 2081
    Number of faces shared with processor 6 = 941
    Number of faces shared with processor 7 = 1894
    Number of faces shared with processor 11 = 1153
    Number of faces shared with processor 79 = 244
    Number of faces shared with processor 227 = 1721
    Number of faces shared with processor 238 = 1471
    Number of processor patches = 11
    Number of processor faces = 12149
    Number of boundary faces = 10715

Processor 6
    Number of cells = 128530
    Number of points = 139583
    Number of faces shared with processor 4 = 3022
    Number of faces shared with processor 5 = 941
    Number of faces shared with processor 7 = 4089
    Number of faces shared with processor 8 = 2255
    Number of faces shared with processor 11 = 990
    Number of faces shared with processor 13 = 908
    Number of faces shared with processor 68 = 246
    Number of faces shared with processor 69 = 332
    Number of faces shared with processor 77 = 1398
    Number of faces shared with processor 79 = 425
    Number of faces shared with processor 227 = 7
    Number of processor patches = 11
    Number of processor faces = 14613
    Number of boundary faces = 0

Processor 7
    Number of cells = 128881
    Number of points = 139987
    Number of faces shared with processor 0 = 1198
    Number of faces shared with processor 2 = 3301
    Number of faces shared with processor 3 = 1856
    Number of faces shared with processor 4 = 1471
    Number of faces shared with processor 5 = 1894
    Number of faces shared with processor 6 = 4089
    Number of faces shared with processor 12 = 231
    Number of faces shared with processor 17 = 349
    Number of faces shared with processor 68 = 321
    Number of faces shared with processor 74 = 18
    Number of faces shared with processor 75 = 100
    Number of faces shared with processor 76 = 858
    Number of faces shared with processor 77 = 447
    Number of faces shared with processor 79 = 14
    Number of faces shared with processor 227 = 76
    Number of processor patches = 15
    Number of processor faces = 16223
    Number of boundary faces = 0

Processor 8
    Number of cells = 128940
    Number of points = 142745
    Number of faces shared with processor 6 = 2255
    Number of faces shared with processor 9 = 2863
    Number of faces shared with processor 10 = 764
    Number of faces shared with processor 11 = 584
    Number of faces shared with processor 13 = 2532
    Number of faces shared with processor 14 = 128
    Number of faces shared with processor 168 = 53
    Number of faces shared with processor 170 = 1294
    Number of faces shared with processor 171 = 458
    Number of faces shared with processor 174 = 1076
    Number of faces shared with processor 175 = 1373
    Number of faces shared with processor 66 = 309
    Number of faces shared with processor 67 = 1888
    Number of faces shared with processor 68 = 788
    Number of faces shared with processor 69 = 518
    Number of faces shared with processor 70 = 701
    Number of faces shared with processor 71 = 1166
    Number of faces shared with processor 236 = 318
    Number of faces shared with processor 237 = 1339
    Number of processor patches = 19
    Number of processor faces = 20407
    Number of boundary faces = 2192

Processor 9
    Number of cells = 128607
    Number of points = 138801
    Number of faces shared with processor 8 = 2863
    Number of faces shared with processor 10 = 1640
    Number of faces shared with processor 11 = 150
    Number of faces shared with processor 14 = 2506
    Number of faces shared with processor 174 = 498
    Number of faces shared with processor 68 = 1512
    Number of faces shared with processor 69 = 1094
    Number of faces shared with processor 70 = 115
    Number of faces shared with processor 71 = 740
    Number of faces shared with processor 237 = 83
    Number of processor patches = 10
    Number of processor faces = 11201
    Number of boundary faces = 3783

Processor 10
    Number of cells = 128745
    Number of points = 154199
    Number of faces shared with processor 8 = 764
    Number of faces shared with processor 9 = 1640
    Number of faces shared with processor 11 = 1524
    Number of faces shared with processor 13 = 1211
    Number of faces shared with processor 14 = 3136
    Number of faces shared with processor 15 = 604
    Number of faces shared with processor 173 = 1133
    Number of faces shared with processor 174 = 2703
    Number of faces shared with processor 237 = 533
    Number of processor patches = 9
    Number of processor faces = 13248
    Number of boundary faces = 10085

Processor 11
    Number of cells = 128205
    Number of points = 148102
    Number of faces shared with processor 4 = 1415
    Number of faces shared with processor 5 = 1153
    Number of faces shared with processor 6 = 990
    Number of faces shared with processor 8 = 584
    Number of faces shared with processor 9 = 150
    Number of faces shared with processor 10 = 1524
    Number of faces shared with processor 13 = 528
    Number of faces shared with processor 69 = 225
    Number of faces shared with processor 70 = 731
    Number of faces shared with processor 77 = 134
    Number of faces shared with processor 78 = 1
    Number of faces shared with processor 79 = 859
    Number of faces shared with processor 236 = 236
    Number of faces shared with processor 237 = 2855
    Number of faces shared with processor 238 = 2352
    Number of processor patches = 15
    Number of processor faces = 13737
    Number of boundary faces = 9474

Processor 12
    Number of cells = 128558
    Number of points = 147755
    Number of faces shared with processor 0 = 1845
    Number of faces shared with processor 4 = 1816
    Number of faces shared with processor 7 = 231
    Number of faces shared with processor 13 = 2766
    Number of faces shared with processor 14 = 1308
    Number of faces shared with processor 15 = 516
    Number of faces shared with processor 17 = 816
    Number of faces shared with processor 162 = 1384
    Number of faces shared with processor 35 = 584
    Number of faces shared with processor 163 = 893
    Number of faces shared with processor 41 = 337
    Number of faces shared with processor 44 = 2628
    Number of faces shared with processor 173 = 146
    Number of faces shared with processor 46 = 53
    Number of faces shared with processor 68 = 1129
    Number of processor patches = 15
    Number of processor faces = 16452
    Number of boundary faces = 7076

Processor 13
    Number of cells = 128642
    Number of points = 142712
    Number of faces shared with processor 4 = 2976
    Number of faces shared with processor 6 = 908
    Number of faces shared with processor 8 = 2532
    Number of faces shared with processor 10 = 1211
    Number of faces shared with processor 11 = 528
    Number of faces shared with processor 12 = 2766
    Number of faces shared with processor 14 = 3847
    Number of faces shared with processor 15 = 1029
    Number of faces shared with processor 68 = 1172
    Number of processor patches = 9
    Number of processor faces = 16969
    Number of boundary faces = 3195

Processor 14
    Number of cells = 128825
    Number of points = 148412
    Number of faces shared with processor 8 = 128
    Number of faces shared with processor 9 = 2506
    Number of faces shared with processor 10 = 3136
    Number of faces shared with processor 12 = 1308
    Number of faces shared with processor 13 = 3847
    Number of faces shared with processor 15 = 3595
    Number of faces shared with processor 173 = 2233
    Number of faces shared with processor 68 = 1278
    Number of processor patches = 8
    Number of processor faces = 18031
    Number of boundary faces = 6351

Processor 15
    Number of cells = 128882
    Number of points = 139316
    Number of faces shared with processor 10 = 604
    Number of faces shared with processor 12 = 516
    Number of faces shared with processor 13 = 1029
    Number of faces shared with processor 14 = 3595
    Number of faces shared with processor 163 = 78
    Number of faces shared with processor 44 = 507
    Number of faces shared with processor 173 = 1118
    Number of faces shared with processor 46 = 163
    Number of faces shared with processor 174 = 182
    Number of faces shared with processor 47 = 744
    Number of faces shared with processor 48 = 589
    Number of faces shared with processor 60 = 1279
    Number of faces shared with processor 62 = 660
    Number of faces shared with processor 63 = 1358
    Number of faces shared with processor 68 = 1010
    Number of processor patches = 15
    Number of processor faces = 13432
    Number of boundary faces = 3767

Processor 16
    Number of cells = 128371
    Number of points = 146563
    Number of faces shared with processor 17 = 3022
    Number of faces shared with processor 18 = 911
    Number of faces shared with processor 19 = 585
    Number of faces shared with processor 20 = 1916
    Number of faces shared with processor 21 = 2624
    Number of faces shared with processor 30 = 738
    Number of faces shared with processor 32 = 259
    Number of faces shared with processor 33 = 412
    Number of faces shared with processor 41 = 539
    Number of faces shared with processor 43 = 1805
    Number of faces shared with processor 44 = 956
    Number of faces shared with processor 255 = 637
    Number of processor patches = 12
    Number of processor faces = 14404
    Number of boundary faces = 8273

Processor 17
    Number of cells = 128781
    Number of points = 146718
    Number of faces shared with processor 0 = 3338
    Number of faces shared with processor 3 = 898
    Number of faces shared with processor 7 = 349
    Number of faces shared with processor 12 = 816
    Number of faces shared with processor 16 = 3022
    Number of faces shared with processor 18 = 2401
    Number of faces shared with processor 19 = 888
    Number of faces shared with processor 21 = 4
    Number of faces shared with processor 32 = 91
    Number of faces shared with processor 33 = 212
    Number of faces shared with processor 35 = 1366
    Number of faces shared with processor 41 = 1041
    Number of faces shared with processor 44 = 1839
    Number of faces shared with processor 68 = 14
    Number of faces shared with processor 75 = 64
    Number of processor patches = 15
    Number of processor faces = 16343
    Number of boundary faces = 4772

Processor 18
    Number of cells = 126791
    Number of points = 146895
    Number of faces shared with processor 0 = 878
    Number of faces shared with processor 1 = 1748
    Number of faces shared with processor 3 = 949
    Number of faces shared with processor 16 = 911
    Number of faces shared with processor 17 = 2401
    Number of faces shared with processor 19 = 4027
    Number of faces shared with processor 248 = 1324
    Number of faces shared with processor 249 = 452
    Number of faces shared with processor 254 = 250
    Number of faces shared with processor 255 = 1359
    Number of processor patches = 10
    Number of processor faces = 14299
    Number of boundary faces = 10372

Processor 19
    Number of cells = 127784
    Number of points = 139343
    Number of faces shared with processor 1 = 520
    Number of faces shared with processor 3 = 3137
    Number of faces shared with processor 16 = 585
    Number of faces shared with processor 17 = 888
    Number of faces shared with processor 18 = 4027
    Number of faces shared with processor 21 = 2132
    Number of faces shared with processor 41 = 42
    Number of faces shared with processor 74 = 712
    Number of faces shared with processor 75 = 87
    Number of faces shared with processor 248 = 1221
    Number of faces shared with processor 249 = 2493
    Number of faces shared with processor 255 = 514
    Number of processor patches = 12
    Number of processor faces = 16358
    Number of boundary faces = 0

Processor 20
    Number of cells = 127706
    Number of points = 150379
    Number of faces shared with processor 16 = 1916
    Number of faces shared with processor 21 = 2328
    Number of faces shared with processor 23 = 2059
    Number of faces shared with processor 29 = 589
    Number of faces shared with processor 30 = 2304
    Number of faces shared with processor 41 = 139
    Number of faces shared with processor 43 = 346
    Number of faces shared with processor 255 = 271
    Number of processor patches = 8
    Number of processor faces = 9952
    Number of boundary faces = 12946

Processor 21
    Number of cells = 127345
    Number of points = 139235
    Number of faces shared with processor 16 = 2624
    Number of faces shared with processor 17 = 4
    Number of faces shared with processor 19 = 2132
    Number of faces shared with processor 20 = 2328
    Number of faces shared with processor 22 = 586
    Number of faces shared with processor 23 = 2816
    Number of faces shared with processor 41 = 171
    Number of faces shared with processor 75 = 10
    Number of faces shared with processor 249 = 1026
    Number of faces shared with processor 252 = 554
    Number of faces shared with processor 254 = 221
    Number of faces shared with processor 255 = 2397
    Number of processor patches = 12
    Number of processor faces = 14869
    Number of boundary faces = 1372

Processor 22
    Number of cells = 126806
    Number of points = 138181
    Number of faces shared with processor 264 = 174
    Number of faces shared with processor 268 = 38
    Number of faces shared with processor 269 = 252
    Number of faces shared with processor 21 = 586
    Number of faces shared with processor 23 = 3633
    Number of faces shared with processor 24 = 12
    Number of faces shared with processor 25 = 2805
    Number of faces shared with processor 29 = 1557
    Number of faces shared with processor 41 = 150
    Number of faces shared with processor 432 = 178
    Number of faces shared with processor 439 = 2358
    Number of faces shared with processor 440 = 1342
    Number of faces shared with processor 442 = 16
    Number of faces shared with processor 75 = 336
    Number of faces shared with processor 249 = 350
    Number of faces shared with processor 252 = 732
    Number of processor patches = 16
    Number of processor faces = 14519
    Number of boundary faces = 0

Processor 23
    Number of cells = 127748
    Number of points = 144496
    Number of faces shared with processor 20 = 2059
    Number of faces shared with processor 21 = 2816
    Number of faces shared with processor 22 = 3633
    Number of faces shared with processor 25 = 1480
    Number of faces shared with processor 29 = 1615
    Number of faces shared with processor 41 = 51
    Number of faces shared with processor 252 = 1817
    Number of faces shared with processor 255 = 901
    Number of processor patches = 8
    Number of processor faces = 14372
    Number of boundary faces = 8685

Processor 24
    Number of cells = 126330
    Number of points = 150670
    Number of faces shared with processor 386 = 399
    Number of faces shared with processor 264 = 502
    Number of faces shared with processor 269 = 318
    Number of faces shared with processor 272 = 963
    Number of faces shared with processor 273 = 30
    Number of faces shared with processor 274 = 155
    Number of faces shared with processor 22 = 12
    Number of faces shared with processor 25 = 2196
    Number of faces shared with processor 26 = 943
    Number of faces shared with processor 421 = 301
    Number of faces shared with processor 424 = 433
    Number of faces shared with processor 425 = 239
    Number of faces shared with processor 432 = 21
    Number of faces shared with processor 438 = 456
    Number of faces shared with processor 439 = 1709
    Number of faces shared with processor 440 = 2190
    Number of faces shared with processor 441 = 243
    Number of faces shared with processor 443 = 572
    Number of faces shared with processor 75 = 86
    Number of faces shared with processor 252 = 9
    Number of processor patches = 20
    Number of processor faces = 11777
    Number of boundary faces = 16057

Processor 25
    Number of cells = 126759
    Number of points = 146410
    Number of faces shared with processor 264 = 68
    Number of faces shared with processor 269 = 73
    Number of faces shared with processor 22 = 2805
    Number of faces shared with processor 23 = 1480
    Number of faces shared with processor 24 = 2196
    Number of faces shared with processor 29 = 1150
    Number of faces shared with processor 439 = 806
    Number of faces shared with processor 440 = 179
    Number of faces shared with processor 252 = 1333
    Number of processor patches = 9
    Number of processor faces = 10090
    Number of boundary faces = 13892

Processor 26
    Number of cells = 126492
    Number of points = 146083
    Number of faces shared with processor 272 = 23
    Number of faces shared with processor 273 = 4
    Number of faces shared with processor 274 = 1
    Number of faces shared with processor 24 = 943
    Number of faces shared with processor 27 = 1732
    Number of faces shared with processor 31 = 1728
    Number of faces shared with processor 421 = 65
    Number of faces shared with processor 40 = 261
    Number of faces shared with processor 425 = 40
    Number of faces shared with processor 41 = 2058
    Number of faces shared with processor 432 = 3162
    Number of faces shared with processor 50 = 3952
    Number of faces shared with processor 51 = 167
    Number of faces shared with processor 75 = 208
    Number of faces shared with processor 482 = 267
    Number of faces shared with processor 483 = 1568
    Number of processor patches = 16
    Number of processor faces = 16179
    Number of boundary faces = 10279

Processor 27
    Number of cells = 128882
    Number of points = 144268
    Number of faces shared with processor 26 = 1732
    Number of faces shared with processor 28 = 1862
    Number of faces shared with processor 31 = 1511
    Number of faces shared with processor 41 = 21
    Number of faces shared with processor 432 = 539
    Number of faces shared with processor 50 = 1156
    Number of faces shared with processor 436 = 1532
    Number of faces shared with processor 482 = 1970
    Number of faces shared with processor 483 = 276
    Number of faces shared with processor 492 = 640
    Number of faces shared with processor 493 = 641
    Number of faces shared with processor 495 = 344
    Number of processor patches = 12
    Number of processor faces = 12224
    Number of boundary faces = 8727

Processor 28
    Number of cells = 128803
    Number of points = 144080
    Number of faces shared with processor 27 = 1862
    Number of faces shared with processor 29 = 3113
    Number of faces shared with processor 30 = 615
    Number of faces shared with processor 31 = 1566
    Number of faces shared with processor 41 = 64
    Number of faces shared with processor 432 = 785
    Number of faces shared with processor 436 = 1993
    Number of faces shared with processor 438 = 1110
    Number of faces shared with processor 439 = 534
    Number of processor patches = 9
    Number of processor faces = 11642
    Number of boundary faces = 9109

Processor 29
    Number of cells = 128882
    Number of points = 145060
    Number of faces shared with processor 20 = 589
    Number of faces shared with processor 22 = 1557
    Number of faces shared with processor 23 = 1615
    Number of faces shared with processor 25 = 1150
    Number of faces shared with processor 28 = 3113
    Number of faces shared with processor 30 = 2215
    Number of faces shared with processor 41 = 320
    Number of faces shared with processor 432 = 204
    Number of faces shared with processor 438 = 450
    Number of faces shared with processor 439 = 1785
    Number of processor patches = 10
    Number of processor faces = 12998
    Number of boundary faces = 9213

Processor 30
    Number of cells = 128537
    Number of points = 144904
    Number of faces shared with processor 16 = 738
    Number of faces shared with processor 20 = 2304
    Number of faces shared with processor 28 = 615
    Number of faces shared with processor 29 = 2215
    Number of faces shared with processor 31 = 3052
    Number of faces shared with processor 40 = 974
    Number of faces shared with processor 41 = 1053
    Number of faces shared with processor 43 = 932
    Number of faces shared with processor 54 = 298
    Number of faces shared with processor 55 = 852
    Number of processor patches = 10
    Number of processor faces = 13033
    Number of boundary faces = 8680

Processor 31
    Number of cells = 128878
    Number of points = 145715
    Number of faces shared with processor 26 = 1728
    Number of faces shared with processor 27 = 1511
    Number of faces shared with processor 28 = 1566
    Number of faces shared with processor 30 = 3052
    Number of faces shared with processor 40 = 778
    Number of faces shared with processor 41 = 528
    Number of faces shared with processor 50 = 1001
    Number of faces shared with processor 52 = 171
    Number of faces shared with processor 54 = 1485
    Number of faces shared with processor 492 = 806
    Number of processor patches = 10
    Number of processor faces = 12626
    Number of boundary faces = 10424

Processor 32
    Number of cells = 126609
    Number of points = 154487
    Number of faces shared with processor 16 = 259
    Number of faces shared with processor 17 = 91
    Number of faces shared with processor 33 = 1836
    Number of faces shared with processor 34 = 1411
    Number of faces shared with processor 163 = 1300
    Number of faces shared with processor 39 = 1568
    Number of faces shared with processor 43 = 1931
    Number of faces shared with processor 44 = 497
    Number of faces shared with processor 55 = 1652
    Number of processor patches = 9
    Number of processor faces = 10545
    Number of boundary faces = 15162

Processor 33
    Number of cells = 127462
    Number of points = 149517
    Number of faces shared with processor 16 = 412
    Number of faces shared with processor 17 = 212
    Number of faces shared with processor 32 = 1836
    Number of faces shared with processor 34 = 1210
    Number of faces shared with processor 35 = 1842
    Number of faces shared with processor 163 = 414
    Number of faces shared with processor 39 = 499
    Number of faces shared with processor 43 = 1108
    Number of faces shared with processor 44 = 10
    Number of processor patches = 9
    Number of processor faces = 7543
    Number of boundary faces = 14974

Processor 34
    Number of cells = 126449
    Number of points = 154784
    Number of faces shared with processor 32 = 1411
    Number of faces shared with processor 33 = 1210
    Number of faces shared with processor 162 = 418
    Number of faces shared with processor 35 = 3309
    Number of faces shared with processor 163 = 480
    Number of faces shared with processor 36 = 1518
    Number of faces shared with processor 37 = 57
    Number of faces shared with processor 39 = 997
    Number of faces shared with processor 44 = 470
    Number of processor patches = 9
    Number of processor faces = 9870
    Number of boundary faces = 16237

Processor 35
    Number of cells = 126353
    Number of points = 154909
    Number of faces shared with processor 0 = 547
    Number of faces shared with processor 12 = 584
    Number of faces shared with processor 17 = 1366
    Number of faces shared with processor 33 = 1842
    Number of faces shared with processor 34 = 3309
    Number of faces shared with processor 162 = 1264
    Number of faces shared with processor 36 = 237
    Number of faces shared with processor 44 = 1575
    Number of processor patches = 8
    Number of processor faces = 10724
    Number of boundary faces = 14863

Processor 36
    Number of cells = 126335
    Number of points = 153101
    Number of faces shared with processor 161 = 1084
    Number of faces shared with processor 34 = 1518
    Number of faces shared with processor 162 = 2050
    Number of faces shared with processor 35 = 237
    Number of faces shared with processor 163 = 926
    Number of faces shared with processor 164 = 431
    Number of faces shared with processor 37 = 1996
    Number of faces shared with processor 165 = 545
    Number of faces shared with processor 38 = 166
    Number of faces shared with processor 39 = 604
    Number of faces shared with processor 47 = 719
    Number of faces shared with processor 60 = 569
    Number of faces shared with processor 62 = 230
    Number of processor patches = 13
    Number of processor faces = 11075
    Number of boundary faces = 15554

Processor 37
    Number of cells = 126349
    Number of points = 153573
    Number of faces shared with processor 34 = 57
    Number of faces shared with processor 36 = 1996
    Number of faces shared with processor 165 = 55
    Number of faces shared with processor 38 = 518
    Number of faces shared with processor 39 = 1780
    Number of faces shared with processor 42 = 1871
    Number of faces shared with processor 45 = 1766
    Number of faces shared with processor 47 = 791
    Number of processor patches = 8
    Number of processor faces = 8834
    Number of boundary faces = 14495

Processor 38
    Number of cells = 128551
    Number of points = 154572
    Number of faces shared with processor 36 = 166
    Number of faces shared with processor 164 = 641
    Number of faces shared with processor 37 = 518
    Number of faces shared with processor 39 = 1177
    Number of faces shared with processor 42 = 171
    Number of faces shared with processor 47 = 364
    Number of faces shared with processor 56 = 435
    Number of faces shared with processor 58 = 573
    Number of faces shared with processor 59 = 281
    Number of faces shared with processor 61 = 400
    Number of faces shared with processor 62 = 71
    Number of processor patches = 11
    Number of processor faces = 4797
    Number of boundary faces = 21590

Processor 39
    Number of cells = 127929
    Number of points = 153071
    Number of faces shared with processor 32 = 1568
    Number of faces shared with processor 33 = 499
    Number of faces shared with processor 34 = 997
    Number of faces shared with processor 163 = 366
    Number of faces shared with processor 36 = 604
    Number of faces shared with processor 164 = 692
    Number of faces shared with processor 37 = 1780
    Number of faces shared with processor 165 = 1581
    Number of faces shared with processor 38 = 1177
    Number of faces shared with processor 42 = 1147
    Number of faces shared with processor 53 = 252
    Number of faces shared with processor 55 = 599
    Number of faces shared with processor 58 = 1097
    Number of processor patches = 13
    Number of processor faces = 12359
    Number of boundary faces = 15305

Processor 40
    Number of cells = 128882
    Number of points = 149128
    Number of faces shared with processor 26 = 261
    Number of faces shared with processor 30 = 974
    Number of faces shared with processor 31 = 778
    Number of faces shared with processor 41 = 1110
    Number of faces shared with processor 42 = 1541
    Number of faces shared with processor 43 = 1559
    Number of faces shared with processor 44 = 1633
    Number of faces shared with processor 45 = 98
    Number of faces shared with processor 46 = 747
    Number of faces shared with processor 50 = 277
    Number of faces shared with processor 51 = 1381
    Number of faces shared with processor 54 = 1392
    Number of faces shared with processor 55 = 734
    Number of faces shared with processor 57 = 1989
    Number of faces shared with processor 58 = 376
    Number of faces shared with processor 59 = 269
    Number of faces shared with processor 60 = 310
    Number of processor patches = 17
    Number of processor faces = 15429
    Number of boundary faces = 7970

Processor 41
    Number of cells = 127050
    Number of points = 139777
    Number of faces shared with processor 1 = 275
    Number of faces shared with processor 12 = 337
    Number of faces shared with processor 16 = 539
    Number of faces shared with processor 17 = 1041
    Number of faces shared with processor 19 = 42
    Number of faces shared with processor 20 = 139
    Number of faces shared with processor 21 = 171
    Number of faces shared with processor 22 = 150
    Number of faces shared with processor 23 = 51
    Number of faces shared with processor 26 = 2058
    Number of faces shared with processor 27 = 21
    Number of faces shared with processor 28 = 64
    Number of faces shared with processor 29 = 320
    Number of faces shared with processor 30 = 1053
    Number of faces shared with processor 31 = 528
    Number of faces shared with processor 40 = 1110
    Number of faces shared with processor 43 = 24
    Number of faces shared with processor 44 = 1671
    Number of faces shared with processor 46 = 50
    Number of faces shared with processor 432 = 1340
    Number of faces shared with processor 48 = 243
    Number of faces shared with processor 50 = 369
    Number of faces shared with processor 51 = 945
    Number of faces shared with processor 60 = 384
    Number of faces shared with processor 68 = 2078
    Number of faces shared with processor 75 = 311
    Number of processor patches = 26
    Number of processor faces = 15314
    Number of boundary faces = 1885

Processor 42
    Number of cells = 126330
    Number of points = 154825
    Number of faces shared with processor 37 = 1871
    Number of faces shared with processor 38 = 171
    Number of faces shared with processor 39 = 1147
    Number of faces shared with processor 40 = 1541
    Number of faces shared with processor 43 = 1049
    Number of faces shared with processor 45 = 1875
    Number of faces shared with processor 46 = 486
    Number of faces shared with processor 58 = 1585
    Number of faces shared with processor 59 = 546
    Number of processor patches = 9
    Number of processor faces = 10271
    Number of boundary faces = 14742

Processor 43
    Number of cells = 126750
    Number of points = 154438
    Number of faces shared with processor 16 = 1805
    Number of faces shared with processor 20 = 346
    Number of faces shared with processor 30 = 932
    Number of faces shared with processor 32 = 1931
    Number of faces shared with processor 33 = 1108
    Number of faces shared with processor 40 = 1559
    Number of faces shared with processor 41 = 24
    Number of faces shared with processor 42 = 1049
    Number of faces shared with processor 44 = 1803
    Number of faces shared with processor 45 = 532
    Number of faces shared with processor 55 = 1713
    Number of processor patches = 11
    Number of processor faces = 12802
    Number of boundary faces = 14314

Processor 44
    Number of cells = 128882
    Number of points = 144391
    Number of faces shared with processor 12 = 2628
    Number of faces shared with processor 15 = 507
    Number of faces shared with processor 16 = 956
    Number of faces shared with processor 17 = 1839
    Number of faces shared with processor 32 = 497
    Number of faces shared with processor 33 = 10
    Number of faces shared with processor 34 = 470
    Number of faces shared with processor 162 = 49
    Number of faces shared with processor 35 = 1575
    Number of faces shared with processor 163 = 518
    Number of faces shared with processor 40 = 1633
    Number of faces shared with processor 41 = 1671
    Number of faces shared with processor 43 = 1803
    Number of faces shared with processor 45 = 1697
    Number of faces shared with processor 46 = 2156
    Number of faces shared with processor 47 = 308
    Number of faces shared with processor 60 = 416
    Number of faces shared with processor 68 = 103
    Number of processor patches = 18
    Number of processor faces = 18836
    Number of boundary faces = 2938

Processor 45
    Number of cells = 126330
    Number of points = 153636
    Number of faces shared with processor 37 = 1766
    Number of faces shared with processor 40 = 98
    Number of faces shared with processor 42 = 1875
    Number of faces shared with processor 43 = 532
    Number of faces shared with processor 44 = 1697
    Number of faces shared with processor 46 = 881
    Number of faces shared with processor 47 = 1523
    Number of faces shared with processor 59 = 89
    Number of processor patches = 8
    Number of processor faces = 8461
    Number of boundary faces = 16084

Processor 46
    Number of cells = 128569
    Number of points = 152501
    Number of faces shared with processor 12 = 53
    Number of faces shared with processor 15 = 163
    Number of faces shared with processor 163 = 249
    Number of faces shared with processor 40 = 747
    Number of faces shared with processor 41 = 50
    Number of faces shared with processor 42 = 486
    Number of faces shared with processor 44 = 2156
    Number of faces shared with processor 45 = 881
    Number of faces shared with processor 47 = 2485
    Number of faces shared with processor 57 = 993
    Number of faces shared with processor 59 = 842
    Number of faces shared with processor 60 = 2176
    Number of faces shared with processor 61 = 1076
    Number of processor patches = 13
    Number of processor faces = 12357
    Number of boundary faces = 13659

Processor 47
    Number of cells = 126676
    Number of points = 154759
    Number of faces shared with processor 15 = 744
    Number of faces shared with processor 163 = 527
    Number of faces shared with processor 36 = 719
    Number of faces shared with processor 37 = 791
    Number of faces shared with processor 38 = 364
    Number of faces shared with processor 44 = 308
    Number of faces shared with processor 45 = 1523
    Number of faces shared with processor 173 = 44
    Number of faces shared with processor 46 = 2485
    Number of faces shared with processor 59 = 375
    Number of faces shared with processor 60 = 416
    Number of faces shared with processor 61 = 1429
    Number of faces shared with processor 62 = 899
    Number of faces shared with processor 63 = 145
    Number of processor patches = 14
    Number of processor faces = 10769
    Number of boundary faces = 17798

Processor 48
    Number of cells = 127551
    Number of points = 150382
    Number of faces shared with processor 15 = 589
    Number of faces shared with processor 41 = 243
    Number of faces shared with processor 49 = 1562
    Number of faces shared with processor 51 = 1793
    Number of faces shared with processor 57 = 235
    Number of faces shared with processor 60 = 1991
    Number of faces shared with processor 61 = 126
    Number of faces shared with processor 63 = 1187
    Number of faces shared with processor 68 = 41
    Number of processor patches = 9
    Number of processor faces = 7767
    Number of boundary faces = 19760

Processor 49
    Number of cells = 126424
    Number of points = 152228
    Number of faces shared with processor 164 = 283
    Number of faces shared with processor 166 = 120
    Number of faces shared with processor 167 = 460
    Number of faces shared with processor 174 = 165
    Number of faces shared with processor 48 = 1562
    Number of faces shared with processor 51 = 1157
    Number of faces shared with processor 52 = 1509
    Number of faces shared with processor 53 = 342
    Number of faces shared with processor 56 = 1291
    Number of faces shared with processor 60 = 640
    Number of faces shared with processor 189 = 31
    Number of faces shared with processor 62 = 498
    Number of faces shared with processor 63 = 206
    Number of faces shared with processor 191 = 189
    Number of faces shared with processor 488 = 15
    Number of faces shared with processor 489 = 237
    Number of faces shared with processor 504 = 454
    Number of processor patches = 17
    Number of processor faces = 9159
    Number of boundary faces = 18843

Processor 50
    Number of cells = 128407
    Number of points = 140680
    Number of faces shared with processor 1 = 531
    Number of faces shared with processor 26 = 3952
    Number of faces shared with processor 27 = 1156
    Number of faces shared with processor 31 = 1001
    Number of faces shared with processor 40 = 277
    Number of faces shared with processor 41 = 369
    Number of faces shared with processor 51 = 2793
    Number of faces shared with processor 52 = 87
    Number of faces shared with processor 54 = 291
    Number of faces shared with processor 75 = 155
    Number of faces shared with processor 483 = 1144
    Number of faces shared with processor 492 = 2494
    Number of faces shared with processor 493 = 727
    Number of processor patches = 13
    Number of processor faces = 14977
    Number of boundary faces = 4535

Processor 51
    Number of cells = 128879
    Number of points = 140686
    Number of faces shared with processor 26 = 167
    Number of faces shared with processor 40 = 1381
    Number of faces shared with processor 41 = 945
    Number of faces shared with processor 48 = 1793
    Number of faces shared with processor 49 = 1157
    Number of faces shared with processor 50 = 2793
    Number of faces shared with processor 52 = 1927
    Number of faces shared with processor 53 = 33
    Number of faces shared with processor 54 = 946
    Number of faces shared with processor 57 = 1074
    Number of faces shared with processor 60 = 471
    Number of faces shared with processor 488 = 135
    Number of faces shared with processor 489 = 548
    Number of faces shared with processor 492 = 557
    Number of processor patches = 14
    Number of processor faces = 13927
    Number of boundary faces = 4260

Processor 52
    Number of cells = 126494
    Number of points = 153135
    Number of faces shared with processor 31 = 171
    Number of faces shared with processor 49 = 1509
    Number of faces shared with processor 50 = 87
    Number of faces shared with processor 51 = 1927
    Number of faces shared with processor 53 = 1580
    Number of faces shared with processor 54 = 2215
    Number of faces shared with processor 56 = 97
    Number of faces shared with processor 57 = 115
    Number of faces shared with processor 488 = 102
    Number of faces shared with processor 489 = 870
    Number of faces shared with processor 492 = 968
    Number of processor patches = 11
    Number of processor faces = 9641
    Number of boundary faces = 16279

Processor 53
    Number of cells = 127181
    Number of points = 154142
    Number of faces shared with processor 164 = 187
    Number of faces shared with processor 165 = 1401
    Number of faces shared with processor 39 = 252
    Number of faces shared with processor 167 = 1554
    Number of faces shared with processor 49 = 342
    Number of faces shared with processor 51 = 33
    Number of faces shared with processor 52 = 1580
    Number of faces shared with processor 54 = 887
    Number of faces shared with processor 55 = 954
    Number of faces shared with processor 56 = 152
    Number of faces shared with processor 58 = 1157
    Number of faces shared with processor 489 = 1526
    Number of processor patches = 12
    Number of processor faces = 10025
    Number of boundary faces = 15117

Processor 54
    Number of cells = 127669
    Number of points = 154513
    Number of faces shared with processor 30 = 298
    Number of faces shared with processor 31 = 1485
    Number of faces shared with processor 40 = 1392
    Number of faces shared with processor 50 = 291
    Number of faces shared with processor 51 = 946
    Number of faces shared with processor 52 = 2215
    Number of faces shared with processor 53 = 887
    Number of faces shared with processor 55 = 1675
    Number of faces shared with processor 57 = 688
    Number of processor patches = 9
    Number of processor faces = 9877
    Number of boundary faces = 17322

Processor 55
    Number of cells = 126948
    Number of points = 156717
    Number of faces shared with processor 30 = 852
    Number of faces shared with processor 32 = 1652
    Number of faces shared with processor 163 = 517
    Number of faces shared with processor 39 = 599
    Number of faces shared with processor 40 = 734
    Number of faces shared with processor 43 = 1713
    Number of faces shared with processor 53 = 954
    Number of faces shared with processor 54 = 1675
    Number of faces shared with processor 58 = 149
    Number of processor patches = 9
    Number of processor faces = 8845
    Number of boundary faces = 18281

Processor 56
    Number of cells = 126592
    Number of points = 151959
    Number of faces shared with processor 164 = 236
    Number of faces shared with processor 38 = 435
    Number of faces shared with processor 49 = 1291
    Number of faces shared with processor 52 = 97
    Number of faces shared with processor 53 = 152
    Number of faces shared with processor 57 = 603
    Number of faces shared with processor 58 = 1215
    Number of faces shared with processor 59 = 1273
    Number of faces shared with processor 61 = 1998
    Number of faces shared with processor 62 = 1089
    Number of processor patches = 10
    Number of processor faces = 8389
    Number of boundary faces = 14211

Processor 57
    Number of cells = 126526
    Number of points = 151981
    Number of faces shared with processor 40 = 1989
    Number of faces shared with processor 46 = 993
    Number of faces shared with processor 48 = 235
    Number of faces shared with processor 51 = 1074
    Number of faces shared with processor 52 = 115
    Number of faces shared with processor 54 = 688
    Number of faces shared with processor 56 = 603
    Number of faces shared with processor 58 = 365
    Number of faces shared with processor 59 = 2160
    Number of faces shared with processor 60 = 1686
    Number of faces shared with processor 61 = 380
    Number of processor patches = 11
    Number of processor faces = 10288
    Number of boundary faces = 14479

Processor 58
    Number of cells = 126523
    Number of points = 153267
    Number of faces shared with processor 164 = 182
    Number of faces shared with processor 165 = 383
    Number of faces shared with processor 38 = 573
    Number of faces shared with processor 39 = 1097
    Number of faces shared with processor 40 = 376
    Number of faces shared with processor 42 = 1585
    Number of faces shared with processor 53 = 1157
    Number of faces shared with processor 55 = 149
    Number of faces shared with processor 56 = 1215
    Number of faces shared with processor 57 = 365
    Number of faces shared with processor 59 = 2178
    Number of processor patches = 11
    Number of processor faces = 9260
    Number of boundary faces = 16513

Processor 59
    Number of cells = 126330
    Number of points = 154690
    Number of faces shared with processor 38 = 281
    Number of faces shared with processor 40 = 269
    Number of faces shared with processor 42 = 546
    Number of faces shared with processor 45 = 89
    Number of faces shared with processor 46 = 842
    Number of faces shared with processor 47 = 375
    Number of faces shared with processor 56 = 1273
    Number of faces shared with processor 57 = 2160
    Number of faces shared with processor 58 = 2178
    Number of faces shared with processor 60 = 852
    Number of faces shared with processor 61 = 961
    Number of processor patches = 11
    Number of processor faces = 9826
    Number of boundary faces = 17288

Processor 60
    Number of cells = 128397
    Number of points = 150535
    Number of faces shared with processor 15 = 1279
    Number of faces shared with processor 36 = 569
    Number of faces shared with processor 40 = 310
    Number of faces shared with processor 41 = 384
    Number of faces shared with processor 44 = 416
    Number of faces shared with processor 46 = 2176
    Number of faces shared with processor 47 = 416
    Number of faces shared with processor 48 = 1991
    Number of faces shared with processor 49 = 640
    Number of faces shared with processor 51 = 471
    Number of faces shared with processor 57 = 1686
    Number of faces shared with processor 59 = 852
    Number of faces shared with processor 61 = 1807
    Number of faces shared with processor 62 = 581
    Number of faces shared with processor 63 = 561
    Number of faces shared with processor 68 = 89
    Number of processor patches = 16
    Number of processor faces = 14228
    Number of boundary faces = 13067

Processor 61
    Number of cells = 126360
    Number of points = 155491
    Number of faces shared with processor 38 = 400
    Number of faces shared with processor 46 = 1076
    Number of faces shared with processor 47 = 1429
    Number of faces shared with processor 48 = 126
    Number of faces shared with processor 56 = 1998
    Number of faces shared with processor 57 = 380
    Number of faces shared with processor 59 = 961
    Number of faces shared with processor 60 = 1807
    Number of faces shared with processor 62 = 1174
    Number of faces shared with processor 63 = 409
    Number of processor patches = 10
    Number of processor faces = 9760
    Number of boundary faces = 14886

Processor 62
    Number of cells = 127937
    Number of points = 156705
    Number of faces shared with processor 15 = 660
    Number of faces shared with processor 161 = 34
    Number of faces shared with processor 163 = 1213
    Number of faces shared with processor 36 = 230
    Number of faces shared with processor 164 = 424
    Number of faces shared with processor 38 = 71
    Number of faces shared with processor 173 = 762
    Number of faces shared with processor 174 = 306
    Number of faces shared with processor 47 = 899
    Number of faces shared with processor 49 = 498
    Number of faces shared with processor 56 = 1089
    Number of faces shared with processor 60 = 581
    Number of faces shared with processor 61 = 1174
    Number of faces shared with processor 63 = 2174
    Number of processor patches = 14
    Number of processor faces = 10115
    Number of boundary faces = 15367

Processor 63
    Number of cells = 127546
    Number of points = 154152
    Number of faces shared with processor 15 = 1358
    Number of faces shared with processor 47 = 145
    Number of faces shared with processor 48 = 1187
    Number of faces shared with processor 49 = 206
    Number of faces shared with processor 60 = 561
    Number of faces shared with processor 61 = 409
    Number of faces shared with processor 62 = 2174
    Number of processor patches = 7
    Number of processor faces = 6040
    Number of boundary faces = 20288

Processor 64
    Number of cells = 128409
    Number of points = 138600
    Number of faces shared with processor 65 = 1756
    Number of faces shared with processor 66 = 2884
    Number of faces shared with processor 70 = 436
    Number of faces shared with processor 73 = 723
    Number of faces shared with processor 78 = 641
    Number of faces shared with processor 79 = 1373
    Number of faces shared with processor 213 = 46
    Number of faces shared with processor 214 = 1263
    Number of faces shared with processor 215 = 4065
    Number of faces shared with processor 90 = 244
    Number of faces shared with processor 91 = 2703
    Number of faces shared with processor 94 = 247
    Number of faces shared with processor 95 = 1643
    Number of faces shared with processor 120 = 1960
    Number of processor patches = 14
    Number of processor faces = 19984
    Number of boundary faces = 0

Processor 65
    Number of cells = 128804
    Number of points = 139319
    Number of faces shared with processor 64 = 1756
    Number of faces shared with processor 66 = 2160
    Number of faces shared with processor 67 = 1172
    Number of faces shared with processor 212 = 407
    Number of faces shared with processor 213 = 4021
    Number of faces shared with processor 215 = 683
    Number of faces shared with processor 94 = 2234
    Number of faces shared with processor 95 = 79
    Number of faces shared with processor 120 = 2115
    Number of faces shared with processor 122 = 957
    Number of faces shared with processor 124 = 2987
    Number of faces shared with processor 126 = 142
    Number of processor patches = 12
    Number of processor faces = 18713
    Number of boundary faces = 140

Processor 66
    Number of cells = 128863
    Number of points = 139784
    Number of faces shared with processor 8 = 309
    Number of faces shared with processor 170 = 316
    Number of faces shared with processor 64 = 2884
    Number of faces shared with processor 65 = 2160
    Number of faces shared with processor 67 = 2281
    Number of faces shared with processor 70 = 2699
    Number of faces shared with processor 78 = 1932
    Number of faces shared with processor 79 = 315
    Number of faces shared with processor 212 = 4370
    Number of faces shared with processor 213 = 1412
    Number of faces shared with processor 214 = 1183
    Number of faces shared with processor 215 = 239
    Number of faces shared with processor 222 = 173
    Number of faces shared with processor 94 = 391
    Number of faces shared with processor 95 = 392
    Number of faces shared with processor 231 = 32
    Number of faces shared with processor 236 = 306
    Number of processor patches = 17
    Number of processor faces = 21394
    Number of boundary faces = 0

Processor 67
    Number of cells = 128945
    Number of points = 139949
    Number of faces shared with processor 8 = 1888
    Number of faces shared with processor 168 = 262
    Number of faces shared with processor 170 = 268
    Number of faces shared with processor 171 = 15
    Number of faces shared with processor 65 = 1172
    Number of faces shared with processor 66 = 2281
    Number of faces shared with processor 70 = 2615
    Number of faces shared with processor 71 = 1688
    Number of faces shared with processor 208 = 8
    Number of faces shared with processor 212 = 2481
    Number of faces shared with processor 86 = 654
    Number of faces shared with processor 93 = 1167
    Number of faces shared with processor 94 = 1125
    Number of faces shared with processor 95 = 674
    Number of faces shared with processor 124 = 531
    Number of processor patches = 15
    Number of processor faces = 16829
    Number of boundary faces = 4705

Processor 68
    Number of cells = 126597
    Number of points = 140983
    Number of faces shared with processor 1 = 241
    Number of faces shared with processor 4 = 98
    Number of faces shared with processor 6 = 246
    Number of faces shared with processor 7 = 321
    Number of faces shared with processor 8 = 788
    Number of faces shared with processor 9 = 1512
    Number of faces shared with processor 12 = 1129
    Number of faces shared with processor 13 = 1172
    Number of faces shared with processor 14 = 1278
    Number of faces shared with processor 15 = 1010
    Number of faces shared with processor 17 = 14
    Number of faces shared with processor 41 = 2078
    Number of faces shared with processor 44 = 103
    Number of faces shared with processor 48 = 41
    Number of faces shared with processor 60 = 89
    Number of faces shared with processor 69 = 2604
    Number of faces shared with processor 75 = 1409
    Number of faces shared with processor 77 = 67
    Number of faces shared with processor 84 = 100
    Number of processor patches = 19
    Number of processor faces = 14300
    Number of boundary faces = 5449

Processor 69
    Number of cells = 126940
    Number of points = 137351
    Number of faces shared with processor 6 = 332
    Number of faces shared with processor 8 = 518
    Number of faces shared with processor 9 = 1094
    Number of faces shared with processor 11 = 225
    Number of faces shared with processor 68 = 2604
    Number of faces shared with processor 70 = 211
    Number of faces shared with processor 71 = 3047
    Number of faces shared with processor 75 = 192
    Number of faces shared with processor 77 = 1851
    Number of faces shared with processor 84 = 767
    Number of faces shared with processor 86 = 887
    Number of faces shared with processor 87 = 819
    Number of processor patches = 12
    Number of processor faces = 12547
    Number of boundary faces = 3147

Processor 70
    Number of cells = 128882
    Number of points = 140226
    Number of faces shared with processor 8 = 701
    Number of faces shared with processor 9 = 115
    Number of faces shared with processor 11 = 731
    Number of faces shared with processor 64 = 436
    Number of faces shared with processor 66 = 2699
    Number of faces shared with processor 67 = 2615
    Number of faces shared with processor 69 = 211
    Number of faces shared with processor 71 = 4271
    Number of faces shared with processor 77 = 225
    Number of faces shared with processor 78 = 565
    Number of faces shared with processor 79 = 3754
    Number of faces shared with processor 81 = 248
    Number of faces shared with processor 86 = 506
    Number of faces shared with processor 87 = 1556
    Number of faces shared with processor 95 = 2921
    Number of faces shared with processor 236 = 306
    Number of faces shared with processor 237 = 354
    Number of processor patches = 17
    Number of processor faces = 22214
    Number of boundary faces = 0

Processor 71
    Number of cells = 128766
    Number of points = 138572
    Number of faces shared with processor 8 = 1166
    Number of faces shared with processor 9 = 740
    Number of faces shared with processor 67 = 1688
    Number of faces shared with processor 69 = 3047
    Number of faces shared with processor 70 = 4271
    Number of faces shared with processor 77 = 1702
    Number of faces shared with processor 79 = 351
    Number of faces shared with processor 86 = 1618
    Number of faces shared with processor 87 = 1305
    Number of processor patches = 9
    Number of processor faces = 15888
    Number of boundary faces = 3326

Processor 72
    Number of cells = 128879
    Number of points = 143594
    Number of faces shared with processor 193 = 704
    Number of faces shared with processor 194 = 1649
    Number of faces shared with processor 73 = 3799
    Number of faces shared with processor 74 = 1316
    Number of faces shared with processor 75 = 786
    Number of faces shared with processor 76 = 69
    Number of faces shared with processor 78 = 967
    Number of faces shared with processor 83 = 826
    Number of faces shared with processor 214 = 2570
    Number of faces shared with processor 215 = 709
    Number of faces shared with processor 89 = 43
    Number of faces shared with processor 90 = 335
    Number of faces shared with processor 91 = 888
    Number of faces shared with processor 226 = 155
    Number of faces shared with processor 228 = 1026
    Number of faces shared with processor 229 = 173
    Number of faces shared with processor 230 = 1411
    Number of faces shared with processor 231 = 1543
    Number of faces shared with processor 244 = 1456
    Number of faces shared with processor 121 = 1054
    Number of faces shared with processor 124 = 531
    Number of processor patches = 21
    Number of processor faces = 22010
    Number of boundary faces = 0

Processor 73
    Number of cells = 128778
    Number of points = 139595
    Number of faces shared with processor 64 = 723
    Number of faces shared with processor 72 = 3799
    Number of faces shared with processor 74 = 2415
    Number of faces shared with processor 76 = 2787
    Number of faces shared with processor 77 = 68
    Number of faces shared with processor 78 = 1667
    Number of faces shared with processor 79 = 2826
    Number of faces shared with processor 214 = 60
    Number of faces shared with processor 215 = 701
    Number of faces shared with processor 91 = 2296
    Number of faces shared with processor 226 = 634
    Number of faces shared with processor 227 = 413
    Number of processor patches = 12
    Number of processor faces = 18389
    Number of boundary faces = 0

Processor 74
    Number of cells = 128805
    Number of points = 142116
    Number of faces shared with processor 2 = 2152
    Number of faces shared with processor 3 = 862
    Number of faces shared with processor 7 = 18
    Number of faces shared with processor 19 = 712
    Number of faces shared with processor 72 = 1316
    Number of faces shared with processor 73 = 2415
    Number of faces shared with processor 75 = 1650
    Number of faces shared with processor 76 = 3201
    Number of faces shared with processor 83 = 540
    Number of faces shared with processor 226 = 636
    Number of faces shared with processor 227 = 511
    Number of faces shared with processor 244 = 578
    Number of faces shared with processor 247 = 703
    Number of faces shared with processor 248 = 176
    Number of faces shared with processor 249 = 1488
    Number of faces shared with processor 251 = 617
    Number of processor patches = 16
    Number of processor faces = 17575
    Number of boundary faces = 0

Processor 75
    Number of cells = 128882
    Number of points = 152351
    Number of faces shared with processor 256 = 41
    Number of faces shared with processor 257 = 167
    Number of faces shared with processor 1 = 663
    Number of faces shared with processor 258 = 69
    Number of faces shared with processor 3 = 34
    Number of faces shared with processor 259 = 127
    Number of faces shared with processor 260 = 38
    Number of faces shared with processor 263 = 99
    Number of faces shared with processor 7 = 100
    Number of faces shared with processor 266 = 82
    Number of faces shared with processor 267 = 77
    Number of faces shared with processor 268 = 208
    Number of faces shared with processor 270 = 30
    Number of faces shared with processor 272 = 16
    Number of faces shared with processor 17 = 64
    Number of faces shared with processor 273 = 1173
    Number of faces shared with processor 274 = 2327
    Number of faces shared with processor 19 = 87
    Number of faces shared with processor 21 = 10
    Number of faces shared with processor 22 = 336
    Number of faces shared with processor 24 = 86
    Number of faces shared with processor 26 = 208
    Number of faces shared with processor 288 = 402
    Number of faces shared with processor 290 = 11
    Number of faces shared with processor 291 = 70
    Number of faces shared with processor 41 = 311
    Number of faces shared with processor 432 = 148
    Number of faces shared with processor 305 = 260
    Number of faces shared with processor 50 = 155
    Number of faces shared with processor 440 = 88
    Number of faces shared with processor 441 = 83
    Number of faces shared with processor 313 = 22
    Number of faces shared with processor 442 = 173
    Number of faces shared with processor 315 = 48
    Number of faces shared with processor 316 = 38
    Number of faces shared with processor 194 = 884
    Number of faces shared with processor 196 = 15
    Number of faces shared with processor 68 = 1409
    Number of faces shared with processor 69 = 192
    Number of faces shared with processor 72 = 786
    Number of faces shared with processor 200 = 171
    Number of faces shared with processor 74 = 1650
    Number of faces shared with processor 202 = 20
    Number of faces shared with processor 203 = 34
    Number of faces shared with processor 204 = 893
    Number of faces shared with processor 76 = 245
    Number of faces shared with processor 77 = 132
    Number of faces shared with processor 81 = 4
    Number of faces shared with processor 210 = 48
    Number of faces shared with processor 83 = 650
    Number of faces shared with processor 211 = 285
    Number of faces shared with processor 84 = 1139
    Number of faces shared with processor 218 = 30
    Number of faces shared with processor 221 = 42
    Number of faces shared with processor 240 = 53
    Number of faces shared with processor 242 = 51
    Number of faces shared with processor 243 = 183
    Number of faces shared with processor 244 = 369
    Number of faces shared with processor 116 = 225
    Number of faces shared with processor 249 = 664
    Number of faces shared with processor 121 = 608
    Number of faces shared with processor 250 = 143
    Number of faces shared with processor 251 = 95
    Number of faces shared with processor 124 = 329
    Number of faces shared with processor 126 = 244
    Number of faces shared with processor 127 = 4
    Number of processor patches = 66
    Number of processor faces = 19448
    Number of boundary faces = 7227

Processor 76
    Number of cells = 128577
    Number of points = 140727
    Number of faces shared with processor 2 = 1659
    Number of faces shared with processor 7 = 858
    Number of faces shared with processor 72 = 69
    Number of faces shared with processor 73 = 2787
    Number of faces shared with processor 74 = 3201
    Number of faces shared with processor 75 = 245
    Number of faces shared with processor 77 = 3319
    Number of faces shared with processor 79 = 410
    Number of faces shared with processor 81 = 2857
    Number of faces shared with processor 83 = 790
    Number of faces shared with processor 84 = 15
    Number of faces shared with processor 91 = 972
    Number of faces shared with processor 227 = 288
    Number of processor patches = 13
    Number of processor faces = 17470
    Number of boundary faces = 0

Processor 77
    Number of cells = 128250
    Number of points = 138063
    Number of faces shared with processor 6 = 1398
    Number of faces shared with processor 7 = 447
    Number of faces shared with processor 11 = 134
    Number of faces shared with processor 68 = 67
    Number of faces shared with processor 69 = 1851
    Number of faces shared with processor 70 = 225
    Number of faces shared with processor 71 = 1702
    Number of faces shared with processor 73 = 68
    Number of faces shared with processor 75 = 132
    Number of faces shared with processor 76 = 3319
    Number of faces shared with processor 79 = 3480
    Number of faces shared with processor 81 = 1834
    Number of faces shared with processor 84 = 34
    Number of faces shared with processor 87 = 1602
    Number of faces shared with processor 91 = 179
    Number of processor patches = 15
    Number of processor faces = 16472
    Number of boundary faces = 0

Processor 78
    Number of cells = 126339
    Number of points = 143211
    Number of faces shared with processor 11 = 1
    Number of faces shared with processor 64 = 641
    Number of faces shared with processor 66 = 1932
    Number of faces shared with processor 70 = 565
    Number of faces shared with processor 72 = 967
    Number of faces shared with processor 73 = 1667
    Number of faces shared with processor 79 = 2732
    Number of faces shared with processor 212 = 178
    Number of faces shared with processor 214 = 1008
    Number of faces shared with processor 224 = 92
    Number of faces shared with processor 225 = 294
    Number of faces shared with processor 226 = 1614
    Number of faces shared with processor 230 = 2105
    Number of faces shared with processor 231 = 2604
    Number of faces shared with processor 236 = 728
    Number of faces shared with processor 238 = 264
    Number of faces shared with processor 239 = 2802
    Number of processor patches = 17
    Number of processor faces = 20194
    Number of boundary faces = 5550

Processor 79
    Number of cells = 128381
    Number of points = 138759
    Number of faces shared with processor 5 = 244
    Number of faces shared with processor 6 = 425
    Number of faces shared with processor 7 = 14
    Number of faces shared with processor 11 = 859
    Number of faces shared with processor 64 = 1373
    Number of faces shared with processor 66 = 315
    Number of faces shared with processor 70 = 3754
    Number of faces shared with processor 71 = 351
    Number of faces shared with processor 73 = 2826
    Number of faces shared with processor 76 = 410
    Number of faces shared with processor 77 = 3480
    Number of faces shared with processor 78 = 2732
    Number of faces shared with processor 81 = 273
    Number of faces shared with processor 91 = 1330
    Number of faces shared with processor 95 = 502
    Number of faces shared with processor 226 = 39
    Number of faces shared with processor 227 = 512
    Number of faces shared with processor 238 = 877
    Number of processor patches = 18
    Number of processor faces = 20316
    Number of boundary faces = 0

Processor 80
    Number of cells = 128650
    Number of points = 138709
    Number of faces shared with processor 81 = 3311
    Number of faces shared with processor 82 = 2919
    Number of faces shared with processor 83 = 1558
    Number of faces shared with processor 84 = 145
    Number of faces shared with processor 85 = 1770
    Number of faces shared with processor 87 = 3378
    Number of faces shared with processor 88 = 335
    Number of faces shared with processor 89 = 1628
    Number of faces shared with processor 90 = 530
    Number of faces shared with processor 91 = 8
    Number of faces shared with processor 93 = 759
    Number of faces shared with processor 95 = 1828
    Number of processor patches = 12
    Number of processor faces = 18169
    Number of boundary faces = 0

Processor 81
    Number of cells = 128852
    Number of points = 139097
    Number of faces shared with processor 70 = 248
    Number of faces shared with processor 75 = 4
    Number of faces shared with processor 76 = 2857
    Number of faces shared with processor 77 = 1834
    Number of faces shared with processor 79 = 273
    Number of faces shared with processor 80 = 3311
    Number of faces shared with processor 83 = 2315
    Number of faces shared with processor 84 = 168
    Number of faces shared with processor 87 = 1880
    Number of faces shared with processor 89 = 128
    Number of faces shared with processor 90 = 1089
    Number of faces shared with processor 91 = 1645
    Number of faces shared with processor 95 = 625
    Number of processor patches = 13
    Number of processor faces = 16377
    Number of boundary faces = 0

Processor 82
    Number of cells = 128725
    Number of points = 139555
    Number of faces shared with processor 80 = 2919
    Number of faces shared with processor 83 = 2992
    Number of faces shared with processor 84 = 251
    Number of faces shared with processor 85 = 2750
    Number of faces shared with processor 88 = 165
    Number of faces shared with processor 89 = 3136
    Number of faces shared with processor 92 = 1678
    Number of faces shared with processor 93 = 253
    Number of faces shared with processor 113 = 46
    Number of faces shared with processor 114 = 1372
    Number of faces shared with processor 115 = 817
    Number of processor patches = 11
    Number of processor faces = 16379
    Number of boundary faces = 0

Processor 83
    Number of cells = 128796
    Number of points = 142149
    Number of faces shared with processor 72 = 826
    Number of faces shared with processor 74 = 540
    Number of faces shared with processor 75 = 650
    Number of faces shared with processor 76 = 790
    Number of faces shared with processor 80 = 1558
    Number of faces shared with processor 81 = 2315
    Number of faces shared with processor 82 = 2992
    Number of faces shared with processor 84 = 357
    Number of faces shared with processor 89 = 2281
    Number of faces shared with processor 90 = 454
    Number of faces shared with processor 91 = 89
    Number of faces shared with processor 113 = 61
    Number of faces shared with processor 114 = 2520
    Number of faces shared with processor 116 = 775
    Number of faces shared with processor 121 = 314
    Number of processor patches = 15
    Number of processor faces = 16522
    Number of boundary faces = 0

Processor 84
    Number of cells = 126519
    Number of points = 147220
    Number of faces shared with processor 68 = 100
    Number of faces shared with processor 69 = 767
    Number of faces shared with processor 75 = 1139
    Number of faces shared with processor 76 = 15
    Number of faces shared with processor 77 = 34
    Number of faces shared with processor 80 = 145
    Number of faces shared with processor 81 = 168
    Number of faces shared with processor 82 = 251
    Number of faces shared with processor 83 = 357
    Number of faces shared with processor 85 = 935
    Number of faces shared with processor 86 = 976
    Number of faces shared with processor 87 = 135
    Number of faces shared with processor 113 = 1551
    Number of faces shared with processor 115 = 317
    Number of faces shared with processor 116 = 82
    Number of processor patches = 15
    Number of processor faces = 6972
    Number of boundary faces = 16276

Processor 85
    Number of cells = 127837
    Number of points = 137811
    Number of faces shared with processor 80 = 1770
    Number of faces shared with processor 82 = 2750
    Number of faces shared with processor 84 = 935
    Number of faces shared with processor 86 = 2020
    Number of faces shared with processor 87 = 692
    Number of faces shared with processor 92 = 1193
    Number of faces shared with processor 93 = 1992
    Number of faces shared with processor 115 = 1120
    Number of processor patches = 8
    Number of processor faces = 12472
    Number of boundary faces = 2659

Processor 86
    Number of cells = 127924
    Number of points = 138876
    Number of faces shared with processor 67 = 654
    Number of faces shared with processor 69 = 887
    Number of faces shared with processor 70 = 506
    Number of faces shared with processor 71 = 1618
    Number of faces shared with processor 84 = 976
    Number of faces shared with processor 85 = 2020
    Number of faces shared with processor 87 = 4200
    Number of faces shared with processor 93 = 2020
    Number of faces shared with processor 95 = 114
    Number of processor patches = 9
    Number of processor faces = 12995
    Number of boundary faces = 5869

Processor 87
    Number of cells = 128679
    Number of points = 138877
    Number of faces shared with processor 69 = 819
    Number of faces shared with processor 70 = 1556
    Number of faces shared with processor 71 = 1305
    Number of faces shared with processor 77 = 1602
    Number of faces shared with processor 80 = 3378
    Number of faces shared with processor 81 = 1880
    Number of faces shared with processor 84 = 135
    Number of faces shared with processor 85 = 692
    Number of faces shared with processor 86 = 4200
    Number of faces shared with processor 93 = 1006
    Number of faces shared with processor 95 = 1234
    Number of processor patches = 11
    Number of processor faces = 17807
    Number of boundary faces = 0

Processor 88
    Number of cells = 128882
    Number of points = 139969
    Number of faces shared with processor 80 = 335
    Number of faces shared with processor 82 = 165
    Number of faces shared with processor 89 = 3543
    Number of faces shared with processor 90 = 2640
    Number of faces shared with processor 92 = 1943
    Number of faces shared with processor 93 = 252
    Number of faces shared with processor 94 = 1383
    Number of faces shared with processor 95 = 988
    Number of faces shared with processor 114 = 987
    Number of faces shared with processor 120 = 66
    Number of faces shared with processor 121 = 2137
    Number of faces shared with processor 122 = 3163
    Number of faces shared with processor 123 = 735
    Number of processor patches = 13
    Number of processor faces = 18337
    Number of boundary faces = 0

Processor 89
    Number of cells = 128513
    Number of points = 138796
    Number of faces shared with processor 72 = 43
    Number of faces shared with processor 80 = 1628
    Number of faces shared with processor 81 = 128
    Number of faces shared with processor 82 = 3136
    Number of faces shared with processor 83 = 2281
    Number of faces shared with processor 88 = 3543
    Number of faces shared with processor 90 = 3244
    Number of faces shared with processor 92 = 1024
    Number of faces shared with processor 95 = 392
    Number of faces shared with processor 114 = 1332
    Number of faces shared with processor 121 = 297
    Number of processor patches = 11
    Number of processor faces = 17048
    Number of boundary faces = 0

Processor 90
    Number of cells = 128882
    Number of points = 139955
    Number of faces shared with processor 64 = 244
    Number of faces shared with processor 72 = 335
    Number of faces shared with processor 80 = 530
    Number of faces shared with processor 81 = 1089
    Number of faces shared with processor 83 = 454
    Number of faces shared with processor 88 = 2640
    Number of faces shared with processor 89 = 3244
    Number of faces shared with processor 91 = 3556
    Number of faces shared with processor 94 = 914
    Number of faces shared with processor 95 = 2032
    Number of faces shared with processor 120 = 2261
    Number of faces shared with processor 121 = 1496
    Number of faces shared with processor 122 = 13
    Number of processor patches = 13
    Number of processor faces = 18808
    Number of boundary faces = 0

Processor 91
    Number of cells = 128154
    Number of points = 138508
    Number of faces shared with processor 64 = 2703
    Number of faces shared with processor 72 = 888
    Number of faces shared with processor 73 = 2296
    Number of faces shared with processor 76 = 972
    Number of faces shared with processor 77 = 179
    Number of faces shared with processor 79 = 1330
    Number of faces shared with processor 80 = 8
    Number of faces shared with processor 81 = 1645
    Number of faces shared with processor 83 = 89
    Number of faces shared with processor 215 = 1442
    Number of faces shared with processor 90 = 3556
    Number of faces shared with processor 95 = 2041
    Number of faces shared with processor 120 = 412
    Number of faces shared with processor 121 = 267
    Number of processor patches = 14
    Number of processor faces = 17828
    Number of boundary faces = 0

Processor 92
    Number of cells = 128882
    Number of points = 139706
    Number of faces shared with processor 82 = 1678
    Number of faces shared with processor 85 = 1193
    Number of faces shared with processor 88 = 1943
    Number of faces shared with processor 89 = 1024
    Number of faces shared with processor 93 = 3458
    Number of faces shared with processor 94 = 1705
    Number of faces shared with processor 114 = 653
    Number of faces shared with processor 115 = 1284
    Number of faces shared with processor 122 = 1240
    Number of faces shared with processor 123 = 360
    Number of faces shared with processor 125 = 2456
    Number of processor patches = 11
    Number of processor faces = 16994
    Number of boundary faces = 926

Processor 93
    Number of cells = 128765
    Number of points = 139184
    Number of faces shared with processor 67 = 1167
    Number of faces shared with processor 80 = 759
    Number of faces shared with processor 82 = 253
    Number of faces shared with processor 85 = 1992
    Number of faces shared with processor 86 = 2020
    Number of faces shared with processor 87 = 1006
    Number of faces shared with processor 88 = 252
    Number of faces shared with processor 92 = 3458
    Number of faces shared with processor 94 = 2731
    Number of faces shared with processor 95 = 1375
    Number of faces shared with processor 124 = 552
    Number of faces shared with processor 125 = 850
    Number of processor patches = 12
    Number of processor faces = 16415
    Number of boundary faces = 4005

Processor 94
    Number of cells = 128882
    Number of points = 139865
    Number of faces shared with processor 64 = 247
    Number of faces shared with processor 65 = 2234
    Number of faces shared with processor 66 = 391
    Number of faces shared with processor 67 = 1125
    Number of faces shared with processor 88 = 1383
    Number of faces shared with processor 90 = 914
    Number of faces shared with processor 92 = 1705
    Number of faces shared with processor 93 = 2731
    Number of faces shared with processor 95 = 4064
    Number of faces shared with processor 120 = 919
    Number of faces shared with processor 122 = 2712
    Number of faces shared with processor 124 = 2095
    Number of faces shared with processor 125 = 1010
    Number of processor patches = 13
    Number of processor faces = 21530
    Number of boundary faces = 0

Processor 95
    Number of cells = 128882
    Number of points = 139543
    Number of faces shared with processor 64 = 1643
    Number of faces shared with processor 65 = 79
    Number of faces shared with processor 66 = 392
    Number of faces shared with processor 67 = 674
    Number of faces shared with processor 70 = 2921
    Number of faces shared with processor 79 = 502
    Number of faces shared with processor 80 = 1828
    Number of faces shared with processor 81 = 625
    Number of faces shared with processor 86 = 114
    Number of faces shared with processor 87 = 1234
    Number of faces shared with processor 88 = 988
    Number of faces shared with processor 89 = 392
    Number of faces shared with processor 90 = 2032
    Number of faces shared with processor 91 = 2041
    Number of faces shared with processor 93 = 1375
    Number of faces shared with processor 94 = 4064
    Number of processor patches = 16
    Number of processor faces = 20904
    Number of boundary faces = 0

Processor 96
    Number of cells = 126330
    Number of points = 147829
    Number of faces shared with processor 97 = 2156
    Number of faces shared with processor 99 = 964
    Number of faces shared with processor 101 = 2007
    Number of faces shared with processor 103 = 529
    Number of faces shared with processor 104 = 1692
    Number of faces shared with processor 105 = 689
    Number of processor patches = 6
    Number of processor faces = 8037
    Number of boundary faces = 16863

Processor 97
    Number of cells = 126438
    Number of points = 147251
    Number of faces shared with processor 96 = 2156
    Number of faces shared with processor 98 = 581
    Number of faces shared with processor 99 = 1885
    Number of faces shared with processor 104 = 88
    Number of processor patches = 4
    Number of processor faces = 4710
    Number of boundary faces = 17251

Processor 98
    Number of cells = 128781
    Number of points = 144889
    Number of faces shared with processor 273 = 479
    Number of faces shared with processor 97 = 581
    Number of faces shared with processor 99 = 2188
    Number of faces shared with processor 102 = 992
    Number of faces shared with processor 104 = 107
    Number of faces shared with processor 106 = 1
    Number of faces shared with processor 110 = 47
    Number of faces shared with processor 112 = 1
    Number of faces shared with processor 116 = 254
    Number of processor patches = 9
    Number of processor faces = 4650
    Number of boundary faces = 10589

Processor 99
    Number of cells = 128877
    Number of points = 148246
    Number of faces shared with processor 96 = 964
    Number of faces shared with processor 97 = 1885
    Number of faces shared with processor 98 = 2188
    Number of faces shared with processor 100 = 249
    Number of faces shared with processor 101 = 399
    Number of faces shared with processor 102 = 1848
    Number of faces shared with processor 103 = 1378
    Number of faces shared with processor 104 = 1632
    Number of faces shared with processor 109 = 1230
    Number of faces shared with processor 110 = 581
    Number of faces shared with processor 111 = 476
    Number of faces shared with processor 116 = 59
    Number of processor patches = 12
    Number of processor faces = 12889
    Number of boundary faces = 9872

Processor 100
    Number of cells = 126339
    Number of points = 147654
    Number of faces shared with processor 99 = 249
    Number of faces shared with processor 101 = 1818
    Number of faces shared with processor 102 = 461
    Number of faces shared with processor 103 = 1623
    Number of faces shared with processor 109 = 303
    Number of faces shared with processor 110 = 8
    Number of faces shared with processor 111 = 2585
    Number of processor patches = 7
    Number of processor faces = 7047
    Number of boundary faces = 16859

Processor 101
    Number of cells = 126509
    Number of points = 146878
    Number of faces shared with processor 96 = 2007
    Number of faces shared with processor 99 = 399
    Number of faces shared with processor 100 = 1818
    Number of faces shared with processor 103 = 1441
    Number of faces shared with processor 104 = 401
    Number of faces shared with processor 105 = 1518
    Number of faces shared with processor 109 = 1283
    Number of faces shared with processor 111 = 210
    Number of processor patches = 8
    Number of processor faces = 9077
    Number of boundary faces = 15423

Processor 102
    Number of cells = 126441
    Number of points = 148348
    Number of faces shared with processor 98 = 992
    Number of faces shared with processor 99 = 1848
    Number of faces shared with processor 100 = 461
    Number of faces shared with processor 103 = 3060
    Number of faces shared with processor 110 = 36
    Number of faces shared with processor 111 = 5
    Number of processor patches = 6
    Number of processor faces = 6402
    Number of boundary faces = 16890

Processor 103
    Number of cells = 126323
    Number of points = 147420
    Number of faces shared with processor 96 = 529
    Number of faces shared with processor 99 = 1378
    Number of faces shared with processor 100 = 1623
    Number of faces shared with processor 101 = 1441
    Number of faces shared with processor 102 = 3060
    Number of processor patches = 5
    Number of processor faces = 8031
    Number of boundary faces = 16815

Processor 104
    Number of cells = 128547
    Number of points = 146885
    Number of faces shared with processor 96 = 1692
    Number of faces shared with processor 97 = 88
    Number of faces shared with processor 98 = 107
    Number of faces shared with processor 99 = 1632
    Number of faces shared with processor 101 = 401
    Number of faces shared with processor 105 = 2832
    Number of faces shared with processor 106 = 1715
    Number of faces shared with processor 107 = 10
    Number of faces shared with processor 108 = 360
    Number of faces shared with processor 109 = 1893
    Number of faces shared with processor 110 = 8
    Number of faces shared with processor 116 = 1082
    Number of faces shared with processor 127 = 15
    Number of processor patches = 13
    Number of processor faces = 11835
    Number of boundary faces = 8996

Processor 105
    Number of cells = 126701
    Number of points = 147034
    Number of faces shared with processor 96 = 689
    Number of faces shared with processor 101 = 1518
    Number of faces shared with processor 104 = 2832
    Number of faces shared with processor 106 = 1252
    Number of faces shared with processor 107 = 700
    Number of faces shared with processor 108 = 87
    Number of faces shared with processor 109 = 1654
    Number of processor patches = 7
    Number of processor faces = 8732
    Number of boundary faces = 15866

Processor 106
    Number of cells = 126484
    Number of points = 147847
    Number of faces shared with processor 98 = 1
    Number of faces shared with processor 104 = 1715
    Number of faces shared with processor 105 = 1252
    Number of faces shared with processor 107 = 3109
    Number of faces shared with processor 108 = 202
    Number of faces shared with processor 116 = 808
    Number of faces shared with processor 117 = 1533
    Number of faces shared with processor 127 = 46
    Number of processor patches = 8
    Number of processor faces = 8666
    Number of boundary faces = 15247

Processor 107
    Number of cells = 126358
    Number of points = 146739
    Number of faces shared with processor 104 = 10
    Number of faces shared with processor 105 = 700
    Number of faces shared with processor 106 = 3109
    Number of faces shared with processor 108 = 2108
    Number of faces shared with processor 109 = 268
    Number of faces shared with processor 116 = 39
    Number of faces shared with processor 117 = 1619
    Number of faces shared with processor 118 = 898
    Number of faces shared with processor 119 = 613
    Number of processor patches = 9
    Number of processor faces = 9364
    Number of boundary faces = 15737

Processor 108
    Number of cells = 126421
    Number of points = 145282
    Number of faces shared with processor 104 = 360
    Number of faces shared with processor 105 = 87
    Number of faces shared with processor 106 = 202
    Number of faces shared with processor 107 = 2108
    Number of faces shared with processor 109 = 2626
    Number of faces shared with processor 110 = 2843
    Number of faces shared with processor 111 = 123
    Number of faces shared with processor 112 = 108
    Number of faces shared with processor 116 = 1550
    Number of faces shared with processor 117 = 49
    Number of faces shared with processor 118 = 1910
    Number of processor patches = 11
    Number of processor faces = 11966
    Number of boundary faces = 12796

Processor 109
    Number of cells = 128603
    Number of points = 146524
    Number of faces shared with processor 99 = 1230
    Number of faces shared with processor 100 = 303
    Number of faces shared with processor 101 = 1283
    Number of faces shared with processor 104 = 1893
    Number of faces shared with processor 105 = 1654
    Number of faces shared with processor 107 = 268
    Number of faces shared with processor 108 = 2626
    Number of faces shared with processor 110 = 1803
    Number of faces shared with processor 111 = 2498
    Number of faces shared with processor 116 = 365
    Number of processor patches = 10
    Number of processor faces = 13923
    Number of boundary faces = 10332

Processor 110
    Number of cells = 126363
    Number of points = 147080
    Number of faces shared with processor 98 = 47
    Number of faces shared with processor 99 = 581
    Number of faces shared with processor 100 = 8
    Number of faces shared with processor 102 = 36
    Number of faces shared with processor 104 = 8
    Number of faces shared with processor 108 = 2843
    Number of faces shared with processor 109 = 1803
    Number of faces shared with processor 111 = 2199
    Number of faces shared with processor 112 = 1417
    Number of faces shared with processor 116 = 1451
    Number of faces shared with processor 118 = 206
    Number of processor patches = 11
    Number of processor faces = 10599
    Number of boundary faces = 13579

Processor 111
    Number of cells = 126446
    Number of points = 146562
    Number of faces shared with processor 99 = 476
    Number of faces shared with processor 100 = 2585
    Number of faces shared with processor 101 = 210
    Number of faces shared with processor 102 = 5
    Number of faces shared with processor 108 = 123
    Number of faces shared with processor 109 = 2498
    Number of faces shared with processor 110 = 2199
    Number of processor patches = 7
    Number of processor faces = 8096
    Number of boundary faces = 14956

Processor 112
    Number of cells = 126330
    Number of points = 146955
    Number of faces shared with processor 98 = 1
    Number of faces shared with processor 108 = 108
    Number of faces shared with processor 110 = 1417
    Number of faces shared with processor 113 = 1731
    Number of faces shared with processor 116 = 802
    Number of faces shared with processor 118 = 1950
    Number of processor patches = 6
    Number of processor faces = 6009
    Number of boundary faces = 16665

Processor 113
    Number of cells = 126331
    Number of points = 146895
    Number of faces shared with processor 82 = 46
    Number of faces shared with processor 83 = 61
    Number of faces shared with processor 84 = 1551
    Number of faces shared with processor 112 = 1731
    Number of faces shared with processor 114 = 49
    Number of faces shared with processor 115 = 2348
    Number of faces shared with processor 116 = 861
    Number of faces shared with processor 118 = 727
    Number of faces shared with processor 119 = 582
    Number of processor patches = 9
    Number of processor faces = 7956
    Number of boundary faces = 16042

Processor 114
    Number of cells = 128543
    Number of points = 141129
    Number of faces shared with processor 82 = 1372
    Number of faces shared with processor 83 = 2520
    Number of faces shared with processor 88 = 987
    Number of faces shared with processor 89 = 1332
    Number of faces shared with processor 92 = 653
    Number of faces shared with processor 113 = 49
    Number of faces shared with processor 115 = 2498
    Number of faces shared with processor 116 = 2062
    Number of faces shared with processor 117 = 208
    Number of faces shared with processor 119 = 342
    Number of faces shared with processor 121 = 1474
    Number of faces shared with processor 123 = 2744
    Number of faces shared with processor 125 = 520
    Number of faces shared with processor 127 = 184
    Number of processor patches = 14
    Number of processor faces = 16945
    Number of boundary faces = 855

Processor 115
    Number of cells = 126508
    Number of points = 144219
    Number of faces shared with processor 82 = 817
    Number of faces shared with processor 84 = 317
    Number of faces shared with processor 85 = 1120
    Number of faces shared with processor 92 = 1284
    Number of faces shared with processor 113 = 2348
    Number of faces shared with processor 114 = 2498
    Number of faces shared with processor 116 = 296
    Number of faces shared with processor 119 = 1444
    Number of faces shared with processor 123 = 118
    Number of faces shared with processor 125 = 803
    Number of processor patches = 10
    Number of processor faces = 11045
    Number of boundary faces = 11935

Processor 116
    Number of cells = 128975
    Number of points = 141948
    Number of faces shared with processor 273 = 355
    Number of faces shared with processor 75 = 225
    Number of faces shared with processor 83 = 775
    Number of faces shared with processor 84 = 82
    Number of faces shared with processor 98 = 254
    Number of faces shared with processor 99 = 59
    Number of faces shared with processor 104 = 1082
    Number of faces shared with processor 106 = 808
    Number of faces shared with processor 107 = 39
    Number of faces shared with processor 108 = 1550
    Number of faces shared with processor 109 = 365
    Number of faces shared with processor 110 = 1451
    Number of faces shared with processor 112 = 802
    Number of faces shared with processor 113 = 861
    Number of faces shared with processor 114 = 2062
    Number of faces shared with processor 115 = 296
    Number of faces shared with processor 117 = 3157
    Number of faces shared with processor 118 = 954
    Number of faces shared with processor 119 = 663
    Number of faces shared with processor 121 = 440
    Number of faces shared with processor 126 = 5
    Number of faces shared with processor 127 = 118
    Number of processor patches = 22
    Number of processor faces = 16403
    Number of boundary faces = 169

Processor 117
    Number of cells = 127993
    Number of points = 146822
    Number of faces shared with processor 106 = 1533
    Number of faces shared with processor 107 = 1619
    Number of faces shared with processor 108 = 49
    Number of faces shared with processor 114 = 208
    Number of faces shared with processor 116 = 3157
    Number of faces shared with processor 118 = 132
    Number of faces shared with processor 119 = 2204
    Number of faces shared with processor 121 = 178
    Number of faces shared with processor 123 = 1408
    Number of faces shared with processor 127 = 1594
    Number of processor patches = 10
    Number of processor faces = 12082
    Number of boundary faces = 11097

Processor 118
    Number of cells = 126432
    Number of points = 146530
    Number of faces shared with processor 107 = 898
    Number of faces shared with processor 108 = 1910
    Number of faces shared with processor 110 = 206
    Number of faces shared with processor 112 = 1950
    Number of faces shared with processor 113 = 727
    Number of faces shared with processor 116 = 954
    Number of faces shared with processor 117 = 132
    Number of faces shared with processor 119 = 2063
    Number of processor patches = 8
    Number of processor faces = 8840
    Number of boundary faces = 15727

Processor 119
    Number of cells = 126469
    Number of points = 146668
    Number of faces shared with processor 107 = 613
    Number of faces shared with processor 113 = 582
    Number of faces shared with processor 114 = 342
    Number of faces shared with processor 115 = 1444
    Number of faces shared with processor 116 = 663
    Number of faces shared with processor 117 = 2204
    Number of faces shared with processor 118 = 2063
    Number of faces shared with processor 123 = 321
    Number of faces shared with processor 127 = 1187
    Number of processor patches = 9
    Number of processor faces = 9419
    Number of boundary faces = 15645

Processor 120
    Number of cells = 128555
    Number of points = 138526
    Number of faces shared with processor 64 = 1960
    Number of faces shared with processor 65 = 2115
    Number of faces shared with processor 215 = 2224
    Number of faces shared with processor 88 = 66
    Number of faces shared with processor 90 = 2261
    Number of faces shared with processor 91 = 412
    Number of faces shared with processor 94 = 919
    Number of faces shared with processor 121 = 2548
    Number of faces shared with processor 122 = 2643
    Number of faces shared with processor 123 = 41
    Number of faces shared with processor 126 = 253
    Number of processor patches = 11
    Number of processor faces = 15442
    Number of boundary faces = 0

Processor 121
    Number of cells = 128423
    Number of points = 142339
    Number of faces shared with processor 72 = 1054
    Number of faces shared with processor 75 = 608
    Number of faces shared with processor 83 = 314
    Number of faces shared with processor 215 = 895
    Number of faces shared with processor 88 = 2137
    Number of faces shared with processor 89 = 297
    Number of faces shared with processor 90 = 1496
    Number of faces shared with processor 91 = 267
    Number of faces shared with processor 114 = 1474
    Number of faces shared with processor 116 = 440
    Number of faces shared with processor 117 = 178
    Number of faces shared with processor 120 = 2548
    Number of faces shared with processor 122 = 1298
    Number of faces shared with processor 123 = 3045
    Number of faces shared with processor 124 = 668
    Number of faces shared with processor 126 = 322
    Number of faces shared with processor 127 = 72
    Number of processor patches = 17
    Number of processor faces = 17113
    Number of boundary faces = 0

Processor 122
    Number of cells = 128641
    Number of points = 139103
    Number of faces shared with processor 65 = 957
    Number of faces shared with processor 88 = 3163
    Number of faces shared with processor 90 = 13
    Number of faces shared with processor 92 = 1240
    Number of faces shared with processor 94 = 2712
    Number of faces shared with processor 120 = 2643
    Number of faces shared with processor 121 = 1298
    Number of faces shared with processor 123 = 4626
    Number of faces shared with processor 124 = 1523
    Number of faces shared with processor 125 = 666
    Number of faces shared with processor 126 = 53
    Number of processor patches = 11
    Number of processor faces = 18894
    Number of boundary faces = 0

Processor 123
    Number of cells = 127020
    Number of points = 140661
    Number of faces shared with processor 88 = 735
    Number of faces shared with processor 92 = 360
    Number of faces shared with processor 114 = 2744
    Number of faces shared with processor 115 = 118
    Number of faces shared with processor 117 = 1408
    Number of faces shared with processor 119 = 321
    Number of faces shared with processor 120 = 41
    Number of faces shared with processor 121 = 3045
    Number of faces shared with processor 122 = 4626
    Number of faces shared with processor 124 = 590
    Number of faces shared with processor 125 = 2863
    Number of faces shared with processor 126 = 372
    Number of faces shared with processor 127 = 1082
    Number of processor patches = 13
    Number of processor faces = 18305
    Number of boundary faces = 0

Processor 124
    Number of cells = 128865
    Number of points = 141051
    Number of faces shared with processor 65 = 2987
    Number of faces shared with processor 194 = 628
    Number of faces shared with processor 67 = 531
    Number of faces shared with processor 72 = 531
    Number of faces shared with processor 75 = 329
    Number of faces shared with processor 210 = 34
    Number of faces shared with processor 213 = 1241
    Number of faces shared with processor 214 = 493
    Number of faces shared with processor 215 = 624
    Number of faces shared with processor 93 = 552
    Number of faces shared with processor 94 = 2095
    Number of faces shared with processor 121 = 668
    Number of faces shared with processor 122 = 1523
    Number of faces shared with processor 123 = 590
    Number of faces shared with processor 125 = 2478
    Number of faces shared with processor 126 = 695
    Number of processor patches = 16
    Number of processor faces = 15999
    Number of boundary faces = 4063

Processor 125
    Number of cells = 128353
    Number of points = 141678
    Number of faces shared with processor 92 = 2456
    Number of faces shared with processor 93 = 850
    Number of faces shared with processor 94 = 1010
    Number of faces shared with processor 114 = 520
    Number of faces shared with processor 115 = 803
    Number of faces shared with processor 122 = 666
    Number of faces shared with processor 123 = 2863
    Number of faces shared with processor 124 = 2478
    Number of faces shared with processor 126 = 413
    Number of faces shared with processor 127 = 1212
    Number of processor patches = 10
    Number of processor faces = 13271
    Number of boundary faces = 7123

Processor 126
    Number of cells = 126357
    Number of points = 147426
    Number of faces shared with processor 273 = 10
    Number of faces shared with processor 65 = 142
    Number of faces shared with processor 194 = 5
    Number of faces shared with processor 75 = 244
    Number of faces shared with processor 210 = 1591
    Number of faces shared with processor 211 = 83
    Number of faces shared with processor 213 = 1208
    Number of faces shared with processor 215 = 204
    Number of faces shared with processor 116 = 5
    Number of faces shared with processor 120 = 253
    Number of faces shared with processor 121 = 322
    Number of faces shared with processor 122 = 53
    Number of faces shared with processor 123 = 372
    Number of faces shared with processor 124 = 695
    Number of faces shared with processor 125 = 413
    Number of faces shared with processor 127 = 1247
    Number of processor patches = 16
    Number of processor faces = 6847
    Number of boundary faces = 16294

Processor 127
    Number of cells = 126616
    Number of points = 147199
    Number of faces shared with processor 75 = 4
    Number of faces shared with processor 104 = 15
    Number of faces shared with processor 106 = 46
    Number of faces shared with processor 114 = 184
    Number of faces shared with processor 116 = 118
    Number of faces shared with processor 117 = 1594
    Number of faces shared with processor 119 = 1187
    Number of faces shared with processor 121 = 72
    Number of faces shared with processor 123 = 1082
    Number of faces shared with processor 125 = 1212
    Number of faces shared with processor 126 = 1247
    Number of processor patches = 11
    Number of processor faces = 6761
    Number of boundary faces = 16405

Processor 128
    Number of cells = 128587
    Number of points = 157017
    Number of faces shared with processor 129 = 1303
    Number of faces shared with processor 130 = 1699
    Number of faces shared with processor 131 = 1761
    Number of faces shared with processor 133 = 96
    Number of faces shared with processor 134 = 1891
    Number of faces shared with processor 135 = 117
    Number of faces shared with processor 139 = 648
    Number of faces shared with processor 140 = 1841
    Number of faces shared with processor 158 = 14
    Number of faces shared with processor 159 = 454
    Number of faces shared with processor 179 = 151
    Number of processor patches = 11
    Number of processor faces = 9975
    Number of boundary faces = 15660

Processor 129
    Number of cells = 128711
    Number of points = 155568
    Number of faces shared with processor 128 = 1303
    Number of faces shared with processor 131 = 155
    Number of faces shared with processor 134 = 121
    Number of faces shared with processor 135 = 259
    Number of faces shared with processor 140 = 196
    Number of faces shared with processor 142 = 1497
    Number of faces shared with processor 154 = 455
    Number of faces shared with processor 156 = 1237
    Number of faces shared with processor 158 = 40
    Number of faces shared with processor 159 = 810
    Number of faces shared with processor 179 = 415
    Number of processor patches = 11
    Number of processor faces = 6488
    Number of boundary faces = 21588

Processor 130
    Number of cells = 128546
    Number of points = 157220
    Number of faces shared with processor 128 = 1699
    Number of faces shared with processor 131 = 2109
    Number of faces shared with processor 132 = 217
    Number of faces shared with processor 134 = 1216
    Number of faces shared with processor 135 = 2019
    Number of faces shared with processor 137 = 669
    Number of faces shared with processor 138 = 348
    Number of faces shared with processor 139 = 454
    Number of faces shared with processor 153 = 1270
    Number of faces shared with processor 218 = 39
    Number of processor patches = 10
    Number of processor faces = 10040
    Number of boundary faces = 15596

Processor 131
    Number of cells = 128031
    Number of points = 152223
    Number of faces shared with processor 128 = 1761
    Number of faces shared with processor 129 = 155
    Number of faces shared with processor 130 = 2109
    Number of faces shared with processor 137 = 717
    Number of faces shared with processor 138 = 246
    Number of faces shared with processor 139 = 75
    Number of faces shared with processor 141 = 343
    Number of faces shared with processor 153 = 730
    Number of faces shared with processor 158 = 2193
    Number of faces shared with processor 159 = 46
    Number of processor patches = 10
    Number of processor faces = 8375
    Number of boundary faces = 16311

Processor 132
    Number of cells = 127051
    Number of points = 150333
    Number of faces shared with processor 130 = 217
    Number of faces shared with processor 133 = 1027
    Number of faces shared with processor 135 = 1067
    Number of faces shared with processor 137 = 474
    Number of faces shared with processor 138 = 263
    Number of faces shared with processor 139 = 1335
    Number of faces shared with processor 155 = 300
    Number of faces shared with processor 218 = 643
    Number of faces shared with processor 219 = 155
    Number of processor patches = 9
    Number of processor faces = 5481
    Number of boundary faces = 23653

Processor 133
    Number of cells = 126795
    Number of points = 149524
    Number of faces shared with processor 128 = 96
    Number of faces shared with processor 132 = 1027
    Number of faces shared with processor 134 = 1023
    Number of faces shared with processor 139 = 1165
    Number of faces shared with processor 155 = 218
    Number of faces shared with processor 179 = 130
    Number of faces shared with processor 191 = 1507
    Number of faces shared with processor 219 = 86
    Number of processor patches = 8
    Number of processor faces = 5252
    Number of boundary faces = 21957

Processor 134
    Number of cells = 126584
    Number of points = 151194
    Number of faces shared with processor 128 = 1891
    Number of faces shared with processor 129 = 121
    Number of faces shared with processor 130 = 1216
    Number of faces shared with processor 133 = 1023
    Number of faces shared with processor 135 = 2034
    Number of faces shared with processor 142 = 19
    Number of faces shared with processor 154 = 1084
    Number of faces shared with processor 179 = 256
    Number of faces shared with processor 191 = 769
    Number of processor patches = 9
    Number of processor faces = 8413
    Number of boundary faces = 14529

Processor 135
    Number of cells = 128414
    Number of points = 158256
    Number of faces shared with processor 128 = 117
    Number of faces shared with processor 129 = 259
    Number of faces shared with processor 130 = 2019
    Number of faces shared with processor 132 = 1067
    Number of faces shared with processor 134 = 2034
    Number of faces shared with processor 137 = 357
    Number of faces shared with processor 138 = 279
    Number of faces shared with processor 153 = 1851
    Number of faces shared with processor 154 = 984
    Number of faces shared with processor 155 = 1138
    Number of faces shared with processor 218 = 1154
    Number of faces shared with processor 219 = 1227
    Number of processor patches = 12
    Number of processor faces = 12486
    Number of boundary faces = 14270

Processor 136
    Number of cells = 128001
    Number of points = 142851
    Number of faces shared with processor 137 = 2966
    Number of faces shared with processor 138 = 2820
    Number of faces shared with processor 139 = 929
    Number of faces shared with processor 141 = 406
    Number of faces shared with processor 301 = 1523
    Number of faces shared with processor 302 = 2570
    Number of faces shared with processor 303 = 1263
    Number of faces shared with processor 211 = 218
    Number of faces shared with processor 496 = 2
    Number of processor patches = 9
    Number of processor faces = 12697
    Number of boundary faces = 7706

Processor 137
    Number of cells = 128882
    Number of points = 140217
    Number of faces shared with processor 130 = 669
    Number of faces shared with processor 131 = 717
    Number of faces shared with processor 132 = 474
    Number of faces shared with processor 135 = 357
    Number of faces shared with processor 136 = 2966
    Number of faces shared with processor 138 = 192
    Number of faces shared with processor 139 = 854
    Number of faces shared with processor 141 = 577
    Number of faces shared with processor 144 = 273
    Number of faces shared with processor 152 = 361
    Number of faces shared with processor 153 = 526
    Number of faces shared with processor 158 = 1638
    Number of faces shared with processor 301 = 777
    Number of faces shared with processor 200 = 1358
    Number of faces shared with processor 211 = 1267
    Number of faces shared with processor 218 = 2991
    Number of processor patches = 16
    Number of processor faces = 15997
    Number of boundary faces = 2436

Processor 138
    Number of cells = 127345
    Number of points = 151450
    Number of faces shared with processor 130 = 348
    Number of faces shared with processor 131 = 246
    Number of faces shared with processor 132 = 263
    Number of faces shared with processor 135 = 279
    Number of faces shared with processor 136 = 2820
    Number of faces shared with processor 137 = 192
    Number of faces shared with processor 139 = 2161
    Number of faces shared with processor 140 = 1526
    Number of faces shared with processor 141 = 1176
    Number of faces shared with processor 302 = 90
    Number of faces shared with processor 303 = 123
    Number of faces shared with processor 178 = 112
    Number of faces shared with processor 181 = 803
    Number of faces shared with processor 218 = 9
    Number of faces shared with processor 496 = 1445
    Number of faces shared with processor 500 = 226
    Number of faces shared with processor 501 = 133
    Number of faces shared with processor 502 = 838
    Number of processor patches = 18
    Number of processor faces = 12790
    Number of boundary faces = 13256

Processor 139
    Number of cells = 128808
    Number of points = 157929
    Number of faces shared with processor 128 = 648
    Number of faces shared with processor 130 = 454
    Number of faces shared with processor 131 = 75
    Number of faces shared with processor 132 = 1335
    Number of faces shared with processor 133 = 1165
    Number of faces shared with processor 136 = 929
    Number of faces shared with processor 137 = 854
    Number of faces shared with processor 138 = 2161
    Number of faces shared with processor 140 = 374
    Number of faces shared with processor 141 = 760
    Number of faces shared with processor 178 = 107
    Number of faces shared with processor 179 = 111
    Number of faces shared with processor 180 = 66
    Number of faces shared with processor 191 = 167
    Number of faces shared with processor 500 = 99
    Number of processor patches = 15
    Number of processor faces = 9305
    Number of boundary faces = 16103

Processor 140
    Number of cells = 126546
    Number of points = 154086
    Number of faces shared with processor 128 = 1841
    Number of faces shared with processor 129 = 196
    Number of faces shared with processor 138 = 1526
    Number of faces shared with processor 139 = 374
    Number of faces shared with processor 141 = 1764
    Number of faces shared with processor 142 = 158
    Number of faces shared with processor 143 = 2771
    Number of faces shared with processor 147 = 87
    Number of faces shared with processor 159 = 1278
    Number of faces shared with processor 178 = 1237
    Number of faces shared with processor 179 = 224
    Number of faces shared with processor 181 = 415
    Number of processor patches = 12
    Number of processor faces = 11871
    Number of boundary faces = 16101

Processor 141
    Number of cells = 127884
    Number of points = 155556
    Number of faces shared with processor 131 = 343
    Number of faces shared with processor 136 = 406
    Number of faces shared with processor 137 = 577
    Number of faces shared with processor 138 = 1176
    Number of faces shared with processor 139 = 760
    Number of faces shared with processor 140 = 1764
    Number of faces shared with processor 143 = 220
    Number of faces shared with processor 147 = 1253
    Number of faces shared with processor 158 = 731
    Number of faces shared with processor 301 = 1147
    Number of processor patches = 10
    Number of processor faces = 8377
    Number of boundary faces = 18770

Processor 142
    Number of cells = 127302
    Number of points = 151585
    Number of faces shared with processor 129 = 1497
    Number of faces shared with processor 134 = 19
    Number of faces shared with processor 140 = 158
    Number of faces shared with processor 143 = 596
    Number of faces shared with processor 154 = 329
    Number of faces shared with processor 156 = 232
    Number of faces shared with processor 157 = 937
    Number of faces shared with processor 159 = 265
    Number of faces shared with processor 178 = 1107
    Number of faces shared with processor 179 = 1356
    Number of faces shared with processor 184 = 1474
    Number of faces shared with processor 185 = 1482
    Number of processor patches = 12
    Number of processor faces = 9452
    Number of boundary faces = 15686

Processor 143
    Number of cells = 126339
    Number of points = 154195
    Number of faces shared with processor 140 = 2771
    Number of faces shared with processor 141 = 220
    Number of faces shared with processor 142 = 596
    Number of faces shared with processor 146 = 390
    Number of faces shared with processor 147 = 1967
    Number of faces shared with processor 150 = 2182
    Number of faces shared with processor 151 = 10
    Number of faces shared with processor 157 = 352
    Number of faces shared with processor 159 = 821
    Number of faces shared with processor 178 = 963
    Number of processor patches = 10
    Number of processor faces = 10272
    Number of boundary faces = 16162

Processor 144
    Number of cells = 128877
    Number of points = 146513
    Number of faces shared with processor 137 = 273
    Number of faces shared with processor 145 = 1965
    Number of faces shared with processor 146 = 2017
    Number of faces shared with processor 147 = 917
    Number of faces shared with processor 148 = 997
    Number of faces shared with processor 149 = 568
    Number of faces shared with processor 151 = 1364
    Number of faces shared with processor 152 = 1516
    Number of faces shared with processor 158 = 1558
    Number of faces shared with processor 301 = 442
    Number of faces shared with processor 198 = 1920
    Number of faces shared with processor 199 = 1147
    Number of faces shared with processor 200 = 1452
    Number of faces shared with processor 201 = 1887
    Number of faces shared with processor 203 = 64
    Number of faces shared with processor 218 = 151
    Number of processor patches = 16
    Number of processor faces = 18238
    Number of boundary faces = 4198

Processor 145
    Number of cells = 126468
    Number of points = 152484
    Number of faces shared with processor 144 = 1965
    Number of faces shared with processor 147 = 842
    Number of faces shared with processor 149 = 214
    Number of faces shared with processor 152 = 1214
    Number of faces shared with processor 156 = 734
    Number of faces shared with processor 157 = 302
    Number of faces shared with processor 158 = 3026
    Number of faces shared with processor 159 = 1144
    Number of processor patches = 8
    Number of processor faces = 9441
    Number of boundary faces = 15531

Processor 146
    Number of cells = 126389
    Number of points = 151722
    Number of faces shared with processor 143 = 390
    Number of faces shared with processor 144 = 2017
    Number of faces shared with processor 147 = 1327
    Number of faces shared with processor 148 = 582
    Number of faces shared with processor 150 = 1398
    Number of faces shared with processor 151 = 1132
    Number of faces shared with processor 301 = 203
    Number of faces shared with processor 198 = 296
    Number of faces shared with processor 201 = 1640
    Number of faces shared with processor 203 = 894
    Number of processor patches = 10
    Number of processor faces = 9879
    Number of boundary faces = 15135

Processor 147
    Number of cells = 126956
    Number of points = 156681
    Number of faces shared with processor 140 = 87
    Number of faces shared with processor 141 = 1253
    Number of faces shared with processor 143 = 1967
    Number of faces shared with processor 144 = 917
    Number of faces shared with processor 145 = 842
    Number of faces shared with processor 146 = 1327
    Number of faces shared with processor 150 = 550
    Number of faces shared with processor 151 = 889
    Number of faces shared with processor 158 = 332
    Number of faces shared with processor 301 = 1175
    Number of faces shared with processor 201 = 87
    Number of processor patches = 11
    Number of processor faces = 9426
    Number of boundary faces = 16486

Processor 148
    Number of cells = 126330
    Number of points = 151719
    Number of faces shared with processor 144 = 997
    Number of faces shared with processor 146 = 582
    Number of faces shared with processor 149 = 2036
    Number of faces shared with processor 150 = 1940
    Number of faces shared with processor 151 = 1039
    Number of faces shared with processor 157 = 561
    Number of faces shared with processor 184 = 615
    Number of faces shared with processor 190 = 247
    Number of faces shared with processor 199 = 693
    Number of processor patches = 9
    Number of processor faces = 8710
    Number of boundary faces = 15372

Processor 149
    Number of cells = 127097
    Number of points = 158269
    Number of faces shared with processor 144 = 568
    Number of faces shared with processor 145 = 214
    Number of faces shared with processor 148 = 2036
    Number of faces shared with processor 151 = 1286
    Number of faces shared with processor 152 = 609
    Number of faces shared with processor 154 = 515
    Number of faces shared with processor 155 = 490
    Number of faces shared with processor 157 = 324
    Number of faces shared with processor 184 = 349
    Number of faces shared with processor 190 = 1126
    Number of faces shared with processor 199 = 634
    Number of faces shared with processor 216 = 1258
    Number of processor patches = 12
    Number of processor faces = 9409
    Number of boundary faces = 17685

Processor 150
    Number of cells = 126342
    Number of points = 150387
    Number of faces shared with processor 143 = 2182
    Number of faces shared with processor 146 = 1398
    Number of faces shared with processor 147 = 550
    Number of faces shared with processor 148 = 1940
    Number of faces shared with processor 151 = 2417
    Number of faces shared with processor 157 = 1283
    Number of faces shared with processor 159 = 204
    Number of processor patches = 7
    Number of processor faces = 9974
    Number of boundary faces = 14045

Processor 151
    Number of cells = 126330
    Number of points = 153750
    Number of faces shared with processor 143 = 10
    Number of faces shared with processor 144 = 1364
    Number of faces shared with processor 146 = 1132
    Number of faces shared with processor 147 = 889
    Number of faces shared with processor 148 = 1039
    Number of faces shared with processor 149 = 1286
    Number of faces shared with processor 150 = 2417
    Number of faces shared with processor 157 = 629
    Number of processor patches = 8
    Number of processor faces = 8766
    Number of boundary faces = 15649

Processor 152
    Number of cells = 128775
    Number of points = 151216
    Number of faces shared with processor 137 = 361
    Number of faces shared with processor 144 = 1516
    Number of faces shared with processor 145 = 1214
    Number of faces shared with processor 149 = 609
    Number of faces shared with processor 153 = 2741
    Number of faces shared with processor 154 = 413
    Number of faces shared with processor 155 = 301
    Number of faces shared with processor 156 = 1474
    Number of faces shared with processor 158 = 824
    Number of faces shared with processor 199 = 690
    Number of faces shared with processor 216 = 1597
    Number of faces shared with processor 218 = 1534
    Number of faces shared with processor 219 = 128
    Number of faces shared with processor 221 = 197
    Number of processor patches = 14
    Number of processor faces = 13599
    Number of boundary faces = 11603

Processor 153
    Number of cells = 128712
    Number of points = 153782
    Number of faces shared with processor 130 = 1270
    Number of faces shared with processor 131 = 730
    Number of faces shared with processor 135 = 1851
    Number of faces shared with processor 137 = 526
    Number of faces shared with processor 152 = 2741
    Number of faces shared with processor 154 = 1065
    Number of faces shared with processor 155 = 165
    Number of faces shared with processor 156 = 970
    Number of faces shared with processor 158 = 1330
    Number of faces shared with processor 218 = 316
    Number of faces shared with processor 219 = 37
    Number of processor patches = 11
    Number of processor faces = 11001
    Number of boundary faces = 15337

Processor 154
    Number of cells = 128467
    Number of points = 155061
    Number of faces shared with processor 129 = 455
    Number of faces shared with processor 134 = 1084
    Number of faces shared with processor 135 = 984
    Number of faces shared with processor 142 = 329
    Number of faces shared with processor 149 = 515
    Number of faces shared with processor 152 = 413
    Number of faces shared with processor 153 = 1065
    Number of faces shared with processor 155 = 808
    Number of faces shared with processor 156 = 1452
    Number of faces shared with processor 157 = 506
    Number of faces shared with processor 179 = 25
    Number of faces shared with processor 184 = 673
    Number of faces shared with processor 185 = 30
    Number of faces shared with processor 186 = 163
    Number of faces shared with processor 190 = 407
    Number of faces shared with processor 191 = 379
    Number of faces shared with processor 235 = 28
    Number of processor patches = 17
    Number of processor faces = 9316
    Number of boundary faces = 16674

Processor 155
    Number of cells = 128320
    Number of points = 158128
    Number of faces shared with processor 132 = 300
    Number of faces shared with processor 133 = 218
    Number of faces shared with processor 135 = 1138
    Number of faces shared with processor 149 = 490
    Number of faces shared with processor 152 = 301
    Number of faces shared with processor 153 = 165
    Number of faces shared with processor 154 = 808
    Number of faces shared with processor 190 = 462
    Number of faces shared with processor 191 = 2070
    Number of faces shared with processor 216 = 2754
    Number of faces shared with processor 219 = 1513
    Number of faces shared with processor 235 = 367
    Number of processor patches = 12
    Number of processor faces = 10586
    Number of boundary faces = 18284

Processor 156
    Number of cells = 126389
    Number of points = 155852
    Number of faces shared with processor 129 = 1237
    Number of faces shared with processor 142 = 232
    Number of faces shared with processor 145 = 734
    Number of faces shared with processor 152 = 1474
    Number of faces shared with processor 153 = 970
    Number of faces shared with processor 154 = 1452
    Number of faces shared with processor 157 = 2108
    Number of faces shared with processor 158 = 942
    Number of faces shared with processor 159 = 598
    Number of processor patches = 9
    Number of processor faces = 9747
    Number of boundary faces = 15700

Processor 157
    Number of cells = 126374
    Number of points = 150567
    Number of faces shared with processor 142 = 937
    Number of faces shared with processor 143 = 352
    Number of faces shared with processor 145 = 302
    Number of faces shared with processor 148 = 561
    Number of faces shared with processor 149 = 324
    Number of faces shared with processor 150 = 1283
    Number of faces shared with processor 151 = 629
    Number of faces shared with processor 154 = 506
    Number of faces shared with processor 156 = 2108
    Number of faces shared with processor 159 = 1726
    Number of faces shared with processor 184 = 577
    Number of processor patches = 11
    Number of processor faces = 9305
    Number of boundary faces = 15034

Processor 158
    Number of cells = 128080
    Number of points = 154897
    Number of faces shared with processor 128 = 14
    Number of faces shared with processor 129 = 40
    Number of faces shared with processor 131 = 2193
    Number of faces shared with processor 137 = 1638
    Number of faces shared with processor 141 = 731
    Number of faces shared with processor 144 = 1558
    Number of faces shared with processor 145 = 3026
    Number of faces shared with processor 147 = 332
    Number of faces shared with processor 152 = 824
    Number of faces shared with processor 153 = 1330
    Number of faces shared with processor 156 = 942
    Number of faces shared with processor 159 = 1779
    Number of faces shared with processor 301 = 692
    Number of faces shared with processor 200 = 39
    Number of processor patches = 14
    Number of processor faces = 15138
    Number of boundary faces = 13294

Processor 159
    Number of cells = 126505
    Number of points = 154239
    Number of faces shared with processor 128 = 454
    Number of faces shared with processor 129 = 810
    Number of faces shared with processor 131 = 46
    Number of faces shared with processor 140 = 1278
    Number of faces shared with processor 142 = 265
    Number of faces shared with processor 143 = 821
    Number of faces shared with processor 145 = 1144
    Number of faces shared with processor 150 = 204
    Number of faces shared with processor 156 = 598
    Number of faces shared with processor 157 = 1726
    Number of faces shared with processor 158 = 1779
    Number of processor patches = 11
    Number of processor faces = 9125
    Number of boundary faces = 14640

Processor 160
    Number of cells = 126409
    Number of points = 152869
    Number of faces shared with processor 161 = 2273
    Number of faces shared with processor 164 = 346
    Number of faces shared with processor 166 = 1041
    Number of faces shared with processor 172 = 799
    Number of processor patches = 4
    Number of processor faces = 4459
    Number of boundary faces = 19295

Processor 161
    Number of cells = 126330
    Number of points = 152472
    Number of faces shared with processor 160 = 2273
    Number of faces shared with processor 162 = 1196
    Number of faces shared with processor 163 = 104
    Number of faces shared with processor 36 = 1084
    Number of faces shared with processor 164 = 1482
    Number of faces shared with processor 165 = 92
    Number of faces shared with processor 172 = 669
    Number of faces shared with processor 173 = 1077
    Number of faces shared with processor 62 = 34
    Number of processor patches = 9
    Number of processor faces = 8011
    Number of boundary faces = 16429

Processor 162
    Number of cells = 126330
    Number of points = 153064
    Number of faces shared with processor 12 = 1384
    Number of faces shared with processor 161 = 1196
    Number of faces shared with processor 34 = 418
    Number of faces shared with processor 35 = 1264
    Number of faces shared with processor 163 = 1577
    Number of faces shared with processor 36 = 2050
    Number of faces shared with processor 44 = 49
    Number of faces shared with processor 173 = 598
    Number of processor patches = 8
    Number of processor faces = 8536
    Number of boundary faces = 17359

Processor 163
    Number of cells = 126350
    Number of points = 155902
    Number of faces shared with processor 12 = 893
    Number of faces shared with processor 15 = 78
    Number of faces shared with processor 32 = 1300
    Number of faces shared with processor 33 = 414
    Number of faces shared with processor 161 = 104
    Number of faces shared with processor 34 = 480
    Number of faces shared with processor 162 = 1577
    Number of faces shared with processor 36 = 926
    Number of faces shared with processor 39 = 366
    Number of faces shared with processor 44 = 518
    Number of faces shared with processor 173 = 1405
    Number of faces shared with processor 46 = 249
    Number of faces shared with processor 47 = 527
    Number of faces shared with processor 55 = 517
    Number of faces shared with processor 62 = 1213
    Number of processor patches = 15
    Number of processor faces = 10567
    Number of boundary faces = 18695

Processor 164
    Number of cells = 127334
    Number of points = 152486
    Number of faces shared with processor 160 = 346
    Number of faces shared with processor 161 = 1482
    Number of faces shared with processor 36 = 431
    Number of faces shared with processor 165 = 1939
    Number of faces shared with processor 38 = 641
    Number of faces shared with processor 166 = 1426
    Number of faces shared with processor 39 = 692
    Number of faces shared with processor 167 = 1208
    Number of faces shared with processor 172 = 79
    Number of faces shared with processor 173 = 58
    Number of faces shared with processor 174 = 234
    Number of faces shared with processor 49 = 283
    Number of faces shared with processor 53 = 187
    Number of faces shared with processor 56 = 236
    Number of faces shared with processor 58 = 182
    Number of faces shared with processor 62 = 424
    Number of processor patches = 16
    Number of processor faces = 9848
    Number of boundary faces = 13520

Processor 165
    Number of cells = 128447
    Number of points = 154263
    Number of faces shared with processor 161 = 92
    Number of faces shared with processor 36 = 545
    Number of faces shared with processor 164 = 1939
    Number of faces shared with processor 37 = 55
    Number of faces shared with processor 167 = 420
    Number of faces shared with processor 39 = 1581
    Number of faces shared with processor 53 = 1401
    Number of faces shared with processor 58 = 383
    Number of processor patches = 8
    Number of processor faces = 6416
    Number of boundary faces = 16974

Processor 166
    Number of cells = 127442
    Number of points = 153361
    Number of faces shared with processor 160 = 1041
    Number of faces shared with processor 164 = 1426
    Number of faces shared with processor 167 = 1446
    Number of faces shared with processor 172 = 1083
    Number of faces shared with processor 174 = 168
    Number of faces shared with processor 49 = 120
    Number of faces shared with processor 188 = 726
    Number of faces shared with processor 189 = 563
    Number of faces shared with processor 191 = 776
    Number of processor patches = 9
    Number of processor faces = 7349
    Number of boundary faces = 14849

Processor 167
    Number of cells = 126569
    Number of points = 154387
    Number of faces shared with processor 164 = 1208
    Number of faces shared with processor 165 = 420
    Number of faces shared with processor 166 = 1446
    Number of faces shared with processor 49 = 460
    Number of faces shared with processor 53 = 1554
    Number of faces shared with processor 189 = 1530
    Number of faces shared with processor 489 = 258
    Number of faces shared with processor 504 = 1454
    Number of processor patches = 8
    Number of processor faces = 8330
    Number of boundary faces = 14842

Processor 168
    Number of cells = 128882
    Number of points = 151754
    Number of faces shared with processor 8 = 53
    Number of faces shared with processor 169 = 1490
    Number of faces shared with processor 170 = 754
    Number of faces shared with processor 171 = 2660
    Number of faces shared with processor 186 = 550
    Number of faces shared with processor 187 = 1382
    Number of faces shared with processor 67 = 262
    Number of faces shared with processor 208 = 1310
    Number of faces shared with processor 209 = 505
    Number of faces shared with processor 212 = 392
    Number of faces shared with processor 217 = 481
    Number of faces shared with processor 219 = 173
    Number of faces shared with processor 232 = 2031
    Number of faces shared with processor 233 = 1252
    Number of faces shared with processor 234 = 133
    Number of faces shared with processor 235 = 2332
    Number of processor patches = 16
    Number of processor faces = 15760
    Number of boundary faces = 9295

Processor 169
    Number of cells = 126739
    Number of points = 151198
    Number of faces shared with processor 168 = 1490
    Number of faces shared with processor 171 = 540
    Number of faces shared with processor 185 = 370
    Number of faces shared with processor 187 = 100
    Number of faces shared with processor 232 = 977
    Number of faces shared with processor 233 = 1427
    Number of faces shared with processor 234 = 1013
    Number of processor patches = 7
    Number of processor faces = 5917
    Number of boundary faces = 20295

Processor 170
    Number of cells = 128882
    Number of points = 150503
    Number of faces shared with processor 8 = 1294
    Number of faces shared with processor 168 = 754
    Number of faces shared with processor 171 = 1818
    Number of faces shared with processor 174 = 479
    Number of faces shared with processor 175 = 1266
    Number of faces shared with processor 66 = 316
    Number of faces shared with processor 67 = 268
    Number of faces shared with processor 212 = 450
    Number of faces shared with processor 225 = 636
    Number of faces shared with processor 232 = 1364
    Number of faces shared with processor 236 = 2445
    Number of processor patches = 11
    Number of processor faces = 11090
    Number of boundary faces = 10728

Processor 171
    Number of cells = 128882
    Number of points = 148986
    Number of faces shared with processor 8 = 458
    Number of faces shared with processor 168 = 2660
    Number of faces shared with processor 169 = 540
    Number of faces shared with processor 170 = 1818
    Number of faces shared with processor 174 = 118
    Number of faces shared with processor 175 = 2126
    Number of faces shared with processor 186 = 533
    Number of faces shared with processor 187 = 632
    Number of faces shared with processor 188 = 1316
    Number of faces shared with processor 191 = 1138
    Number of faces shared with processor 67 = 15
    Number of faces shared with processor 208 = 265
    Number of processor patches = 12
    Number of processor faces = 11619
    Number of boundary faces = 12169

Processor 172
    Number of cells = 126714
    Number of points = 150068
    Number of faces shared with processor 160 = 799
    Number of faces shared with processor 161 = 669
    Number of faces shared with processor 164 = 79
    Number of faces shared with processor 166 = 1083
    Number of faces shared with processor 173 = 1394
    Number of faces shared with processor 174 = 1572
    Number of faces shared with processor 175 = 1343
    Number of faces shared with processor 191 = 1213
    Number of processor patches = 8
    Number of processor faces = 8152
    Number of boundary faces = 13876

Processor 173
    Number of cells = 127762
    Number of points = 150906
    Number of faces shared with processor 10 = 1133
    Number of faces shared with processor 12 = 146
    Number of faces shared with processor 14 = 2233
    Number of faces shared with processor 15 = 1118
    Number of faces shared with processor 161 = 1077
    Number of faces shared with processor 162 = 598
    Number of faces shared with processor 163 = 1405
    Number of faces shared with processor 164 = 58
    Number of faces shared with processor 172 = 1394
    Number of faces shared with processor 174 = 1598
    Number of faces shared with processor 47 = 44
    Number of faces shared with processor 62 = 762
    Number of processor patches = 12
    Number of processor faces = 11566
    Number of boundary faces = 11722

Processor 174
    Number of cells = 128849
    Number of points = 150328
    Number of faces shared with processor 8 = 1076
    Number of faces shared with processor 9 = 498
    Number of faces shared with processor 10 = 2703
    Number of faces shared with processor 15 = 182
    Number of faces shared with processor 164 = 234
    Number of faces shared with processor 166 = 168
    Number of faces shared with processor 170 = 479
    Number of faces shared with processor 171 = 118
    Number of faces shared with processor 172 = 1572
    Number of faces shared with processor 173 = 1598
    Number of faces shared with processor 175 = 2559
    Number of faces shared with processor 49 = 165
    Number of faces shared with processor 62 = 306
    Number of faces shared with processor 191 = 462
    Number of faces shared with processor 236 = 230
    Number of faces shared with processor 237 = 3028
    Number of processor patches = 16
    Number of processor faces = 15378
    Number of boundary faces = 10706

Processor 175
    Number of cells = 128242
    Number of points = 146077
    Number of faces shared with processor 8 = 1373
    Number of faces shared with processor 170 = 1266
    Number of faces shared with processor 171 = 2126
    Number of faces shared with processor 172 = 1343
    Number of faces shared with processor 174 = 2559
    Number of faces shared with processor 191 = 1313
    Number of faces shared with processor 237 = 568
    Number of processor patches = 7
    Number of processor faces = 10548
    Number of boundary faces = 11313

Processor 176
    Number of cells = 128239
    Number of points = 156202
    Number of faces shared with processor 177 = 1860
    Number of faces shared with processor 178 = 2331
    Number of faces shared with processor 179 = 1435
    Number of faces shared with processor 180 = 80
    Number of faces shared with processor 183 = 438
    Number of faces shared with processor 185 = 943
    Number of faces shared with processor 186 = 1045
    Number of faces shared with processor 187 = 1187
    Number of faces shared with processor 188 = 1968
    Number of faces shared with processor 191 = 146
    Number of processor patches = 10
    Number of processor faces = 11433
    Number of boundary faces = 14757

Processor 177
    Number of cells = 126805
    Number of points = 151092
    Number of faces shared with processor 176 = 1860
    Number of faces shared with processor 178 = 114
    Number of faces shared with processor 182 = 943
    Number of faces shared with processor 183 = 122
    Number of faces shared with processor 185 = 1181
    Number of faces shared with processor 187 = 467
    Number of processor patches = 6
    Number of processor faces = 4687
    Number of boundary faces = 20364

Processor 178
    Number of cells = 128381
    Number of points = 156239
    Number of faces shared with processor 138 = 112
    Number of faces shared with processor 139 = 107
    Number of faces shared with processor 140 = 1237
    Number of faces shared with processor 142 = 1107
    Number of faces shared with processor 143 = 963
    Number of faces shared with processor 176 = 2331
    Number of faces shared with processor 177 = 114
    Number of faces shared with processor 179 = 2224
    Number of faces shared with processor 180 = 3253
    Number of faces shared with processor 181 = 358
    Number of faces shared with processor 182 = 417
    Number of faces shared with processor 183 = 462
    Number of faces shared with processor 188 = 1018
    Number of faces shared with processor 189 = 363
    Number of faces shared with processor 191 = 147
    Number of faces shared with processor 500 = 10
    Number of processor patches = 16
    Number of processor faces = 14223
    Number of boundary faces = 14496

Processor 179
    Number of cells = 128768
    Number of points = 154764
    Number of faces shared with processor 128 = 151
    Number of faces shared with processor 129 = 415
    Number of faces shared with processor 133 = 130
    Number of faces shared with processor 134 = 256
    Number of faces shared with processor 139 = 111
    Number of faces shared with processor 140 = 224
    Number of faces shared with processor 142 = 1356
    Number of faces shared with processor 154 = 25
    Number of faces shared with processor 176 = 1435
    Number of faces shared with processor 178 = 2224
    Number of faces shared with processor 180 = 645
    Number of faces shared with processor 185 = 1073
    Number of faces shared with processor 186 = 217
    Number of faces shared with processor 191 = 601
    Number of processor patches = 14
    Number of processor faces = 8863
    Number of boundary faces = 13513

Processor 180
    Number of cells = 128052
    Number of points = 153812
    Number of faces shared with processor 139 = 66
    Number of faces shared with processor 176 = 80
    Number of faces shared with processor 178 = 3253
    Number of faces shared with processor 179 = 645
    Number of faces shared with processor 181 = 2202
    Number of faces shared with processor 182 = 698
    Number of faces shared with processor 183 = 1965
    Number of faces shared with processor 189 = 1350
    Number of faces shared with processor 191 = 542
    Number of faces shared with processor 500 = 487
    Number of faces shared with processor 504 = 303
    Number of processor patches = 11
    Number of processor faces = 11591
    Number of boundary faces = 12289

Processor 181
    Number of cells = 128566
    Number of points = 156530
    Number of faces shared with processor 138 = 803
    Number of faces shared with processor 140 = 415
    Number of faces shared with processor 178 = 358
    Number of faces shared with processor 180 = 2202
    Number of faces shared with processor 182 = 1223
    Number of faces shared with processor 183 = 620
    Number of faces shared with processor 500 = 1478
    Number of faces shared with processor 502 = 1852
    Number of processor patches = 8
    Number of processor faces = 8951
    Number of boundary faces = 16032

Processor 182
    Number of cells = 127253
    Number of points = 150141
    Number of faces shared with processor 177 = 943
    Number of faces shared with processor 178 = 417
    Number of faces shared with processor 180 = 698
    Number of faces shared with processor 181 = 1223
    Number of faces shared with processor 183 = 2274
    Number of processor patches = 5
    Number of processor faces = 5555
    Number of boundary faces = 19175

Processor 183
    Number of cells = 127295
    Number of points = 155913
    Number of faces shared with processor 176 = 438
    Number of faces shared with processor 177 = 122
    Number of faces shared with processor 178 = 462
    Number of faces shared with processor 180 = 1965
    Number of faces shared with processor 181 = 620
    Number of faces shared with processor 182 = 2274
    Number of faces shared with processor 189 = 888
    Number of faces shared with processor 500 = 396
    Number of faces shared with processor 505 = 1891
    Number of processor patches = 9
    Number of processor faces = 9056
    Number of boundary faces = 18120

Processor 184
    Number of cells = 126914
    Number of points = 153568
    Number of faces shared with processor 142 = 1474
    Number of faces shared with processor 148 = 615
    Number of faces shared with processor 149 = 349
    Number of faces shared with processor 154 = 673
    Number of faces shared with processor 157 = 577
    Number of faces shared with processor 185 = 2568
    Number of faces shared with processor 186 = 1169
    Number of faces shared with processor 187 = 274
    Number of faces shared with processor 190 = 1198
    Number of processor patches = 9
    Number of processor faces = 8897
    Number of boundary faces = 15022

Processor 185
    Number of cells = 126382
    Number of points = 155214
    Number of faces shared with processor 142 = 1482
    Number of faces shared with processor 154 = 30
    Number of faces shared with processor 169 = 370
    Number of faces shared with processor 176 = 943
    Number of faces shared with processor 177 = 1181
    Number of faces shared with processor 179 = 1073
    Number of faces shared with processor 184 = 2568
    Number of faces shared with processor 186 = 370
    Number of faces shared with processor 187 = 1670
    Number of processor patches = 9
    Number of processor faces = 9687
    Number of boundary faces = 17812

Processor 186
    Number of cells = 127280
    Number of points = 156014
    Number of faces shared with processor 154 = 163
    Number of faces shared with processor 168 = 550
    Number of faces shared with processor 171 = 533
    Number of faces shared with processor 176 = 1045
    Number of faces shared with processor 179 = 217
    Number of faces shared with processor 184 = 1169
    Number of faces shared with processor 185 = 370
    Number of faces shared with processor 187 = 2434
    Number of faces shared with processor 188 = 727
    Number of faces shared with processor 190 = 667
    Number of faces shared with processor 191 = 438
    Number of faces shared with processor 208 = 98
    Number of faces shared with processor 235 = 1508
    Number of processor patches = 13
    Number of processor faces = 9919
    Number of boundary faces = 13061

Processor 187
    Number of cells = 126426
    Number of points = 153398
    Number of faces shared with processor 168 = 1382
    Number of faces shared with processor 169 = 100
    Number of faces shared with processor 171 = 632
    Number of faces shared with processor 176 = 1187
    Number of faces shared with processor 177 = 467
    Number of faces shared with processor 184 = 274
    Number of faces shared with processor 185 = 1670
    Number of faces shared with processor 186 = 2434
    Number of faces shared with processor 188 = 762
    Number of processor patches = 9
    Number of processor faces = 8908
    Number of boundary faces = 17362

Processor 188
    Number of cells = 127283
    Number of points = 150938
    Number of faces shared with processor 166 = 726
    Number of faces shared with processor 171 = 1316
    Number of faces shared with processor 176 = 1968
    Number of faces shared with processor 178 = 1018
    Number of faces shared with processor 186 = 727
    Number of faces shared with processor 187 = 762
    Number of faces shared with processor 189 = 587
    Number of faces shared with processor 191 = 2727
    Number of processor patches = 8
    Number of processor faces = 9831
    Number of boundary faces = 12507

Processor 189
    Number of cells = 127403
    Number of points = 150834
    Number of faces shared with processor 166 = 563
    Number of faces shared with processor 167 = 1530
    Number of faces shared with processor 49 = 31
    Number of faces shared with processor 178 = 363
    Number of faces shared with processor 180 = 1350
    Number of faces shared with processor 183 = 888
    Number of faces shared with processor 188 = 587
    Number of faces shared with processor 191 = 223
    Number of faces shared with processor 500 = 215
    Number of faces shared with processor 504 = 2300
    Number of faces shared with processor 505 = 452
    Number of processor patches = 11
    Number of processor faces = 8502
    Number of boundary faces = 14350

Processor 190
    Number of cells = 126761
    Number of points = 150549
    Number of faces shared with processor 148 = 247
    Number of faces shared with processor 149 = 1126
    Number of faces shared with processor 154 = 407
    Number of faces shared with processor 155 = 462
    Number of faces shared with processor 184 = 1198
    Number of faces shared with processor 186 = 667
    Number of faces shared with processor 216 = 1125
    Number of faces shared with processor 235 = 1232
    Number of processor patches = 8
    Number of processor faces = 6464
    Number of boundary faces = 18905

Processor 191
    Number of cells = 128876
    Number of points = 155278
    Number of faces shared with processor 133 = 1507
    Number of faces shared with processor 134 = 769
    Number of faces shared with processor 139 = 167
    Number of faces shared with processor 154 = 379
    Number of faces shared with processor 155 = 2070
    Number of faces shared with processor 166 = 776
    Number of faces shared with processor 171 = 1138
    Number of faces shared with processor 172 = 1213
    Number of faces shared with processor 174 = 462
    Number of faces shared with processor 175 = 1313
    Number of faces shared with processor 176 = 146
    Number of faces shared with processor 49 = 189
    Number of faces shared with processor 178 = 147
    Number of faces shared with processor 179 = 601
    Number of faces shared with processor 180 = 542
    Number of faces shared with processor 186 = 438
    Number of faces shared with processor 188 = 2727
    Number of faces shared with processor 189 = 223
    Number of faces shared with processor 208 = 205
    Number of faces shared with processor 219 = 796
    Number of faces shared with processor 235 = 334
    Number of faces shared with processor 500 = 32
    Number of faces shared with processor 504 = 264
    Number of processor patches = 23
    Number of processor faces = 16438
    Number of boundary faces = 13761

Processor 192
    Number of cells = 128217
    Number of points = 137820
    Number of faces shared with processor 193 = 3039
    Number of faces shared with processor 194 = 2821
    Number of faces shared with processor 196 = 145
    Number of faces shared with processor 197 = 92
    Number of faces shared with processor 210 = 39
    Number of faces shared with processor 214 = 2072
    Number of faces shared with processor 221 = 11
    Number of faces shared with processor 222 = 611
    Number of faces shared with processor 223 = 2111
    Number of faces shared with processor 224 = 61
    Number of processor patches = 10
    Number of processor faces = 11002
    Number of boundary faces = 0

Processor 193
    Number of cells = 127350
    Number of points = 149694
    Number of faces shared with processor 192 = 3039
    Number of faces shared with processor 194 = 1046
    Number of faces shared with processor 196 = 1280
    Number of faces shared with processor 197 = 3522
    Number of faces shared with processor 72 = 704
    Number of faces shared with processor 214 = 471
    Number of faces shared with processor 223 = 1203
    Number of faces shared with processor 224 = 2245
    Number of faces shared with processor 228 = 2796
    Number of faces shared with processor 229 = 397
    Number of faces shared with processor 231 = 370
    Number of processor patches = 11
    Number of processor faces = 17073
    Number of boundary faces = 6895

Processor 194
    Number of cells = 128882
    Number of points = 142305
    Number of faces shared with processor 192 = 2821
    Number of faces shared with processor 193 = 1046
    Number of faces shared with processor 195 = 2641
    Number of faces shared with processor 196 = 1759
    Number of faces shared with processor 197 = 1855
    Number of faces shared with processor 72 = 1649
    Number of faces shared with processor 200 = 16
    Number of faces shared with processor 75 = 884
    Number of faces shared with processor 203 = 25
    Number of faces shared with processor 204 = 1709
    Number of faces shared with processor 210 = 76
    Number of faces shared with processor 214 = 1025
    Number of faces shared with processor 228 = 865
    Number of faces shared with processor 241 = 532
    Number of faces shared with processor 244 = 88
    Number of faces shared with processor 124 = 628
    Number of faces shared with processor 126 = 5
    Number of processor patches = 17
    Number of processor faces = 17624
    Number of boundary faces = 0

Processor 195
    Number of cells = 128098
    Number of points = 143005
    Number of faces shared with processor 194 = 2641
    Number of faces shared with processor 196 = 2283
    Number of faces shared with processor 197 = 1950
    Number of faces shared with processor 198 = 1107
    Number of faces shared with processor 203 = 1545
    Number of faces shared with processor 204 = 775
    Number of faces shared with processor 206 = 2752
    Number of faces shared with processor 207 = 2063
    Number of faces shared with processor 228 = 1068
    Number of faces shared with processor 241 = 337
    Number of processor patches = 10
    Number of processor faces = 16521
    Number of boundary faces = 2850

Processor 196
    Number of cells = 128056
    Number of points = 139413
    Number of faces shared with processor 192 = 145
    Number of faces shared with processor 193 = 1280
    Number of faces shared with processor 194 = 1759
    Number of faces shared with processor 195 = 2283
    Number of faces shared with processor 197 = 2893
    Number of faces shared with processor 198 = 2770
    Number of faces shared with processor 199 = 1538
    Number of faces shared with processor 200 = 23
    Number of faces shared with processor 203 = 3
    Number of faces shared with processor 75 = 15
    Number of faces shared with processor 207 = 83
    Number of faces shared with processor 210 = 3
    Number of faces shared with processor 221 = 1818
    Number of faces shared with processor 223 = 2441
    Number of processor patches = 14
    Number of processor faces = 17054
    Number of boundary faces = 626

Processor 197
    Number of cells = 126611
    Number of points = 148577
    Number of faces shared with processor 192 = 92
    Number of faces shared with processor 193 = 3522
    Number of faces shared with processor 194 = 1855
    Number of faces shared with processor 195 = 1950
    Number of faces shared with processor 196 = 2893
    Number of faces shared with processor 199 = 1159
    Number of faces shared with processor 220 = 42
    Number of faces shared with processor 223 = 1633
    Number of faces shared with processor 228 = 1831
    Number of faces shared with processor 229 = 15
    Number of processor patches = 10
    Number of processor faces = 14992
    Number of boundary faces = 9826

Processor 198
    Number of cells = 128693
    Number of points = 145172
    Number of faces shared with processor 144 = 1920
    Number of faces shared with processor 146 = 296
    Number of faces shared with processor 195 = 1107
    Number of faces shared with processor 196 = 2770
    Number of faces shared with processor 199 = 2612
    Number of faces shared with processor 200 = 490
    Number of faces shared with processor 201 = 262
    Number of faces shared with processor 203 = 2793
    Number of faces shared with processor 207 = 1878
    Number of faces shared with processor 221 = 439
    Number of processor patches = 10
    Number of processor faces = 14567
    Number of boundary faces = 5670

Processor 199
    Number of cells = 128881
    Number of points = 150218
    Number of faces shared with processor 144 = 1147
    Number of faces shared with processor 148 = 693
    Number of faces shared with processor 149 = 634
    Number of faces shared with processor 152 = 690
    Number of faces shared with processor 196 = 1538
    Number of faces shared with processor 197 = 1159
    Number of faces shared with processor 198 = 2612
    Number of faces shared with processor 200 = 76
    Number of faces shared with processor 216 = 1116
    Number of faces shared with processor 218 = 6
    Number of faces shared with processor 220 = 1131
    Number of faces shared with processor 221 = 3296
    Number of faces shared with processor 223 = 277
    Number of processor patches = 13
    Number of processor faces = 14375
    Number of boundary faces = 10400

Processor 200
    Number of cells = 127455
    Number of points = 150122
    Number of faces shared with processor 137 = 1358
    Number of faces shared with processor 144 = 1452
    Number of faces shared with processor 158 = 39
    Number of faces shared with processor 300 = 218
    Number of faces shared with processor 301 = 528
    Number of faces shared with processor 305 = 40
    Number of faces shared with processor 306 = 1328
    Number of faces shared with processor 307 = 1662
    Number of faces shared with processor 308 = 738
    Number of faces shared with processor 194 = 16
    Number of faces shared with processor 196 = 23
    Number of faces shared with processor 198 = 490
    Number of faces shared with processor 199 = 76
    Number of faces shared with processor 201 = 2762
    Number of faces shared with processor 202 = 163
    Number of faces shared with processor 203 = 946
    Number of faces shared with processor 75 = 171
    Number of faces shared with processor 207 = 82
    Number of faces shared with processor 211 = 1364
    Number of faces shared with processor 218 = 957
    Number of faces shared with processor 221 = 686
    Number of processor patches = 21
    Number of processor faces = 15099
    Number of boundary faces = 9033

Processor 201
    Number of cells = 128560
    Number of points = 141239
    Number of faces shared with processor 144 = 1887
    Number of faces shared with processor 146 = 1640
    Number of faces shared with processor 147 = 87
    Number of faces shared with processor 300 = 1298
    Number of faces shared with processor 301 = 1149
    Number of faces shared with processor 305 = 1414
    Number of faces shared with processor 306 = 172
    Number of faces shared with processor 307 = 2572
    Number of faces shared with processor 308 = 1372
    Number of faces shared with processor 198 = 262
    Number of faces shared with processor 200 = 2762
    Number of faces shared with processor 202 = 910
    Number of faces shared with processor 203 = 2226
    Number of processor patches = 13
    Number of processor faces = 17751
    Number of boundary faces = 1278

Processor 202
    Number of cells = 126712
    Number of points = 141239
    Number of faces shared with processor 260 = 992
    Number of faces shared with processor 261 = 386
    Number of faces shared with processor 305 = 2418
    Number of faces shared with processor 306 = 3725
    Number of faces shared with processor 317 = 609
    Number of faces shared with processor 200 = 163
    Number of faces shared with processor 201 = 910
    Number of faces shared with processor 75 = 20
    Number of faces shared with processor 203 = 2733
    Number of faces shared with processor 204 = 886
    Number of faces shared with processor 205 = 1930
    Number of faces shared with processor 206 = 47
    Number of faces shared with processor 207 = 468
    Number of processor patches = 13
    Number of processor faces = 15287
    Number of boundary faces = 4263

Processor 203
    Number of cells = 127330
    Number of points = 140914
    Number of faces shared with processor 144 = 64
    Number of faces shared with processor 146 = 894
    Number of faces shared with processor 306 = 180
    Number of faces shared with processor 194 = 25
    Number of faces shared with processor 195 = 1545
    Number of faces shared with processor 196 = 3
    Number of faces shared with processor 198 = 2793
    Number of faces shared with processor 200 = 946
    Number of faces shared with processor 201 = 2226
    Number of faces shared with processor 202 = 2733
    Number of faces shared with processor 75 = 34
    Number of faces shared with processor 204 = 386
    Number of faces shared with processor 205 = 2
    Number of faces shared with processor 206 = 513
    Number of faces shared with processor 207 = 3103
    Number of processor patches = 15
    Number of processor faces = 15447
    Number of boundary faces = 3918

Processor 204
    Number of cells = 128482
    Number of points = 143736
    Number of faces shared with processor 260 = 1125
    Number of faces shared with processor 261 = 3110
    Number of faces shared with processor 262 = 41
    Number of faces shared with processor 263 = 146
    Number of faces shared with processor 305 = 114
    Number of faces shared with processor 194 = 1709
    Number of faces shared with processor 195 = 775
    Number of faces shared with processor 202 = 886
    Number of faces shared with processor 203 = 386
    Number of faces shared with processor 75 = 893
    Number of faces shared with processor 205 = 2015
    Number of faces shared with processor 206 = 1292
    Number of faces shared with processor 240 = 2811
    Number of faces shared with processor 241 = 1185
    Number of faces shared with processor 242 = 880
    Number of faces shared with processor 244 = 3
    Number of processor patches = 16
    Number of processor faces = 17371
    Number of boundary faces = 0

Processor 205
    Number of cells = 126353
    Number of points = 152027
    Number of faces shared with processor 260 = 189
    Number of faces shared with processor 261 = 1923
    Number of faces shared with processor 306 = 455
    Number of faces shared with processor 202 = 1930
    Number of faces shared with processor 203 = 2
    Number of faces shared with processor 204 = 2015
    Number of faces shared with processor 206 = 1606
    Number of faces shared with processor 207 = 1192
    Number of faces shared with processor 240 = 899
    Number of processor patches = 9
    Number of processor faces = 10211
    Number of boundary faces = 13186

Processor 206
    Number of cells = 126613
    Number of points = 154400
    Number of faces shared with processor 195 = 2752
    Number of faces shared with processor 202 = 47
    Number of faces shared with processor 203 = 513
    Number of faces shared with processor 204 = 1292
    Number of faces shared with processor 205 = 1606
    Number of faces shared with processor 207 = 1861
    Number of faces shared with processor 228 = 1168
    Number of faces shared with processor 240 = 892
    Number of faces shared with processor 241 = 2000
    Number of processor patches = 9
    Number of processor faces = 12131
    Number of boundary faces = 10872

Processor 207
    Number of cells = 126471
    Number of points = 148463
    Number of faces shared with processor 306 = 945
    Number of faces shared with processor 195 = 2063
    Number of faces shared with processor 196 = 83
    Number of faces shared with processor 198 = 1878
    Number of faces shared with processor 200 = 82
    Number of faces shared with processor 202 = 468
    Number of faces shared with processor 203 = 3103
    Number of faces shared with processor 205 = 1192
    Number of faces shared with processor 206 = 1861
    Number of processor patches = 9
    Number of processor faces = 11675
    Number of boundary faces = 12771

Processor 208
    Number of cells = 127885
    Number of points = 139086
    Number of faces shared with processor 168 = 1310
    Number of faces shared with processor 171 = 265
    Number of faces shared with processor 186 = 98
    Number of faces shared with processor 191 = 205
    Number of faces shared with processor 67 = 8
    Number of faces shared with processor 209 = 3730
    Number of faces shared with processor 210 = 760
    Number of faces shared with processor 212 = 945
    Number of faces shared with processor 217 = 1508
    Number of faces shared with processor 218 = 625
    Number of faces shared with processor 219 = 2186
    Number of faces shared with processor 235 = 251
    Number of processor patches = 12
    Number of processor faces = 11891
    Number of boundary faces = 5181

Processor 209
    Number of cells = 128705
    Number of points = 138910
    Number of faces shared with processor 168 = 505
    Number of faces shared with processor 208 = 3730
    Number of faces shared with processor 210 = 1145
    Number of faces shared with processor 212 = 1171
    Number of faces shared with processor 217 = 2698
    Number of faces shared with processor 218 = 299
    Number of faces shared with processor 220 = 1442
    Number of faces shared with processor 221 = 295
    Number of faces shared with processor 222 = 2325
    Number of faces shared with processor 232 = 7
    Number of faces shared with processor 233 = 899
    Number of processor patches = 11
    Number of processor faces = 14516
    Number of boundary faces = 0

Processor 210
    Number of cells = 126458
    Number of points = 141223
    Number of faces shared with processor 192 = 39
    Number of faces shared with processor 194 = 76
    Number of faces shared with processor 196 = 3
    Number of faces shared with processor 75 = 48
    Number of faces shared with processor 208 = 760
    Number of faces shared with processor 209 = 1145
    Number of faces shared with processor 211 = 768
    Number of faces shared with processor 212 = 1527
    Number of faces shared with processor 213 = 2964
    Number of faces shared with processor 214 = 81
    Number of faces shared with processor 215 = 174
    Number of faces shared with processor 218 = 1946
    Number of faces shared with processor 221 = 269
    Number of faces shared with processor 222 = 618
    Number of faces shared with processor 223 = 2
    Number of faces shared with processor 124 = 34
    Number of faces shared with processor 126 = 1591
    Number of processor patches = 17
    Number of processor faces = 12045
    Number of boundary faces = 7130

Processor 211
    Number of cells = 127947
    Number of points = 145348
    Number of faces shared with processor 136 = 218
    Number of faces shared with processor 137 = 1267
    Number of faces shared with processor 273 = 5
    Number of faces shared with processor 288 = 1358
    Number of faces shared with processor 290 = 19
    Number of faces shared with processor 291 = 24
    Number of faces shared with processor 293 = 446
    Number of faces shared with processor 294 = 1522
    Number of faces shared with processor 298 = 650
    Number of faces shared with processor 300 = 175
    Number of faces shared with processor 301 = 88
    Number of faces shared with processor 302 = 918
    Number of faces shared with processor 303 = 161
    Number of faces shared with processor 305 = 18
    Number of faces shared with processor 308 = 855
    Number of faces shared with processor 200 = 1364
    Number of faces shared with processor 75 = 285
    Number of faces shared with processor 210 = 768
    Number of faces shared with processor 218 = 512
    Number of faces shared with processor 126 = 83
    Number of processor patches = 20
    Number of processor faces = 10736
    Number of boundary faces = 10873

Processor 212
    Number of cells = 128417
    Number of points = 138954
    Number of faces shared with processor 168 = 392
    Number of faces shared with processor 170 = 450
    Number of faces shared with processor 65 = 407
    Number of faces shared with processor 66 = 4370
    Number of faces shared with processor 67 = 2481
    Number of faces shared with processor 78 = 178
    Number of faces shared with processor 208 = 945
    Number of faces shared with processor 209 = 1171
    Number of faces shared with processor 210 = 1527
    Number of faces shared with processor 213 = 2685
    Number of faces shared with processor 214 = 136
    Number of faces shared with processor 220 = 50
    Number of faces shared with processor 222 = 1075
    Number of faces shared with processor 225 = 870
    Number of faces shared with processor 231 = 59
    Number of faces shared with processor 232 = 426
    Number of faces shared with processor 233 = 49
    Number of faces shared with processor 236 = 19
    Number of processor patches = 18
    Number of processor faces = 17290
    Number of boundary faces = 3200

Processor 213
    Number of cells = 128217
    Number of points = 141607
    Number of faces shared with processor 64 = 46
    Number of faces shared with processor 65 = 4021
    Number of faces shared with processor 66 = 1412
    Number of faces shared with processor 210 = 2964
    Number of faces shared with processor 212 = 2685
    Number of faces shared with processor 214 = 567
    Number of faces shared with processor 215 = 1218
    Number of faces shared with processor 222 = 538
    Number of faces shared with processor 124 = 1241
    Number of faces shared with processor 126 = 1208
    Number of processor patches = 10
    Number of processor faces = 15900
    Number of boundary faces = 4451

Processor 214
    Number of cells = 128864
    Number of points = 139778
    Number of faces shared with processor 64 = 1263
    Number of faces shared with processor 192 = 2072
    Number of faces shared with processor 193 = 471
    Number of faces shared with processor 194 = 1025
    Number of faces shared with processor 66 = 1183
    Number of faces shared with processor 72 = 2570
    Number of faces shared with processor 73 = 60
    Number of faces shared with processor 78 = 1008
    Number of faces shared with processor 210 = 81
    Number of faces shared with processor 212 = 136
    Number of faces shared with processor 213 = 567
    Number of faces shared with processor 215 = 4323
    Number of faces shared with processor 222 = 1530
    Number of faces shared with processor 223 = 128
    Number of faces shared with processor 224 = 490
    Number of faces shared with processor 225 = 217
    Number of faces shared with processor 231 = 515
    Number of faces shared with processor 124 = 493
    Number of processor patches = 18
    Number of processor faces = 18132
    Number of boundary faces = 0

Processor 215
    Number of cells = 128605
    Number of points = 140500
    Number of faces shared with processor 64 = 4065
    Number of faces shared with processor 65 = 683
    Number of faces shared with processor 66 = 239
    Number of faces shared with processor 72 = 709
    Number of faces shared with processor 73 = 701
    Number of faces shared with processor 210 = 174
    Number of faces shared with processor 213 = 1218
    Number of faces shared with processor 214 = 4323
    Number of faces shared with processor 91 = 1442
    Number of faces shared with processor 120 = 2224
    Number of faces shared with processor 121 = 895
    Number of faces shared with processor 124 = 624
    Number of faces shared with processor 126 = 204
    Number of processor patches = 13
    Number of processor faces = 17501
    Number of boundary faces = 0

Processor 216
    Number of cells = 128844
    Number of points = 155311
    Number of faces shared with processor 149 = 1258
    Number of faces shared with processor 152 = 1597
    Number of faces shared with processor 155 = 2754
    Number of faces shared with processor 190 = 1125
    Number of faces shared with processor 199 = 1116
    Number of faces shared with processor 217 = 3006
    Number of faces shared with processor 218 = 530
    Number of faces shared with processor 219 = 711
    Number of faces shared with processor 220 = 616
    Number of faces shared with processor 221 = 1491
    Number of faces shared with processor 235 = 1029
    Number of processor patches = 11
    Number of processor faces = 15233
    Number of boundary faces = 12177

Processor 217
    Number of cells = 128954
    Number of points = 143163
    Number of faces shared with processor 168 = 481
    Number of faces shared with processor 208 = 1508
    Number of faces shared with processor 209 = 2698
    Number of faces shared with processor 216 = 3006
    Number of faces shared with processor 218 = 1385
    Number of faces shared with processor 219 = 2432
    Number of faces shared with processor 220 = 1998
    Number of faces shared with processor 221 = 1927
    Number of faces shared with processor 233 = 452
    Number of faces shared with processor 234 = 29
    Number of faces shared with processor 235 = 1137
    Number of processor patches = 11
    Number of processor faces = 17053
    Number of boundary faces = 2800

Processor 218
    Number of cells = 128879
    Number of points = 143370
    Number of faces shared with processor 130 = 39
    Number of faces shared with processor 132 = 643
    Number of faces shared with processor 135 = 1154
    Number of faces shared with processor 137 = 2991
    Number of faces shared with processor 138 = 9
    Number of faces shared with processor 144 = 151
    Number of faces shared with processor 152 = 1534
    Number of faces shared with processor 153 = 316
    Number of faces shared with processor 199 = 6
    Number of faces shared with processor 200 = 957
    Number of faces shared with processor 75 = 30
    Number of faces shared with processor 208 = 625
    Number of faces shared with processor 209 = 299
    Number of faces shared with processor 210 = 1946
    Number of faces shared with processor 211 = 512
    Number of faces shared with processor 216 = 530
    Number of faces shared with processor 217 = 1385
    Number of faces shared with processor 219 = 3074
    Number of faces shared with processor 221 = 1595
    Number of processor patches = 19
    Number of processor faces = 17796
    Number of boundary faces = 4129

Processor 219
    Number of cells = 128882
    Number of points = 139243
    Number of faces shared with processor 132 = 155
    Number of faces shared with processor 133 = 86
    Number of faces shared with processor 135 = 1227
    Number of faces shared with processor 152 = 128
    Number of faces shared with processor 153 = 37
    Number of faces shared with processor 155 = 1513
    Number of faces shared with processor 168 = 173
    Number of faces shared with processor 191 = 796
    Number of faces shared with processor 208 = 2186
    Number of faces shared with processor 216 = 711
    Number of faces shared with processor 217 = 2432
    Number of faces shared with processor 218 = 3074
    Number of faces shared with processor 235 = 912
    Number of processor patches = 13
    Number of processor faces = 13430
    Number of boundary faces = 3956

Processor 220
    Number of cells = 128871
    Number of points = 148573
    Number of faces shared with processor 197 = 42
    Number of faces shared with processor 199 = 1131
    Number of faces shared with processor 209 = 1442
    Number of faces shared with processor 212 = 50
    Number of faces shared with processor 216 = 616
    Number of faces shared with processor 217 = 1998
    Number of faces shared with processor 221 = 1912
    Number of faces shared with processor 222 = 2213
    Number of faces shared with processor 223 = 1785
    Number of faces shared with processor 224 = 396
    Number of faces shared with processor 225 = 2072
    Number of faces shared with processor 232 = 288
    Number of faces shared with processor 233 = 1079
    Number of processor patches = 13
    Number of processor faces = 15024
    Number of boundary faces = 9213

Processor 221
    Number of cells = 128882
    Number of points = 140633
    Number of faces shared with processor 152 = 197
    Number of faces shared with processor 192 = 11
    Number of faces shared with processor 196 = 1818
    Number of faces shared with processor 198 = 439
    Number of faces shared with processor 199 = 3296
    Number of faces shared with processor 200 = 686
    Number of faces shared with processor 75 = 42
    Number of faces shared with processor 209 = 295
    Number of faces shared with processor 210 = 269
    Number of faces shared with processor 216 = 1491
    Number of faces shared with processor 217 = 1927
    Number of faces shared with processor 218 = 1595
    Number of faces shared with processor 220 = 1912
    Number of faces shared with processor 222 = 1364
    Number of faces shared with processor 223 = 1965
    Number of processor patches = 15
    Number of processor faces = 17307
    Number of boundary faces = 0

Processor 222
    Number of cells = 128882
    Number of points = 140040
    Number of faces shared with processor 192 = 611
    Number of faces shared with processor 66 = 173
    Number of faces shared with processor 209 = 2325
    Number of faces shared with processor 210 = 618
    Number of faces shared with processor 212 = 1075
    Number of faces shared with processor 213 = 538
    Number of faces shared with processor 214 = 1530
    Number of faces shared with processor 220 = 2213
    Number of faces shared with processor 221 = 1364
    Number of faces shared with processor 223 = 3955
    Number of faces shared with processor 224 = 145
    Number of faces shared with processor 225 = 518
    Number of processor patches = 12
    Number of processor faces = 15065
    Number of boundary faces = 0

Processor 223
    Number of cells = 128852
    Number of points = 143730
    Number of faces shared with processor 192 = 2111
    Number of faces shared with processor 193 = 1203
    Number of faces shared with processor 196 = 2441
    Number of faces shared with processor 197 = 1633
    Number of faces shared with processor 199 = 277
    Number of faces shared with processor 210 = 2
    Number of faces shared with processor 214 = 128
    Number of faces shared with processor 220 = 1785
    Number of faces shared with processor 221 = 1965
    Number of faces shared with processor 222 = 3955
    Number of faces shared with processor 224 = 1305
    Number of faces shared with processor 225 = 46
    Number of processor patches = 12
    Number of processor faces = 16851
    Number of boundary faces = 3584

Processor 224
    Number of cells = 126392
    Number of points = 147868
    Number of faces shared with processor 192 = 61
    Number of faces shared with processor 193 = 2245
    Number of faces shared with processor 78 = 92
    Number of faces shared with processor 214 = 490
    Number of faces shared with processor 220 = 396
    Number of faces shared with processor 222 = 145
    Number of faces shared with processor 223 = 1305
    Number of faces shared with processor 225 = 3227
    Number of faces shared with processor 228 = 78
    Number of faces shared with processor 231 = 2657
    Number of faces shared with processor 239 = 904
    Number of processor patches = 11
    Number of processor faces = 11600
    Number of boundary faces = 11729

Processor 225
    Number of cells = 127672
    Number of points = 146681
    Number of faces shared with processor 170 = 636
    Number of faces shared with processor 78 = 294
    Number of faces shared with processor 212 = 870
    Number of faces shared with processor 214 = 217
    Number of faces shared with processor 220 = 2072
    Number of faces shared with processor 222 = 518
    Number of faces shared with processor 223 = 46
    Number of faces shared with processor 224 = 3227
    Number of faces shared with processor 231 = 102
    Number of faces shared with processor 232 = 1627
    Number of faces shared with processor 236 = 1249
    Number of faces shared with processor 239 = 510
    Number of processor patches = 12
    Number of processor faces = 11368
    Number of boundary faces = 10264

Processor 226
    Number of cells = 126754
    Number of points = 146498
    Number of faces shared with processor 1 = 23
    Number of faces shared with processor 2 = 153
    Number of faces shared with processor 72 = 155
    Number of faces shared with processor 73 = 634
    Number of faces shared with processor 74 = 636
    Number of faces shared with processor 78 = 1614
    Number of faces shared with processor 79 = 39
    Number of faces shared with processor 227 = 3074
    Number of faces shared with processor 230 = 2390
    Number of faces shared with processor 238 = 1045
    Number of faces shared with processor 239 = 620
    Number of faces shared with processor 244 = 91
    Number of faces shared with processor 246 = 1494
    Number of faces shared with processor 247 = 1056
    Number of processor patches = 14
    Number of processor faces = 13024
    Number of boundary faces = 8474

Processor 227
    Number of cells = 128843
    Number of points = 152115
    Number of faces shared with processor 1 = 1525
    Number of faces shared with processor 2 = 1702
    Number of faces shared with processor 5 = 1721
    Number of faces shared with processor 6 = 7
    Number of faces shared with processor 7 = 76
    Number of faces shared with processor 73 = 413
    Number of faces shared with processor 74 = 511
    Number of faces shared with processor 76 = 288
    Number of faces shared with processor 79 = 512
    Number of faces shared with processor 226 = 3074
    Number of faces shared with processor 238 = 1183
    Number of faces shared with processor 246 = 336
    Number of faces shared with processor 247 = 561
    Number of processor patches = 13
    Number of processor faces = 11909
    Number of boundary faces = 9893

Processor 228
    Number of cells = 126457
    Number of points = 148807
    Number of faces shared with processor 193 = 2796
    Number of faces shared with processor 194 = 865
    Number of faces shared with processor 195 = 1068
    Number of faces shared with processor 197 = 1831
    Number of faces shared with processor 72 = 1026
    Number of faces shared with processor 206 = 1168
    Number of faces shared with processor 224 = 78
    Number of faces shared with processor 229 = 3884
    Number of faces shared with processor 231 = 2017
    Number of faces shared with processor 241 = 2211
    Number of faces shared with processor 244 = 234
    Number of processor patches = 11
    Number of processor faces = 17178
    Number of boundary faces = 8122

Processor 229
    Number of cells = 126330
    Number of points = 145603
    Number of faces shared with processor 193 = 397
    Number of faces shared with processor 197 = 15
    Number of faces shared with processor 72 = 173
    Number of faces shared with processor 228 = 3884
    Number of faces shared with processor 230 = 1624
    Number of faces shared with processor 231 = 904
    Number of faces shared with processor 241 = 1308
    Number of faces shared with processor 244 = 2941
    Number of faces shared with processor 246 = 372
    Number of processor patches = 9
    Number of processor faces = 11618
    Number of boundary faces = 11316

Processor 230
    Number of cells = 126330
    Number of points = 142976
    Number of faces shared with processor 72 = 1411
    Number of faces shared with processor 78 = 2105
    Number of faces shared with processor 226 = 2390
    Number of faces shared with processor 229 = 1624
    Number of faces shared with processor 231 = 1759
    Number of faces shared with processor 244 = 1263
    Number of faces shared with processor 246 = 2248
    Number of processor patches = 7
    Number of processor faces = 12800
    Number of boundary faces = 8139

Processor 231
    Number of cells = 126756
    Number of points = 147865
    Number of faces shared with processor 193 = 370
    Number of faces shared with processor 66 = 32
    Number of faces shared with processor 72 = 1543
    Number of faces shared with processor 78 = 2604
    Number of faces shared with processor 212 = 59
    Number of faces shared with processor 214 = 515
    Number of faces shared with processor 224 = 2657
    Number of faces shared with processor 225 = 102
    Number of faces shared with processor 228 = 2017
    Number of faces shared with processor 229 = 904
    Number of faces shared with processor 230 = 1759
    Number of faces shared with processor 239 = 1128
    Number of processor patches = 12
    Number of processor faces = 13690
    Number of boundary faces = 10095

Processor 232
    Number of cells = 127084
    Number of points = 154769
    Number of faces shared with processor 168 = 2031
    Number of faces shared with processor 169 = 977
    Number of faces shared with processor 170 = 1364
    Number of faces shared with processor 209 = 7
    Number of faces shared with processor 212 = 426
    Number of faces shared with processor 220 = 288
    Number of faces shared with processor 225 = 1627
    Number of faces shared with processor 233 = 3456
    Number of processor patches = 8
    Number of processor faces = 10176
    Number of boundary faces = 13019

Processor 233
    Number of cells = 127166
    Number of points = 157127
    Number of faces shared with processor 168 = 1252
    Number of faces shared with processor 169 = 1427
    Number of faces shared with processor 209 = 899
    Number of faces shared with processor 212 = 49
    Number of faces shared with processor 217 = 452
    Number of faces shared with processor 220 = 1079
    Number of faces shared with processor 232 = 3456
    Number of faces shared with processor 234 = 2373
    Number of faces shared with processor 235 = 229
    Number of processor patches = 9
    Number of processor faces = 11216
    Number of boundary faces = 14584

Processor 234
    Number of cells = 127355
    Number of points = 149478
    Number of faces shared with processor 168 = 133
    Number of faces shared with processor 169 = 1013
    Number of faces shared with processor 217 = 29
    Number of faces shared with processor 233 = 2373
    Number of faces shared with processor 235 = 1854
    Number of processor patches = 5
    Number of processor faces = 5402
    Number of boundary faces = 18840

Processor 235
    Number of cells = 128861
    Number of points = 156632
    Number of faces shared with processor 154 = 28
    Number of faces shared with processor 155 = 367
    Number of faces shared with processor 168 = 2332
    Number of faces shared with processor 186 = 1508
    Number of faces shared with processor 190 = 1232
    Number of faces shared with processor 191 = 334
    Number of faces shared with processor 208 = 251
    Number of faces shared with processor 216 = 1029
    Number of faces shared with processor 217 = 1137
    Number of faces shared with processor 219 = 912
    Number of faces shared with processor 233 = 229
    Number of faces shared with processor 234 = 1854
    Number of processor patches = 12
    Number of processor faces = 11213
    Number of boundary faces = 13445

Processor 236
    Number of cells = 128596
    Number of points = 147338
    Number of faces shared with processor 8 = 318
    Number of faces shared with processor 11 = 236
    Number of faces shared with processor 170 = 2445
    Number of faces shared with processor 174 = 230
    Number of faces shared with processor 66 = 306
    Number of faces shared with processor 70 = 306
    Number of faces shared with processor 78 = 728
    Number of faces shared with processor 212 = 19
    Number of faces shared with processor 225 = 1249
    Number of faces shared with processor 237 = 1977
    Number of faces shared with processor 238 = 863
    Number of faces shared with processor 239 = 2037
    Number of processor patches = 12
    Number of processor faces = 10714
    Number of boundary faces = 11919

Processor 237
    Number of cells = 128131
    Number of points = 152352
    Number of faces shared with processor 8 = 1339
    Number of faces shared with processor 9 = 83
    Number of faces shared with processor 10 = 533
    Number of faces shared with processor 11 = 2855
    Number of faces shared with processor 174 = 3028
    Number of faces shared with processor 175 = 568
    Number of faces shared with processor 70 = 354
    Number of faces shared with processor 236 = 1977
    Number of faces shared with processor 238 = 181
    Number of processor patches = 9
    Number of processor faces = 10918
    Number of boundary faces = 12749

Processor 238
    Number of cells = 126850
    Number of points = 147532
    Number of faces shared with processor 5 = 1471
    Number of faces shared with processor 11 = 2352
    Number of faces shared with processor 78 = 264
    Number of faces shared with processor 79 = 877
    Number of faces shared with processor 226 = 1045
    Number of faces shared with processor 227 = 1183
    Number of faces shared with processor 236 = 863
    Number of faces shared with processor 237 = 181
    Number of faces shared with processor 239 = 2339
    Number of processor patches = 9
    Number of processor faces = 10575
    Number of boundary faces = 12061

Processor 239
    Number of cells = 126330
    Number of points = 145144
    Number of faces shared with processor 78 = 2802
    Number of faces shared with processor 224 = 904
    Number of faces shared with processor 225 = 510
    Number of faces shared with processor 226 = 620
    Number of faces shared with processor 231 = 1128
    Number of faces shared with processor 236 = 2037
    Number of faces shared with processor 238 = 2339
    Number of processor patches = 7
    Number of processor faces = 10340
    Number of boundary faces = 12143

Processor 240
    Number of cells = 127936
    Number of points = 149537
    Number of faces shared with processor 261 = 1198
    Number of faces shared with processor 75 = 53
    Number of faces shared with processor 204 = 2811
    Number of faces shared with processor 205 = 899
    Number of faces shared with processor 206 = 892
    Number of faces shared with processor 241 = 3988
    Number of faces shared with processor 242 = 2973
    Number of faces shared with processor 243 = 1190
    Number of faces shared with processor 244 = 455
    Number of faces shared with processor 245 = 650
    Number of processor patches = 10
    Number of processor faces = 15109
    Number of boundary faces = 8199

Processor 241
    Number of cells = 127119
    Number of points = 144589
    Number of faces shared with processor 194 = 532
    Number of faces shared with processor 195 = 337
    Number of faces shared with processor 204 = 1185
    Number of faces shared with processor 206 = 2000
    Number of faces shared with processor 228 = 2211
    Number of faces shared with processor 229 = 1308
    Number of faces shared with processor 240 = 3988
    Number of faces shared with processor 243 = 71
    Number of faces shared with processor 244 = 3061
    Number of faces shared with processor 245 = 199
    Number of processor patches = 10
    Number of processor faces = 14892
    Number of boundary faces = 5467

Processor 242
    Number of cells = 128463
    Number of points = 147374
    Number of faces shared with processor 261 = 1238
    Number of faces shared with processor 263 = 2426
    Number of faces shared with processor 270 = 132
    Number of faces shared with processor 75 = 51
    Number of faces shared with processor 204 = 880
    Number of faces shared with processor 240 = 2973
    Number of faces shared with processor 243 = 3609
    Number of faces shared with processor 250 = 190
    Number of processor patches = 8
    Number of processor faces = 11499
    Number of boundary faces = 9477

Processor 243
    Number of cells = 128219
    Number of points = 144344
    Number of faces shared with processor 263 = 126
    Number of faces shared with processor 270 = 700
    Number of faces shared with processor 75 = 183
    Number of faces shared with processor 240 = 1190
    Number of faces shared with processor 241 = 71
    Number of faces shared with processor 242 = 3609
    Number of faces shared with processor 244 = 295
    Number of faces shared with processor 245 = 3535
    Number of faces shared with processor 250 = 3428
    Number of faces shared with processor 251 = 429
    Number of processor patches = 10
    Number of processor faces = 13566
    Number of boundary faces = 7554

Processor 244
    Number of cells = 127613
    Number of points = 142994
    Number of faces shared with processor 194 = 88
    Number of faces shared with processor 72 = 1456
    Number of faces shared with processor 74 = 578
    Number of faces shared with processor 75 = 369
    Number of faces shared with processor 204 = 3
    Number of faces shared with processor 226 = 91
    Number of faces shared with processor 228 = 234
    Number of faces shared with processor 229 = 2941
    Number of faces shared with processor 230 = 1263
    Number of faces shared with processor 240 = 455
    Number of faces shared with processor 241 = 3061
    Number of faces shared with processor 243 = 295
    Number of faces shared with processor 245 = 3689
    Number of faces shared with processor 246 = 2317
    Number of faces shared with processor 247 = 131
    Number of faces shared with processor 251 = 306
    Number of processor patches = 16
    Number of processor faces = 17277
    Number of boundary faces = 4062

Processor 245
    Number of cells = 128631
    Number of points = 144846
    Number of faces shared with processor 240 = 650
    Number of faces shared with processor 241 = 199
    Number of faces shared with processor 243 = 3535
    Number of faces shared with processor 244 = 3689
    Number of faces shared with processor 246 = 2028
    Number of faces shared with processor 247 = 1077
    Number of faces shared with processor 248 = 517
    Number of faces shared with processor 250 = 527
    Number of faces shared with processor 251 = 1879
    Number of processor patches = 9
    Number of processor faces = 14101
    Number of boundary faces = 8449

Processor 246
    Number of cells = 127049
    Number of points = 144753
    Number of faces shared with processor 226 = 1494
    Number of faces shared with processor 227 = 336
    Number of faces shared with processor 229 = 372
    Number of faces shared with processor 230 = 2248
    Number of faces shared with processor 244 = 2317
    Number of faces shared with processor 245 = 2028
    Number of faces shared with processor 247 = 2757
    Number of processor patches = 7
    Number of processor faces = 11552
    Number of boundary faces = 10737

Processor 247
    Number of cells = 128273
    Number of points = 146175
    Number of faces shared with processor 1 = 1202
    Number of faces shared with processor 2 = 226
    Number of faces shared with processor 3 = 402
    Number of faces shared with processor 74 = 703
    Number of faces shared with processor 226 = 1056
    Number of faces shared with processor 227 = 561
    Number of faces shared with processor 244 = 131
    Number of faces shared with processor 245 = 1077
    Number of faces shared with processor 246 = 2757
    Number of faces shared with processor 248 = 3485
    Number of faces shared with processor 251 = 1131
    Number of processor patches = 11
    Number of processor faces = 12731
    Number of boundary faces = 7653

Processor 248
    Number of cells = 128281
    Number of points = 155648
    Number of faces shared with processor 1 = 995
    Number of faces shared with processor 3 = 269
    Number of faces shared with processor 18 = 1324
    Number of faces shared with processor 19 = 1221
    Number of faces shared with processor 74 = 176
    Number of faces shared with processor 245 = 517
    Number of faces shared with processor 247 = 3485
    Number of faces shared with processor 249 = 1629
    Number of faces shared with processor 251 = 1692
    Number of faces shared with processor 254 = 1025
    Number of processor patches = 10
    Number of processor faces = 12333
    Number of boundary faces = 10269

Processor 249
    Number of cells = 128125
    Number of points = 142805
    Number of faces shared with processor 268 = 194
    Number of faces shared with processor 269 = 67
    Number of faces shared with processor 18 = 452
    Number of faces shared with processor 19 = 2493
    Number of faces shared with processor 21 = 1026
    Number of faces shared with processor 22 = 350
    Number of faces shared with processor 74 = 1488
    Number of faces shared with processor 75 = 664
    Number of faces shared with processor 248 = 1629
    Number of faces shared with processor 250 = 158
    Number of faces shared with processor 251 = 2482
    Number of faces shared with processor 252 = 444
    Number of faces shared with processor 253 = 1690
    Number of faces shared with processor 254 = 3575
    Number of faces shared with processor 255 = 535
    Number of processor patches = 15
    Number of processor faces = 17247
    Number of boundary faces = 101

Processor 250
    Number of cells = 126419
    Number of points = 144637
    Number of faces shared with processor 263 = 54
    Number of faces shared with processor 268 = 20
    Number of faces shared with processor 270 = 2261
    Number of faces shared with processor 75 = 143
    Number of faces shared with processor 242 = 190
    Number of faces shared with processor 243 = 3428
    Number of faces shared with processor 245 = 527
    Number of faces shared with processor 249 = 158
    Number of faces shared with processor 251 = 4665
    Number of faces shared with processor 253 = 1196
    Number of processor patches = 10
    Number of processor faces = 12642
    Number of boundary faces = 7433

Processor 251
    Number of cells = 128266
    Number of points = 147566
    Number of faces shared with processor 74 = 617
    Number of faces shared with processor 75 = 95
    Number of faces shared with processor 243 = 429
    Number of faces shared with processor 244 = 306
    Number of faces shared with processor 245 = 1879
    Number of faces shared with processor 247 = 1131
    Number of faces shared with processor 248 = 1692
    Number of faces shared with processor 249 = 2482
    Number of faces shared with processor 250 = 4665
    Number of faces shared with processor 253 = 1183
    Number of faces shared with processor 254 = 1587
    Number of processor patches = 11
    Number of processor faces = 16066
    Number of boundary faces = 5771

Processor 252
    Number of cells = 126997
    Number of points = 147236
    Number of faces shared with processor 264 = 20
    Number of faces shared with processor 269 = 2846
    Number of faces shared with processor 21 = 554
    Number of faces shared with processor 22 = 732
    Number of faces shared with processor 23 = 1817
    Number of faces shared with processor 24 = 9
    Number of faces shared with processor 25 = 1333
    Number of faces shared with processor 249 = 444
    Number of faces shared with processor 253 = 2635
    Number of faces shared with processor 254 = 1110
    Number of faces shared with processor 255 = 457
    Number of processor patches = 11
    Number of processor faces = 11957
    Number of boundary faces = 12220

Processor 253
    Number of cells = 128478
    Number of points = 150793
    Number of faces shared with processor 268 = 1103
    Number of faces shared with processor 269 = 335
    Number of faces shared with processor 270 = 1980
    Number of faces shared with processor 249 = 1690
    Number of faces shared with processor 250 = 1196
    Number of faces shared with processor 251 = 1183
    Number of faces shared with processor 252 = 2635
    Number of faces shared with processor 254 = 1426
    Number of processor patches = 8
    Number of processor faces = 11548
    Number of boundary faces = 9686

Processor 254
    Number of cells = 126877
    Number of points = 157819
    Number of faces shared with processor 18 = 250
    Number of faces shared with processor 21 = 221
    Number of faces shared with processor 248 = 1025
    Number of faces shared with processor 249 = 3575
    Number of faces shared with processor 251 = 1587
    Number of faces shared with processor 252 = 1110
    Number of faces shared with processor 253 = 1426
    Number of faces shared with processor 255 = 1640
    Number of processor patches = 8
    Number of processor faces = 10834
    Number of boundary faces = 14450

Processor 255
    Number of cells = 127334
    Number of points = 151076
    Number of faces shared with processor 16 = 637
    Number of faces shared with processor 18 = 1359
    Number of faces shared with processor 19 = 514
    Number of faces shared with processor 20 = 271
    Number of faces shared with processor 21 = 2397
    Number of faces shared with processor 23 = 901
    Number of faces shared with processor 249 = 535
    Number of faces shared with processor 252 = 457
    Number of faces shared with processor 254 = 1640
    Number of processor patches = 9
    Number of processor faces = 8711
    Number of boundary faces = 14589

Processor 256
    Number of cells = 126611
    Number of points = 146247
    Number of faces shared with processor 257 = 2197
    Number of faces shared with processor 258 = 2472
    Number of faces shared with processor 260 = 1935
    Number of faces shared with processor 262 = 141
    Number of faces shared with processor 305 = 117
    Number of faces shared with processor 316 = 878
    Number of faces shared with processor 317 = 2003
    Number of faces shared with processor 75 = 41
    Number of processor patches = 8
    Number of processor faces = 9784
    Number of boundary faces = 10864

Processor 257
    Number of cells = 126330
    Number of points = 145833
    Number of faces shared with processor 256 = 2197
    Number of faces shared with processor 258 = 3495
    Number of faces shared with processor 274 = 39
    Number of faces shared with processor 282 = 2702
    Number of faces shared with processor 315 = 2
    Number of faces shared with processor 316 = 1767
    Number of faces shared with processor 75 = 167
    Number of processor patches = 7
    Number of processor faces = 10369
    Number of boundary faces = 7701

Processor 258
    Number of cells = 126558
    Number of points = 146854
    Number of faces shared with processor 256 = 2472
    Number of faces shared with processor 257 = 3495
    Number of faces shared with processor 259 = 1774
    Number of faces shared with processor 260 = 470
    Number of faces shared with processor 262 = 2344
    Number of faces shared with processor 263 = 14
    Number of faces shared with processor 267 = 1526
    Number of faces shared with processor 274 = 5
    Number of faces shared with processor 282 = 310
    Number of faces shared with processor 284 = 1069
    Number of faces shared with processor 75 = 69
    Number of processor patches = 11
    Number of processor faces = 13548
    Number of boundary faces = 10187

Processor 259
    Number of cells = 126489
    Number of points = 144435
    Number of faces shared with processor 258 = 1774
    Number of faces shared with processor 262 = 1695
    Number of faces shared with processor 263 = 1180
    Number of faces shared with processor 266 = 688
    Number of faces shared with processor 267 = 2050
    Number of faces shared with processor 268 = 93
    Number of faces shared with processor 270 = 84
    Number of faces shared with processor 271 = 2673
    Number of faces shared with processor 75 = 127
    Number of processor patches = 9
    Number of processor faces = 10364
    Number of boundary faces = 11333

Processor 260
    Number of cells = 127068
    Number of points = 146043
    Number of faces shared with processor 256 = 1935
    Number of faces shared with processor 258 = 470
    Number of faces shared with processor 261 = 2838
    Number of faces shared with processor 262 = 2504
    Number of faces shared with processor 263 = 23
    Number of faces shared with processor 305 = 87
    Number of faces shared with processor 317 = 566
    Number of faces shared with processor 202 = 992
    Number of faces shared with processor 75 = 38
    Number of faces shared with processor 204 = 1125
    Number of faces shared with processor 205 = 189
    Number of processor patches = 11
    Number of processor faces = 10767
    Number of boundary faces = 8675

Processor 261
    Number of cells = 126696
    Number of points = 152395
    Number of faces shared with processor 260 = 2838
    Number of faces shared with processor 262 = 1195
    Number of faces shared with processor 263 = 868
    Number of faces shared with processor 202 = 386
    Number of faces shared with processor 204 = 3110
    Number of faces shared with processor 205 = 1923
    Number of faces shared with processor 240 = 1198
    Number of faces shared with processor 242 = 1238
    Number of processor patches = 8
    Number of processor faces = 12756
    Number of boundary faces = 11453

Processor 262
    Number of cells = 126330
    Number of points = 145824
    Number of faces shared with processor 256 = 141
    Number of faces shared with processor 258 = 2344
    Number of faces shared with processor 259 = 1695
    Number of faces shared with processor 260 = 2504
    Number of faces shared with processor 261 = 1195
    Number of faces shared with processor 263 = 3053
    Number of faces shared with processor 204 = 41
    Number of processor patches = 7
    Number of processor faces = 10973
    Number of boundary faces = 11175

Processor 263
    Number of cells = 126635
    Number of points = 145741
    Number of faces shared with processor 258 = 14
    Number of faces shared with processor 259 = 1180
    Number of faces shared with processor 260 = 23
    Number of faces shared with processor 261 = 868
    Number of faces shared with processor 262 = 3053
    Number of faces shared with processor 270 = 2028
    Number of faces shared with processor 271 = 656
    Number of faces shared with processor 75 = 99
    Number of faces shared with processor 204 = 146
    Number of faces shared with processor 242 = 2426
    Number of faces shared with processor 243 = 126
    Number of faces shared with processor 250 = 54
    Number of processor patches = 12
    Number of processor faces = 10673
    Number of boundary faces = 11693

Processor 264
    Number of cells = 126358
    Number of points = 148745
    Number of faces shared with processor 265 = 1188
    Number of faces shared with processor 266 = 816
    Number of faces shared with processor 268 = 2169
    Number of faces shared with processor 269 = 1350
    Number of faces shared with processor 22 = 174
    Number of faces shared with processor 24 = 502
    Number of faces shared with processor 25 = 68
    Number of faces shared with processor 440 = 3947
    Number of faces shared with processor 252 = 20
    Number of processor patches = 9
    Number of processor faces = 10234
    Number of boundary faces = 13144

Processor 265
    Number of cells = 127066
    Number of points = 153444
    Number of faces shared with processor 264 = 1188
    Number of faces shared with processor 266 = 3024
    Number of faces shared with processor 267 = 44
    Number of faces shared with processor 274 = 21
    Number of faces shared with processor 285 = 959
    Number of faces shared with processor 286 = 2539
    Number of faces shared with processor 440 = 738
    Number of faces shared with processor 441 = 2907
    Number of processor patches = 8
    Number of processor faces = 11420
    Number of boundary faces = 11931

Processor 266
    Number of cells = 127172
    Number of points = 147085
    Number of faces shared with processor 259 = 688
    Number of faces shared with processor 264 = 816
    Number of faces shared with processor 265 = 3024
    Number of faces shared with processor 267 = 2228
    Number of faces shared with processor 268 = 1914
    Number of faces shared with processor 271 = 1088
    Number of faces shared with processor 274 = 32
    Number of faces shared with processor 285 = 436
    Number of faces shared with processor 440 = 582
    Number of faces shared with processor 441 = 295
    Number of faces shared with processor 75 = 82
    Number of processor patches = 11
    Number of processor faces = 11185
    Number of boundary faces = 10140

Processor 267
    Number of cells = 126380
    Number of points = 144184
    Number of faces shared with processor 258 = 1526
    Number of faces shared with processor 259 = 2050
    Number of faces shared with processor 265 = 44
    Number of faces shared with processor 266 = 2228
    Number of faces shared with processor 274 = 84
    Number of faces shared with processor 282 = 56
    Number of faces shared with processor 284 = 1390
    Number of faces shared with processor 285 = 2130
    Number of faces shared with processor 75 = 77
    Number of processor patches = 9
    Number of processor faces = 9585
    Number of boundary faces = 11103

Processor 268
    Number of cells = 128112
    Number of points = 146221
    Number of faces shared with processor 259 = 93
    Number of faces shared with processor 264 = 2169
    Number of faces shared with processor 266 = 1914
    Number of faces shared with processor 269 = 3271
    Number of faces shared with processor 270 = 1028
    Number of faces shared with processor 271 = 2518
    Number of faces shared with processor 22 = 38
    Number of faces shared with processor 440 = 854
    Number of faces shared with processor 75 = 208
    Number of faces shared with processor 249 = 194
    Number of faces shared with processor 250 = 20
    Number of faces shared with processor 253 = 1103
    Number of processor patches = 12
    Number of processor faces = 13410
    Number of boundary faces = 5672

Processor 269
    Number of cells = 126655
    Number of points = 147208
    Number of faces shared with processor 264 = 1350
    Number of faces shared with processor 268 = 3271
    Number of faces shared with processor 270 = 781
    Number of faces shared with processor 271 = 567
    Number of faces shared with processor 22 = 252
    Number of faces shared with processor 24 = 318
    Number of faces shared with processor 25 = 73
    Number of faces shared with processor 249 = 67
    Number of faces shared with processor 252 = 2846
    Number of faces shared with processor 253 = 335
    Number of processor patches = 10
    Number of processor faces = 9860
    Number of boundary faces = 12034

Processor 270
    Number of cells = 126670
    Number of points = 147263
    Number of faces shared with processor 259 = 84
    Number of faces shared with processor 263 = 2028
    Number of faces shared with processor 268 = 1028
    Number of faces shared with processor 269 = 781
    Number of faces shared with processor 271 = 1913
    Number of faces shared with processor 75 = 30
    Number of faces shared with processor 242 = 132
    Number of faces shared with processor 243 = 700
    Number of faces shared with processor 250 = 2261
    Number of faces shared with processor 253 = 1980
    Number of processor patches = 10
    Number of processor faces = 10937
    Number of boundary faces = 11847

Processor 271
    Number of cells = 126342
    Number of points = 144398
    Number of faces shared with processor 259 = 2673
    Number of faces shared with processor 263 = 656
    Number of faces shared with processor 266 = 1088
    Number of faces shared with processor 268 = 2518
    Number of faces shared with processor 269 = 567
    Number of faces shared with processor 270 = 1913
    Number of processor patches = 6
    Number of processor faces = 9415
    Number of boundary faces = 12200

Processor 272
    Number of cells = 126580
    Number of points = 147141
    Number of faces shared with processor 386 = 929
    Number of faces shared with processor 273 = 1621
    Number of faces shared with processor 274 = 223
    Number of faces shared with processor 24 = 963
    Number of faces shared with processor 26 = 23
    Number of faces shared with processor 416 = 18
    Number of faces shared with processor 417 = 121
    Number of faces shared with processor 424 = 98
    Number of faces shared with processor 425 = 294
    Number of faces shared with processor 75 = 16
    Number of faces shared with processor 343 = 1286
    Number of faces shared with processor 347 = 4
    Number of processor patches = 12
    Number of processor faces = 5596
    Number of boundary faces = 16567

Processor 273
    Number of cells = 128676
    Number of points = 142555
    Number of faces shared with processor 272 = 1621
    Number of faces shared with processor 274 = 2758
    Number of faces shared with processor 24 = 30
    Number of faces shared with processor 26 = 4
    Number of faces shared with processor 416 = 22
    Number of faces shared with processor 288 = 70
    Number of faces shared with processor 291 = 2360
    Number of faces shared with processor 328 = 14
    Number of faces shared with processor 75 = 1173
    Number of faces shared with processor 333 = 257
    Number of faces shared with processor 334 = 93
    Number of faces shared with processor 335 = 56
    Number of faces shared with processor 211 = 5
    Number of faces shared with processor 343 = 966
    Number of faces shared with processor 345 = 1
    Number of faces shared with processor 347 = 56
    Number of faces shared with processor 348 = 8
    Number of faces shared with processor 350 = 9
    Number of faces shared with processor 351 = 85
    Number of faces shared with processor 98 = 479
    Number of faces shared with processor 116 = 355
    Number of faces shared with processor 126 = 10
    Number of processor patches = 22
    Number of processor faces = 10432
    Number of boundary faces = 3911

Processor 274
    Number of cells = 128617
    Number of points = 151922
    Number of faces shared with processor 257 = 39
    Number of faces shared with processor 258 = 5
    Number of faces shared with processor 265 = 21
    Number of faces shared with processor 266 = 32
    Number of faces shared with processor 267 = 84
    Number of faces shared with processor 272 = 223
    Number of faces shared with processor 273 = 2758
    Number of faces shared with processor 275 = 2715
    Number of faces shared with processor 276 = 82
    Number of faces shared with processor 277 = 175
    Number of faces shared with processor 278 = 60
    Number of faces shared with processor 24 = 155
    Number of faces shared with processor 280 = 107
    Number of faces shared with processor 26 = 1
    Number of faces shared with processor 282 = 157
    Number of faces shared with processor 284 = 22
    Number of faces shared with processor 285 = 70
    Number of faces shared with processor 286 = 82
    Number of faces shared with processor 287 = 119
    Number of faces shared with processor 288 = 397
    Number of faces shared with processor 290 = 170
    Number of faces shared with processor 291 = 269
    Number of faces shared with processor 424 = 24
    Number of faces shared with processor 425 = 517
    Number of faces shared with processor 426 = 62
    Number of faces shared with processor 427 = 671
    Number of faces shared with processor 428 = 2070
    Number of faces shared with processor 429 = 151
    Number of faces shared with processor 430 = 145
    Number of faces shared with processor 432 = 30
    Number of faces shared with processor 441 = 71
    Number of faces shared with processor 442 = 125
    Number of faces shared with processor 315 = 176
    Number of faces shared with processor 446 = 1036
    Number of faces shared with processor 447 = 21
    Number of faces shared with processor 328 = 156
    Number of faces shared with processor 329 = 6
    Number of faces shared with processor 330 = 124
    Number of faces shared with processor 331 = 113
    Number of faces shared with processor 75 = 2327
    Number of faces shared with processor 332 = 277
    Number of faces shared with processor 333 = 94
    Number of faces shared with processor 334 = 72
    Number of faces shared with processor 347 = 255
    Number of processor patches = 44
    Number of processor faces = 16266
    Number of boundary faces = 8785

Processor 275
    Number of cells = 126620
    Number of points = 147168
    Number of faces shared with processor 274 = 2715
    Number of faces shared with processor 276 = 962
    Number of faces shared with processor 277 = 1479
    Number of faces shared with processor 279 = 1292
    Number of faces shared with processor 286 = 640
    Number of faces shared with processor 287 = 2819
    Number of faces shared with processor 428 = 184
    Number of faces shared with processor 446 = 780
    Number of processor patches = 8
    Number of processor faces = 10871
    Number of boundary faces = 12518

Processor 276
    Number of cells = 126831
    Number of points = 145245
    Number of faces shared with processor 274 = 82
    Number of faces shared with processor 275 = 962
    Number of faces shared with processor 277 = 2368
    Number of faces shared with processor 278 = 3345
    Number of faces shared with processor 279 = 596
    Number of faces shared with processor 287 = 228
    Number of faces shared with processor 328 = 81
    Number of faces shared with processor 332 = 1612
    Number of faces shared with processor 334 = 1645
    Number of processor patches = 9
    Number of processor faces = 10919
    Number of boundary faces = 11516

Processor 277
    Number of cells = 126579
    Number of points = 144726
    Number of faces shared with processor 274 = 175
    Number of faces shared with processor 275 = 1479
    Number of faces shared with processor 276 = 2368
    Number of faces shared with processor 428 = 492
    Number of faces shared with processor 429 = 2224
    Number of faces shared with processor 446 = 173
    Number of faces shared with processor 332 = 2309
    Number of processor patches = 7
    Number of processor faces = 9220
    Number of boundary faces = 11416

Processor 278
    Number of cells = 127338
    Number of points = 147415
    Number of faces shared with processor 274 = 60
    Number of faces shared with processor 276 = 3345
    Number of faces shared with processor 279 = 1591
    Number of faces shared with processor 280 = 184
    Number of faces shared with processor 287 = 232
    Number of faces shared with processor 328 = 1175
    Number of faces shared with processor 330 = 864
    Number of faces shared with processor 331 = 2320
    Number of faces shared with processor 334 = 678
    Number of processor patches = 9
    Number of processor faces = 10449
    Number of boundary faces = 11639

Processor 279
    Number of cells = 127352
    Number of points = 149901
    Number of faces shared with processor 275 = 1292
    Number of faces shared with processor 276 = 596
    Number of faces shared with processor 278 = 1591
    Number of faces shared with processor 280 = 1293
    Number of faces shared with processor 281 = 758
    Number of faces shared with processor 287 = 1443
    Number of faces shared with processor 331 = 432
    Number of processor patches = 7
    Number of processor faces = 7405
    Number of boundary faces = 14570

Processor 280
    Number of cells = 126912
    Number of points = 151795
    Number of faces shared with processor 274 = 107
    Number of faces shared with processor 278 = 184
    Number of faces shared with processor 279 = 1293
    Number of faces shared with processor 281 = 3232
    Number of faces shared with processor 282 = 131
    Number of faces shared with processor 283 = 2985
    Number of faces shared with processor 284 = 1732
    Number of faces shared with processor 287 = 1180
    Number of faces shared with processor 314 = 315
    Number of faces shared with processor 315 = 568
    Number of faces shared with processor 331 = 308
    Number of processor patches = 11
    Number of processor faces = 12035
    Number of boundary faces = 9715

Processor 281
    Number of cells = 126518
    Number of points = 154551
    Number of faces shared with processor 279 = 758
    Number of faces shared with processor 280 = 3232
    Number of faces shared with processor 314 = 533
    Number of faces shared with processor 315 = 809
    Number of faces shared with processor 327 = 1476
    Number of faces shared with processor 331 = 2501
    Number of processor patches = 6
    Number of processor faces = 9309
    Number of boundary faces = 11328

Processor 282
    Number of cells = 126446
    Number of points = 149646
    Number of faces shared with processor 257 = 2702
    Number of faces shared with processor 258 = 310
    Number of faces shared with processor 267 = 56
    Number of faces shared with processor 274 = 157
    Number of faces shared with processor 280 = 131
    Number of faces shared with processor 283 = 3185
    Number of faces shared with processor 284 = 2285
    Number of faces shared with processor 313 = 3
    Number of faces shared with processor 315 = 178
    Number of faces shared with processor 316 = 1056
    Number of faces shared with processor 319 = 870
    Number of processor patches = 11
    Number of processor faces = 10933
    Number of boundary faces = 8559

Processor 283
    Number of cells = 126350
    Number of points = 152988
    Number of faces shared with processor 280 = 2985
    Number of faces shared with processor 282 = 3185
    Number of faces shared with processor 284 = 463
    Number of faces shared with processor 314 = 727
    Number of faces shared with processor 315 = 1543
    Number of faces shared with processor 319 = 1775
    Number of processor patches = 6
    Number of processor faces = 10678
    Number of boundary faces = 10444

Processor 284
    Number of cells = 126330
    Number of points = 147175
    Number of faces shared with processor 258 = 1069
    Number of faces shared with processor 267 = 1390
    Number of faces shared with processor 274 = 22
    Number of faces shared with processor 280 = 1732
    Number of faces shared with processor 282 = 2285
    Number of faces shared with processor 283 = 463
    Number of faces shared with processor 285 = 2517
    Number of faces shared with processor 287 = 1674
    Number of processor patches = 8
    Number of processor faces = 11152
    Number of boundary faces = 11509

Processor 285
    Number of cells = 126494
    Number of points = 145398
    Number of faces shared with processor 265 = 959
    Number of faces shared with processor 266 = 436
    Number of faces shared with processor 267 = 2130
    Number of faces shared with processor 274 = 70
    Number of faces shared with processor 284 = 2517
    Number of faces shared with processor 286 = 1139
    Number of faces shared with processor 287 = 1593
    Number of processor patches = 7
    Number of processor faces = 8844
    Number of boundary faces = 11886

Processor 286
    Number of cells = 126497
    Number of points = 150952
    Number of faces shared with processor 265 = 2539
    Number of faces shared with processor 274 = 82
    Number of faces shared with processor 275 = 640
    Number of faces shared with processor 285 = 1139
    Number of faces shared with processor 287 = 1504
    Number of faces shared with processor 441 = 1941
    Number of faces shared with processor 443 = 337
    Number of faces shared with processor 446 = 3679
    Number of processor patches = 8
    Number of processor faces = 11861
    Number of boundary faces = 10469

Processor 287
    Number of cells = 127301
    Number of points = 145111
    Number of faces shared with processor 274 = 119
    Number of faces shared with processor 275 = 2819
    Number of faces shared with processor 276 = 228
    Number of faces shared with processor 278 = 232
    Number of faces shared with processor 279 = 1443
    Number of faces shared with processor 280 = 1180
    Number of faces shared with processor 284 = 1674
    Number of faces shared with processor 285 = 1593
    Number of faces shared with processor 286 = 1504
    Number of faces shared with processor 446 = 74
    Number of processor patches = 10
    Number of processor faces = 10866
    Number of boundary faces = 10233

Processor 288
    Number of cells = 127579
    Number of points = 142663
    Number of faces shared with processor 273 = 70
    Number of faces shared with processor 274 = 397
    Number of faces shared with processor 289 = 1802
    Number of faces shared with processor 290 = 630
    Number of faces shared with processor 291 = 513
    Number of faces shared with processor 292 = 754
    Number of faces shared with processor 293 = 459
    Number of faces shared with processor 294 = 2061
    Number of faces shared with processor 295 = 967
    Number of faces shared with processor 298 = 56
    Number of faces shared with processor 304 = 7
    Number of faces shared with processor 305 = 61
    Number of faces shared with processor 308 = 1009
    Number of faces shared with processor 309 = 126
    Number of faces shared with processor 310 = 489
    Number of faces shared with processor 311 = 174
    Number of faces shared with processor 312 = 671
    Number of faces shared with processor 313 = 694
    Number of faces shared with processor 315 = 240
    Number of faces shared with processor 318 = 22
    Number of faces shared with processor 324 = 461
    Number of faces shared with processor 326 = 770
    Number of faces shared with processor 327 = 708
    Number of faces shared with processor 330 = 770
    Number of faces shared with processor 331 = 155
    Number of faces shared with processor 75 = 402
    Number of faces shared with processor 211 = 1358
    Number of faces shared with processor 343 = 595
    Number of faces shared with processor 356 = 2003
    Number of faces shared with processor 363 = 32
    Number of processor patches = 30
    Number of processor faces = 18456
    Number of boundary faces = 881

Processor 289
    Number of cells = 128037
    Number of points = 145099
    Number of faces shared with processor 288 = 1802
    Number of faces shared with processor 292 = 457
    Number of faces shared with processor 295 = 2816
    Number of faces shared with processor 312 = 2688
    Number of faces shared with processor 313 = 312
    Number of faces shared with processor 324 = 797
    Number of faces shared with processor 326 = 557
    Number of faces shared with processor 327 = 2134
    Number of processor patches = 8
    Number of processor faces = 11563
    Number of boundary faces = 10580

Processor 290
    Number of cells = 127065
    Number of points = 143623
    Number of faces shared with processor 274 = 170
    Number of faces shared with processor 288 = 630
    Number of faces shared with processor 291 = 2176
    Number of faces shared with processor 294 = 823
    Number of faces shared with processor 322 = 114
    Number of faces shared with processor 323 = 184
    Number of faces shared with processor 328 = 69
    Number of faces shared with processor 329 = 1102
    Number of faces shared with processor 330 = 534
    Number of faces shared with processor 75 = 11
    Number of faces shared with processor 335 = 147
    Number of faces shared with processor 338 = 495
    Number of faces shared with processor 211 = 19
    Number of faces shared with processor 353 = 585
    Number of faces shared with processor 356 = 2967
    Number of faces shared with processor 364 = 711
    Number of faces shared with processor 366 = 161
    Number of faces shared with processor 367 = 664
    Number of processor patches = 18
    Number of processor faces = 11562
    Number of boundary faces = 7496

Processor 291
    Number of cells = 126525
    Number of points = 147350
    Number of faces shared with processor 273 = 2360
    Number of faces shared with processor 274 = 269
    Number of faces shared with processor 288 = 513
    Number of faces shared with processor 290 = 2176
    Number of faces shared with processor 328 = 25
    Number of faces shared with processor 75 = 70
    Number of faces shared with processor 335 = 76
    Number of faces shared with processor 336 = 236
    Number of faces shared with processor 338 = 137
    Number of faces shared with processor 339 = 69
    Number of faces shared with processor 211 = 24
    Number of faces shared with processor 343 = 730
    Number of faces shared with processor 351 = 7
    Number of faces shared with processor 364 = 171
    Number of processor patches = 14
    Number of processor faces = 6863
    Number of boundary faces = 16017

Processor 292
    Number of cells = 128674
    Number of points = 144405
    Number of faces shared with processor 288 = 754
    Number of faces shared with processor 289 = 457
    Number of faces shared with processor 293 = 3430
    Number of faces shared with processor 294 = 1323
    Number of faces shared with processor 295 = 3493
    Number of faces shared with processor 298 = 633
    Number of faces shared with processor 310 = 2796
    Number of faces shared with processor 312 = 435
    Number of faces shared with processor 451 = 846
    Number of faces shared with processor 452 = 436
    Number of processor patches = 10
    Number of processor faces = 14603
    Number of boundary faces = 7946

Processor 293
    Number of cells = 128691
    Number of points = 144141
    Number of faces shared with processor 288 = 459
    Number of faces shared with processor 292 = 3430
    Number of faces shared with processor 298 = 2744
    Number of faces shared with processor 299 = 408
    Number of faces shared with processor 300 = 253
    Number of faces shared with processor 302 = 567
    Number of faces shared with processor 303 = 2533
    Number of faces shared with processor 308 = 34
    Number of faces shared with processor 309 = 1733
    Number of faces shared with processor 310 = 502
    Number of faces shared with processor 452 = 427
    Number of faces shared with processor 211 = 446
    Number of processor patches = 12
    Number of processor faces = 13536
    Number of boundary faces = 8348

Processor 294
    Number of cells = 127948
    Number of points = 145314
    Number of faces shared with processor 288 = 2061
    Number of faces shared with processor 290 = 823
    Number of faces shared with processor 292 = 1323
    Number of faces shared with processor 295 = 2096
    Number of faces shared with processor 298 = 281
    Number of faces shared with processor 450 = 37
    Number of faces shared with processor 451 = 3066
    Number of faces shared with processor 452 = 474
    Number of faces shared with processor 324 = 793
    Number of faces shared with processor 454 = 39
    Number of faces shared with processor 455 = 691
    Number of faces shared with processor 211 = 1522
    Number of faces shared with processor 356 = 1880
    Number of faces shared with processor 357 = 237
    Number of processor patches = 14
    Number of processor faces = 15323
    Number of boundary faces = 9210

Processor 295
    Number of cells = 126363
    Number of points = 141791
    Number of faces shared with processor 288 = 967
    Number of faces shared with processor 289 = 2816
    Number of faces shared with processor 292 = 3493
    Number of faces shared with processor 294 = 2096
    Number of faces shared with processor 310 = 458
    Number of faces shared with processor 312 = 112
    Number of faces shared with processor 324 = 1689
    Number of processor patches = 7
    Number of processor faces = 11631
    Number of boundary faces = 8861

Processor 296
    Number of cells = 126541
    Number of points = 148088
    Number of faces shared with processor 297 = 1458
    Number of faces shared with processor 298 = 896
    Number of faces shared with processor 302 = 838
    Number of faces shared with processor 303 = 1619
    Number of faces shared with processor 496 = 1155
    Number of processor patches = 5
    Number of processor faces = 5966
    Number of boundary faces = 15846

Processor 297
    Number of cells = 126330
    Number of points = 147503
    Number of faces shared with processor 296 = 1458
    Number of faces shared with processor 298 = 767
    Number of faces shared with processor 299 = 2059
    Number of faces shared with processor 302 = 416
    Number of faces shared with processor 496 = 1237
    Number of faces shared with processor 498 = 2101
    Number of faces shared with processor 500 = 795
    Number of faces shared with processor 501 = 231
    Number of processor patches = 8
    Number of processor faces = 9064
    Number of boundary faces = 13583

Processor 298
    Number of cells = 128580
    Number of points = 142408
    Number of faces shared with processor 288 = 56
    Number of faces shared with processor 292 = 633
    Number of faces shared with processor 293 = 2744
    Number of faces shared with processor 294 = 281
    Number of faces shared with processor 296 = 896
    Number of faces shared with processor 297 = 767
    Number of faces shared with processor 299 = 1979
    Number of faces shared with processor 302 = 2087
    Number of faces shared with processor 303 = 472
    Number of faces shared with processor 451 = 2027
    Number of faces shared with processor 452 = 600
    Number of faces shared with processor 453 = 38
    Number of faces shared with processor 211 = 650
    Number of processor patches = 13
    Number of processor faces = 13230
    Number of boundary faces = 7059

Processor 299
    Number of cells = 126657
    Number of points = 147067
    Number of faces shared with processor 293 = 408
    Number of faces shared with processor 297 = 2059
    Number of faces shared with processor 298 = 1979
    Number of faces shared with processor 450 = 9
    Number of faces shared with processor 452 = 1892
    Number of faces shared with processor 453 = 977
    Number of faces shared with processor 496 = 657
    Number of faces shared with processor 497 = 37
    Number of faces shared with processor 498 = 195
    Number of processor patches = 9
    Number of processor faces = 8213
    Number of boundary faces = 14306

Processor 300
    Number of cells = 128792
    Number of points = 145636
    Number of faces shared with processor 293 = 253
    Number of faces shared with processor 301 = 3893
    Number of faces shared with processor 302 = 118
    Number of faces shared with processor 303 = 2583
    Number of faces shared with processor 307 = 658
    Number of faces shared with processor 308 = 1938
    Number of faces shared with processor 309 = 2545
    Number of faces shared with processor 200 = 218
    Number of faces shared with processor 201 = 1298
    Number of faces shared with processor 211 = 175
    Number of processor patches = 10
    Number of processor faces = 13679
    Number of boundary faces = 9527

Processor 301
    Number of cells = 128860
    Number of points = 144934
    Number of faces shared with processor 136 = 1523
    Number of faces shared with processor 137 = 777
    Number of faces shared with processor 141 = 1147
    Number of faces shared with processor 144 = 442
    Number of faces shared with processor 146 = 203
    Number of faces shared with processor 147 = 1175
    Number of faces shared with processor 158 = 692
    Number of faces shared with processor 300 = 3893
    Number of faces shared with processor 302 = 402
    Number of faces shared with processor 303 = 891
    Number of faces shared with processor 307 = 261
    Number of faces shared with processor 200 = 528
    Number of faces shared with processor 201 = 1149
    Number of faces shared with processor 211 = 88
    Number of processor patches = 14
    Number of processor faces = 13171
    Number of boundary faces = 8845

Processor 302
    Number of cells = 128622
    Number of points = 138947
    Number of faces shared with processor 136 = 2570
    Number of faces shared with processor 138 = 90
    Number of faces shared with processor 293 = 567
    Number of faces shared with processor 296 = 838
    Number of faces shared with processor 297 = 416
    Number of faces shared with processor 298 = 2087
    Number of faces shared with processor 300 = 118
    Number of faces shared with processor 301 = 402
    Number of faces shared with processor 303 = 3870
    Number of faces shared with processor 211 = 918
    Number of faces shared with processor 496 = 237
    Number of faces shared with processor 501 = 72
    Number of processor patches = 12
    Number of processor faces = 12185
    Number of boundary faces = 4138

Processor 303
    Number of cells = 127833
    Number of points = 146325
    Number of faces shared with processor 136 = 1263
    Number of faces shared with processor 138 = 123
    Number of faces shared with processor 293 = 2533
    Number of faces shared with processor 296 = 1619
    Number of faces shared with processor 298 = 472
    Number of faces shared with processor 300 = 2583
    Number of faces shared with processor 301 = 891
    Number of faces shared with processor 302 = 3870
    Number of faces shared with processor 308 = 28
    Number of faces shared with processor 309 = 195
    Number of faces shared with processor 211 = 161
    Number of faces shared with processor 496 = 185
    Number of processor patches = 12
    Number of processor faces = 13923
    Number of boundary faces = 10578

Processor 304
    Number of cells = 127294
    Number of points = 143404
    Number of faces shared with processor 288 = 7
    Number of faces shared with processor 305 = 3399
    Number of faces shared with processor 306 = 148
    Number of faces shared with processor 307 = 1067
    Number of faces shared with processor 308 = 985
    Number of faces shared with processor 309 = 90
    Number of faces shared with processor 311 = 2208
    Number of faces shared with processor 313 = 55
    Number of faces shared with processor 316 = 822
    Number of faces shared with processor 317 = 1945
    Number of faces shared with processor 318 = 3131
    Number of processor patches = 11
    Number of processor faces = 13857
    Number of boundary faces = 7681

Processor 305
    Number of cells = 126913
    Number of points = 137831
    Number of faces shared with processor 256 = 117
    Number of faces shared with processor 260 = 87
    Number of faces shared with processor 288 = 61
    Number of faces shared with processor 304 = 3399
    Number of faces shared with processor 306 = 1515
    Number of faces shared with processor 307 = 1974
    Number of faces shared with processor 308 = 1860
    Number of faces shared with processor 311 = 469
    Number of faces shared with processor 313 = 7
    Number of faces shared with processor 316 = 243
    Number of faces shared with processor 317 = 664
    Number of faces shared with processor 200 = 40
    Number of faces shared with processor 201 = 1414
    Number of faces shared with processor 202 = 2418
    Number of faces shared with processor 75 = 260
    Number of faces shared with processor 204 = 114
    Number of faces shared with processor 211 = 18
    Number of processor patches = 17
    Number of processor faces = 14660
    Number of boundary faces = 0

Processor 306
    Number of cells = 126559
    Number of points = 146011
    Number of faces shared with processor 304 = 148
    Number of faces shared with processor 305 = 1515
    Number of faces shared with processor 307 = 2181
    Number of faces shared with processor 317 = 1472
    Number of faces shared with processor 200 = 1328
    Number of faces shared with processor 201 = 172
    Number of faces shared with processor 202 = 3725
    Number of faces shared with processor 203 = 180
    Number of faces shared with processor 205 = 455
    Number of faces shared with processor 207 = 945
    Number of processor patches = 10
    Number of processor faces = 12121
    Number of boundary faces = 12647

Processor 307
    Number of cells = 126358
    Number of points = 148283
    Number of faces shared with processor 300 = 658
    Number of faces shared with processor 301 = 261
    Number of faces shared with processor 304 = 1067
    Number of faces shared with processor 305 = 1974
    Number of faces shared with processor 306 = 2181
    Number of faces shared with processor 308 = 1726
    Number of faces shared with processor 200 = 1662
    Number of faces shared with processor 201 = 2572
    Number of processor patches = 8
    Number of processor faces = 12101
    Number of boundary faces = 15072

Processor 308
    Number of cells = 128355
    Number of points = 144210
    Number of faces shared with processor 288 = 1009
    Number of faces shared with processor 293 = 34
    Number of faces shared with processor 300 = 1938
    Number of faces shared with processor 303 = 28
    Number of faces shared with processor 304 = 985
    Number of faces shared with processor 305 = 1860
    Number of faces shared with processor 307 = 1726
    Number of faces shared with processor 309 = 3819
    Number of faces shared with processor 310 = 64
    Number of faces shared with processor 311 = 682
    Number of faces shared with processor 200 = 738
    Number of faces shared with processor 201 = 1372
    Number of faces shared with processor 211 = 855
    Number of processor patches = 13
    Number of processor faces = 15110
    Number of boundary faces = 6669

Processor 309
    Number of cells = 126909
    Number of points = 142402
    Number of faces shared with processor 288 = 126
    Number of faces shared with processor 293 = 1733
    Number of faces shared with processor 300 = 2545
    Number of faces shared with processor 303 = 195
    Number of faces shared with processor 304 = 90
    Number of faces shared with processor 308 = 3819
    Number of faces shared with processor 310 = 2943
    Number of faces shared with processor 311 = 874
    Number of processor patches = 8
    Number of processor faces = 12325
    Number of boundary faces = 9067

Processor 310
    Number of cells = 128686
    Number of points = 145716
    Number of faces shared with processor 288 = 489
    Number of faces shared with processor 292 = 2796
    Number of faces shared with processor 293 = 502
    Number of faces shared with processor 295 = 458
    Number of faces shared with processor 308 = 64
    Number of faces shared with processor 309 = 2943
    Number of faces shared with processor 311 = 2115
    Number of faces shared with processor 312 = 1990
    Number of processor patches = 8
    Number of processor faces = 11357
    Number of boundary faces = 10421

Processor 311
    Number of cells = 128461
    Number of points = 148074
    Number of faces shared with processor 288 = 174
    Number of faces shared with processor 304 = 2208
    Number of faces shared with processor 305 = 469
    Number of faces shared with processor 308 = 682
    Number of faces shared with processor 309 = 874
    Number of faces shared with processor 310 = 2115
    Number of faces shared with processor 312 = 1627
    Number of faces shared with processor 318 = 2640
    Number of processor patches = 8
    Number of processor faces = 10789
    Number of boundary faces = 9546

Processor 312
    Number of cells = 128636
    Number of points = 144799
    Number of faces shared with processor 288 = 671
    Number of faces shared with processor 289 = 2688
    Number of faces shared with processor 292 = 435
    Number of faces shared with processor 295 = 112
    Number of faces shared with processor 310 = 1990
    Number of faces shared with processor 311 = 1627
    Number of faces shared with processor 313 = 2854
    Number of faces shared with processor 314 = 720
    Number of faces shared with processor 318 = 839
    Number of faces shared with processor 319 = 762
    Number of faces shared with processor 327 = 246
    Number of processor patches = 11
    Number of processor faces = 12944
    Number of boundary faces = 9234

Processor 313
    Number of cells = 127782
    Number of points = 146803
    Number of faces shared with processor 282 = 3
    Number of faces shared with processor 288 = 694
    Number of faces shared with processor 289 = 312
    Number of faces shared with processor 304 = 55
    Number of faces shared with processor 305 = 7
    Number of faces shared with processor 312 = 2854
    Number of faces shared with processor 314 = 1342
    Number of faces shared with processor 315 = 4535
    Number of faces shared with processor 316 = 401
    Number of faces shared with processor 318 = 2166
    Number of faces shared with processor 319 = 1364
    Number of faces shared with processor 327 = 822
    Number of faces shared with processor 75 = 22
    Number of processor patches = 13
    Number of processor faces = 14577
    Number of boundary faces = 5651

Processor 314
    Number of cells = 126555
    Number of points = 153073
    Number of faces shared with processor 280 = 315
    Number of faces shared with processor 281 = 533
    Number of faces shared with processor 283 = 727
    Number of faces shared with processor 312 = 720
    Number of faces shared with processor 313 = 1342
    Number of faces shared with processor 315 = 1945
    Number of faces shared with processor 319 = 921
    Number of faces shared with processor 327 = 1349
    Number of processor patches = 8
    Number of processor faces = 7852
    Number of boundary faces = 16932

Processor 315
    Number of cells = 126494
    Number of points = 149500
    Number of faces shared with processor 257 = 2
    Number of faces shared with processor 274 = 176
    Number of faces shared with processor 280 = 568
    Number of faces shared with processor 281 = 809
    Number of faces shared with processor 282 = 178
    Number of faces shared with processor 283 = 1543
    Number of faces shared with processor 288 = 240
    Number of faces shared with processor 313 = 4535
    Number of faces shared with processor 314 = 1945
    Number of faces shared with processor 316 = 17
    Number of faces shared with processor 319 = 1057
    Number of faces shared with processor 327 = 486
    Number of faces shared with processor 75 = 48
    Number of faces shared with processor 331 = 37
    Number of processor patches = 14
    Number of processor faces = 11641
    Number of boundary faces = 8023

Processor 316
    Number of cells = 126484
    Number of points = 144836
    Number of faces shared with processor 256 = 878
    Number of faces shared with processor 257 = 1767
    Number of faces shared with processor 282 = 1056
    Number of faces shared with processor 304 = 822
    Number of faces shared with processor 305 = 243
    Number of faces shared with processor 313 = 401
    Number of faces shared with processor 315 = 17
    Number of faces shared with processor 317 = 1633
    Number of faces shared with processor 318 = 1438
    Number of faces shared with processor 319 = 2075
    Number of faces shared with processor 75 = 38
    Number of processor patches = 11
    Number of processor faces = 10368
    Number of boundary faces = 10922

Processor 317
    Number of cells = 126445
    Number of points = 149268
    Number of faces shared with processor 256 = 2003
    Number of faces shared with processor 260 = 566
    Number of faces shared with processor 304 = 1945
    Number of faces shared with processor 305 = 664
    Number of faces shared with processor 306 = 1472
    Number of faces shared with processor 316 = 1633
    Number of faces shared with processor 318 = 901
    Number of faces shared with processor 202 = 609
    Number of processor patches = 8
    Number of processor faces = 9793
    Number of boundary faces = 13757

Processor 318
    Number of cells = 128759
    Number of points = 145917
    Number of faces shared with processor 288 = 22
    Number of faces shared with processor 304 = 3131
    Number of faces shared with processor 311 = 2640
    Number of faces shared with processor 312 = 839
    Number of faces shared with processor 313 = 2166
    Number of faces shared with processor 316 = 1438
    Number of faces shared with processor 317 = 901
    Number of faces shared with processor 319 = 2029
    Number of processor patches = 8
    Number of processor faces = 13166
    Number of boundary faces = 9165

Processor 319
    Number of cells = 128448
    Number of points = 148331
    Number of faces shared with processor 282 = 870
    Number of faces shared with processor 283 = 1775
    Number of faces shared with processor 312 = 762
    Number of faces shared with processor 313 = 1364
    Number of faces shared with processor 314 = 921
    Number of faces shared with processor 315 = 1057
    Number of faces shared with processor 316 = 2075
    Number of faces shared with processor 318 = 2029
    Number of processor patches = 8
    Number of processor faces = 10853
    Number of boundary faces = 12410

Processor 320
    Number of cells = 128237
    Number of points = 153709
    Number of faces shared with processor 321 = 2323
    Number of faces shared with processor 322 = 920
    Number of faces shared with processor 324 = 127
    Number of faces shared with processor 325 = 950
    Number of faces shared with processor 326 = 172
    Number of faces shared with processor 329 = 876
    Number of faces shared with processor 330 = 810
    Number of faces shared with processor 363 = 1053
    Number of faces shared with processor 377 = 610
    Number of faces shared with processor 378 = 1408
    Number of processor patches = 10
    Number of processor faces = 9249
    Number of boundary faces = 13551

Processor 321
    Number of cells = 126482
    Number of points = 154523
    Number of faces shared with processor 320 = 2323
    Number of faces shared with processor 322 = 2864
    Number of faces shared with processor 324 = 873
    Number of faces shared with processor 363 = 529
    Number of faces shared with processor 376 = 1133
    Number of faces shared with processor 377 = 1051
    Number of faces shared with processor 378 = 1149
    Number of faces shared with processor 381 = 311
    Number of processor patches = 8
    Number of processor faces = 10233
    Number of boundary faces = 14747

Processor 322
    Number of cells = 128313
    Number of points = 159266
    Number of faces shared with processor 290 = 114
    Number of faces shared with processor 320 = 920
    Number of faces shared with processor 321 = 2864
    Number of faces shared with processor 323 = 1957
    Number of faces shared with processor 329 = 1902
    Number of faces shared with processor 330 = 63
    Number of faces shared with processor 356 = 38
    Number of faces shared with processor 363 = 654
    Number of faces shared with processor 366 = 941
    Number of faces shared with processor 376 = 676
    Number of processor patches = 10
    Number of processor faces = 10129
    Number of boundary faces = 14721

Processor 323
    Number of cells = 128526
    Number of points = 157500
    Number of faces shared with processor 290 = 184
    Number of faces shared with processor 322 = 1957
    Number of faces shared with processor 329 = 832
    Number of faces shared with processor 335 = 359
    Number of faces shared with processor 338 = 1158
    Number of faces shared with processor 364 = 515
    Number of faces shared with processor 365 = 991
    Number of faces shared with processor 366 = 869
    Number of faces shared with processor 367 = 1478
    Number of faces shared with processor 376 = 779
    Number of faces shared with processor 380 = 344
    Number of processor patches = 11
    Number of processor faces = 9466
    Number of boundary faces = 17166

Processor 324
    Number of cells = 127900
    Number of points = 149042
    Number of faces shared with processor 288 = 461
    Number of faces shared with processor 289 = 797
    Number of faces shared with processor 294 = 793
    Number of faces shared with processor 295 = 1689
    Number of faces shared with processor 320 = 127
    Number of faces shared with processor 321 = 873
    Number of faces shared with processor 451 = 206
    Number of faces shared with processor 325 = 1270
    Number of faces shared with processor 326 = 1475
    Number of faces shared with processor 454 = 992
    Number of faces shared with processor 455 = 293
    Number of faces shared with processor 356 = 304
    Number of faces shared with processor 357 = 714
    Number of faces shared with processor 358 = 1394
    Number of faces shared with processor 363 = 313
    Number of faces shared with processor 378 = 445
    Number of processor patches = 16
    Number of processor faces = 12146
    Number of boundary faces = 12883

Processor 325
    Number of cells = 126625
    Number of points = 157218
    Number of faces shared with processor 320 = 950
    Number of faces shared with processor 324 = 1270
    Number of faces shared with processor 326 = 1594
    Number of faces shared with processor 358 = 1266
    Number of faces shared with processor 363 = 780
    Number of faces shared with processor 378 = 2524
    Number of faces shared with processor 379 = 341
    Number of processor patches = 7
    Number of processor faces = 8725
    Number of boundary faces = 16629

Processor 326
    Number of cells = 128565
    Number of points = 152566
    Number of faces shared with processor 288 = 770
    Number of faces shared with processor 289 = 557
    Number of faces shared with processor 320 = 172
    Number of faces shared with processor 324 = 1475
    Number of faces shared with processor 325 = 1594
    Number of faces shared with processor 327 = 2306
    Number of faces shared with processor 330 = 1155
    Number of faces shared with processor 331 = 567
    Number of faces shared with processor 356 = 169
    Number of faces shared with processor 358 = 1310
    Number of faces shared with processor 363 = 1690
    Number of processor patches = 11
    Number of processor faces = 11765
    Number of boundary faces = 12472

Processor 327
    Number of cells = 127472
    Number of points = 146875
    Number of faces shared with processor 281 = 1476
    Number of faces shared with processor 288 = 708
    Number of faces shared with processor 289 = 2134
    Number of faces shared with processor 312 = 246
    Number of faces shared with processor 313 = 822
    Number of faces shared with processor 314 = 1349
    Number of faces shared with processor 315 = 486
    Number of faces shared with processor 326 = 2306
    Number of faces shared with processor 331 = 1661
    Number of processor patches = 9
    Number of processor faces = 11188
    Number of boundary faces = 10729

Processor 328
    Number of cells = 127881
    Number of points = 155936
    Number of faces shared with processor 273 = 14
    Number of faces shared with processor 274 = 156
    Number of faces shared with processor 276 = 81
    Number of faces shared with processor 278 = 1175
    Number of faces shared with processor 290 = 69
    Number of faces shared with processor 291 = 25
    Number of faces shared with processor 329 = 2310
    Number of faces shared with processor 330 = 2183
    Number of faces shared with processor 334 = 2127
    Number of faces shared with processor 335 = 2467
    Number of processor patches = 10
    Number of processor faces = 10607
    Number of boundary faces = 10396

Processor 329
    Number of cells = 128626
    Number of points = 157659
    Number of faces shared with processor 274 = 6
    Number of faces shared with processor 290 = 1102
    Number of faces shared with processor 320 = 876
    Number of faces shared with processor 322 = 1902
    Number of faces shared with processor 323 = 832
    Number of faces shared with processor 328 = 2310
    Number of faces shared with processor 330 = 1980
    Number of faces shared with processor 335 = 1275
    Number of faces shared with processor 366 = 73
    Number of faces shared with processor 367 = 55
    Number of processor patches = 10
    Number of processor faces = 10411
    Number of boundary faces = 10225

Processor 330
    Number of cells = 127003
    Number of points = 149777
    Number of faces shared with processor 274 = 124
    Number of faces shared with processor 278 = 864
    Number of faces shared with processor 288 = 770
    Number of faces shared with processor 290 = 534
    Number of faces shared with processor 320 = 810
    Number of faces shared with processor 322 = 63
    Number of faces shared with processor 326 = 1155
    Number of faces shared with processor 328 = 2183
    Number of faces shared with processor 329 = 1980
    Number of faces shared with processor 331 = 2830
    Number of faces shared with processor 356 = 141
    Number of faces shared with processor 363 = 126
    Number of processor patches = 12
    Number of processor faces = 11580
    Number of boundary faces = 9160

Processor 331
    Number of cells = 126519
    Number of points = 148863
    Number of faces shared with processor 274 = 113
    Number of faces shared with processor 278 = 2320
    Number of faces shared with processor 279 = 432
    Number of faces shared with processor 280 = 308
    Number of faces shared with processor 281 = 2501
    Number of faces shared with processor 288 = 155
    Number of faces shared with processor 315 = 37
    Number of faces shared with processor 326 = 567
    Number of faces shared with processor 327 = 1661
    Number of faces shared with processor 330 = 2830
    Number of processor patches = 10
    Number of processor faces = 10924
    Number of boundary faces = 10542

Processor 332
    Number of cells = 126664
    Number of points = 145695
    Number of faces shared with processor 274 = 277
    Number of faces shared with processor 276 = 1612
    Number of faces shared with processor 277 = 2309
    Number of faces shared with processor 427 = 608
    Number of faces shared with processor 429 = 1493
    Number of faces shared with processor 333 = 3599
    Number of faces shared with processor 334 = 933
    Number of faces shared with processor 347 = 426
    Number of processor patches = 8
    Number of processor faces = 11257
    Number of boundary faces = 11041

Processor 333
    Number of cells = 127543
    Number of points = 146535
    Number of faces shared with processor 273 = 257
    Number of faces shared with processor 274 = 94
    Number of faces shared with processor 332 = 3599
    Number of faces shared with processor 334 = 1989
    Number of faces shared with processor 343 = 16
    Number of faces shared with processor 345 = 6
    Number of faces shared with processor 347 = 1096
    Number of faces shared with processor 348 = 910
    Number of faces shared with processor 349 = 1547
    Number of faces shared with processor 350 = 581
    Number of faces shared with processor 351 = 132
    Number of processor patches = 11
    Number of processor faces = 10227
    Number of boundary faces = 10354

Processor 334
    Number of cells = 128872
    Number of points = 148842
    Number of faces shared with processor 273 = 93
    Number of faces shared with processor 274 = 72
    Number of faces shared with processor 276 = 1645
    Number of faces shared with processor 278 = 678
    Number of faces shared with processor 328 = 2127
    Number of faces shared with processor 332 = 933
    Number of faces shared with processor 333 = 1989
    Number of faces shared with processor 335 = 1412
    Number of faces shared with processor 350 = 984
    Number of faces shared with processor 351 = 3
    Number of processor patches = 10
    Number of processor faces = 9936
    Number of boundary faces = 11013

Processor 335
    Number of cells = 128873
    Number of points = 160411
    Number of faces shared with processor 273 = 56
    Number of faces shared with processor 290 = 147
    Number of faces shared with processor 291 = 76
    Number of faces shared with processor 323 = 359
    Number of faces shared with processor 328 = 2467
    Number of faces shared with processor 329 = 1275
    Number of faces shared with processor 334 = 1412
    Number of faces shared with processor 338 = 1064
    Number of faces shared with processor 339 = 860
    Number of faces shared with processor 350 = 652
    Number of faces shared with processor 351 = 1132
    Number of processor patches = 11
    Number of processor faces = 9500
    Number of boundary faces = 13140

Processor 336
    Number of cells = 128882
    Number of points = 149231
    Number of faces shared with processor 291 = 236
    Number of faces shared with processor 337 = 1762
    Number of faces shared with processor 338 = 866
    Number of faces shared with processor 339 = 1480
    Number of faces shared with processor 340 = 544
    Number of faces shared with processor 341 = 1282
    Number of faces shared with processor 343 = 743
    Number of faces shared with processor 347 = 460
    Number of faces shared with processor 355 = 96
    Number of faces shared with processor 364 = 1641
    Number of processor patches = 10
    Number of processor faces = 9110
    Number of boundary faces = 13268

Processor 337
    Number of cells = 128604
    Number of points = 147171
    Number of faces shared with processor 448 = 565
    Number of faces shared with processor 456 = 2049
    Number of faces shared with processor 336 = 1762
    Number of faces shared with processor 340 = 1671
    Number of faces shared with processor 343 = 55
    Number of faces shared with processor 355 = 152
    Number of faces shared with processor 364 = 173
    Number of faces shared with processor 368 = 1549
    Number of faces shared with processor 369 = 1248
    Number of faces shared with processor 371 = 108
    Number of processor patches = 10
    Number of processor faces = 9332
    Number of boundary faces = 13217

Processor 338
    Number of cells = 128772
    Number of points = 155038
    Number of faces shared with processor 290 = 495
    Number of faces shared with processor 291 = 137
    Number of faces shared with processor 323 = 1158
    Number of faces shared with processor 335 = 1064
    Number of faces shared with processor 336 = 866
    Number of faces shared with processor 339 = 2197
    Number of faces shared with processor 364 = 2512
    Number of faces shared with processor 367 = 2
    Number of processor patches = 8
    Number of processor faces = 8431
    Number of boundary faces = 14057

Processor 339
    Number of cells = 127881
    Number of points = 155363
    Number of faces shared with processor 291 = 69
    Number of faces shared with processor 335 = 860
    Number of faces shared with processor 336 = 1480
    Number of faces shared with processor 338 = 2197
    Number of faces shared with processor 343 = 375
    Number of faces shared with processor 346 = 153
    Number of faces shared with processor 347 = 1307
    Number of faces shared with processor 351 = 1674
    Number of processor patches = 8
    Number of processor faces = 8115
    Number of boundary faces = 15021

Processor 340
    Number of cells = 128879
    Number of points = 147046
    Number of faces shared with processor 390 = 814
    Number of faces shared with processor 456 = 1373
    Number of faces shared with processor 457 = 222
    Number of faces shared with processor 336 = 544
    Number of faces shared with processor 337 = 1671
    Number of faces shared with processor 341 = 1312
    Number of faces shared with processor 342 = 1539
    Number of faces shared with processor 343 = 548
    Number of processor patches = 8
    Number of processor faces = 8023
    Number of boundary faces = 13272

Processor 341
    Number of cells = 128540
    Number of points = 149064
    Number of faces shared with processor 336 = 1282
    Number of faces shared with processor 340 = 1312
    Number of faces shared with processor 342 = 994
    Number of faces shared with processor 343 = 859
    Number of faces shared with processor 344 = 1248
    Number of faces shared with processor 346 = 473
    Number of faces shared with processor 347 = 916
    Number of processor patches = 7
    Number of processor faces = 7084
    Number of boundary faces = 13895

Processor 342
    Number of cells = 128350
    Number of points = 148683
    Number of faces shared with processor 385 = 1520
    Number of faces shared with processor 390 = 522
    Number of faces shared with processor 340 = 1539
    Number of faces shared with processor 341 = 994
    Number of faces shared with processor 343 = 2337
    Number of faces shared with processor 344 = 890
    Number of processor patches = 6
    Number of processor faces = 7802
    Number of boundary faces = 14020

Processor 343
    Number of cells = 128882
    Number of points = 150928
    Number of faces shared with processor 384 = 34
    Number of faces shared with processor 385 = 746
    Number of faces shared with processor 386 = 297
    Number of faces shared with processor 390 = 60
    Number of faces shared with processor 272 = 1286
    Number of faces shared with processor 273 = 966
    Number of faces shared with processor 416 = 342
    Number of faces shared with processor 288 = 595
    Number of faces shared with processor 417 = 1928
    Number of faces shared with processor 418 = 348
    Number of faces shared with processor 291 = 730
    Number of faces shared with processor 333 = 16
    Number of faces shared with processor 336 = 743
    Number of faces shared with processor 337 = 55
    Number of faces shared with processor 339 = 375
    Number of faces shared with processor 340 = 548
    Number of faces shared with processor 341 = 859
    Number of faces shared with processor 342 = 2337
    Number of faces shared with processor 344 = 1734
    Number of faces shared with processor 345 = 295
    Number of faces shared with processor 346 = 284
    Number of faces shared with processor 347 = 200
    Number of faces shared with processor 348 = 7
    Number of faces shared with processor 349 = 2
    Number of faces shared with processor 351 = 85
    Number of processor patches = 25
    Number of processor faces = 14872
    Number of boundary faces = 14080

Processor 344
    Number of cells = 127229
    Number of points = 151504
    Number of faces shared with processor 416 = 455
    Number of faces shared with processor 418 = 316
    Number of faces shared with processor 341 = 1248
    Number of faces shared with processor 342 = 890
    Number of faces shared with processor 343 = 1734
    Number of faces shared with processor 345 = 2359
    Number of faces shared with processor 346 = 1294
    Number of processor patches = 7
    Number of processor faces = 8296
    Number of boundary faces = 15937

Processor 345
    Number of cells = 126690
    Number of points = 150817
    Number of faces shared with processor 273 = 1
    Number of faces shared with processor 416 = 1660
    Number of faces shared with processor 333 = 6
    Number of faces shared with processor 343 = 295
    Number of faces shared with processor 344 = 2359
    Number of faces shared with processor 346 = 1005
    Number of faces shared with processor 348 = 1345
    Number of faces shared with processor 349 = 910
    Number of faces shared with processor 351 = 123
    Number of processor patches = 9
    Number of processor faces = 7704
    Number of boundary faces = 17147

Processor 346
    Number of cells = 127221
    Number of points = 150276
    Number of faces shared with processor 339 = 153
    Number of faces shared with processor 341 = 473
    Number of faces shared with processor 343 = 284
    Number of faces shared with processor 344 = 1294
    Number of faces shared with processor 345 = 1005
    Number of faces shared with processor 347 = 1398
    Number of faces shared with processor 349 = 107
    Number of faces shared with processor 351 = 1500
    Number of processor patches = 8
    Number of processor faces = 6214
    Number of boundary faces = 18098

Processor 347
    Number of cells = 128882
    Number of points = 159293
    Number of faces shared with processor 272 = 4
    Number of faces shared with processor 273 = 56
    Number of faces shared with processor 274 = 255
    Number of faces shared with processor 416 = 848
    Number of faces shared with processor 424 = 1018
    Number of faces shared with processor 427 = 2227
    Number of faces shared with processor 332 = 426
    Number of faces shared with processor 333 = 1096
    Number of faces shared with processor 336 = 460
    Number of faces shared with processor 339 = 1307
    Number of faces shared with processor 341 = 916
    Number of faces shared with processor 343 = 200
    Number of faces shared with processor 346 = 1398
    Number of faces shared with processor 348 = 1341
    Number of faces shared with processor 351 = 378
    Number of processor patches = 15
    Number of processor faces = 11930
    Number of boundary faces = 14254

Processor 348
    Number of cells = 127136
    Number of points = 153343
    Number of faces shared with processor 273 = 8
    Number of faces shared with processor 416 = 795
    Number of faces shared with processor 333 = 910
    Number of faces shared with processor 343 = 7
    Number of faces shared with processor 345 = 1345
    Number of faces shared with processor 347 = 1341
    Number of faces shared with processor 349 = 1874
    Number of processor patches = 7
    Number of processor faces = 6280
    Number of boundary faces = 16801

Processor 349
    Number of cells = 126681
    Number of points = 149194
    Number of faces shared with processor 333 = 1547
    Number of faces shared with processor 343 = 2
    Number of faces shared with processor 345 = 910
    Number of faces shared with processor 346 = 107
    Number of faces shared with processor 348 = 1874
    Number of faces shared with processor 350 = 706
    Number of faces shared with processor 351 = 1880
    Number of processor patches = 7
    Number of processor faces = 7026
    Number of boundary faces = 17212

Processor 350
    Number of cells = 127629
    Number of points = 152687
    Number of faces shared with processor 273 = 9
    Number of faces shared with processor 333 = 581
    Number of faces shared with processor 334 = 984
    Number of faces shared with processor 335 = 652
    Number of faces shared with processor 349 = 706
    Number of faces shared with processor 351 = 3231
    Number of processor patches = 6
    Number of processor faces = 6163
    Number of boundary faces = 17018

Processor 351
    Number of cells = 126989
    Number of points = 153054
    Number of faces shared with processor 273 = 85
    Number of faces shared with processor 291 = 7
    Number of faces shared with processor 333 = 132
    Number of faces shared with processor 334 = 3
    Number of faces shared with processor 335 = 1132
    Number of faces shared with processor 339 = 1674
    Number of faces shared with processor 343 = 85
    Number of faces shared with processor 345 = 123
    Number of faces shared with processor 346 = 1500
    Number of faces shared with processor 347 = 378
    Number of faces shared with processor 349 = 1880
    Number of faces shared with processor 350 = 3231
    Number of processor patches = 12
    Number of processor faces = 10230
    Number of boundary faces = 16123

Processor 352
    Number of cells = 128875
    Number of points = 156554
    Number of faces shared with processor 353 = 1620
    Number of faces shared with processor 354 = 493
    Number of faces shared with processor 356 = 733
    Number of faces shared with processor 357 = 345
    Number of faces shared with processor 360 = 1478
    Number of faces shared with processor 361 = 1691
    Number of faces shared with processor 367 = 710
    Number of faces shared with processor 370 = 23
    Number of faces shared with processor 371 = 1045
    Number of faces shared with processor 373 = 37
    Number of faces shared with processor 374 = 1086
    Number of faces shared with processor 375 = 155
    Number of processor patches = 12
    Number of processor faces = 9416
    Number of boundary faces = 15208

Processor 353
    Number of cells = 128400
    Number of points = 154499
    Number of faces shared with processor 290 = 585
    Number of faces shared with processor 352 = 1620
    Number of faces shared with processor 354 = 650
    Number of faces shared with processor 355 = 2319
    Number of faces shared with processor 356 = 488
    Number of faces shared with processor 364 = 1546
    Number of faces shared with processor 365 = 1803
    Number of faces shared with processor 367 = 883
    Number of faces shared with processor 368 = 262
    Number of faces shared with processor 371 = 209
    Number of faces shared with processor 374 = 169
    Number of processor patches = 11
    Number of processor faces = 10534
    Number of boundary faces = 13704

Processor 354
    Number of cells = 127440
    Number of points = 152409
    Number of faces shared with processor 448 = 52
    Number of faces shared with processor 352 = 493
    Number of faces shared with processor 353 = 650
    Number of faces shared with processor 355 = 1181
    Number of faces shared with processor 356 = 1633
    Number of faces shared with processor 357 = 1292
    Number of faces shared with processor 371 = 733
    Number of processor patches = 7
    Number of processor faces = 6034
    Number of boundary faces = 21218

Processor 355
    Number of cells = 126984
    Number of points = 149058
    Number of faces shared with processor 336 = 96
    Number of faces shared with processor 337 = 152
    Number of faces shared with processor 353 = 2319
    Number of faces shared with processor 354 = 1181
    Number of faces shared with processor 364 = 104
    Number of faces shared with processor 368 = 299
    Number of faces shared with processor 369 = 8
    Number of faces shared with processor 371 = 1043
    Number of processor patches = 8
    Number of processor faces = 5202
    Number of boundary faces = 24328

Processor 356
    Number of cells = 126370
    Number of points = 146392
    Number of faces shared with processor 288 = 2003
    Number of faces shared with processor 290 = 2967
    Number of faces shared with processor 294 = 1880
    Number of faces shared with processor 448 = 40
    Number of faces shared with processor 322 = 38
    Number of faces shared with processor 324 = 304
    Number of faces shared with processor 326 = 169
    Number of faces shared with processor 330 = 141
    Number of faces shared with processor 352 = 733
    Number of faces shared with processor 353 = 488
    Number of faces shared with processor 354 = 1633
    Number of faces shared with processor 357 = 1899
    Number of faces shared with processor 358 = 405
    Number of faces shared with processor 359 = 1221
    Number of faces shared with processor 360 = 629
    Number of faces shared with processor 363 = 471
    Number of faces shared with processor 366 = 157
    Number of faces shared with processor 367 = 423
    Number of faces shared with processor 371 = 541
    Number of processor patches = 19
    Number of processor faces = 16142
    Number of boundary faces = 7611

Processor 357
    Number of cells = 128763
    Number of points = 148976
    Number of faces shared with processor 294 = 237
    Number of faces shared with processor 448 = 908
    Number of faces shared with processor 450 = 1084
    Number of faces shared with processor 451 = 174
    Number of faces shared with processor 324 = 714
    Number of faces shared with processor 454 = 2139
    Number of faces shared with processor 352 = 345
    Number of faces shared with processor 354 = 1292
    Number of faces shared with processor 356 = 1899
    Number of faces shared with processor 358 = 1084
    Number of faces shared with processor 359 = 1684
    Number of faces shared with processor 360 = 788
    Number of processor patches = 12
    Number of processor faces = 12348
    Number of boundary faces = 9454

Processor 358
    Number of cells = 128186
    Number of points = 154658
    Number of faces shared with processor 324 = 1394
    Number of faces shared with processor 325 = 1266
    Number of faces shared with processor 326 = 1310
    Number of faces shared with processor 356 = 405
    Number of faces shared with processor 357 = 1084
    Number of faces shared with processor 359 = 2362
    Number of faces shared with processor 360 = 1311
    Number of faces shared with processor 362 = 897
    Number of faces shared with processor 363 = 922
    Number of faces shared with processor 378 = 236
    Number of faces shared with processor 379 = 214
    Number of processor patches = 11
    Number of processor faces = 11401
    Number of boundary faces = 15217

Processor 359
    Number of cells = 126348
    Number of points = 153894
    Number of faces shared with processor 448 = 204
    Number of faces shared with processor 356 = 1221
    Number of faces shared with processor 357 = 1684
    Number of faces shared with processor 358 = 2362
    Number of faces shared with processor 360 = 80
    Number of faces shared with processor 370 = 545
    Number of faces shared with processor 371 = 203
    Number of faces shared with processor 378 = 431
    Number of faces shared with processor 379 = 1728
    Number of faces shared with processor 382 = 381
    Number of processor patches = 10
    Number of processor faces = 8839
    Number of boundary faces = 18536

Processor 360
    Number of cells = 128882
    Number of points = 153156
    Number of faces shared with processor 352 = 1478
    Number of faces shared with processor 356 = 629
    Number of faces shared with processor 357 = 788
    Number of faces shared with processor 358 = 1311
    Number of faces shared with processor 359 = 80
    Number of faces shared with processor 361 = 2220
    Number of faces shared with processor 362 = 1814
    Number of faces shared with processor 363 = 177
    Number of faces shared with processor 366 = 676
    Number of faces shared with processor 367 = 953
    Number of processor patches = 10
    Number of processor faces = 10126
    Number of boundary faces = 14843

Processor 361
    Number of cells = 128515
    Number of points = 156744
    Number of faces shared with processor 352 = 1691
    Number of faces shared with processor 360 = 2220
    Number of faces shared with processor 362 = 874
    Number of faces shared with processor 366 = 303
    Number of faces shared with processor 367 = 508
    Number of faces shared with processor 370 = 829
    Number of faces shared with processor 371 = 2
    Number of faces shared with processor 373 = 515
    Number of faces shared with processor 374 = 1293
    Number of faces shared with processor 375 = 311
    Number of faces shared with processor 380 = 834
    Number of faces shared with processor 382 = 1061
    Number of processor patches = 12
    Number of processor faces = 10441
    Number of boundary faces = 17282

Processor 362
    Number of cells = 128871
    Number of points = 159083
    Number of faces shared with processor 358 = 897
    Number of faces shared with processor 360 = 1814
    Number of faces shared with processor 361 = 874
    Number of faces shared with processor 363 = 1928
    Number of faces shared with processor 366 = 801
    Number of faces shared with processor 372 = 59
    Number of faces shared with processor 373 = 73
    Number of faces shared with processor 380 = 434
    Number of faces shared with processor 381 = 573
    Number of faces shared with processor 382 = 3114
    Number of faces shared with processor 383 = 463
    Number of processor patches = 11
    Number of processor faces = 11030
    Number of boundary faces = 16565

Processor 363
    Number of cells = 128882
    Number of points = 153852
    Number of faces shared with processor 288 = 32
    Number of faces shared with processor 320 = 1053
    Number of faces shared with processor 321 = 529
    Number of faces shared with processor 322 = 654
    Number of faces shared with processor 324 = 313
    Number of faces shared with processor 325 = 780
    Number of faces shared with processor 326 = 1690
    Number of faces shared with processor 330 = 126
    Number of faces shared with processor 356 = 471
    Number of faces shared with processor 358 = 922
    Number of faces shared with processor 360 = 177
    Number of faces shared with processor 362 = 1928
    Number of faces shared with processor 366 = 1665
    Number of faces shared with processor 367 = 106
    Number of faces shared with processor 381 = 794
    Number of faces shared with processor 382 = 338
    Number of faces shared with processor 383 = 343
    Number of processor patches = 17
    Number of processor faces = 11921
    Number of boundary faces = 13194

Processor 364
    Number of cells = 127652
    Number of points = 152558
    Number of faces shared with processor 290 = 711
    Number of faces shared with processor 291 = 171
    Number of faces shared with processor 323 = 515
    Number of faces shared with processor 336 = 1641
    Number of faces shared with processor 337 = 173
    Number of faces shared with processor 338 = 2512
    Number of faces shared with processor 353 = 1546
    Number of faces shared with processor 355 = 104
    Number of faces shared with processor 365 = 1597
    Number of faces shared with processor 367 = 1058
    Number of faces shared with processor 368 = 791
    Number of processor patches = 11
    Number of processor faces = 10819
    Number of boundary faces = 11814

Processor 365
    Number of cells = 127578
    Number of points = 155285
    Number of faces shared with processor 323 = 991
    Number of faces shared with processor 353 = 1803
    Number of faces shared with processor 364 = 1597
    Number of faces shared with processor 367 = 1405
    Number of faces shared with processor 368 = 919
    Number of faces shared with processor 374 = 629
    Number of faces shared with processor 376 = 1010
    Number of faces shared with processor 380 = 766
    Number of processor patches = 8
    Number of processor faces = 9120
    Number of boundary faces = 19052

Processor 366
    Number of cells = 128286
    Number of points = 154434
    Number of faces shared with processor 290 = 161
    Number of faces shared with processor 322 = 941
    Number of faces shared with processor 323 = 869
    Number of faces shared with processor 329 = 73
    Number of faces shared with processor 356 = 157
    Number of faces shared with processor 360 = 676
    Number of faces shared with processor 361 = 303
    Number of faces shared with processor 362 = 801
    Number of faces shared with processor 363 = 1665
    Number of faces shared with processor 367 = 2371
    Number of faces shared with processor 380 = 957
    Number of faces shared with processor 381 = 1490
    Number of processor patches = 12
    Number of processor faces = 10464
    Number of boundary faces = 14489

Processor 367
    Number of cells = 128882
    Number of points = 151928
    Number of faces shared with processor 290 = 664
    Number of faces shared with processor 323 = 1478
    Number of faces shared with processor 329 = 55
    Number of faces shared with processor 338 = 2
    Number of faces shared with processor 352 = 710
    Number of faces shared with processor 353 = 883
    Number of faces shared with processor 356 = 423
    Number of faces shared with processor 360 = 953
    Number of faces shared with processor 361 = 508
    Number of faces shared with processor 363 = 106
    Number of faces shared with processor 364 = 1058
    Number of faces shared with processor 365 = 1405
    Number of faces shared with processor 366 = 2371
    Number of faces shared with processor 374 = 453
    Number of faces shared with processor 380 = 409
    Number of processor patches = 15
    Number of processor faces = 11478
    Number of boundary faces = 13439

Processor 368
    Number of cells = 127025
    Number of points = 153115
    Number of faces shared with processor 337 = 1549
    Number of faces shared with processor 353 = 262
    Number of faces shared with processor 355 = 299
    Number of faces shared with processor 364 = 791
    Number of faces shared with processor 365 = 919
    Number of faces shared with processor 369 = 1979
    Number of faces shared with processor 370 = 14
    Number of faces shared with processor 371 = 302
    Number of faces shared with processor 374 = 521
    Number of faces shared with processor 375 = 1398
    Number of faces shared with processor 376 = 734
    Number of processor patches = 11
    Number of processor faces = 8768
    Number of boundary faces = 12201

Processor 369
    Number of cells = 127074
    Number of points = 151869
    Number of faces shared with processor 448 = 456
    Number of faces shared with processor 337 = 1248
    Number of faces shared with processor 355 = 8
    Number of faces shared with processor 368 = 1979
    Number of faces shared with processor 370 = 1603
    Number of faces shared with processor 371 = 284
    Number of faces shared with processor 372 = 873
    Number of faces shared with processor 375 = 527
    Number of faces shared with processor 376 = 1436
    Number of faces shared with processor 377 = 46
    Number of faces shared with processor 379 = 1084
    Number of faces shared with processor 382 = 24
    Number of faces shared with processor 383 = 118
    Number of processor patches = 13
    Number of processor faces = 9686
    Number of boundary faces = 13840

Processor 370
    Number of cells = 126669
    Number of points = 155980
    Number of faces shared with processor 448 = 1
    Number of faces shared with processor 352 = 23
    Number of faces shared with processor 359 = 545
    Number of faces shared with processor 361 = 829
    Number of faces shared with processor 368 = 14
    Number of faces shared with processor 369 = 1603
    Number of faces shared with processor 371 = 1801
    Number of faces shared with processor 372 = 381
    Number of faces shared with processor 373 = 804
    Number of faces shared with processor 375 = 1060
    Number of faces shared with processor 379 = 1325
    Number of faces shared with processor 382 = 1034
    Number of processor patches = 12
    Number of processor faces = 9420
    Number of boundary faces = 13578

Processor 371
    Number of cells = 127880
    Number of points = 153112
    Number of faces shared with processor 448 = 216
    Number of faces shared with processor 337 = 108
    Number of faces shared with processor 352 = 1045
    Number of faces shared with processor 353 = 209
    Number of faces shared with processor 354 = 733
    Number of faces shared with processor 355 = 1043
    Number of faces shared with processor 356 = 541
    Number of faces shared with processor 359 = 203
    Number of faces shared with processor 361 = 2
    Number of faces shared with processor 368 = 302
    Number of faces shared with processor 369 = 284
    Number of faces shared with processor 370 = 1801
    Number of faces shared with processor 373 = 319
    Number of faces shared with processor 374 = 1447
    Number of faces shared with processor 375 = 858
    Number of faces shared with processor 379 = 17
    Number of processor patches = 16
    Number of processor faces = 9128
    Number of boundary faces = 14233

Processor 372
    Number of cells = 126807
    Number of points = 151499
    Number of faces shared with processor 362 = 59
    Number of faces shared with processor 369 = 873
    Number of faces shared with processor 370 = 381
    Number of faces shared with processor 373 = 1846
    Number of faces shared with processor 375 = 1334
    Number of faces shared with processor 376 = 182
    Number of faces shared with processor 380 = 524
    Number of faces shared with processor 381 = 99
    Number of faces shared with processor 382 = 569
    Number of faces shared with processor 383 = 2283
    Number of processor patches = 10
    Number of processor faces = 8150
    Number of boundary faces = 18158

Processor 373
    Number of cells = 128244
    Number of points = 156234
    Number of faces shared with processor 352 = 37
    Number of faces shared with processor 361 = 515
    Number of faces shared with processor 362 = 73
    Number of faces shared with processor 370 = 804
    Number of faces shared with processor 371 = 319
    Number of faces shared with processor 372 = 1846
    Number of faces shared with processor 375 = 2613
    Number of faces shared with processor 380 = 509
    Number of faces shared with processor 382 = 526
    Number of faces shared with processor 383 = 153
    Number of processor patches = 10
    Number of processor faces = 7395
    Number of boundary faces = 22049

Processor 374
    Number of cells = 128680
    Number of points = 156869
    Number of faces shared with processor 352 = 1086
    Number of faces shared with processor 353 = 169
    Number of faces shared with processor 361 = 1293
    Number of faces shared with processor 365 = 629
    Number of faces shared with processor 367 = 453
    Number of faces shared with processor 368 = 521
    Number of faces shared with processor 371 = 1447
    Number of faces shared with processor 375 = 1733
    Number of faces shared with processor 376 = 53
    Number of faces shared with processor 380 = 1292
    Number of processor patches = 10
    Number of processor faces = 8676
    Number of boundary faces = 16073

Processor 375
    Number of cells = 126811
    Number of points = 154388
    Number of faces shared with processor 352 = 155
    Number of faces shared with processor 361 = 311
    Number of faces shared with processor 368 = 1398
    Number of faces shared with processor 369 = 527
    Number of faces shared with processor 370 = 1060
    Number of faces shared with processor 371 = 858
    Number of faces shared with processor 372 = 1334
    Number of faces shared with processor 373 = 2613
    Number of faces shared with processor 374 = 1733
    Number of faces shared with processor 376 = 7
    Number of faces shared with processor 380 = 480
    Number of processor patches = 11
    Number of processor faces = 10476
    Number of boundary faces = 16691

Processor 376
    Number of cells = 126809
    Number of points = 152237
    Number of faces shared with processor 321 = 1133
    Number of faces shared with processor 322 = 676
    Number of faces shared with processor 323 = 779
    Number of faces shared with processor 365 = 1010
    Number of faces shared with processor 368 = 734
    Number of faces shared with processor 369 = 1436
    Number of faces shared with processor 372 = 182
    Number of faces shared with processor 374 = 53
    Number of faces shared with processor 375 = 7
    Number of faces shared with processor 377 = 2464
    Number of faces shared with processor 379 = 715
    Number of faces shared with processor 380 = 801
    Number of faces shared with processor 381 = 790
    Number of faces shared with processor 383 = 123
    Number of processor patches = 14
    Number of processor faces = 10903
    Number of boundary faces = 14872

Processor 377
    Number of cells = 126648
    Number of points = 155836
    Number of faces shared with processor 320 = 610
    Number of faces shared with processor 321 = 1051
    Number of faces shared with processor 369 = 46
    Number of faces shared with processor 376 = 2464
    Number of faces shared with processor 378 = 2264
    Number of faces shared with processor 379 = 585
    Number of faces shared with processor 381 = 632
    Number of faces shared with processor 383 = 2318
    Number of processor patches = 8
    Number of processor faces = 9970
    Number of boundary faces = 14414

Processor 378
    Number of cells = 127482
    Number of points = 159687
    Number of faces shared with processor 320 = 1408
    Number of faces shared with processor 321 = 1149
    Number of faces shared with processor 324 = 445
    Number of faces shared with processor 325 = 2524
    Number of faces shared with processor 358 = 236
    Number of faces shared with processor 359 = 431
    Number of faces shared with processor 377 = 2264
    Number of faces shared with processor 379 = 1996
    Number of faces shared with processor 381 = 383
    Number of faces shared with processor 382 = 723
    Number of faces shared with processor 383 = 803
    Number of processor patches = 11
    Number of processor faces = 12362
    Number of boundary faces = 14124

Processor 379
    Number of cells = 126599
    Number of points = 150467
    Number of faces shared with processor 448 = 1574
    Number of faces shared with processor 325 = 341
    Number of faces shared with processor 358 = 214
    Number of faces shared with processor 359 = 1728
    Number of faces shared with processor 369 = 1084
    Number of faces shared with processor 370 = 1325
    Number of faces shared with processor 371 = 17
    Number of faces shared with processor 376 = 715
    Number of faces shared with processor 377 = 585
    Number of faces shared with processor 378 = 1996
    Number of faces shared with processor 382 = 708
    Number of faces shared with processor 383 = 11
    Number of processor patches = 12
    Number of processor faces = 10298
    Number of boundary faces = 15405

Processor 380
    Number of cells = 128646
    Number of points = 157998
    Number of faces shared with processor 323 = 344
    Number of faces shared with processor 361 = 834
    Number of faces shared with processor 362 = 434
    Number of faces shared with processor 365 = 766
    Number of faces shared with processor 366 = 957
    Number of faces shared with processor 367 = 409
    Number of faces shared with processor 372 = 524
    Number of faces shared with processor 373 = 509
    Number of faces shared with processor 374 = 1292
    Number of faces shared with processor 375 = 480
    Number of faces shared with processor 376 = 801
    Number of faces shared with processor 381 = 3085
    Number of faces shared with processor 383 = 1237
    Number of processor patches = 13
    Number of processor faces = 11672
    Number of boundary faces = 17625

Processor 381
    Number of cells = 127817
    Number of points = 156484
    Number of faces shared with processor 321 = 311
    Number of faces shared with processor 362 = 573
    Number of faces shared with processor 363 = 794
    Number of faces shared with processor 366 = 1490
    Number of faces shared with processor 372 = 99
    Number of faces shared with processor 376 = 790
    Number of faces shared with processor 377 = 632
    Number of faces shared with processor 378 = 383
    Number of faces shared with processor 380 = 3085
    Number of faces shared with processor 383 = 2289
    Number of processor patches = 10
    Number of processor faces = 10446
    Number of boundary faces = 15222

Processor 382
    Number of cells = 127953
    Number of points = 156400
    Number of faces shared with processor 359 = 381
    Number of faces shared with processor 361 = 1061
    Number of faces shared with processor 362 = 3114
    Number of faces shared with processor 363 = 338
    Number of faces shared with processor 369 = 24
    Number of faces shared with processor 370 = 1034
    Number of faces shared with processor 372 = 569
    Number of faces shared with processor 373 = 526
    Number of faces shared with processor 378 = 723
    Number of faces shared with processor 379 = 708
    Number of faces shared with processor 383 = 1683
    Number of processor patches = 11
    Number of processor faces = 10161
    Number of boundary faces = 16791

Processor 383
    Number of cells = 128882
    Number of points = 156501
    Number of faces shared with processor 362 = 463
    Number of faces shared with processor 363 = 343
    Number of faces shared with processor 369 = 118
    Number of faces shared with processor 372 = 2283
    Number of faces shared with processor 373 = 153
    Number of faces shared with processor 376 = 123
    Number of faces shared with processor 377 = 2318
    Number of faces shared with processor 378 = 803
    Number of faces shared with processor 379 = 11
    Number of faces shared with processor 380 = 1237
    Number of faces shared with processor 381 = 2289
    Number of faces shared with processor 382 = 1683
    Number of processor patches = 12
    Number of processor faces = 11824
    Number of boundary faces = 14968

Processor 384
    Number of cells = 126770
    Number of points = 151732
    Number of faces shared with processor 385 = 2068
    Number of faces shared with processor 386 = 72
    Number of faces shared with processor 387 = 2826
    Number of faces shared with processor 391 = 681
    Number of faces shared with processor 396 = 363
    Number of faces shared with processor 399 = 1192
    Number of faces shared with processor 401 = 153
    Number of faces shared with processor 402 = 321
    Number of faces shared with processor 403 = 234
    Number of faces shared with processor 408 = 736
    Number of faces shared with processor 417 = 744
    Number of faces shared with processor 424 = 307
    Number of faces shared with processor 343 = 34
    Number of processor patches = 13
    Number of processor faces = 9731
    Number of boundary faces = 17423

Processor 385
    Number of cells = 128423
    Number of points = 154424
    Number of faces shared with processor 384 = 2068
    Number of faces shared with processor 386 = 1308
    Number of faces shared with processor 387 = 1072
    Number of faces shared with processor 390 = 1544
    Number of faces shared with processor 391 = 1019
    Number of faces shared with processor 401 = 392
    Number of faces shared with processor 404 = 179
    Number of faces shared with processor 417 = 668
    Number of faces shared with processor 419 = 992
    Number of faces shared with processor 342 = 1520
    Number of faces shared with processor 343 = 746
    Number of processor patches = 11
    Number of processor faces = 11508
    Number of boundary faces = 13860

Processor 386
    Number of cells = 128679
    Number of points = 148625
    Number of faces shared with processor 384 = 72
    Number of faces shared with processor 385 = 1308
    Number of faces shared with processor 387 = 2253
    Number of faces shared with processor 272 = 929
    Number of faces shared with processor 406 = 109
    Number of faces shared with processor 407 = 1115
    Number of faces shared with processor 24 = 399
    Number of faces shared with processor 411 = 33
    Number of faces shared with processor 417 = 403
    Number of faces shared with processor 418 = 1295
    Number of faces shared with processor 419 = 587
    Number of faces shared with processor 421 = 474
    Number of faces shared with processor 424 = 788
    Number of faces shared with processor 425 = 2335
    Number of faces shared with processor 343 = 297
    Number of processor patches = 15
    Number of processor faces = 12397
    Number of boundary faces = 9683

Processor 387
    Number of cells = 127985
    Number of points = 154677
    Number of faces shared with processor 384 = 2826
    Number of faces shared with processor 385 = 1072
    Number of faces shared with processor 386 = 2253
    Number of faces shared with processor 398 = 95
    Number of faces shared with processor 400 = 940
    Number of faces shared with processor 402 = 568
    Number of faces shared with processor 407 = 782
    Number of faces shared with processor 408 = 215
    Number of faces shared with processor 417 = 1105
    Number of faces shared with processor 424 = 1181
    Number of faces shared with processor 425 = 195
    Number of processor patches = 11
    Number of processor faces = 11232
    Number of boundary faces = 13874

Processor 388
    Number of cells = 128694
    Number of points = 154789
    Number of faces shared with processor 389 = 1620
    Number of faces shared with processor 391 = 1559
    Number of faces shared with processor 394 = 12
    Number of faces shared with processor 395 = 866
    Number of faces shared with processor 396 = 10
    Number of faces shared with processor 401 = 141
    Number of faces shared with processor 402 = 201
    Number of faces shared with processor 403 = 1572
    Number of faces shared with processor 405 = 1144
    Number of faces shared with processor 412 = 183
    Number of faces shared with processor 414 = 1542
    Number of processor patches = 11
    Number of processor faces = 8850
    Number of boundary faces = 18916

Processor 389
    Number of cells = 126469
    Number of points = 154193
    Number of faces shared with processor 388 = 1620
    Number of faces shared with processor 390 = 698
    Number of faces shared with processor 391 = 1252
    Number of faces shared with processor 395 = 1137
    Number of faces shared with processor 404 = 491
    Number of faces shared with processor 405 = 704
    Number of faces shared with processor 406 = 50
    Number of faces shared with processor 412 = 634
    Number of faces shared with processor 413 = 535
    Number of faces shared with processor 414 = 1
    Number of faces shared with processor 419 = 196
    Number of faces shared with processor 420 = 165
    Number of faces shared with processor 461 = 464
    Number of processor patches = 13
    Number of processor faces = 7947
    Number of boundary faces = 13326

Processor 390
    Number of cells = 128802
    Number of points = 149849
    Number of faces shared with processor 385 = 1544
    Number of faces shared with processor 389 = 698
    Number of faces shared with processor 391 = 937
    Number of faces shared with processor 395 = 709
    Number of faces shared with processor 396 = 155
    Number of faces shared with processor 419 = 466
    Number of faces shared with processor 456 = 205
    Number of faces shared with processor 457 = 1366
    Number of faces shared with processor 461 = 1257
    Number of faces shared with processor 340 = 814
    Number of faces shared with processor 342 = 522
    Number of faces shared with processor 343 = 60
    Number of processor patches = 12
    Number of processor faces = 8733
    Number of boundary faces = 13139

Processor 391
    Number of cells = 128022
    Number of points = 155240
    Number of faces shared with processor 384 = 681
    Number of faces shared with processor 385 = 1019
    Number of faces shared with processor 388 = 1559
    Number of faces shared with processor 389 = 1252
    Number of faces shared with processor 390 = 937
    Number of faces shared with processor 395 = 630
    Number of faces shared with processor 396 = 547
    Number of faces shared with processor 401 = 752
    Number of faces shared with processor 402 = 175
    Number of faces shared with processor 403 = 16
    Number of faces shared with processor 404 = 337
    Number of faces shared with processor 405 = 572
    Number of faces shared with processor 419 = 94
    Number of processor patches = 13
    Number of processor faces = 8571
    Number of boundary faces = 13349

Processor 392
    Number of cells = 126412
    Number of points = 157985
    Number of faces shared with processor 393 = 3088
    Number of faces shared with processor 394 = 1139
    Number of faces shared with processor 395 = 1568
    Number of faces shared with processor 396 = 435
    Number of faces shared with processor 397 = 1258
    Number of faces shared with processor 409 = 295
    Number of faces shared with processor 413 = 1235
    Number of faces shared with processor 414 = 157
    Number of faces shared with processor 431 = 1424
    Number of faces shared with processor 435 = 722
    Number of processor patches = 10
    Number of processor faces = 11321
    Number of boundary faces = 13858

Processor 393
    Number of cells = 126484
    Number of points = 157955
    Number of faces shared with processor 392 = 3088
    Number of faces shared with processor 394 = 246
    Number of faces shared with processor 395 = 123
    Number of faces shared with processor 397 = 1447
    Number of faces shared with processor 409 = 1129
    Number of faces shared with processor 412 = 601
    Number of faces shared with processor 413 = 1198
    Number of faces shared with processor 414 = 331
    Number of faces shared with processor 415 = 363
    Number of faces shared with processor 422 = 141
    Number of faces shared with processor 435 = 1045
    Number of processor patches = 11
    Number of processor faces = 9712
    Number of boundary faces = 16774

Processor 394
    Number of cells = 126612
    Number of points = 155326
    Number of faces shared with processor 388 = 12
    Number of faces shared with processor 392 = 1139
    Number of faces shared with processor 393 = 246
    Number of faces shared with processor 395 = 2704
    Number of faces shared with processor 396 = 1401
    Number of faces shared with processor 397 = 1504
    Number of faces shared with processor 403 = 917
    Number of faces shared with processor 414 = 199
    Number of faces shared with processor 415 = 1878
    Number of processor patches = 9
    Number of processor faces = 10000
    Number of boundary faces = 13552

Processor 395
    Number of cells = 126839
    Number of points = 151504
    Number of faces shared with processor 388 = 866
    Number of faces shared with processor 389 = 1137
    Number of faces shared with processor 390 = 709
    Number of faces shared with processor 391 = 630
    Number of faces shared with processor 392 = 1568
    Number of faces shared with processor 393 = 123
    Number of faces shared with processor 394 = 2704
    Number of faces shared with processor 396 = 886
    Number of faces shared with processor 403 = 107
    Number of faces shared with processor 412 = 2
    Number of faces shared with processor 413 = 905
    Number of faces shared with processor 414 = 515
    Number of faces shared with processor 415 = 26
    Number of processor patches = 13
    Number of processor faces = 10178
    Number of boundary faces = 15581

Processor 396
    Number of cells = 127742
    Number of points = 157405
    Number of faces shared with processor 384 = 363
    Number of faces shared with processor 388 = 10
    Number of faces shared with processor 390 = 155
    Number of faces shared with processor 391 = 547
    Number of faces shared with processor 392 = 435
    Number of faces shared with processor 394 = 1401
    Number of faces shared with processor 395 = 886
    Number of faces shared with processor 397 = 3415
    Number of faces shared with processor 398 = 1479
    Number of faces shared with processor 399 = 2041
    Number of faces shared with processor 403 = 607
    Number of faces shared with processor 426 = 208
    Number of faces shared with processor 431 = 448
    Number of processor patches = 13
    Number of processor faces = 11995
    Number of boundary faces = 14580

Processor 397
    Number of cells = 128062
    Number of points = 153718
    Number of faces shared with processor 392 = 1258
    Number of faces shared with processor 393 = 1447
    Number of faces shared with processor 394 = 1504
    Number of faces shared with processor 396 = 3415
    Number of faces shared with processor 398 = 1605
    Number of faces shared with processor 399 = 586
    Number of faces shared with processor 403 = 31
    Number of faces shared with processor 409 = 752
    Number of faces shared with processor 415 = 248
    Number of faces shared with processor 426 = 101
    Number of faces shared with processor 431 = 238
    Number of processor patches = 11
    Number of processor faces = 11185
    Number of boundary faces = 14554

Processor 398
    Number of cells = 127385
    Number of points = 157671
    Number of faces shared with processor 387 = 95
    Number of faces shared with processor 396 = 1479
    Number of faces shared with processor 397 = 1605
    Number of faces shared with processor 399 = 2472
    Number of faces shared with processor 402 = 746
    Number of faces shared with processor 408 = 28
    Number of faces shared with processor 409 = 1411
    Number of faces shared with processor 424 = 1106
    Number of faces shared with processor 425 = 421
    Number of faces shared with processor 426 = 2423
    Number of faces shared with processor 431 = 5
    Number of processor patches = 11
    Number of processor faces = 11791
    Number of boundary faces = 12731

Processor 399
    Number of cells = 126401
    Number of points = 155718
    Number of faces shared with processor 384 = 1192
    Number of faces shared with processor 396 = 2041
    Number of faces shared with processor 397 = 586
    Number of faces shared with processor 398 = 2472
    Number of faces shared with processor 402 = 98
    Number of faces shared with processor 403 = 709
    Number of faces shared with processor 408 = 897
    Number of faces shared with processor 424 = 543
    Number of processor patches = 8
    Number of processor faces = 8538
    Number of boundary faces = 17590

Processor 400
    Number of cells = 128293
    Number of points = 153306
    Number of faces shared with processor 387 = 940
    Number of faces shared with processor 401 = 2149
    Number of faces shared with processor 402 = 1394
    Number of faces shared with processor 406 = 269
    Number of faces shared with processor 407 = 2198
    Number of faces shared with processor 408 = 510
    Number of faces shared with processor 409 = 19
    Number of faces shared with processor 410 = 1160
    Number of faces shared with processor 411 = 454
    Number of processor patches = 9
    Number of processor faces = 9093
    Number of boundary faces = 15995

Processor 401
    Number of cells = 128194
    Number of points = 156257
    Number of faces shared with processor 384 = 153
    Number of faces shared with processor 385 = 392
    Number of faces shared with processor 388 = 141
    Number of faces shared with processor 391 = 752
    Number of faces shared with processor 400 = 2149
    Number of faces shared with processor 402 = 1922
    Number of faces shared with processor 404 = 2305
    Number of faces shared with processor 405 = 394
    Number of faces shared with processor 407 = 730
    Number of processor patches = 9
    Number of processor faces = 8938
    Number of boundary faces = 16541

Processor 402
    Number of cells = 128644
    Number of points = 156657
    Number of faces shared with processor 384 = 321
    Number of faces shared with processor 387 = 568
    Number of faces shared with processor 388 = 201
    Number of faces shared with processor 391 = 175
    Number of faces shared with processor 398 = 746
    Number of faces shared with processor 399 = 98
    Number of faces shared with processor 400 = 1394
    Number of faces shared with processor 401 = 1922
    Number of faces shared with processor 403 = 1885
    Number of faces shared with processor 405 = 144
    Number of faces shared with processor 407 = 47
    Number of faces shared with processor 408 = 2019
    Number of faces shared with processor 409 = 1217
    Number of faces shared with processor 410 = 646
    Number of faces shared with processor 424 = 53
    Number of faces shared with processor 425 = 90
    Number of processor patches = 16
    Number of processor faces = 11526
    Number of boundary faces = 16107

Processor 403
    Number of cells = 126689
    Number of points = 153430
    Number of faces shared with processor 384 = 234
    Number of faces shared with processor 388 = 1572
    Number of faces shared with processor 391 = 16
    Number of faces shared with processor 394 = 917
    Number of faces shared with processor 395 = 107
    Number of faces shared with processor 396 = 607
    Number of faces shared with processor 397 = 31
    Number of faces shared with processor 399 = 709
    Number of faces shared with processor 402 = 1885
    Number of faces shared with processor 405 = 885
    Number of faces shared with processor 408 = 1210
    Number of faces shared with processor 414 = 53
    Number of faces shared with processor 415 = 1882
    Number of processor patches = 13
    Number of processor faces = 10108
    Number of boundary faces = 15899

Processor 404
    Number of cells = 128403
    Number of points = 154459
    Number of faces shared with processor 385 = 179
    Number of faces shared with processor 389 = 491
    Number of faces shared with processor 391 = 337
    Number of faces shared with processor 401 = 2305
    Number of faces shared with processor 405 = 190
    Number of faces shared with processor 406 = 1990
    Number of faces shared with processor 407 = 1110
    Number of faces shared with processor 412 = 655
    Number of faces shared with processor 413 = 37
    Number of faces shared with processor 419 = 1973
    Number of faces shared with processor 420 = 261
    Number of processor patches = 11
    Number of processor faces = 9528
    Number of boundary faces = 14553

Processor 405
    Number of cells = 128588
    Number of points = 155291
    Number of faces shared with processor 388 = 1144
    Number of faces shared with processor 389 = 704
    Number of faces shared with processor 391 = 572
    Number of faces shared with processor 401 = 394
    Number of faces shared with processor 402 = 144
    Number of faces shared with processor 403 = 885
    Number of faces shared with processor 404 = 190
    Number of faces shared with processor 406 = 90
    Number of faces shared with processor 408 = 181
    Number of faces shared with processor 410 = 56
    Number of faces shared with processor 412 = 340
    Number of faces shared with processor 414 = 404
    Number of faces shared with processor 415 = 23
    Number of processor patches = 13
    Number of processor faces = 5127
    Number of boundary faces = 22764

Processor 406
    Number of cells = 126786
    Number of points = 156738
    Number of faces shared with processor 386 = 109
    Number of faces shared with processor 389 = 50
    Number of faces shared with processor 400 = 269
    Number of faces shared with processor 404 = 1990
    Number of faces shared with processor 405 = 90
    Number of faces shared with processor 407 = 2733
    Number of faces shared with processor 411 = 1913
    Number of faces shared with processor 412 = 2625
    Number of faces shared with processor 418 = 613
    Number of faces shared with processor 420 = 956
    Number of faces shared with processor 421 = 436
    Number of faces shared with processor 422 = 131
    Number of processor patches = 12
    Number of processor faces = 11915
    Number of boundary faces = 14523

Processor 407
    Number of cells = 128720
    Number of points = 154848
    Number of faces shared with processor 386 = 1115
    Number of faces shared with processor 387 = 782
    Number of faces shared with processor 400 = 2198
    Number of faces shared with processor 401 = 730
    Number of faces shared with processor 402 = 47
    Number of faces shared with processor 404 = 1110
    Number of faces shared with processor 406 = 2733
    Number of faces shared with processor 409 = 83
    Number of faces shared with processor 410 = 120
    Number of faces shared with processor 411 = 511
    Number of faces shared with processor 418 = 598
    Number of faces shared with processor 425 = 136
    Number of processor patches = 12
    Number of processor faces = 10163
    Number of boundary faces = 14362

Processor 408
    Number of cells = 126641
    Number of points = 156398
    Number of faces shared with processor 384 = 736
    Number of faces shared with processor 387 = 215
    Number of faces shared with processor 398 = 28
    Number of faces shared with processor 399 = 897
    Number of faces shared with processor 400 = 510
    Number of faces shared with processor 402 = 2019
    Number of faces shared with processor 403 = 1210
    Number of faces shared with processor 405 = 181
    Number of faces shared with processor 409 = 1300
    Number of faces shared with processor 410 = 1839
    Number of faces shared with processor 412 = 78
    Number of faces shared with processor 415 = 1568
    Number of faces shared with processor 424 = 433
    Number of processor patches = 13
    Number of processor faces = 11014
    Number of boundary faces = 15796

Processor 409
    Number of cells = 128529
    Number of points = 152943
    Number of faces shared with processor 392 = 295
    Number of faces shared with processor 393 = 1129
    Number of faces shared with processor 397 = 752
    Number of faces shared with processor 398 = 1411
    Number of faces shared with processor 400 = 19
    Number of faces shared with processor 402 = 1217
    Number of faces shared with processor 407 = 83
    Number of faces shared with processor 408 = 1300
    Number of faces shared with processor 410 = 1794
    Number of faces shared with processor 411 = 901
    Number of faces shared with processor 412 = 99
    Number of faces shared with processor 425 = 509
    Number of faces shared with processor 426 = 50
    Number of faces shared with processor 431 = 962
    Number of faces shared with processor 435 = 290
    Number of processor patches = 15
    Number of processor faces = 10811
    Number of boundary faces = 13889

Processor 410
    Number of cells = 127246
    Number of points = 156176
    Number of faces shared with processor 400 = 1160
    Number of faces shared with processor 402 = 646
    Number of faces shared with processor 405 = 56
    Number of faces shared with processor 407 = 120
    Number of faces shared with processor 408 = 1839
    Number of faces shared with processor 409 = 1794
    Number of faces shared with processor 411 = 1566
    Number of faces shared with processor 412 = 517
    Number of faces shared with processor 414 = 1759
    Number of faces shared with processor 415 = 1068
    Number of processor patches = 10
    Number of processor faces = 10525
    Number of boundary faces = 14866

Processor 411
    Number of cells = 128803
    Number of points = 151705
    Number of faces shared with processor 386 = 33
    Number of faces shared with processor 400 = 454
    Number of faces shared with processor 406 = 1913
    Number of faces shared with processor 407 = 511
    Number of faces shared with processor 409 = 901
    Number of faces shared with processor 410 = 1566
    Number of faces shared with processor 412 = 1051
    Number of faces shared with processor 413 = 192
    Number of faces shared with processor 414 = 765
    Number of faces shared with processor 421 = 177
    Number of faces shared with processor 422 = 978
    Number of faces shared with processor 423 = 557
    Number of faces shared with processor 425 = 450
    Number of faces shared with processor 435 = 609
    Number of processor patches = 14
    Number of processor faces = 10157
    Number of boundary faces = 13709

Processor 412
    Number of cells = 126490
    Number of points = 154308
    Number of faces shared with processor 388 = 183
    Number of faces shared with processor 389 = 634
    Number of faces shared with processor 393 = 601
    Number of faces shared with processor 395 = 2
    Number of faces shared with processor 404 = 655
    Number of faces shared with processor 405 = 340
    Number of faces shared with processor 406 = 2625
    Number of faces shared with processor 408 = 78
    Number of faces shared with processor 409 = 99
    Number of faces shared with processor 410 = 517
    Number of faces shared with processor 411 = 1051
    Number of faces shared with processor 413 = 1119
    Number of faces shared with processor 414 = 1881
    Number of faces shared with processor 435 = 173
    Number of processor patches = 14
    Number of processor faces = 9958
    Number of boundary faces = 17451

Processor 413
    Number of cells = 127116
    Number of points = 153126
    Number of faces shared with processor 389 = 535
    Number of faces shared with processor 392 = 1235
    Number of faces shared with processor 393 = 1198
    Number of faces shared with processor 395 = 905
    Number of faces shared with processor 404 = 37
    Number of faces shared with processor 411 = 192
    Number of faces shared with processor 412 = 1119
    Number of faces shared with processor 414 = 805
    Number of faces shared with processor 420 = 376
    Number of faces shared with processor 422 = 2854
    Number of faces shared with processor 435 = 10
    Number of faces shared with processor 461 = 729
    Number of processor patches = 12
    Number of processor faces = 9995
    Number of boundary faces = 17801

Processor 414
    Number of cells = 127452
    Number of points = 155609
    Number of faces shared with processor 388 = 1542
    Number of faces shared with processor 389 = 1
    Number of faces shared with processor 392 = 157
    Number of faces shared with processor 393 = 331
    Number of faces shared with processor 394 = 199
    Number of faces shared with processor 395 = 515
    Number of faces shared with processor 403 = 53
    Number of faces shared with processor 405 = 404
    Number of faces shared with processor 410 = 1759
    Number of faces shared with processor 411 = 765
    Number of faces shared with processor 412 = 1881
    Number of faces shared with processor 413 = 805
    Number of faces shared with processor 415 = 2084
    Number of processor patches = 13
    Number of processor faces = 10496
    Number of boundary faces = 16398

Processor 415
    Number of cells = 126389
    Number of points = 152074
    Number of faces shared with processor 393 = 363
    Number of faces shared with processor 394 = 1878
    Number of faces shared with processor 395 = 26
    Number of faces shared with processor 397 = 248
    Number of faces shared with processor 403 = 1882
    Number of faces shared with processor 405 = 23
    Number of faces shared with processor 408 = 1568
    Number of faces shared with processor 410 = 1068
    Number of faces shared with processor 414 = 2084
    Number of processor patches = 9
    Number of processor faces = 9140
    Number of boundary faces = 15708

Processor 416
    Number of cells = 127918
    Number of points = 155912
    Number of faces shared with processor 272 = 18
    Number of faces shared with processor 273 = 22
    Number of faces shared with processor 417 = 2579
    Number of faces shared with processor 418 = 316
    Number of faces shared with processor 424 = 1305
    Number of faces shared with processor 343 = 342
    Number of faces shared with processor 344 = 455
    Number of faces shared with processor 345 = 1660
    Number of faces shared with processor 347 = 848
    Number of faces shared with processor 348 = 795
    Number of processor patches = 10
    Number of processor faces = 8340
    Number of boundary faces = 15320

Processor 417
    Number of cells = 128717
    Number of points = 154185
    Number of faces shared with processor 384 = 744
    Number of faces shared with processor 385 = 668
    Number of faces shared with processor 386 = 403
    Number of faces shared with processor 387 = 1105
    Number of faces shared with processor 272 = 121
    Number of faces shared with processor 416 = 2579
    Number of faces shared with processor 418 = 194
    Number of faces shared with processor 424 = 1889
    Number of faces shared with processor 343 = 1928
    Number of processor patches = 9
    Number of processor faces = 9631
    Number of boundary faces = 12922

Processor 418
    Number of cells = 127527
    Number of points = 150257
    Number of faces shared with processor 386 = 1295
    Number of faces shared with processor 406 = 613
    Number of faces shared with processor 407 = 598
    Number of faces shared with processor 416 = 316
    Number of faces shared with processor 417 = 194
    Number of faces shared with processor 419 = 1171
    Number of faces shared with processor 420 = 1306
    Number of faces shared with processor 421 = 173
    Number of faces shared with processor 343 = 348
    Number of faces shared with processor 344 = 316
    Number of processor patches = 10
    Number of processor faces = 6330
    Number of boundary faces = 23952

Processor 419
    Number of cells = 126643
    Number of points = 150567
    Number of faces shared with processor 385 = 992
    Number of faces shared with processor 386 = 587
    Number of faces shared with processor 389 = 196
    Number of faces shared with processor 390 = 466
    Number of faces shared with processor 391 = 94
    Number of faces shared with processor 404 = 1973
    Number of faces shared with processor 418 = 1171
    Number of faces shared with processor 420 = 1351
    Number of faces shared with processor 461 = 131
    Number of processor patches = 9
    Number of processor faces = 6961
    Number of boundary faces = 21085

Processor 420
    Number of cells = 127376
    Number of points = 155951
    Number of faces shared with processor 389 = 165
    Number of faces shared with processor 404 = 261
    Number of faces shared with processor 406 = 956
    Number of faces shared with processor 413 = 376
    Number of faces shared with processor 418 = 1306
    Number of faces shared with processor 419 = 1351
    Number of faces shared with processor 421 = 1990
    Number of faces shared with processor 422 = 1901
    Number of faces shared with processor 423 = 326
    Number of faces shared with processor 461 = 560
    Number of processor patches = 10
    Number of processor faces = 9192
    Number of boundary faces = 15218

Processor 421
    Number of cells = 128898
    Number of points = 142197
    Number of faces shared with processor 386 = 474
    Number of faces shared with processor 406 = 436
    Number of faces shared with processor 24 = 301
    Number of faces shared with processor 26 = 65
    Number of faces shared with processor 411 = 177
    Number of faces shared with processor 418 = 173
    Number of faces shared with processor 420 = 1990
    Number of faces shared with processor 422 = 2
    Number of faces shared with processor 423 = 3335
    Number of faces shared with processor 424 = 786
    Number of faces shared with processor 425 = 1860
    Number of faces shared with processor 432 = 1791
    Number of faces shared with processor 433 = 84
    Number of faces shared with processor 434 = 16
    Number of faces shared with processor 435 = 75
    Number of faces shared with processor 461 = 76
    Number of faces shared with processor 462 = 349
    Number of faces shared with processor 480 = 702
    Number of faces shared with processor 481 = 2491
    Number of faces shared with processor 485 = 11
    Number of faces shared with processor 486 = 477
    Number of faces shared with processor 487 = 385
    Number of processor patches = 22
    Number of processor faces = 16056
    Number of boundary faces = 5188

Processor 422
    Number of cells = 126357
    Number of points = 155178
    Number of faces shared with processor 393 = 141
    Number of faces shared with processor 406 = 131
    Number of faces shared with processor 411 = 978
    Number of faces shared with processor 413 = 2854
    Number of faces shared with processor 420 = 1901
    Number of faces shared with processor 421 = 2
    Number of faces shared with processor 423 = 2618
    Number of faces shared with processor 435 = 616
    Number of faces shared with processor 461 = 473
    Number of processor patches = 9
    Number of processor faces = 9714
    Number of boundary faces = 17995

Processor 423
    Number of cells = 128521
    Number of points = 150633
    Number of faces shared with processor 411 = 557
    Number of faces shared with processor 420 = 326
    Number of faces shared with processor 421 = 3335
    Number of faces shared with processor 422 = 2618
    Number of faces shared with processor 425 = 157
    Number of faces shared with processor 433 = 93
    Number of faces shared with processor 434 = 14
    Number of faces shared with processor 435 = 1387
    Number of faces shared with processor 461 = 280
    Number of faces shared with processor 462 = 1320
    Number of faces shared with processor 480 = 1250
    Number of faces shared with processor 486 = 1192
    Number of processor patches = 12
    Number of processor faces = 12529
    Number of boundary faces = 11955

Processor 424
    Number of cells = 128858
    Number of points = 156987
    Number of faces shared with processor 384 = 307
    Number of faces shared with processor 386 = 788
    Number of faces shared with processor 387 = 1181
    Number of faces shared with processor 398 = 1106
    Number of faces shared with processor 399 = 543
    Number of faces shared with processor 272 = 98
    Number of faces shared with processor 274 = 24
    Number of faces shared with processor 402 = 53
    Number of faces shared with processor 408 = 433
    Number of faces shared with processor 24 = 433
    Number of faces shared with processor 416 = 1305
    Number of faces shared with processor 417 = 1889
    Number of faces shared with processor 421 = 786
    Number of faces shared with processor 425 = 1032
    Number of faces shared with processor 426 = 1671
    Number of faces shared with processor 427 = 538
    Number of faces shared with processor 347 = 1018
    Number of processor patches = 17
    Number of processor faces = 13205
    Number of boundary faces = 12115

Processor 425
    Number of cells = 128882
    Number of points = 140168
    Number of faces shared with processor 386 = 2335
    Number of faces shared with processor 387 = 195
    Number of faces shared with processor 398 = 421
    Number of faces shared with processor 272 = 294
    Number of faces shared with processor 274 = 517
    Number of faces shared with processor 402 = 90
    Number of faces shared with processor 407 = 136
    Number of faces shared with processor 24 = 239
    Number of faces shared with processor 409 = 509
    Number of faces shared with processor 26 = 40
    Number of faces shared with processor 411 = 450
    Number of faces shared with processor 421 = 1860
    Number of faces shared with processor 423 = 157
    Number of faces shared with processor 424 = 1032
    Number of faces shared with processor 426 = 1049
    Number of faces shared with processor 427 = 36
    Number of faces shared with processor 430 = 139
    Number of faces shared with processor 431 = 1049
    Number of faces shared with processor 432 = 946
    Number of faces shared with processor 434 = 454
    Number of faces shared with processor 435 = 929
    Number of faces shared with processor 442 = 55
    Number of faces shared with processor 444 = 584
    Number of faces shared with processor 446 = 26
    Number of processor patches = 24
    Number of processor faces = 13542
    Number of boundary faces = 0

Processor 426
    Number of cells = 127980
    Number of points = 156435
    Number of faces shared with processor 396 = 208
    Number of faces shared with processor 397 = 101
    Number of faces shared with processor 398 = 2423
    Number of faces shared with processor 274 = 62
    Number of faces shared with processor 409 = 50
    Number of faces shared with processor 424 = 1671
    Number of faces shared with processor 425 = 1049
    Number of faces shared with processor 427 = 3275
    Number of faces shared with processor 430 = 1218
    Number of faces shared with processor 431 = 1391
    Number of processor patches = 10
    Number of processor faces = 11448
    Number of boundary faces = 9914

Processor 427
    Number of cells = 127903
    Number of points = 158136
    Number of faces shared with processor 274 = 671
    Number of faces shared with processor 424 = 538
    Number of faces shared with processor 425 = 36
    Number of faces shared with processor 426 = 3275
    Number of faces shared with processor 429 = 2604
    Number of faces shared with processor 430 = 736
    Number of faces shared with processor 332 = 608
    Number of faces shared with processor 347 = 2227
    Number of processor patches = 8
    Number of processor faces = 10695
    Number of boundary faces = 10767

Processor 428
    Number of cells = 126415
    Number of points = 154766
    Number of faces shared with processor 274 = 2070
    Number of faces shared with processor 275 = 184
    Number of faces shared with processor 277 = 492
    Number of faces shared with processor 429 = 1120
    Number of faces shared with processor 430 = 2229
    Number of faces shared with processor 444 = 836
    Number of faces shared with processor 445 = 403
    Number of faces shared with processor 446 = 2838
    Number of faces shared with processor 447 = 575
    Number of processor patches = 9
    Number of processor faces = 10747
    Number of boundary faces = 12944

Processor 429
    Number of cells = 126469
    Number of points = 148182
    Number of faces shared with processor 274 = 151
    Number of faces shared with processor 277 = 2224
    Number of faces shared with processor 427 = 2604
    Number of faces shared with processor 428 = 1120
    Number of faces shared with processor 430 = 2572
    Number of faces shared with processor 446 = 213
    Number of faces shared with processor 332 = 1493
    Number of processor patches = 7
    Number of processor faces = 10377
    Number of boundary faces = 11374

Processor 430
    Number of cells = 127087
    Number of points = 150456
    Number of faces shared with processor 274 = 145
    Number of faces shared with processor 425 = 139
    Number of faces shared with processor 426 = 1218
    Number of faces shared with processor 427 = 736
    Number of faces shared with processor 428 = 2229
    Number of faces shared with processor 429 = 2572
    Number of faces shared with processor 431 = 2453
    Number of faces shared with processor 444 = 738
    Number of faces shared with processor 446 = 1090
    Number of processor patches = 9
    Number of processor faces = 11320
    Number of boundary faces = 9873

Processor 431
    Number of cells = 127981
    Number of points = 149322
    Number of faces shared with processor 392 = 1424
    Number of faces shared with processor 396 = 448
    Number of faces shared with processor 397 = 238
    Number of faces shared with processor 398 = 5
    Number of faces shared with processor 409 = 962
    Number of faces shared with processor 425 = 1049
    Number of faces shared with processor 426 = 1391
    Number of faces shared with processor 430 = 2453
    Number of faces shared with processor 435 = 1035
    Number of faces shared with processor 444 = 1683
    Number of processor patches = 10
    Number of processor faces = 10688
    Number of boundary faces = 10816

Processor 432
    Number of cells = 128068
    Number of points = 141793
    Number of faces shared with processor 274 = 30
    Number of faces shared with processor 22 = 178
    Number of faces shared with processor 24 = 21
    Number of faces shared with processor 26 = 3162
    Number of faces shared with processor 27 = 539
    Number of faces shared with processor 28 = 785
    Number of faces shared with processor 29 = 204
    Number of faces shared with processor 421 = 1791
    Number of faces shared with processor 41 = 1340
    Number of faces shared with processor 425 = 946
    Number of faces shared with processor 433 = 1370
    Number of faces shared with processor 434 = 648
    Number of faces shared with processor 436 = 1887
    Number of faces shared with processor 437 = 1451
    Number of faces shared with processor 438 = 643
    Number of faces shared with processor 439 = 677
    Number of faces shared with processor 442 = 250
    Number of faces shared with processor 444 = 154
    Number of faces shared with processor 75 = 148
    Number of faces shared with processor 481 = 647
    Number of faces shared with processor 482 = 737
    Number of faces shared with processor 483 = 399
    Number of processor patches = 22
    Number of processor faces = 18007
    Number of boundary faces = 606

Processor 433
    Number of cells = 128711
    Number of points = 143721
    Number of faces shared with processor 421 = 84
    Number of faces shared with processor 423 = 93
    Number of faces shared with processor 432 = 1370
    Number of faces shared with processor 434 = 2616
    Number of faces shared with processor 435 = 730
    Number of faces shared with processor 436 = 1563
    Number of faces shared with processor 437 = 477
    Number of faces shared with processor 480 = 1697
    Number of faces shared with processor 481 = 1396
    Number of faces shared with processor 482 = 2209
    Number of processor patches = 10
    Number of processor faces = 12235
    Number of boundary faces = 8073

Processor 434
    Number of cells = 127656
    Number of points = 144199
    Number of faces shared with processor 421 = 16
    Number of faces shared with processor 423 = 14
    Number of faces shared with processor 425 = 454
    Number of faces shared with processor 432 = 648
    Number of faces shared with processor 433 = 2616
    Number of faces shared with processor 435 = 1963
    Number of faces shared with processor 437 = 2858
    Number of faces shared with processor 444 = 2703
    Number of processor patches = 8
    Number of processor faces = 11272
    Number of boundary faces = 9889

Processor 435
    Number of cells = 128667
    Number of points = 149145
    Number of faces shared with processor 392 = 722
    Number of faces shared with processor 393 = 1045
    Number of faces shared with processor 409 = 290
    Number of faces shared with processor 411 = 609
    Number of faces shared with processor 412 = 173
    Number of faces shared with processor 413 = 10
    Number of faces shared with processor 421 = 75
    Number of faces shared with processor 422 = 616
    Number of faces shared with processor 423 = 1387
    Number of faces shared with processor 425 = 929
    Number of faces shared with processor 431 = 1035
    Number of faces shared with processor 433 = 730
    Number of faces shared with processor 434 = 1963
    Number of faces shared with processor 444 = 652
    Number of faces shared with processor 480 = 917
    Number of processor patches = 15
    Number of processor faces = 11153
    Number of boundary faces = 12300

Processor 436
    Number of cells = 128686
    Number of points = 143677
    Number of faces shared with processor 27 = 1532
    Number of faces shared with processor 28 = 1993
    Number of faces shared with processor 432 = 1887
    Number of faces shared with processor 433 = 1563
    Number of faces shared with processor 437 = 1419
    Number of faces shared with processor 438 = 1409
    Number of faces shared with processor 482 = 1644
    Number of processor patches = 7
    Number of processor faces = 11447
    Number of boundary faces = 9366

Processor 437
    Number of cells = 128621
    Number of points = 144340
    Number of faces shared with processor 432 = 1451
    Number of faces shared with processor 433 = 477
    Number of faces shared with processor 434 = 2858
    Number of faces shared with processor 436 = 1419
    Number of faces shared with processor 438 = 991
    Number of faces shared with processor 439 = 1435
    Number of faces shared with processor 442 = 1388
    Number of faces shared with processor 443 = 599
    Number of faces shared with processor 444 = 1120
    Number of faces shared with processor 445 = 973
    Number of processor patches = 10
    Number of processor faces = 12711
    Number of boundary faces = 9089

Processor 438
    Number of cells = 126689
    Number of points = 149102
    Number of faces shared with processor 24 = 456
    Number of faces shared with processor 28 = 1110
    Number of faces shared with processor 29 = 450
    Number of faces shared with processor 432 = 643
    Number of faces shared with processor 436 = 1409
    Number of faces shared with processor 437 = 991
    Number of faces shared with processor 439 = 3030
    Number of processor patches = 7
    Number of processor faces = 8089
    Number of boundary faces = 14152

Processor 439
    Number of cells = 126670
    Number of points = 138775
    Number of faces shared with processor 22 = 2358
    Number of faces shared with processor 24 = 1709
    Number of faces shared with processor 25 = 806
    Number of faces shared with processor 28 = 534
    Number of faces shared with processor 29 = 1785
    Number of faces shared with processor 432 = 677
    Number of faces shared with processor 437 = 1435
    Number of faces shared with processor 438 = 3030
    Number of faces shared with processor 440 = 1903
    Number of faces shared with processor 441 = 39
    Number of faces shared with processor 442 = 2003
    Number of faces shared with processor 443 = 836
    Number of processor patches = 12
    Number of processor faces = 17115
    Number of boundary faces = 1501

Processor 440
    Number of cells = 127104
    Number of points = 144699
    Number of faces shared with processor 264 = 3947
    Number of faces shared with processor 265 = 738
    Number of faces shared with processor 266 = 582
    Number of faces shared with processor 268 = 854
    Number of faces shared with processor 22 = 1342
    Number of faces shared with processor 24 = 2190
    Number of faces shared with processor 25 = 179
    Number of faces shared with processor 439 = 1903
    Number of faces shared with processor 441 = 2850
    Number of faces shared with processor 442 = 1197
    Number of faces shared with processor 75 = 88
    Number of processor patches = 11
    Number of processor faces = 15870
    Number of boundary faces = 6077

Processor 441
    Number of cells = 127448
    Number of points = 147263
    Number of faces shared with processor 265 = 2907
    Number of faces shared with processor 266 = 295
    Number of faces shared with processor 274 = 71
    Number of faces shared with processor 24 = 243
    Number of faces shared with processor 286 = 1941
    Number of faces shared with processor 439 = 39
    Number of faces shared with processor 440 = 2850
    Number of faces shared with processor 442 = 1152
    Number of faces shared with processor 443 = 3002
    Number of faces shared with processor 446 = 289
    Number of faces shared with processor 447 = 419
    Number of faces shared with processor 75 = 83
    Number of processor patches = 12
    Number of processor faces = 13291
    Number of boundary faces = 8149

Processor 442
    Number of cells = 128326
    Number of points = 145441
    Number of faces shared with processor 274 = 125
    Number of faces shared with processor 22 = 16
    Number of faces shared with processor 425 = 55
    Number of faces shared with processor 432 = 250
    Number of faces shared with processor 437 = 1388
    Number of faces shared with processor 439 = 2003
    Number of faces shared with processor 440 = 1197
    Number of faces shared with processor 441 = 1152
    Number of faces shared with processor 443 = 2576
    Number of faces shared with processor 444 = 946
    Number of faces shared with processor 445 = 1688
    Number of faces shared with processor 446 = 5
    Number of faces shared with processor 447 = 1858
    Number of faces shared with processor 75 = 173
    Number of processor patches = 14
    Number of processor faces = 13432
    Number of boundary faces = 3492

Processor 443
    Number of cells = 126534
    Number of points = 149421
    Number of faces shared with processor 24 = 572
    Number of faces shared with processor 286 = 337
    Number of faces shared with processor 437 = 599
    Number of faces shared with processor 439 = 836
    Number of faces shared with processor 441 = 3002
    Number of faces shared with processor 442 = 2576
    Number of faces shared with processor 445 = 1552
    Number of faces shared with processor 446 = 270
    Number of faces shared with processor 447 = 2662
    Number of processor patches = 9
    Number of processor faces = 12406
    Number of boundary faces = 13477

Processor 444
    Number of cells = 128301
    Number of points = 147312
    Number of faces shared with processor 425 = 584
    Number of faces shared with processor 428 = 836
    Number of faces shared with processor 430 = 738
    Number of faces shared with processor 431 = 1683
    Number of faces shared with processor 432 = 154
    Number of faces shared with processor 434 = 2703
    Number of faces shared with processor 435 = 652
    Number of faces shared with processor 437 = 1120
    Number of faces shared with processor 442 = 946
    Number of faces shared with processor 445 = 2292
    Number of faces shared with processor 446 = 700
    Number of faces shared with processor 447 = 411
    Number of processor patches = 12
    Number of processor faces = 12819
    Number of boundary faces = 9414

Processor 445
    Number of cells = 126407
    Number of points = 152732
    Number of faces shared with processor 428 = 403
    Number of faces shared with processor 437 = 973
    Number of faces shared with processor 442 = 1688
    Number of faces shared with processor 443 = 1552
    Number of faces shared with processor 444 = 2292
    Number of faces shared with processor 446 = 93
    Number of faces shared with processor 447 = 2663
    Number of processor patches = 7
    Number of processor faces = 9664
    Number of boundary faces = 15423

Processor 446
    Number of cells = 126352
    Number of points = 150838
    Number of faces shared with processor 274 = 1036
    Number of faces shared with processor 275 = 780
    Number of faces shared with processor 277 = 173
    Number of faces shared with processor 286 = 3679
    Number of faces shared with processor 287 = 74
    Number of faces shared with processor 425 = 26
    Number of faces shared with processor 428 = 2838
    Number of faces shared with processor 429 = 213
    Number of faces shared with processor 430 = 1090
    Number of faces shared with processor 441 = 289
    Number of faces shared with processor 442 = 5
    Number of faces shared with processor 443 = 270
    Number of faces shared with processor 444 = 700
    Number of faces shared with processor 445 = 93
    Number of faces shared with processor 447 = 3541
    Number of processor patches = 15
    Number of processor faces = 14807
    Number of boundary faces = 7126

Processor 447
    Number of cells = 126330
    Number of points = 154262
    Number of faces shared with processor 274 = 21
    Number of faces shared with processor 428 = 575
    Number of faces shared with processor 441 = 419
    Number of faces shared with processor 442 = 1858
    Number of faces shared with processor 443 = 2662
    Number of faces shared with processor 444 = 411
    Number of faces shared with processor 445 = 2663
    Number of faces shared with processor 446 = 3541
    Number of processor patches = 8
    Number of processor faces = 12150
    Number of boundary faces = 11602

Processor 448
    Number of cells = 128492
    Number of points = 150648
    Number of faces shared with processor 449 = 1737
    Number of faces shared with processor 450 = 2372
    Number of faces shared with processor 454 = 334
    Number of faces shared with processor 456 = 439
    Number of faces shared with processor 458 = 17
    Number of faces shared with processor 337 = 565
    Number of faces shared with processor 354 = 52
    Number of faces shared with processor 356 = 40
    Number of faces shared with processor 357 = 908
    Number of faces shared with processor 359 = 204
    Number of faces shared with processor 369 = 456
    Number of faces shared with processor 370 = 1
    Number of faces shared with processor 371 = 216
    Number of faces shared with processor 379 = 1574
    Number of processor patches = 14
    Number of processor faces = 8915
    Number of boundary faces = 12863

Processor 449
    Number of cells = 128413
    Number of points = 150677
    Number of faces shared with processor 448 = 1737
    Number of faces shared with processor 450 = 1160
    Number of faces shared with processor 453 = 1142
    Number of faces shared with processor 454 = 835
    Number of faces shared with processor 455 = 749
    Number of faces shared with processor 458 = 498
    Number of faces shared with processor 470 = 1388
    Number of faces shared with processor 471 = 106
    Number of faces shared with processor 496 = 720
    Number of faces shared with processor 497 = 188
    Number of processor patches = 10
    Number of processor faces = 8523
    Number of boundary faces = 13706

Processor 450
    Number of cells = 128834
    Number of points = 155235
    Number of faces shared with processor 294 = 37
    Number of faces shared with processor 299 = 9
    Number of faces shared with processor 448 = 2372
    Number of faces shared with processor 449 = 1160
    Number of faces shared with processor 451 = 1021
    Number of faces shared with processor 453 = 220
    Number of faces shared with processor 454 = 413
    Number of faces shared with processor 455 = 86
    Number of faces shared with processor 456 = 1208
    Number of faces shared with processor 458 = 2605
    Number of faces shared with processor 459 = 1010
    Number of faces shared with processor 469 = 11
    Number of faces shared with processor 470 = 124
    Number of faces shared with processor 471 = 109
    Number of faces shared with processor 485 = 289
    Number of faces shared with processor 357 = 1084
    Number of faces shared with processor 497 = 236
    Number of processor patches = 17
    Number of processor faces = 11994
    Number of boundary faces = 16868

Processor 451
    Number of cells = 128731
    Number of points = 139186
    Number of faces shared with processor 292 = 846
    Number of faces shared with processor 294 = 3066
    Number of faces shared with processor 298 = 2027
    Number of faces shared with processor 450 = 1021
    Number of faces shared with processor 452 = 1001
    Number of faces shared with processor 324 = 206
    Number of faces shared with processor 453 = 429
    Number of faces shared with processor 454 = 1392
    Number of faces shared with processor 455 = 1408
    Number of faces shared with processor 357 = 174
    Number of processor patches = 10
    Number of processor faces = 11570
    Number of boundary faces = 4657

Processor 452
    Number of cells = 126338
    Number of points = 146103
    Number of faces shared with processor 292 = 436
    Number of faces shared with processor 293 = 427
    Number of faces shared with processor 294 = 474
    Number of faces shared with processor 298 = 600
    Number of faces shared with processor 299 = 1892
    Number of faces shared with processor 451 = 1001
    Number of faces shared with processor 453 = 1064
    Number of faces shared with processor 455 = 1042
    Number of processor patches = 8
    Number of processor faces = 6936
    Number of boundary faces = 15174

Processor 453
    Number of cells = 128072
    Number of points = 148734
    Number of faces shared with processor 298 = 38
    Number of faces shared with processor 299 = 977
    Number of faces shared with processor 449 = 1142
    Number of faces shared with processor 450 = 220
    Number of faces shared with processor 451 = 429
    Number of faces shared with processor 452 = 1064
    Number of faces shared with processor 455 = 1474
    Number of faces shared with processor 496 = 1802
    Number of faces shared with processor 497 = 1163
    Number of faces shared with processor 498 = 73
    Number of processor patches = 10
    Number of processor faces = 8382
    Number of boundary faces = 12927

Processor 454
    Number of cells = 128388
    Number of points = 150287
    Number of faces shared with processor 294 = 39
    Number of faces shared with processor 448 = 334
    Number of faces shared with processor 449 = 835
    Number of faces shared with processor 450 = 413
    Number of faces shared with processor 451 = 1392
    Number of faces shared with processor 324 = 992
    Number of faces shared with processor 455 = 1756
    Number of faces shared with processor 357 = 2139
    Number of processor patches = 8
    Number of processor faces = 7900
    Number of boundary faces = 14253

Processor 455
    Number of cells = 127452
    Number of points = 148119
    Number of faces shared with processor 294 = 691
    Number of faces shared with processor 449 = 749
    Number of faces shared with processor 450 = 86
    Number of faces shared with processor 451 = 1408
    Number of faces shared with processor 452 = 1042
    Number of faces shared with processor 324 = 293
    Number of faces shared with processor 453 = 1474
    Number of faces shared with processor 454 = 1756
    Number of processor patches = 8
    Number of processor faces = 7499
    Number of boundary faces = 14654

Processor 456
    Number of cells = 128650
    Number of points = 147606
    Number of faces shared with processor 390 = 205
    Number of faces shared with processor 448 = 439
    Number of faces shared with processor 450 = 1208
    Number of faces shared with processor 457 = 1933
    Number of faces shared with processor 458 = 114
    Number of faces shared with processor 459 = 1645
    Number of faces shared with processor 460 = 98
    Number of faces shared with processor 461 = 227
    Number of faces shared with processor 463 = 66
    Number of faces shared with processor 337 = 2049
    Number of faces shared with processor 340 = 1373
    Number of processor patches = 11
    Number of processor faces = 9357
    Number of boundary faces = 13449

Processor 457
    Number of cells = 126618
    Number of points = 150757
    Number of faces shared with processor 390 = 1366
    Number of faces shared with processor 456 = 1933
    Number of faces shared with processor 459 = 1239
    Number of faces shared with processor 460 = 2356
    Number of faces shared with processor 461 = 808
    Number of faces shared with processor 340 = 222
    Number of faces shared with processor 469 = 36
    Number of faces shared with processor 472 = 653
    Number of faces shared with processor 478 = 1420
    Number of processor patches = 9
    Number of processor faces = 10033
    Number of boundary faces = 15978

Processor 458
    Number of cells = 126331
    Number of points = 151982
    Number of faces shared with processor 448 = 17
    Number of faces shared with processor 449 = 498
    Number of faces shared with processor 450 = 2605
    Number of faces shared with processor 456 = 114
    Number of faces shared with processor 459 = 2098
    Number of faces shared with processor 463 = 149
    Number of faces shared with processor 469 = 1150
    Number of faces shared with processor 470 = 171
    Number of faces shared with processor 471 = 1234
    Number of faces shared with processor 477 = 759
    Number of faces shared with processor 479 = 1278
    Number of faces shared with processor 485 = 130
    Number of processor patches = 12
    Number of processor faces = 10203
    Number of boundary faces = 16155

Processor 459
    Number of cells = 126646
    Number of points = 150705
    Number of faces shared with processor 450 = 1010
    Number of faces shared with processor 456 = 1645
    Number of faces shared with processor 457 = 1239
    Number of faces shared with processor 458 = 2098
    Number of faces shared with processor 460 = 1178
    Number of faces shared with processor 463 = 100
    Number of faces shared with processor 469 = 1403
    Number of processor patches = 7
    Number of processor faces = 8673
    Number of boundary faces = 15393

Processor 460
    Number of cells = 127951
    Number of points = 155938
    Number of faces shared with processor 456 = 98
    Number of faces shared with processor 457 = 2356
    Number of faces shared with processor 459 = 1178
    Number of faces shared with processor 461 = 1896
    Number of faces shared with processor 462 = 423
    Number of faces shared with processor 463 = 1569
    Number of faces shared with processor 469 = 95
    Number of faces shared with processor 472 = 206
    Number of processor patches = 8
    Number of processor faces = 7821
    Number of boundary faces = 17444

Processor 461
    Number of cells = 128399
    Number of points = 150521
    Number of faces shared with processor 389 = 464
    Number of faces shared with processor 390 = 1257
    Number of faces shared with processor 413 = 729
    Number of faces shared with processor 419 = 131
    Number of faces shared with processor 420 = 560
    Number of faces shared with processor 421 = 76
    Number of faces shared with processor 422 = 473
    Number of faces shared with processor 423 = 280
    Number of faces shared with processor 456 = 227
    Number of faces shared with processor 457 = 808
    Number of faces shared with processor 460 = 1896
    Number of faces shared with processor 462 = 1731
    Number of faces shared with processor 463 = 113
    Number of processor patches = 13
    Number of processor faces = 8745
    Number of boundary faces = 12957

Processor 462
    Number of cells = 128882
    Number of points = 151065
    Number of faces shared with processor 421 = 349
    Number of faces shared with processor 423 = 1320
    Number of faces shared with processor 460 = 423
    Number of faces shared with processor 461 = 1731
    Number of faces shared with processor 463 = 1668
    Number of faces shared with processor 485 = 843
    Number of faces shared with processor 486 = 216
    Number of faces shared with processor 487 = 2473
    Number of processor patches = 8
    Number of processor faces = 9023
    Number of boundary faces = 13652

Processor 463
    Number of cells = 128744
    Number of points = 155315
    Number of faces shared with processor 456 = 66
    Number of faces shared with processor 458 = 149
    Number of faces shared with processor 459 = 100
    Number of faces shared with processor 460 = 1569
    Number of faces shared with processor 461 = 113
    Number of faces shared with processor 462 = 1668
    Number of faces shared with processor 468 = 776
    Number of faces shared with processor 469 = 904
    Number of faces shared with processor 472 = 1023
    Number of faces shared with processor 474 = 1447
    Number of faces shared with processor 485 = 1236
    Number of processor patches = 11
    Number of processor faces = 9051
    Number of boundary faces = 13151

Processor 464
    Number of cells = 126332
    Number of points = 151171
    Number of faces shared with processor 465 = 2320
    Number of faces shared with processor 466 = 2102
    Number of faces shared with processor 470 = 1018
    Number of faces shared with processor 475 = 1161
    Number of faces shared with processor 497 = 853
    Number of faces shared with processor 499 = 1802
    Number of faces shared with processor 509 = 835
    Number of processor patches = 7
    Number of processor faces = 10091
    Number of boundary faces = 17905

Processor 465
    Number of cells = 126736
    Number of points = 149830
    Number of faces shared with processor 464 = 2320
    Number of faces shared with processor 466 = 631
    Number of faces shared with processor 467 = 1647
    Number of faces shared with processor 468 = 1656
    Number of faces shared with processor 470 = 1318
    Number of faces shared with processor 485 = 160
    Number of faces shared with processor 497 = 290
    Number of faces shared with processor 499 = 473
    Number of processor patches = 8
    Number of processor faces = 8495
    Number of boundary faces = 21513

Processor 466
    Number of cells = 127298
    Number of points = 153097
    Number of faces shared with processor 464 = 2102
    Number of faces shared with processor 465 = 631
    Number of faces shared with processor 467 = 2381
    Number of faces shared with processor 475 = 1247
    Number of faces shared with processor 488 = 210
    Number of faces shared with processor 490 = 639
    Number of faces shared with processor 499 = 1279
    Number of faces shared with processor 508 = 371
    Number of faces shared with processor 509 = 1181
    Number of processor patches = 9
    Number of processor faces = 10041
    Number of boundary faces = 17713

Processor 467
    Number of cells = 127052
    Number of points = 150950
    Number of faces shared with processor 465 = 1647
    Number of faces shared with processor 466 = 2381
    Number of faces shared with processor 468 = 1832
    Number of faces shared with processor 474 = 2270
    Number of faces shared with processor 475 = 170
    Number of faces shared with processor 485 = 87
    Number of faces shared with processor 488 = 747
    Number of faces shared with processor 490 = 104
    Number of faces shared with processor 499 = 576
    Number of processor patches = 9
    Number of processor faces = 9814
    Number of boundary faces = 18847

Processor 468
    Number of cells = 127087
    Number of points = 150132
    Number of faces shared with processor 463 = 776
    Number of faces shared with processor 465 = 1656
    Number of faces shared with processor 467 = 1832
    Number of faces shared with processor 469 = 1170
    Number of faces shared with processor 470 = 627
    Number of faces shared with processor 471 = 771
    Number of faces shared with processor 472 = 493
    Number of faces shared with processor 474 = 904
    Number of faces shared with processor 485 = 352
    Number of faces shared with processor 499 = 169
    Number of processor patches = 10
    Number of processor faces = 8750
    Number of boundary faces = 21346

Processor 469
    Number of cells = 126650
    Number of points = 152567
    Number of faces shared with processor 450 = 11
    Number of faces shared with processor 457 = 36
    Number of faces shared with processor 458 = 1150
    Number of faces shared with processor 459 = 1403
    Number of faces shared with processor 460 = 95
    Number of faces shared with processor 463 = 904
    Number of faces shared with processor 468 = 1170
    Number of faces shared with processor 471 = 1540
    Number of faces shared with processor 472 = 1470
    Number of faces shared with processor 478 = 106
    Number of faces shared with processor 485 = 163
    Number of processor patches = 11
    Number of processor faces = 8048
    Number of boundary faces = 16623

Processor 470
    Number of cells = 126595
    Number of points = 153358
    Number of faces shared with processor 449 = 1388
    Number of faces shared with processor 450 = 124
    Number of faces shared with processor 458 = 171
    Number of faces shared with processor 464 = 1018
    Number of faces shared with processor 465 = 1318
    Number of faces shared with processor 468 = 627
    Number of faces shared with processor 471 = 2106
    Number of faces shared with processor 475 = 808
    Number of faces shared with processor 477 = 1066
    Number of faces shared with processor 485 = 120
    Number of faces shared with processor 496 = 105
    Number of faces shared with processor 497 = 1366
    Number of processor patches = 12
    Number of processor faces = 10217
    Number of boundary faces = 18046

Processor 471
    Number of cells = 126330
    Number of points = 151721
    Number of faces shared with processor 449 = 106
    Number of faces shared with processor 450 = 109
    Number of faces shared with processor 458 = 1234
    Number of faces shared with processor 468 = 771
    Number of faces shared with processor 469 = 1540
    Number of faces shared with processor 470 = 2106
    Number of faces shared with processor 477 = 1541
    Number of faces shared with processor 485 = 56
    Number of processor patches = 8
    Number of processor faces = 7463
    Number of boundary faces = 18076

Processor 472
    Number of cells = 126330
    Number of points = 152407
    Number of faces shared with processor 457 = 653
    Number of faces shared with processor 460 = 206
    Number of faces shared with processor 463 = 1023
    Number of faces shared with processor 468 = 493
    Number of faces shared with processor 469 = 1470
    Number of faces shared with processor 473 = 1446
    Number of faces shared with processor 474 = 1713
    Number of faces shared with processor 478 = 733
    Number of processor patches = 8
    Number of processor faces = 7737
    Number of boundary faces = 18346

Processor 473
    Number of cells = 126447
    Number of points = 152697
    Number of faces shared with processor 472 = 1446
    Number of faces shared with processor 474 = 2131
    Number of faces shared with processor 475 = 6
    Number of faces shared with processor 476 = 2309
    Number of faces shared with processor 478 = 778
    Number of processor patches = 5
    Number of processor faces = 6670
    Number of boundary faces = 16412

Processor 474
    Number of cells = 126330
    Number of points = 159237
    Number of faces shared with processor 463 = 1447
    Number of faces shared with processor 467 = 2270
    Number of faces shared with processor 468 = 904
    Number of faces shared with processor 472 = 1713
    Number of faces shared with processor 473 = 2131
    Number of faces shared with processor 475 = 2115
    Number of faces shared with processor 476 = 123
    Number of faces shared with processor 485 = 500
    Number of faces shared with processor 488 = 156
    Number of faces shared with processor 499 = 90
    Number of processor patches = 10
    Number of processor faces = 11449
    Number of boundary faces = 16971

Processor 475
    Number of cells = 126362
    Number of points = 151388
    Number of faces shared with processor 464 = 1161
    Number of faces shared with processor 466 = 1247
    Number of faces shared with processor 467 = 170
    Number of faces shared with processor 470 = 808
    Number of faces shared with processor 473 = 6
    Number of faces shared with processor 474 = 2115
    Number of faces shared with processor 476 = 613
    Number of faces shared with processor 477 = 1139
    Number of processor patches = 8
    Number of processor faces = 7259
    Number of boundary faces = 18346

Processor 476
    Number of cells = 126332
    Number of points = 151932
    Number of faces shared with processor 473 = 2309
    Number of faces shared with processor 474 = 123
    Number of faces shared with processor 475 = 613
    Number of faces shared with processor 477 = 2800
    Number of faces shared with processor 478 = 755
    Number of faces shared with processor 479 = 1463
    Number of processor patches = 6
    Number of processor faces = 8063
    Number of boundary faces = 16484

Processor 477
    Number of cells = 126337
    Number of points = 154773
    Number of faces shared with processor 458 = 759
    Number of faces shared with processor 470 = 1066
    Number of faces shared with processor 471 = 1541
    Number of faces shared with processor 475 = 1139
    Number of faces shared with processor 476 = 2800
    Number of faces shared with processor 479 = 331
    Number of processor patches = 6
    Number of processor faces = 7636
    Number of boundary faces = 17751

Processor 478
    Number of cells = 126758
    Number of points = 148233
    Number of faces shared with processor 457 = 1420
    Number of faces shared with processor 469 = 106
    Number of faces shared with processor 472 = 733
    Number of faces shared with processor 473 = 778
    Number of faces shared with processor 476 = 755
    Number of faces shared with processor 479 = 2033
    Number of processor patches = 6
    Number of processor faces = 5825
    Number of boundary faces = 18481

Processor 479
    Number of cells = 126388
    Number of points = 148011
    Number of faces shared with processor 458 = 1278
    Number of faces shared with processor 476 = 1463
    Number of faces shared with processor 477 = 331
    Number of faces shared with processor 478 = 2033
    Number of processor patches = 4
    Number of processor faces = 5105
    Number of boundary faces = 19168

Processor 480
    Number of cells = 127953
    Number of points = 148681
    Number of faces shared with processor 421 = 702
    Number of faces shared with processor 423 = 1250
    Number of faces shared with processor 433 = 1697
    Number of faces shared with processor 435 = 917
    Number of faces shared with processor 481 = 3054
    Number of faces shared with processor 482 = 589
    Number of faces shared with processor 483 = 543
    Number of faces shared with processor 484 = 806
    Number of faces shared with processor 486 = 688
    Number of faces shared with processor 487 = 1066
    Number of faces shared with processor 495 = 704
    Number of processor patches = 11
    Number of processor faces = 12016
    Number of boundary faces = 13827

Processor 481
    Number of cells = 128882
    Number of points = 141170
    Number of faces shared with processor 421 = 2491
    Number of faces shared with processor 432 = 647
    Number of faces shared with processor 433 = 1396
    Number of faces shared with processor 480 = 3054
    Number of faces shared with processor 482 = 1493
    Number of faces shared with processor 483 = 2514
    Number of faces shared with processor 484 = 27
    Number of faces shared with processor 486 = 1081
    Number of faces shared with processor 487 = 394
    Number of processor patches = 9
    Number of processor faces = 13097
    Number of boundary faces = 5219

Processor 482
    Number of cells = 128862
    Number of points = 143923
    Number of faces shared with processor 26 = 267
    Number of faces shared with processor 27 = 1970
    Number of faces shared with processor 432 = 737
    Number of faces shared with processor 433 = 2209
    Number of faces shared with processor 436 = 1644
    Number of faces shared with processor 480 = 589
    Number of faces shared with processor 481 = 1493
    Number of faces shared with processor 483 = 2570
    Number of faces shared with processor 495 = 1486
    Number of processor patches = 9
    Number of processor faces = 12965
    Number of boundary faces = 8321

Processor 483
    Number of cells = 128882
    Number of points = 139986
    Number of faces shared with processor 26 = 1568
    Number of faces shared with processor 27 = 276
    Number of faces shared with processor 432 = 399
    Number of faces shared with processor 50 = 1144
    Number of faces shared with processor 480 = 543
    Number of faces shared with processor 481 = 2514
    Number of faces shared with processor 482 = 2570
    Number of faces shared with processor 484 = 402
    Number of faces shared with processor 485 = 140
    Number of faces shared with processor 487 = 35
    Number of faces shared with processor 488 = 197
    Number of faces shared with processor 492 = 468
    Number of faces shared with processor 493 = 759
    Number of faces shared with processor 494 = 703
    Number of faces shared with processor 495 = 1453
    Number of processor patches = 15
    Number of processor faces = 13171
    Number of boundary faces = 5102

Processor 484
    Number of cells = 126419
    Number of points = 147279
    Number of faces shared with processor 480 = 806
    Number of faces shared with processor 481 = 27
    Number of faces shared with processor 483 = 402
    Number of faces shared with processor 485 = 1756
    Number of faces shared with processor 487 = 2146
    Number of faces shared with processor 490 = 883
    Number of faces shared with processor 494 = 1194
    Number of faces shared with processor 495 = 576
    Number of processor patches = 8
    Number of processor faces = 7790
    Number of boundary faces = 13512

Processor 485
    Number of cells = 128882
    Number of points = 149403
    Number of faces shared with processor 421 = 11
    Number of faces shared with processor 450 = 289
    Number of faces shared with processor 458 = 130
    Number of faces shared with processor 462 = 843
    Number of faces shared with processor 463 = 1236
    Number of faces shared with processor 465 = 160
    Number of faces shared with processor 467 = 87
    Number of faces shared with processor 468 = 352
    Number of faces shared with processor 469 = 163
    Number of faces shared with processor 470 = 120
    Number of faces shared with processor 471 = 56
    Number of faces shared with processor 474 = 500
    Number of faces shared with processor 483 = 140
    Number of faces shared with processor 484 = 1756
    Number of faces shared with processor 487 = 698
    Number of faces shared with processor 488 = 813
    Number of faces shared with processor 490 = 1586
    Number of faces shared with processor 494 = 16
    Number of faces shared with processor 497 = 394
    Number of faces shared with processor 499 = 572
    Number of processor patches = 20
    Number of processor faces = 9922
    Number of boundary faces = 12638

Processor 486
    Number of cells = 128689
    Number of points = 149788
    Number of faces shared with processor 421 = 477
    Number of faces shared with processor 423 = 1192
    Number of faces shared with processor 462 = 216
    Number of faces shared with processor 480 = 688
    Number of faces shared with processor 481 = 1081
    Number of faces shared with processor 487 = 2191
    Number of processor patches = 6
    Number of processor faces = 5845
    Number of boundary faces = 16387

Processor 487
    Number of cells = 128252
    Number of points = 150098
    Number of faces shared with processor 421 = 385
    Number of faces shared with processor 462 = 2473
    Number of faces shared with processor 480 = 1066
    Number of faces shared with processor 481 = 394
    Number of faces shared with processor 483 = 35
    Number of faces shared with processor 484 = 2146
    Number of faces shared with processor 485 = 698
    Number of faces shared with processor 486 = 2191
    Number of processor patches = 8
    Number of processor faces = 9388
    Number of boundary faces = 13884

Processor 488
    Number of cells = 128056
    Number of points = 149778
    Number of faces shared with processor 49 = 15
    Number of faces shared with processor 51 = 135
    Number of faces shared with processor 52 = 102
    Number of faces shared with processor 466 = 210
    Number of faces shared with processor 467 = 747
    Number of faces shared with processor 474 = 156
    Number of faces shared with processor 483 = 197
    Number of faces shared with processor 485 = 813
    Number of faces shared with processor 489 = 2348
    Number of faces shared with processor 490 = 798
    Number of faces shared with processor 491 = 1190
    Number of faces shared with processor 492 = 1238
    Number of faces shared with processor 493 = 495
    Number of faces shared with processor 494 = 288
    Number of faces shared with processor 497 = 91
    Number of faces shared with processor 498 = 253
    Number of faces shared with processor 499 = 612
    Number of faces shared with processor 501 = 491
    Number of faces shared with processor 504 = 413
    Number of faces shared with processor 506 = 667
    Number of faces shared with processor 507 = 329
    Number of faces shared with processor 508 = 424
    Number of faces shared with processor 510 = 33
    Number of processor patches = 23
    Number of processor faces = 12045
    Number of boundary faces = 14614

Processor 489
    Number of cells = 126487
    Number of points = 150635
    Number of faces shared with processor 167 = 258
    Number of faces shared with processor 49 = 237
    Number of faces shared with processor 51 = 548
    Number of faces shared with processor 52 = 870
    Number of faces shared with processor 53 = 1526
    Number of faces shared with processor 488 = 2348
    Number of faces shared with processor 491 = 35
    Number of faces shared with processor 492 = 20
    Number of faces shared with processor 504 = 1975
    Number of faces shared with processor 506 = 935
    Number of processor patches = 10
    Number of processor faces = 8752
    Number of boundary faces = 13777

Processor 490
    Number of cells = 127450
    Number of points = 148099
    Number of faces shared with processor 466 = 639
    Number of faces shared with processor 467 = 104
    Number of faces shared with processor 484 = 883
    Number of faces shared with processor 485 = 1586
    Number of faces shared with processor 488 = 798
    Number of faces shared with processor 491 = 1079
    Number of faces shared with processor 494 = 1142
    Number of faces shared with processor 499 = 348
    Number of faces shared with processor 508 = 1489
    Number of processor patches = 9
    Number of processor faces = 8068
    Number of boundary faces = 13074

Processor 491
    Number of cells = 126330
    Number of points = 147101
    Number of faces shared with processor 488 = 1190
    Number of faces shared with processor 489 = 35
    Number of faces shared with processor 490 = 1079
    Number of faces shared with processor 493 = 664
    Number of faces shared with processor 494 = 1637
    Number of faces shared with processor 506 = 645
    Number of faces shared with processor 507 = 1238
    Number of faces shared with processor 508 = 543
    Number of processor patches = 8
    Number of processor faces = 7031
    Number of boundary faces = 14508

Processor 492
    Number of cells = 126436
    Number of points = 148181
    Number of faces shared with processor 27 = 640
    Number of faces shared with processor 31 = 806
    Number of faces shared with processor 50 = 2494
    Number of faces shared with processor 51 = 557
    Number of faces shared with processor 52 = 968
    Number of faces shared with processor 483 = 468
    Number of faces shared with processor 488 = 1238
    Number of faces shared with processor 489 = 20
    Number of faces shared with processor 493 = 2685
    Number of faces shared with processor 494 = 12
    Number of processor patches = 10
    Number of processor faces = 9888
    Number of boundary faces = 14201

Processor 493
    Number of cells = 126723
    Number of points = 146531
    Number of faces shared with processor 27 = 641
    Number of faces shared with processor 50 = 727
    Number of faces shared with processor 483 = 759
    Number of faces shared with processor 488 = 495
    Number of faces shared with processor 491 = 664
    Number of faces shared with processor 492 = 2685
    Number of faces shared with processor 494 = 1394
    Number of faces shared with processor 495 = 1178
    Number of processor patches = 8
    Number of processor faces = 8543
    Number of boundary faces = 13888

Processor 494
    Number of cells = 126330
    Number of points = 146986
    Number of faces shared with processor 483 = 703
    Number of faces shared with processor 484 = 1194
    Number of faces shared with processor 485 = 16
    Number of faces shared with processor 488 = 288
    Number of faces shared with processor 490 = 1142
    Number of faces shared with processor 491 = 1637
    Number of faces shared with processor 492 = 12
    Number of faces shared with processor 493 = 1394
    Number of faces shared with processor 495 = 2351
    Number of processor patches = 9
    Number of processor faces = 8737
    Number of boundary faces = 13256

Processor 495
    Number of cells = 126336
    Number of points = 146282
    Number of faces shared with processor 27 = 344
    Number of faces shared with processor 480 = 704
    Number of faces shared with processor 482 = 1486
    Number of faces shared with processor 483 = 1453
    Number of faces shared with processor 484 = 576
    Number of faces shared with processor 493 = 1178
    Number of faces shared with processor 494 = 2351
    Number of processor patches = 7
    Number of processor faces = 8092
    Number of boundary faces = 14714

Processor 496
    Number of cells = 128113
    Number of points = 150236
    Number of faces shared with processor 136 = 2
    Number of faces shared with processor 138 = 1445
    Number of faces shared with processor 296 = 1155
    Number of faces shared with processor 297 = 1237
    Number of faces shared with processor 299 = 657
    Number of faces shared with processor 302 = 237
    Number of faces shared with processor 303 = 185
    Number of faces shared with processor 449 = 720
    Number of faces shared with processor 453 = 1802
    Number of faces shared with processor 470 = 105
    Number of faces shared with processor 497 = 735
    Number of faces shared with processor 498 = 1160
    Number of faces shared with processor 500 = 468
    Number of faces shared with processor 501 = 160
    Number of faces shared with processor 502 = 976
    Number of processor patches = 15
    Number of processor faces = 11044
    Number of boundary faces = 14314

Processor 497
    Number of cells = 128655
    Number of points = 149041
    Number of faces shared with processor 299 = 37
    Number of faces shared with processor 449 = 188
    Number of faces shared with processor 450 = 236
    Number of faces shared with processor 453 = 1163
    Number of faces shared with processor 464 = 853
    Number of faces shared with processor 465 = 290
    Number of faces shared with processor 470 = 1366
    Number of faces shared with processor 485 = 394
    Number of faces shared with processor 488 = 91
    Number of faces shared with processor 496 = 735
    Number of faces shared with processor 498 = 1488
    Number of faces shared with processor 499 = 805
    Number of processor patches = 12
    Number of processor faces = 7646
    Number of boundary faces = 12951

Processor 498
    Number of cells = 126464
    Number of points = 146447
    Number of faces shared with processor 297 = 2101
    Number of faces shared with processor 299 = 195
    Number of faces shared with processor 453 = 73
    Number of faces shared with processor 488 = 253
    Number of faces shared with processor 496 = 1160
    Number of faces shared with processor 497 = 1488
    Number of faces shared with processor 499 = 1336
    Number of faces shared with processor 500 = 397
    Number of faces shared with processor 501 = 1332
    Number of processor patches = 9
    Number of processor faces = 8335
    Number of boundary faces = 13012

Processor 499
    Number of cells = 128607
    Number of points = 153728
    Number of faces shared with processor 464 = 1802
    Number of faces shared with processor 465 = 473
    Number of faces shared with processor 466 = 1279
    Number of faces shared with processor 467 = 576
    Number of faces shared with processor 468 = 169
    Number of faces shared with processor 474 = 90
    Number of faces shared with processor 485 = 572
    Number of faces shared with processor 488 = 612
    Number of faces shared with processor 490 = 348
    Number of faces shared with processor 497 = 805
    Number of faces shared with processor 498 = 1336
    Number of faces shared with processor 501 = 668
    Number of faces shared with processor 508 = 2797
    Number of faces shared with processor 509 = 1326
    Number of processor patches = 14
    Number of processor faces = 12853
    Number of boundary faces = 10748

Processor 500
    Number of cells = 128882
    Number of points = 151858
    Number of faces shared with processor 138 = 226
    Number of faces shared with processor 139 = 99
    Number of faces shared with processor 297 = 795
    Number of faces shared with processor 178 = 10
    Number of faces shared with processor 180 = 487
    Number of faces shared with processor 181 = 1478
    Number of faces shared with processor 183 = 396
    Number of faces shared with processor 189 = 215
    Number of faces shared with processor 191 = 32
    Number of faces shared with processor 496 = 468
    Number of faces shared with processor 498 = 397
    Number of faces shared with processor 501 = 1906
    Number of faces shared with processor 502 = 1766
    Number of faces shared with processor 503 = 721
    Number of faces shared with processor 504 = 1070
    Number of faces shared with processor 505 = 661
    Number of faces shared with processor 506 = 357
    Number of faces shared with processor 510 = 134
    Number of processor patches = 18
    Number of processor faces = 11218
    Number of boundary faces = 13314

Processor 501
    Number of cells = 128688
    Number of points = 151800
    Number of faces shared with processor 138 = 133
    Number of faces shared with processor 297 = 231
    Number of faces shared with processor 302 = 72
    Number of faces shared with processor 488 = 491
    Number of faces shared with processor 496 = 160
    Number of faces shared with processor 498 = 1332
    Number of faces shared with processor 499 = 668
    Number of faces shared with processor 500 = 1906
    Number of faces shared with processor 502 = 1074
    Number of faces shared with processor 503 = 1243
    Number of faces shared with processor 504 = 96
    Number of faces shared with processor 506 = 32
    Number of faces shared with processor 507 = 4
    Number of faces shared with processor 508 = 1133
    Number of faces shared with processor 510 = 578
    Number of faces shared with processor 511 = 341
    Number of processor patches = 16
    Number of processor faces = 9494
    Number of boundary faces = 13510

Processor 502
    Number of cells = 126691
    Number of points = 151542
    Number of faces shared with processor 138 = 838
    Number of faces shared with processor 181 = 1852
    Number of faces shared with processor 496 = 976
    Number of faces shared with processor 500 = 1766
    Number of faces shared with processor 501 = 1074
    Number of faces shared with processor 503 = 1689
    Number of processor patches = 6
    Number of processor faces = 8195
    Number of boundary faces = 16144

Processor 503
    Number of cells = 126533
    Number of points = 149993
    Number of faces shared with processor 500 = 721
    Number of faces shared with processor 501 = 1243
    Number of faces shared with processor 502 = 1689
    Number of faces shared with processor 504 = 397
    Number of faces shared with processor 505 = 184
    Number of faces shared with processor 510 = 509
    Number of faces shared with processor 511 = 1478
    Number of processor patches = 7
    Number of processor faces = 6221
    Number of boundary faces = 19094

Processor 504
    Number of cells = 128401
    Number of points = 152157
    Number of faces shared with processor 167 = 1454
    Number of faces shared with processor 49 = 454
    Number of faces shared with processor 180 = 303
    Number of faces shared with processor 189 = 2300
    Number of faces shared with processor 191 = 264
    Number of faces shared with processor 488 = 413
    Number of faces shared with processor 489 = 1975
    Number of faces shared with processor 500 = 1070
    Number of faces shared with processor 501 = 96
    Number of faces shared with processor 503 = 397
    Number of faces shared with processor 505 = 890
    Number of faces shared with processor 506 = 2397
    Number of faces shared with processor 510 = 328
    Number of processor patches = 13
    Number of processor faces = 12341
    Number of boundary faces = 13610

Processor 505
    Number of cells = 127138
    Number of points = 150828
    Number of faces shared with processor 183 = 1891
    Number of faces shared with processor 189 = 452
    Number of faces shared with processor 500 = 661
    Number of faces shared with processor 503 = 184
    Number of faces shared with processor 504 = 890
    Number of faces shared with processor 506 = 765
    Number of faces shared with processor 510 = 156
    Number of faces shared with processor 511 = 1387
    Number of processor patches = 8
    Number of processor faces = 6386
    Number of boundary faces = 18806

Processor 506
    Number of cells = 126960
    Number of points = 154479
    Number of faces shared with processor 488 = 667
    Number of faces shared with processor 489 = 935
    Number of faces shared with processor 491 = 645
    Number of faces shared with processor 500 = 357
    Number of faces shared with processor 501 = 32
    Number of faces shared with processor 504 = 2397
    Number of faces shared with processor 505 = 765
    Number of faces shared with processor 507 = 2353
    Number of faces shared with processor 510 = 563
    Number of faces shared with processor 511 = 1450
    Number of processor patches = 10
    Number of processor faces = 10164
    Number of boundary faces = 15728

Processor 507
    Number of cells = 126547
    Number of points = 151028
    Number of faces shared with processor 488 = 329
    Number of faces shared with processor 491 = 1238
    Number of faces shared with processor 501 = 4
    Number of faces shared with processor 506 = 2353
    Number of faces shared with processor 508 = 1022
    Number of faces shared with processor 510 = 1310
    Number of faces shared with processor 511 = 334
    Number of processor patches = 7
    Number of processor faces = 6590
    Number of boundary faces = 15921

Processor 508
    Number of cells = 127544
    Number of points = 151247
    Number of faces shared with processor 466 = 371
    Number of faces shared with processor 488 = 424
    Number of faces shared with processor 490 = 1489
    Number of faces shared with processor 491 = 543
    Number of faces shared with processor 499 = 2797
    Number of faces shared with processor 501 = 1133
    Number of faces shared with processor 507 = 1022
    Number of faces shared with processor 509 = 2363
    Number of faces shared with processor 510 = 1351
    Number of faces shared with processor 511 = 411
    Number of processor patches = 10
    Number of processor faces = 11904
    Number of boundary faces = 11587

Processor 509
    Number of cells = 126711
    Number of points = 148296
    Number of faces shared with processor 464 = 835
    Number of faces shared with processor 466 = 1181
    Number of faces shared with processor 499 = 1326
    Number of faces shared with processor 508 = 2363
    Number of faces shared with processor 510 = 188
    Number of faces shared with processor 511 = 1144
    Number of processor patches = 6
    Number of processor faces = 7037
    Number of boundary faces = 15962

Processor 510
    Number of cells = 126717
    Number of points = 150382
    Number of faces shared with processor 488 = 33
    Number of faces shared with processor 500 = 134
    Number of faces shared with processor 501 = 578
    Number of faces shared with processor 503 = 509
    Number of faces shared with processor 504 = 328
    Number of faces shared with processor 505 = 156
    Number of faces shared with processor 506 = 563
    Number of faces shared with processor 507 = 1310
    Number of faces shared with processor 508 = 1351
    Number of faces shared with processor 509 = 188
    Number of faces shared with processor 511 = 1910
    Number of processor patches = 11
    Number of processor faces = 7060
    Number of boundary faces = 14875

Processor 511
    Number of cells = 126330
    Number of points = 152604
    Number of faces shared with processor 501 = 341
    Number of faces shared with processor 503 = 1478
    Number of faces shared with processor 505 = 1387
    Number of faces shared with processor 506 = 1450
    Number of faces shared with processor 507 = 334
    Number of faces shared with processor 508 = 411
    Number of faces shared with processor 509 = 1144
    Number of faces shared with processor 510 = 1910
    Number of processor patches = 8
    Number of processor faces = 8455
    Number of boundary faces = 16879

Number of processor faces = 2927022
Max number of cells = 128975 (1.072070895181149% above average 127606.962890625)
Max number of processor patches = 66 (485.2441981295462% above average 11.27734375)
Max number of faces between processors = 22214 (94.28565962264719% above average 11433.6796875)

Time = constant
--> FOAM Warning : 
    From bool Foam::IOobject::readHeader(Foam::dictionary&, Foam::Istream&)
    in file db/IOobject/IOobjectReadHeader.C at line 118
    Reading "constant/README.md" at line 1
    First token could not be read or is not 'FoamFile'

Check header is of the form:

/*--------------------------------*- C++ -*----------------------------------*\
| =========                 |                                                 |
| \\      /  F ield         | OpenFOAM: The Open Source CFD Toolbox           |
|  \\    /   O peration     | Version:  2512                                  |
|   \\  /    A nd           | Website:  www.openfoam.com                      |
|    \\/     M anipulation  |                                                 |
\*---------------------------------------------------------------------------*/
FoamFile
{
    version     2.0;
    format      ascii;
    arch        "LSB;label=32;scalar=64";
    class       IOobject;
    location    "constant";
    object      README.md;
}
// * * * * * * * * * * * * * * * * * * * * * * * * * * * * * * * * * * * * * //


Processor 0: field transfer
Processor 1: field transfer
Processor 2: field transfer
Processor 3: field transfer
Processor 4: field transfer
Processor 5: field transfer
Processor 6: field transfer
Processor 7: field transfer
Processor 8: field transfer
Processor 9: field transfer
Processor 10: field transfer
Processor 11: field transfer
Processor 12: field transfer
Processor 13: field transfer
Processor 14: field transfer
Processor 15: field transfer
Processor 16: field transfer
Processor 17: field transfer
Processor 18: field transfer
Processor 19: field transfer
Processor 20: field transfer
Processor 21: field transfer
Processor 22: field transfer
Processor 23: field transfer
Processor 24: field transfer
Processor 25: field transfer
Processor 26: field transfer
Processor 27: field transfer
Processor 28: field transfer
Processor 29: field transfer
Processor 30: field transfer
Processor 31: field transfer
Processor 32: field transfer
Processor 33: field transfer
Processor 34: field transfer
Processor 35: field transfer
Processor 36: field transfer
Processor 37: field transfer
Processor 38: field transfer
Processor 39: field transfer
Processor 40: field transfer
Processor 41: field transfer
Processor 42: field transfer
Processor 43: field transfer
Processor 44: field transfer
Processor 45: field transfer
Processor 46: field transfer
Processor 47: field transfer
Processor 48: field transfer
Processor 49: field transfer
Processor 50: field transfer
Processor 51: field transfer
Processor 52: field transfer
Processor 53: field transfer
Processor 54: field transfer
Processor 55: field transfer
Processor 56: field transfer
Processor 57: field transfer
Processor 58: field transfer
Processor 59: field transfer
Processor 60: field transfer
Processor 61: field transfer
Processor 62: field transfer
Processor 63: field transfer
Processor 64: field transfer
Processor 65: field transfer
Processor 66: field transfer
Processor 67: field transfer
Processor 68: field transfer
Processor 69: field transfer
Processor 70: field transfer
Processor 71: field transfer
Processor 72: field transfer
Processor 73: field transfer
Processor 74: field transfer
Processor 75: field transfer
Processor 76: field transfer
Processor 77: field transfer
Processor 78: field transfer
Processor 79: field transfer
Processor 80: field transfer
Processor 81: field transfer
Processor 82: field transfer
Processor 83: field transfer
Processor 84: field transfer
Processor 85: field transfer
Processor 86: field transfer
Processor 87: field transfer
Processor 88: field transfer
Processor 89: field transfer
Processor 90: field transfer
Processor 91: field transfer
Processor 92: field transfer
Processor 93: field transfer
Processor 94: field transfer
Processor 95: field transfer
Processor 96: field transfer
Processor 97: field transfer
Processor 98: field transfer
Processor 99: field transfer
Processor 100: field transfer
Processor 101: field transfer
Processor 102: field transfer
Processor 103: field transfer
Processor 104: field transfer
Processor 105: field transfer
Processor 106: field transfer
Processor 107: field transfer
Processor 108: field transfer
Processor 109: field transfer
Processor 110: field transfer
Processor 111: field transfer
Processor 112: field transfer
Processor 113: field transfer
Processor 114: field transfer
Processor 115: field transfer
Processor 116: field transfer
Processor 117: field transfer
Processor 118: field transfer
Processor 119: field transfer
Processor 120: field transfer
Processor 121: field transfer
Processor 122: field transfer
Processor 123: field transfer
Processor 124: field transfer
Processor 125: field transfer
Processor 126: field transfer
Processor 127: field transfer
Processor 128: field transfer
Processor 129: field transfer
Processor 130: field transfer
Processor 131: field transfer
Processor 132: field transfer
Processor 133: field transfer
Processor 134: field transfer
Processor 135: field transfer
Processor 136: field transfer
Processor 137: field transfer
Processor 138: field transfer
Processor 139: field transfer
Processor 140: field transfer
Processor 141: field transfer
Processor 142: field transfer
Processor 143: field transfer
Processor 144: field transfer
Processor 145: field transfer
Processor 146: field transfer
Processor 147: field transfer
Processor 148: field transfer
Processor 149: field transfer
Processor 150: field transfer
Processor 151: field transfer
Processor 152: field transfer
Processor 153: field transfer
Processor 154: field transfer
Processor 155: field transfer
Processor 156: field transfer
Processor 157: field transfer
Processor 158: field transfer
Processor 159: field transfer
Processor 160: field transfer
Processor 161: field transfer
Processor 162: field transfer
Processor 163: field transfer
Processor 164: field transfer
Processor 165: field transfer
Processor 166: field transfer
Processor 167: field transfer
Processor 168: field transfer
Processor 169: field transfer
Processor 170: field transfer
Processor 171: field transfer
Processor 172: field transfer
Processor 173: field transfer
Processor 174: field transfer
Processor 175: field transfer
Processor 176: field transfer
Processor 177: field transfer
Processor 178: field transfer
Processor 179: field transfer
Processor 180: field transfer
Processor 181: field transfer
Processor 182: field transfer
Processor 183: field transfer
Processor 184: field transfer
Processor 185: field transfer
Processor 186: field transfer
Processor 187: field transfer
Processor 188: field transfer
Processor 189: field transfer
Processor 190: field transfer
Processor 191: field transfer
Processor 192: field transfer
Processor 193: field transfer
Processor 194: field transfer
Processor 195: field transfer
Processor 196: field transfer
Processor 197: field transfer
Processor 198: field transfer
Processor 199: field transfer
Processor 200: field transfer
Processor 201: field transfer
Processor 202: field transfer
Processor 203: field transfer
Processor 204: field transfer
Processor 205: field transfer
Processor 206: field transfer
Processor 207: field transfer
Processor 208: field transfer
Processor 209: field transfer
Processor 210: field transfer
Processor 211: field transfer
Processor 212: field transfer
Processor 213: field transfer
Processor 214: field transfer
Processor 215: field transfer
Processor 216: field transfer
Processor 217: field transfer
Processor 218: field transfer
Processor 219: field transfer
Processor 220: field transfer
Processor 221: field transfer
Processor 222: field transfer
Processor 223: field transfer
Processor 224: field transfer
Processor 225: field transfer
Processor 226: field transfer
Processor 227: field transfer
Processor 228: field transfer
Processor 229: field transfer
Processor 230: field transfer
Processor 231: field transfer
Processor 232: field transfer
Processor 233: field transfer
Processor 234: field transfer
Processor 235: field transfer
Processor 236: field transfer
Processor 237: field transfer
Processor 238: field transfer
Processor 239: field transfer
Processor 240: field transfer
Processor 241: field transfer
Processor 242: field transfer
Processor 243: field transfer
Processor 244: field transfer
Processor 245: field transfer
Processor 246: field transfer
Processor 247: field transfer
Processor 248: field transfer
Processor 249: field transfer
Processor 250: field transfer
Processor 251: field transfer
Processor 252: field transfer
Processor 253: field transfer
Processor 254: field transfer
Processor 255: field transfer
Processor 256: field transfer
Processor 257: field transfer
Processor 258: field transfer
Processor 259: field transfer
Processor 260: field transfer
Processor 261: field transfer
Processor 262: field transfer
Processor 263: field transfer
Processor 264: field transfer
Processor 265: field transfer
Processor 266: field transfer
Processor 267: field transfer
Processor 268: field transfer
Processor 269: field transfer
Processor 270: field transfer
Processor 271: field transfer
Processor 272: field transfer
Processor 273: field transfer
Processor 274: field transfer
Processor 275: field transfer
Processor 276: field transfer
Processor 277: field transfer
Processor 278: field transfer
Processor 279: field transfer
Processor 280: field transfer
Processor 281: field transfer
Processor 282: field transfer
Processor 283: field transfer
Processor 284: field transfer
Processor 285: field transfer
Processor 286: field transfer
Processor 287: field transfer
Processor 288: field transfer
Processor 289: field transfer
Processor 290: field transfer
Processor 291: field transfer
Processor 292: field transfer
Processor 293: field transfer
Processor 294: field transfer
Processor 295: field transfer
Processor 296: field transfer
Processor 297: field transfer
Processor 298: field transfer
Processor 299: field transfer
Processor 300: field transfer
Processor 301: field transfer
Processor 302: field transfer
Processor 303: field transfer
Processor 304: field transfer
Processor 305: field transfer
Processor 306: field transfer
Processor 307: field transfer
Processor 308: field transfer
Processor 309: field transfer
Processor 310: field transfer
Processor 311: field transfer
Processor 312: field transfer
Processor 313: field transfer
Processor 314: field transfer
Processor 315: field transfer
Processor 316: field transfer
Processor 317: field transfer
Processor 318: field transfer
Processor 319: field transfer
Processor 320: field transfer
Processor 321: field transfer
Processor 322: field transfer
Processor 323: field transfer
Processor 324: field transfer
Processor 325: field transfer
Processor 326: field transfer
Processor 327: field transfer
Processor 328: field transfer
Processor 329: field transfer
Processor 330: field transfer
Processor 331: field transfer
Processor 332: field transfer
Processor 333: field transfer
Processor 334: field transfer
Processor 335: field transfer
Processor 336: field transfer
Processor 337: field transfer
Processor 338: field transfer
Processor 339: field transfer
Processor 340: field transfer
Processor 341: field transfer
Processor 342: field transfer
Processor 343: field transfer
Processor 344: field transfer
Processor 345: field transfer
Processor 346: field transfer
Processor 347: field transfer
Processor 348: field transfer
Processor 349: field transfer
Processor 350: field transfer
Processor 351: field transfer
Processor 352: field transfer
Processor 353: field transfer
Processor 354: field transfer
Processor 355: field transfer
Processor 356: field transfer
Processor 357: field transfer
Processor 358: field transfer
Processor 359: field transfer
Processor 360: field transfer
Processor 361: field transfer
Processor 362: field transfer
Processor 363: field transfer
Processor 364: field transfer
Processor 365: field transfer
Processor 366: field transfer
Processor 367: field transfer
Processor 368: field transfer
Processor 369: field transfer
Processor 370: field transfer
Processor 371: field transfer
Processor 372: field transfer
Processor 373: field transfer
Processor 374: field transfer
Processor 375: field transfer
Processor 376: field transfer
Processor 377: field transfer
Processor 378: field transfer
Processor 379: field transfer
Processor 380: field transfer
Processor 381: field transfer
Processor 382: field transfer
Processor 383: field transfer
Processor 384: field transfer
Processor 385: field transfer
Processor 386: field transfer
Processor 387: field transfer
Processor 388: field transfer
Processor 389: field transfer
Processor 390: field transfer
Processor 391: field transfer
Processor 392: field transfer
Processor 393: field transfer
Processor 394: field transfer
Processor 395: field transfer
Processor 396: field transfer
Processor 397: field transfer
Processor 398: field transfer
Processor 399: field transfer
Processor 400: field transfer
Processor 401: field transfer
Processor 402: field transfer
Processor 403: field transfer
Processor 404: field transfer
Processor 405: field transfer
Processor 406: field transfer
Processor 407: field transfer
Processor 408: field transfer
Processor 409: field transfer
Processor 410: field transfer
Processor 411: field transfer
Processor 412: field transfer
Processor 413: field transfer
Processor 414: field transfer
Processor 415: field transfer
Processor 416: field transfer
Processor 417: field transfer
Processor 418: field transfer
Processor 419: field transfer
Processor 420: field transfer
Processor 421: field transfer
Processor 422: field transfer
Processor 423: field transfer
Processor 424: field transfer
Processor 425: field transfer
Processor 426: field transfer
Processor 427: field transfer
Processor 428: field transfer
Processor 429: field transfer
Processor 430: field transfer
Processor 431: field transfer
Processor 432: field transfer
Processor 433: field transfer
Processor 434: field transfer
Processor 435: field transfer
Processor 436: field transfer
Processor 437: field transfer
Processor 438: field transfer
Processor 439: field transfer
Processor 440: field transfer
Processor 441: field transfer
Processor 442: field transfer
Processor 443: field transfer
Processor 444: field transfer
Processor 445: field transfer
Processor 446: field transfer
Processor 447: field transfer
Processor 448: field transfer
Processor 449: field transfer
Processor 450: field transfer
Processor 451: field transfer
Processor 452: field transfer
Processor 453: field transfer
Processor 454: field transfer
Processor 455: field transfer
Processor 456: field transfer
Processor 457: field transfer
Processor 458: field transfer
Processor 459: field transfer
Processor 460: field transfer
Processor 461: field transfer
Processor 462: field transfer
Processor 463: field transfer
Processor 464: field transfer
Processor 465: field transfer
Processor 466: field transfer
Processor 467: field transfer
Processor 468: field transfer
Processor 469: field transfer
Processor 470: field transfer
Processor 471: field transfer
Processor 472: field transfer
Processor 473: field transfer
Processor 474: field transfer
Processor 475: field transfer
Processor 476: field transfer
Processor 477: field transfer
Processor 478: field transfer
Processor 479: field transfer
Processor 480: field transfer
Processor 481: field transfer
Processor 482: field transfer
Processor 483: field transfer
Processor 484: field transfer
Processor 485: field transfer
Processor 486: field transfer
Processor 487: field transfer
Processor 488: field transfer
Processor 489: field transfer
Processor 490: field transfer
Processor 491: field transfer
Processor 492: field transfer
Processor 493: field transfer
Processor 494: field transfer
Processor 495: field transfer
Processor 496: field transfer
Processor 497: field transfer
Processor 498: field transfer
Processor 499: field transfer
Processor 500: field transfer
Processor 501: field transfer
Processor 502: field transfer
Processor 503: field transfer
Processor 504: field transfer
Processor 505: field transfer
Processor 506: field transfer
Processor 507: field transfer
Processor 508: field transfer
Processor 509: field transfer
Processor 510: field transfer
Processor 511: field transfer

End

