/*---------------------------------------------------------------------------*\
| =========                 |                                                 |
| \\      /  F ield         | OpenFOAM: The Open Source CFD Toolbox           |
|  \\    /   O peration     | Version:  2512                                  |
|   \\  /    A nd           | Website:  www.openfoam.com                      |
|    \\/     M anipulation  |                                                 |
\*---------------------------------------------------------------------------*/
Build  : _87ed40d256-20251219 OPENFOAM=2512 version=v2512
Arch   : "LSB;label=32;scalar=64"
Exec   : decomposePar -constant
Date   : Sep 22 2026
Time   : 16:45:50
Host   : gadi-cpu-spr-0394.gadi.nci.org.au
PID    : 3311437
I/O    : uncollated
Case   : /scratch/vp91/pz7344/openfoam-occ-drivaer/runs/scotch-split-4node.20260922-144120
nProcs : 1
trapFpe: Floating point exception trapping enabled (FOAM_SIGFPE).
memory pool : not available
fileModificationChecking : Monitoring run-time modified files using timeStampMaster (fileModificationSkew 5, maxFileModificationPolls 20)
allowSystemOperations : Allowing user-supplied system call operations

// * * * * * * * * * * * * * * * * * * * * * * * * * * * * * * * * * * * * * //
Create time



Decomposing mesh

Create mesh

Calculating distribution of cells
Decomposition method scotch [416] (region region0)

Finished decomposition in 226.13 s

Calculating original mesh data

Distributing cells to processors

Distributing faces to processors

Distributing points to processors

Constructing processor meshes

Processor 0
    Number of cells = 155705
    Number of points = 183038
    Number of faces shared with processor 2 = 2043
    Number of faces shared with processor 5 = 289
    Number of faces shared with processor 85 = 2129
    Number of faces shared with processor 86 = 823
    Number of processor patches = 4
    Number of processor faces = 5284
    Number of boundary faces = 23959

Processor 1
    Number of cells = 158596
    Number of points = 171150
    Number of faces shared with processor 2 = 2903
    Number of faces shared with processor 3 = 2097
    Number of faces shared with processor 4 = 1977
    Number of faces shared with processor 5 = 1250
    Number of faces shared with processor 11 = 2543
    Number of faces shared with processor 14 = 2150
    Number of faces shared with processor 27 = 648
    Number of faces shared with processor 32 = 78
    Number of faces shared with processor 33 = 3339
    Number of faces shared with processor 34 = 540
    Number of faces shared with processor 38 = 479
    Number of processor patches = 11
    Number of processor faces = 18004
    Number of boundary faces = 2720

Processor 2
    Number of cells = 158162
    Number of points = 187202
    Number of faces shared with processor 0 = 2043
    Number of faces shared with processor 1 = 2903
    Number of faces shared with processor 4 = 1378
    Number of faces shared with processor 5 = 1581
    Number of faces shared with processor 11 = 847
    Number of faces shared with processor 32 = 2295
    Number of faces shared with processor 33 = 889
    Number of faces shared with processor 34 = 298
    Number of faces shared with processor 45 = 2
    Number of faces shared with processor 84 = 1877
    Number of faces shared with processor 85 = 919
    Number of faces shared with processor 86 = 124
    Number of faces shared with processor 87 = 767
    Number of processor patches = 13
    Number of processor faces = 15923
    Number of boundary faces = 11805

Processor 3
    Number of cells = 155953
    Number of points = 173171
    Number of faces shared with processor 1 = 2097
    Number of faces shared with processor 4 = 2442
    Number of faces shared with processor 5 = 3314
    Number of faces shared with processor 8 = 139
    Number of faces shared with processor 9 = 2770
    Number of faces shared with processor 11 = 2567
    Number of faces shared with processor 12 = 365
    Number of faces shared with processor 14 = 1767
    Number of faces shared with processor 16 = 1825
    Number of faces shared with processor 26 = 1687
    Number of faces shared with processor 27 = 1255
    Number of faces shared with processor 165 = 802
    Number of faces shared with processor 168 = 179
    Number of processor patches = 13
    Number of processor faces = 21209
    Number of boundary faces = 3340

Processor 4
    Number of cells = 156079
    Number of points = 171223
    Number of faces shared with processor 1 = 1977
    Number of faces shared with processor 2 = 1378
    Number of faces shared with processor 3 = 2442
    Number of faces shared with processor 5 = 5858
    Number of faces shared with processor 165 = 2690
    Number of faces shared with processor 168 = 2031
    Number of faces shared with processor 175 = 140
    Number of faces shared with processor 87 = 486
    Number of processor patches = 8
    Number of processor faces = 17002
    Number of boundary faces = 7215

Processor 5
    Number of cells = 157810
    Number of points = 171453
    Number of faces shared with processor 0 = 289
    Number of faces shared with processor 1 = 1250
    Number of faces shared with processor 2 = 1581
    Number of faces shared with processor 3 = 3314
    Number of faces shared with processor 4 = 5858
    Number of faces shared with processor 8 = 909
    Number of faces shared with processor 9 = 244
    Number of faces shared with processor 11 = 2413
    Number of faces shared with processor 168 = 1459
    Number of faces shared with processor 85 = 1321
    Number of faces shared with processor 87 = 217
    Number of processor patches = 11
    Number of processor faces = 18855
    Number of boundary faces = 413

Processor 6
    Number of cells = 155649
    Number of points = 186264
    Number of faces shared with processor 7 = 1257
    Number of faces shared with processor 12 = 137
    Number of faces shared with processor 13 = 2184
    Number of faces shared with processor 15 = 341
    Number of faces shared with processor 32 = 788
    Number of faces shared with processor 39 = 1023
    Number of faces shared with processor 43 = 3243
    Number of faces shared with processor 44 = 614
    Number of faces shared with processor 45 = 714
    Number of processor patches = 9
    Number of processor faces = 10301
    Number of boundary faces = 19319

Processor 7
    Number of cells = 155527
    Number of points = 188782
    Number of faces shared with processor 6 = 1257
    Number of faces shared with processor 136 = 1158
    Number of faces shared with processor 8 = 2491
    Number of faces shared with processor 137 = 564
    Number of faces shared with processor 9 = 1260
    Number of faces shared with processor 138 = 1271
    Number of faces shared with processor 10 = 1891
    Number of faces shared with processor 12 = 1144
    Number of faces shared with processor 13 = 1110
    Number of faces shared with processor 142 = 1107
    Number of faces shared with processor 14 = 230
    Number of faces shared with processor 15 = 892
    Number of faces shared with processor 33 = 157
    Number of faces shared with processor 168 = 8
    Number of faces shared with processor 43 = 170
    Number of faces shared with processor 45 = 1762
    Number of faces shared with processor 48 = 328
    Number of processor patches = 17
    Number of processor faces = 16800
    Number of boundary faces = 16365

Processor 8
    Number of cells = 156337
    Number of points = 180416
    Number of faces shared with processor 3 = 139
    Number of faces shared with processor 5 = 909
    Number of faces shared with processor 134 = 1227
    Number of faces shared with processor 7 = 2491
    Number of faces shared with processor 136 = 1671
    Number of faces shared with processor 9 = 1537
    Number of faces shared with processor 10 = 115
    Number of faces shared with processor 11 = 1840
    Number of faces shared with processor 140 = 707
    Number of faces shared with processor 142 = 87
    Number of faces shared with processor 168 = 1049
    Number of faces shared with processor 85 = 2459
    Number of faces shared with processor 88 = 1374
    Number of processor patches = 13
    Number of processor faces = 15605
    Number of boundary faces = 12453

Processor 9
    Number of cells = 158458
    Number of points = 170553
    Number of faces shared with processor 3 = 2770
    Number of faces shared with processor 5 = 244
    Number of faces shared with processor 7 = 1260
    Number of faces shared with processor 8 = 1537
    Number of faces shared with processor 10 = 3596
    Number of faces shared with processor 11 = 1849
    Number of faces shared with processor 141 = 39
    Number of faces shared with processor 142 = 3552
    Number of faces shared with processor 16 = 302
    Number of faces shared with processor 165 = 69
    Number of faces shared with processor 167 = 302
    Number of faces shared with processor 168 = 1478
    Number of processor patches = 12
    Number of processor faces = 16998
    Number of boundary faces = 0

Processor 10
    Number of cells = 158624
    Number of points = 178695
    Number of faces shared with processor 7 = 1891
    Number of faces shared with processor 8 = 115
    Number of faces shared with processor 137 = 333
    Number of faces shared with processor 9 = 3596
    Number of faces shared with processor 11 = 1074
    Number of faces shared with processor 12 = 2374
    Number of faces shared with processor 141 = 1150
    Number of faces shared with processor 142 = 1270
    Number of faces shared with processor 16 = 410
    Number of faces shared with processor 24 = 1336
    Number of faces shared with processor 25 = 3640
    Number of processor patches = 11
    Number of processor faces = 17189
    Number of boundary faces = 7874

Processor 11
    Number of cells = 158557
    Number of points = 180495
    Number of faces shared with processor 1 = 2543
    Number of faces shared with processor 2 = 847
    Number of faces shared with processor 3 = 2567
    Number of faces shared with processor 5 = 2413
    Number of faces shared with processor 8 = 1840
    Number of faces shared with processor 9 = 1849
    Number of faces shared with processor 10 = 1074
    Number of faces shared with processor 12 = 4499
    Number of faces shared with processor 14 = 196
    Number of faces shared with processor 16 = 23
    Number of faces shared with processor 33 = 555
    Number of faces shared with processor 85 = 290
    Number of processor patches = 12
    Number of processor faces = 18696
    Number of boundary faces = 9290

Processor 12
    Number of cells = 157343
    Number of points = 181407
    Number of faces shared with processor 3 = 365
    Number of faces shared with processor 6 = 137
    Number of faces shared with processor 7 = 1144
    Number of faces shared with processor 10 = 2374
    Number of faces shared with processor 11 = 4499
    Number of faces shared with processor 13 = 2491
    Number of faces shared with processor 14 = 1561
    Number of faces shared with processor 16 = 521
    Number of faces shared with processor 25 = 1548
    Number of faces shared with processor 32 = 474
    Number of faces shared with processor 33 = 737
    Number of faces shared with processor 45 = 293
    Number of processor patches = 12
    Number of processor faces = 16144
    Number of boundary faces = 10987

Processor 13
    Number of cells = 155737
    Number of points = 187630
    Number of faces shared with processor 6 = 2184
    Number of faces shared with processor 7 = 1110
    Number of faces shared with processor 12 = 2491
    Number of faces shared with processor 14 = 1815
    Number of faces shared with processor 15 = 2480
    Number of faces shared with processor 16 = 2930
    Number of faces shared with processor 17 = 1311
    Number of faces shared with processor 18 = 433
    Number of faces shared with processor 22 = 933
    Number of faces shared with processor 25 = 1450
    Number of faces shared with processor 42 = 678
    Number of faces shared with processor 44 = 997
    Number of processor patches = 12
    Number of processor faces = 18812
    Number of boundary faces = 13811

Processor 14
    Number of cells = 158669
    Number of points = 171705
    Number of faces shared with processor 1 = 2150
    Number of faces shared with processor 3 = 1767
    Number of faces shared with processor 7 = 230
    Number of faces shared with processor 11 = 196
    Number of faces shared with processor 12 = 1561
    Number of faces shared with processor 13 = 1815
    Number of faces shared with processor 15 = 1548
    Number of faces shared with processor 16 = 1488
    Number of faces shared with processor 18 = 1097
    Number of faces shared with processor 26 = 33
    Number of faces shared with processor 27 = 1120
    Number of faces shared with processor 28 = 2623
    Number of faces shared with processor 33 = 389
    Number of faces shared with processor 37 = 862
    Number of faces shared with processor 38 = 890
    Number of faces shared with processor 42 = 2
    Number of faces shared with processor 48 = 1194
    Number of faces shared with processor 49 = 28
    Number of faces shared with processor 51 = 1038
    Number of faces shared with processor 312 = 1027
    Number of processor patches = 20
    Number of processor faces = 21058
    Number of boundary faces = 0

Processor 15
    Number of cells = 155763
    Number of points = 189861
    Number of faces shared with processor 6 = 341
    Number of faces shared with processor 7 = 892
    Number of faces shared with processor 13 = 2480
    Number of faces shared with processor 14 = 1548
    Number of faces shared with processor 17 = 1095
    Number of faces shared with processor 18 = 282
    Number of faces shared with processor 28 = 88
    Number of faces shared with processor 42 = 732
    Number of faces shared with processor 43 = 1059
    Number of faces shared with processor 44 = 1399
    Number of faces shared with processor 48 = 760
    Number of faces shared with processor 49 = 757
    Number of faces shared with processor 51 = 1911
    Number of faces shared with processor 312 = 413
    Number of processor patches = 14
    Number of processor faces = 13757
    Number of boundary faces = 18723

Processor 16
    Number of cells = 158624
    Number of points = 175389
    Number of faces shared with processor 3 = 1825
    Number of faces shared with processor 9 = 302
    Number of faces shared with processor 10 = 410
    Number of faces shared with processor 11 = 23
    Number of faces shared with processor 12 = 521
    Number of faces shared with processor 141 = 207
    Number of faces shared with processor 13 = 2930
    Number of faces shared with processor 142 = 34
    Number of faces shared with processor 14 = 1488
    Number of faces shared with processor 18 = 3128
    Number of faces shared with processor 19 = 65
    Number of faces shared with processor 20 = 1855
    Number of faces shared with processor 22 = 4021
    Number of faces shared with processor 24 = 50
    Number of faces shared with processor 25 = 3243
    Number of faces shared with processor 26 = 1468
    Number of faces shared with processor 27 = 84
    Number of faces shared with processor 28 = 60
    Number of faces shared with processor 165 = 139
    Number of faces shared with processor 312 = 546
    Number of faces shared with processor 313 = 30
    Number of faces shared with processor 316 = 592
    Number of faces shared with processor 351 = 258
    Number of processor patches = 23
    Number of processor faces = 23279
    Number of boundary faces = 0

Processor 17
    Number of cells = 155625
    Number of points = 187152
    Number of faces shared with processor 13 = 1311
    Number of faces shared with processor 15 = 1095
    Number of faces shared with processor 18 = 3274
    Number of faces shared with processor 20 = 749
    Number of faces shared with processor 22 = 845
    Number of faces shared with processor 44 = 816
    Number of faces shared with processor 312 = 643
    Number of faces shared with processor 314 = 1177
    Number of processor patches = 8
    Number of processor faces = 9910
    Number of boundary faces = 18837

Processor 18
    Number of cells = 158600
    Number of points = 173136
    Number of faces shared with processor 13 = 433
    Number of faces shared with processor 14 = 1097
    Number of faces shared with processor 15 = 282
    Number of faces shared with processor 16 = 3128
    Number of faces shared with processor 17 = 3274
    Number of faces shared with processor 20 = 1074
    Number of faces shared with processor 22 = 450
    Number of faces shared with processor 312 = 3240
    Number of faces shared with processor 313 = 1904
    Number of faces shared with processor 314 = 1608
    Number of faces shared with processor 315 = 2082
    Number of faces shared with processor 316 = 738
    Number of processor patches = 12
    Number of processor faces = 19310
    Number of boundary faces = 2192

Processor 19
    Number of cells = 158174
    Number of points = 182204
    Number of faces shared with processor 141 = 791
    Number of faces shared with processor 143 = 2475
    Number of faces shared with processor 16 = 65
    Number of faces shared with processor 146 = 203
    Number of faces shared with processor 20 = 2352
    Number of faces shared with processor 21 = 2643
    Number of faces shared with processor 22 = 537
    Number of faces shared with processor 23 = 3243
    Number of faces shared with processor 24 = 244
    Number of faces shared with processor 313 = 89
    Number of faces shared with processor 195 = 792
    Number of faces shared with processor 340 = 30
    Number of faces shared with processor 342 = 3216
    Number of faces shared with processor 343 = 289
    Number of faces shared with processor 351 = 473
    Number of processor patches = 15
    Number of processor faces = 17442
    Number of boundary faces = 6560

Processor 20
    Number of cells = 158260
    Number of points = 179492
    Number of faces shared with processor 16 = 1855
    Number of faces shared with processor 17 = 749
    Number of faces shared with processor 18 = 1074
    Number of faces shared with processor 19 = 2352
    Number of faces shared with processor 21 = 3502
    Number of faces shared with processor 22 = 3637
    Number of faces shared with processor 23 = 171
    Number of faces shared with processor 313 = 683
    Number of faces shared with processor 314 = 1471
    Number of faces shared with processor 351 = 1
    Number of processor patches = 10
    Number of processor faces = 15495
    Number of boundary faces = 8857

Processor 21
    Number of cells = 155949
    Number of points = 182867
    Number of faces shared with processor 19 = 2643
    Number of faces shared with processor 20 = 3502
    Number of faces shared with processor 313 = 2508
    Number of faces shared with processor 314 = 2125
    Number of faces shared with processor 341 = 735
    Number of faces shared with processor 342 = 1372
    Number of faces shared with processor 343 = 1388
    Number of faces shared with processor 351 = 6
    Number of processor patches = 8
    Number of processor faces = 14279
    Number of boundary faces = 13732

Processor 22
    Number of cells = 158550
    Number of points = 179519
    Number of faces shared with processor 13 = 933
    Number of faces shared with processor 16 = 4021
    Number of faces shared with processor 17 = 845
    Number of faces shared with processor 18 = 450
    Number of faces shared with processor 19 = 537
    Number of faces shared with processor 20 = 3637
    Number of faces shared with processor 23 = 2140
    Number of faces shared with processor 24 = 2553
    Number of faces shared with processor 25 = 2001
    Number of processor patches = 9
    Number of processor faces = 17117
    Number of boundary faces = 10291

Processor 23
    Number of cells = 158341
    Number of points = 188635
    Number of faces shared with processor 136 = 1387
    Number of faces shared with processor 137 = 377
    Number of faces shared with processor 141 = 551
    Number of faces shared with processor 143 = 1612
    Number of faces shared with processor 146 = 3067
    Number of faces shared with processor 19 = 3243
    Number of faces shared with processor 20 = 171
    Number of faces shared with processor 22 = 2140
    Number of faces shared with processor 24 = 2177
    Number of processor patches = 9
    Number of processor faces = 14725
    Number of boundary faces = 10328

Processor 24
    Number of cells = 158440
    Number of points = 182370
    Number of faces shared with processor 136 = 1093
    Number of faces shared with processor 137 = 3559
    Number of faces shared with processor 10 = 1336
    Number of faces shared with processor 141 = 4081
    Number of faces shared with processor 16 = 50
    Number of faces shared with processor 19 = 244
    Number of faces shared with processor 22 = 2553
    Number of faces shared with processor 23 = 2177
    Number of faces shared with processor 25 = 3884
    Number of processor patches = 9
    Number of processor faces = 18977
    Number of boundary faces = 8267

Processor 25
    Number of cells = 157724
    Number of points = 176835
    Number of faces shared with processor 10 = 3640
    Number of faces shared with processor 12 = 1548
    Number of faces shared with processor 141 = 1733
    Number of faces shared with processor 13 = 1450
    Number of faces shared with processor 16 = 3243
    Number of faces shared with processor 22 = 2001
    Number of faces shared with processor 24 = 3884
    Number of processor patches = 7
    Number of processor faces = 17499
    Number of boundary faces = 7063

Processor 26
    Number of cells = 158548
    Number of points = 178737
    Number of faces shared with processor 3 = 1687
    Number of faces shared with processor 14 = 33
    Number of faces shared with processor 16 = 1468
    Number of faces shared with processor 27 = 1271
    Number of faces shared with processor 165 = 678
    Number of faces shared with processor 312 = 282
    Number of faces shared with processor 316 = 1375
    Number of faces shared with processor 317 = 463
    Number of faces shared with processor 318 = 904
    Number of faces shared with processor 319 = 859
    Number of faces shared with processor 320 = 1763
    Number of faces shared with processor 351 = 1245
    Number of faces shared with processor 373 = 1137
    Number of faces shared with processor 375 = 5
    Number of processor patches = 14
    Number of processor faces = 13170
    Number of boundary faces = 12016

Processor 27
    Number of cells = 158826
    Number of points = 171639
    Number of faces shared with processor 1 = 648
    Number of faces shared with processor 3 = 1255
    Number of faces shared with processor 14 = 1120
    Number of faces shared with processor 16 = 84
    Number of faces shared with processor 26 = 1271
    Number of faces shared with processor 28 = 2446
    Number of faces shared with processor 29 = 553
    Number of faces shared with processor 30 = 1940
    Number of faces shared with processor 31 = 2382
    Number of faces shared with processor 34 = 107
    Number of faces shared with processor 38 = 1248
    Number of faces shared with processor 312 = 706
    Number of faces shared with processor 318 = 3053
    Number of processor patches = 13
    Number of processor faces = 16813
    Number of boundary faces = 5117

Processor 28
    Number of cells = 158109
    Number of points = 187718
    Number of faces shared with processor 14 = 2623
    Number of faces shared with processor 15 = 88
    Number of faces shared with processor 16 = 60
    Number of faces shared with processor 27 = 2446
    Number of faces shared with processor 30 = 1935
    Number of faces shared with processor 31 = 328
    Number of faces shared with processor 35 = 338
    Number of faces shared with processor 37 = 1260
    Number of faces shared with processor 38 = 496
    Number of faces shared with processor 42 = 2132
    Number of faces shared with processor 46 = 476
    Number of faces shared with processor 50 = 79
    Number of faces shared with processor 51 = 1238
    Number of faces shared with processor 312 = 2244
    Number of faces shared with processor 318 = 333
    Number of processor patches = 15
    Number of processor faces = 16076
    Number of boundary faces = 16840

Processor 29
    Number of cells = 157652
    Number of points = 186082
    Number of faces shared with processor 27 = 553
    Number of faces shared with processor 30 = 1901
    Number of faces shared with processor 31 = 49
    Number of faces shared with processor 32 = 566
    Number of faces shared with processor 34 = 1898
    Number of faces shared with processor 35 = 677
    Number of faces shared with processor 36 = 569
    Number of faces shared with processor 38 = 493
    Number of faces shared with processor 41 = 347
    Number of faces shared with processor 82 = 3
    Number of processor patches = 10
    Number of processor faces = 7056
    Number of boundary faces = 28088

Processor 30
    Number of cells = 156283
    Number of points = 192703
    Number of faces shared with processor 27 = 1940
    Number of faces shared with processor 28 = 1935
    Number of faces shared with processor 29 = 1901
    Number of faces shared with processor 31 = 2658
    Number of faces shared with processor 35 = 463
    Number of faces shared with processor 38 = 660
    Number of faces shared with processor 41 = 4
    Number of faces shared with processor 42 = 954
    Number of processor patches = 8
    Number of processor faces = 10515
    Number of boundary faces = 21370

Processor 31
    Number of cells = 157641
    Number of points = 184719
    Number of faces shared with processor 27 = 2382
    Number of faces shared with processor 28 = 328
    Number of faces shared with processor 29 = 49
    Number of faces shared with processor 30 = 2658
    Number of faces shared with processor 35 = 572
    Number of faces shared with processor 41 = 1164
    Number of faces shared with processor 42 = 343
    Number of faces shared with processor 318 = 1398
    Number of faces shared with processor 321 = 799
    Number of faces shared with processor 322 = 1388
    Number of faces shared with processor 96 = 1035
    Number of faces shared with processor 243 = 252
    Number of faces shared with processor 244 = 597
    Number of faces shared with processor 245 = 140
    Number of processor patches = 14
    Number of processor faces = 13105
    Number of boundary faces = 15415

Processor 32
    Number of cells = 156041
    Number of points = 186216
    Number of faces shared with processor 1 = 78
    Number of faces shared with processor 2 = 2295
    Number of faces shared with processor 6 = 788
    Number of faces shared with processor 12 = 474
    Number of faces shared with processor 29 = 566
    Number of faces shared with processor 33 = 1786
    Number of faces shared with processor 34 = 209
    Number of faces shared with processor 36 = 749
    Number of faces shared with processor 39 = 973
    Number of faces shared with processor 45 = 1605
    Number of faces shared with processor 78 = 686
    Number of faces shared with processor 84 = 919
    Number of processor patches = 12
    Number of processor faces = 11128
    Number of boundary faces = 21973

Processor 33
    Number of cells = 157715
    Number of points = 193022
    Number of faces shared with processor 1 = 3339
    Number of faces shared with processor 2 = 889
    Number of faces shared with processor 7 = 157
    Number of faces shared with processor 11 = 555
    Number of faces shared with processor 12 = 737
    Number of faces shared with processor 14 = 389
    Number of faces shared with processor 32 = 1786
    Number of faces shared with processor 34 = 1906
    Number of faces shared with processor 38 = 842
    Number of faces shared with processor 45 = 1878
    Number of faces shared with processor 48 = 968
    Number of processor patches = 11
    Number of processor faces = 13446
    Number of boundary faces = 19596

Processor 34
    Number of cells = 158618
    Number of points = 190497
    Number of faces shared with processor 1 = 540
    Number of faces shared with processor 2 = 298
    Number of faces shared with processor 27 = 107
    Number of faces shared with processor 29 = 1898
    Number of faces shared with processor 32 = 209
    Number of faces shared with processor 33 = 1906
    Number of faces shared with processor 36 = 715
    Number of faces shared with processor 38 = 530
    Number of faces shared with processor 41 = 79
    Number of faces shared with processor 45 = 468
    Number of faces shared with processor 82 = 140
    Number of faces shared with processor 84 = 40
    Number of faces shared with processor 87 = 222
    Number of processor patches = 13
    Number of processor faces = 7152
    Number of boundary faces = 24983

Processor 35
    Number of cells = 158358
    Number of points = 191451
    Number of faces shared with processor 28 = 338
    Number of faces shared with processor 29 = 677
    Number of faces shared with processor 30 = 463
    Number of faces shared with processor 31 = 572
    Number of faces shared with processor 36 = 1883
    Number of faces shared with processor 37 = 1718
    Number of faces shared with processor 38 = 393
    Number of faces shared with processor 40 = 8
    Number of faces shared with processor 41 = 448
    Number of faces shared with processor 42 = 239
    Number of faces shared with processor 46 = 1746
    Number of faces shared with processor 47 = 750
    Number of faces shared with processor 51 = 479
    Number of processor patches = 13
    Number of processor faces = 9714
    Number of boundary faces = 20303

Processor 36
    Number of cells = 158263
    Number of points = 189308
    Number of faces shared with processor 29 = 569
    Number of faces shared with processor 32 = 749
    Number of faces shared with processor 34 = 715
    Number of faces shared with processor 35 = 1883
    Number of faces shared with processor 37 = 1232
    Number of faces shared with processor 38 = 1924
    Number of faces shared with processor 40 = 11
    Number of faces shared with processor 41 = 33
    Number of faces shared with processor 45 = 977
    Number of faces shared with processor 46 = 779
    Number of faces shared with processor 47 = 594
    Number of faces shared with processor 82 = 106
    Number of processor patches = 12
    Number of processor faces = 9572
    Number of boundary faces = 17406

Processor 37
    Number of cells = 156317
    Number of points = 188958
    Number of faces shared with processor 14 = 862
    Number of faces shared with processor 28 = 1260
    Number of faces shared with processor 35 = 1718
    Number of faces shared with processor 36 = 1232
    Number of faces shared with processor 38 = 3150
    Number of faces shared with processor 46 = 680
    Number of faces shared with processor 48 = 1805
    Number of faces shared with processor 49 = 69
    Number of faces shared with processor 51 = 845
    Number of processor patches = 9
    Number of processor faces = 11621
    Number of boundary faces = 19352

Processor 38
    Number of cells = 158302
    Number of points = 193759
    Number of faces shared with processor 1 = 479
    Number of faces shared with processor 14 = 890
    Number of faces shared with processor 27 = 1248
    Number of faces shared with processor 28 = 496
    Number of faces shared with processor 29 = 493
    Number of faces shared with processor 30 = 660
    Number of faces shared with processor 33 = 842
    Number of faces shared with processor 34 = 530
    Number of faces shared with processor 35 = 393
    Number of faces shared with processor 36 = 1924
    Number of faces shared with processor 37 = 3150
    Number of faces shared with processor 46 = 997
    Number of faces shared with processor 47 = 28
    Number of faces shared with processor 48 = 498
    Number of processor patches = 14
    Number of processor faces = 12628
    Number of boundary faces = 18551

Processor 39
    Number of cells = 157029
    Number of points = 188465
    Number of faces shared with processor 6 = 1023
    Number of faces shared with processor 32 = 973
    Number of faces shared with processor 40 = 1163
    Number of faces shared with processor 43 = 546
    Number of faces shared with processor 45 = 746
    Number of faces shared with processor 49 = 276
    Number of faces shared with processor 78 = 1318
    Number of faces shared with processor 82 = 2345
    Number of faces shared with processor 83 = 623
    Number of processor patches = 9
    Number of processor faces = 9013
    Number of boundary faces = 20445

Processor 40
    Number of cells = 157821
    Number of points = 186090
    Number of faces shared with processor 35 = 8
    Number of faces shared with processor 36 = 11
    Number of faces shared with processor 39 = 1163
    Number of faces shared with processor 41 = 2571
    Number of faces shared with processor 42 = 443
    Number of faces shared with processor 43 = 509
    Number of faces shared with processor 44 = 903
    Number of faces shared with processor 45 = 90
    Number of faces shared with processor 46 = 146
    Number of faces shared with processor 47 = 1760
    Number of faces shared with processor 49 = 261
    Number of faces shared with processor 50 = 345
    Number of faces shared with processor 82 = 1450
    Number of processor patches = 13
    Number of processor faces = 9660
    Number of boundary faces = 20027

Processor 41
    Number of cells = 157540
    Number of points = 191047
    Number of faces shared with processor 29 = 347
    Number of faces shared with processor 30 = 4
    Number of faces shared with processor 31 = 1164
    Number of faces shared with processor 34 = 79
    Number of faces shared with processor 35 = 448
    Number of faces shared with processor 36 = 33
    Number of faces shared with processor 40 = 2571
    Number of faces shared with processor 42 = 1112
    Number of faces shared with processor 46 = 125
    Number of faces shared with processor 47 = 23
    Number of faces shared with processor 79 = 1252
    Number of faces shared with processor 82 = 1648
    Number of faces shared with processor 83 = 161
    Number of faces shared with processor 87 = 304
    Number of faces shared with processor 91 = 318
    Number of faces shared with processor 95 = 692
    Number of faces shared with processor 96 = 1607
    Number of faces shared with processor 103 = 180
    Number of faces shared with processor 245 = 291
    Number of processor patches = 19
    Number of processor faces = 12359
    Number of boundary faces = 16897

Processor 42
    Number of cells = 157600
    Number of points = 193525
    Number of faces shared with processor 13 = 678
    Number of faces shared with processor 14 = 2
    Number of faces shared with processor 15 = 732
    Number of faces shared with processor 28 = 2132
    Number of faces shared with processor 30 = 954
    Number of faces shared with processor 31 = 343
    Number of faces shared with processor 35 = 239
    Number of faces shared with processor 40 = 443
    Number of faces shared with processor 41 = 1112
    Number of faces shared with processor 44 = 2497
    Number of faces shared with processor 46 = 693
    Number of faces shared with processor 50 = 243
    Number of faces shared with processor 312 = 923
    Number of processor patches = 13
    Number of processor faces = 10991
    Number of boundary faces = 22749

Processor 43
    Number of cells = 155484
    Number of points = 184007
    Number of faces shared with processor 6 = 3243
    Number of faces shared with processor 7 = 170
    Number of faces shared with processor 15 = 1059
    Number of faces shared with processor 39 = 546
    Number of faces shared with processor 40 = 509
    Number of faces shared with processor 44 = 3119
    Number of faces shared with processor 45 = 792
    Number of faces shared with processor 49 = 1029
    Number of faces shared with processor 50 = 472
    Number of processor patches = 9
    Number of processor faces = 10939
    Number of boundary faces = 18202

Processor 44
    Number of cells = 155985
    Number of points = 187850
    Number of faces shared with processor 6 = 614
    Number of faces shared with processor 13 = 997
    Number of faces shared with processor 15 = 1399
    Number of faces shared with processor 17 = 816
    Number of faces shared with processor 40 = 903
    Number of faces shared with processor 42 = 2497
    Number of faces shared with processor 43 = 3119
    Number of faces shared with processor 46 = 14
    Number of faces shared with processor 50 = 924
    Number of processor patches = 9
    Number of processor faces = 11283
    Number of boundary faces = 18758

Processor 45
    Number of cells = 156342
    Number of points = 191184
    Number of faces shared with processor 2 = 2
    Number of faces shared with processor 6 = 714
    Number of faces shared with processor 7 = 1762
    Number of faces shared with processor 12 = 293
    Number of faces shared with processor 32 = 1605
    Number of faces shared with processor 33 = 1878
    Number of faces shared with processor 34 = 468
    Number of faces shared with processor 36 = 977
    Number of faces shared with processor 39 = 746
    Number of faces shared with processor 40 = 90
    Number of faces shared with processor 43 = 792
    Number of faces shared with processor 46 = 922
    Number of faces shared with processor 47 = 89
    Number of faces shared with processor 49 = 1024
    Number of faces shared with processor 78 = 19
    Number of faces shared with processor 82 = 153
    Number of faces shared with processor 84 = 47
    Number of processor patches = 17
    Number of processor faces = 11581
    Number of boundary faces = 21556

Processor 46
    Number of cells = 157198
    Number of points = 191417
    Number of faces shared with processor 28 = 476
    Number of faces shared with processor 35 = 1746
    Number of faces shared with processor 36 = 779
    Number of faces shared with processor 37 = 680
    Number of faces shared with processor 38 = 997
    Number of faces shared with processor 40 = 146
    Number of faces shared with processor 41 = 125
    Number of faces shared with processor 42 = 693
    Number of faces shared with processor 44 = 14
    Number of faces shared with processor 45 = 922
    Number of faces shared with processor 47 = 1247
    Number of faces shared with processor 48 = 1611
    Number of faces shared with processor 49 = 959
    Number of faces shared with processor 50 = 1807
    Number of faces shared with processor 51 = 176
    Number of processor patches = 15
    Number of processor faces = 12378
    Number of boundary faces = 21272

Processor 47
    Number of cells = 157237
    Number of points = 188189
    Number of faces shared with processor 35 = 750
    Number of faces shared with processor 36 = 594
    Number of faces shared with processor 38 = 28
    Number of faces shared with processor 40 = 1760
    Number of faces shared with processor 41 = 23
    Number of faces shared with processor 45 = 89
    Number of faces shared with processor 46 = 1247
    Number of faces shared with processor 49 = 564
    Number of faces shared with processor 50 = 573
    Number of processor patches = 9
    Number of processor faces = 5628
    Number of boundary faces = 24693

Processor 48
    Number of cells = 157618
    Number of points = 188934
    Number of faces shared with processor 7 = 328
    Number of faces shared with processor 14 = 1194
    Number of faces shared with processor 15 = 760
    Number of faces shared with processor 33 = 968
    Number of faces shared with processor 37 = 1805
    Number of faces shared with processor 38 = 498
    Number of faces shared with processor 46 = 1611
    Number of faces shared with processor 49 = 2207
    Number of faces shared with processor 51 = 1244
    Number of processor patches = 9
    Number of processor faces = 10615
    Number of boundary faces = 19732

Processor 49
    Number of cells = 158099
    Number of points = 192675
    Number of faces shared with processor 14 = 28
    Number of faces shared with processor 15 = 757
    Number of faces shared with processor 37 = 69
    Number of faces shared with processor 39 = 276
    Number of faces shared with processor 40 = 261
    Number of faces shared with processor 43 = 1029
    Number of faces shared with processor 45 = 1024
    Number of faces shared with processor 46 = 959
    Number of faces shared with processor 47 = 564
    Number of faces shared with processor 48 = 2207
    Number of faces shared with processor 50 = 2507
    Number of faces shared with processor 51 = 1094
    Number of processor patches = 12
    Number of processor faces = 10775
    Number of boundary faces = 19227

Processor 50
    Number of cells = 156036
    Number of points = 187837
    Number of faces shared with processor 28 = 79
    Number of faces shared with processor 40 = 345
    Number of faces shared with processor 42 = 243
    Number of faces shared with processor 43 = 472
    Number of faces shared with processor 44 = 924
    Number of faces shared with processor 46 = 1807
    Number of faces shared with processor 47 = 573
    Number of faces shared with processor 49 = 2507
    Number of faces shared with processor 51 = 2339
    Number of processor patches = 9
    Number of processor faces = 9289
    Number of boundary faces = 18026

Processor 51
    Number of cells = 157285
    Number of points = 190388
    Number of faces shared with processor 14 = 1038
    Number of faces shared with processor 15 = 1911
    Number of faces shared with processor 28 = 1238
    Number of faces shared with processor 35 = 479
    Number of faces shared with processor 37 = 845
    Number of faces shared with processor 46 = 176
    Number of faces shared with processor 48 = 1244
    Number of faces shared with processor 49 = 1094
    Number of faces shared with processor 50 = 2339
    Number of processor patches = 9
    Number of processor faces = 10364
    Number of boundary faces = 19651

Processor 52
    Number of cells = 156362
    Number of points = 191193
    Number of faces shared with processor 53 = 3010
    Number of faces shared with processor 54 = 2281
    Number of faces shared with processor 66 = 405
    Number of faces shared with processor 68 = 301
    Number of faces shared with processor 69 = 366
    Number of faces shared with processor 72 = 694
    Number of faces shared with processor 97 = 2077
    Number of faces shared with processor 116 = 1032
    Number of faces shared with processor 126 = 1096
    Number of faces shared with processor 127 = 327
    Number of processor patches = 10
    Number of processor faces = 11589
    Number of boundary faces = 19300

Processor 53
    Number of cells = 155629
    Number of points = 185970
    Number of faces shared with processor 52 = 3010
    Number of faces shared with processor 54 = 2875
    Number of faces shared with processor 55 = 3214
    Number of faces shared with processor 57 = 103
    Number of faces shared with processor 66 = 790
    Number of faces shared with processor 69 = 540
    Number of faces shared with processor 70 = 422
    Number of processor patches = 7
    Number of processor faces = 10954
    Number of boundary faces = 18278

Processor 54
    Number of cells = 155734
    Number of points = 186281
    Number of faces shared with processor 52 = 2281
    Number of faces shared with processor 53 = 2875
    Number of faces shared with processor 55 = 659
    Number of faces shared with processor 57 = 1649
    Number of faces shared with processor 68 = 613
    Number of faces shared with processor 123 = 554
    Number of faces shared with processor 127 = 1704
    Number of processor patches = 7
    Number of processor faces = 10335
    Number of boundary faces = 18685

Processor 55
    Number of cells = 155849
    Number of points = 188759
    Number of faces shared with processor 53 = 3214
    Number of faces shared with processor 54 = 659
    Number of faces shared with processor 57 = 2942
    Number of faces shared with processor 62 = 638
    Number of faces shared with processor 65 = 934
    Number of faces shared with processor 66 = 741
    Number of faces shared with processor 70 = 1343
    Number of faces shared with processor 101 = 777
    Number of processor patches = 8
    Number of processor faces = 11248
    Number of boundary faces = 19828

Processor 56
    Number of cells = 158624
    Number of points = 174576
    Number of faces shared with processor 57 = 2752
    Number of faces shared with processor 58 = 335
    Number of faces shared with processor 59 = 1758
    Number of faces shared with processor 60 = 1829
    Number of faces shared with processor 62 = 190
    Number of faces shared with processor 64 = 2797
    Number of faces shared with processor 65 = 1061
    Number of faces shared with processor 68 = 1478
    Number of faces shared with processor 71 = 2208
    Number of faces shared with processor 72 = 1284
    Number of faces shared with processor 73 = 188
    Number of faces shared with processor 118 = 1640
    Number of faces shared with processor 123 = 1230
    Number of faces shared with processor 126 = 1364
    Number of faces shared with processor 127 = 1407
    Number of processor patches = 15
    Number of processor faces = 21521
    Number of boundary faces = 2642

Processor 57
    Number of cells = 156419
    Number of points = 192140
    Number of faces shared with processor 53 = 103
    Number of faces shared with processor 54 = 1649
    Number of faces shared with processor 55 = 2942
    Number of faces shared with processor 56 = 2752
    Number of faces shared with processor 62 = 1292
    Number of faces shared with processor 64 = 304
    Number of faces shared with processor 68 = 715
    Number of faces shared with processor 118 = 463
    Number of faces shared with processor 123 = 1005
    Number of faces shared with processor 127 = 103
    Number of processor patches = 10
    Number of processor faces = 11328
    Number of boundary faces = 20392

Processor 58
    Number of cells = 158235
    Number of points = 181521
    Number of faces shared with processor 282 = 158
    Number of faces shared with processor 284 = 327
    Number of faces shared with processor 285 = 825
    Number of faces shared with processor 56 = 335
    Number of faces shared with processor 59 = 1630
    Number of faces shared with processor 191 = 6
    Number of faces shared with processor 63 = 935
    Number of faces shared with processor 64 = 471
    Number of faces shared with processor 195 = 183
    Number of faces shared with processor 196 = 43
    Number of faces shared with processor 71 = 1041
    Number of faces shared with processor 210 = 33
    Number of faces shared with processor 212 = 62
    Number of faces shared with processor 215 = 656
    Number of faces shared with processor 217 = 1443
    Number of faces shared with processor 91 = 676
    Number of faces shared with processor 220 = 1484
    Number of faces shared with processor 232 = 831
    Number of faces shared with processor 233 = 79
    Number of faces shared with processor 124 = 26
    Number of faces shared with processor 126 = 261
    Number of processor patches = 21
    Number of processor faces = 11505
    Number of boundary faces = 16325

Processor 59
    Number of cells = 158624
    Number of points = 177653
    Number of faces shared with processor 56 = 1758
    Number of faces shared with processor 58 = 1630
    Number of faces shared with processor 60 = 3801
    Number of faces shared with processor 63 = 411
    Number of faces shared with processor 64 = 270
    Number of faces shared with processor 212 = 239
    Number of faces shared with processor 213 = 200
    Number of faces shared with processor 217 = 1665
    Number of faces shared with processor 218 = 2003
    Number of faces shared with processor 232 = 2470
    Number of faces shared with processor 118 = 726
    Number of faces shared with processor 119 = 2054
    Number of faces shared with processor 120 = 22
    Number of faces shared with processor 121 = 88
    Number of faces shared with processor 123 = 222
    Number of faces shared with processor 124 = 567
    Number of faces shared with processor 126 = 74
    Number of faces shared with processor 127 = 142
    Number of processor patches = 18
    Number of processor faces = 18342
    Number of boundary faces = 7621

Processor 60
    Number of cells = 158101
    Number of points = 176886
    Number of faces shared with processor 56 = 1829
    Number of faces shared with processor 59 = 3801
    Number of faces shared with processor 63 = 1809
    Number of faces shared with processor 64 = 2006
    Number of faces shared with processor 231 = 656
    Number of faces shared with processor 232 = 213
    Number of faces shared with processor 118 = 1753
    Number of faces shared with processor 119 = 1464
    Number of processor patches = 8
    Number of processor faces = 13531
    Number of boundary faces = 11425

Processor 61
    Number of cells = 156662
    Number of points = 188218
    Number of faces shared with processor 62 = 2375
    Number of faces shared with processor 63 = 1790
    Number of faces shared with processor 64 = 2027
    Number of faces shared with processor 75 = 830
    Number of faces shared with processor 81 = 2281
    Number of faces shared with processor 93 = 778
    Number of faces shared with processor 221 = 26
    Number of faces shared with processor 222 = 1446
    Number of faces shared with processor 223 = 513
    Number of faces shared with processor 100 = 39
    Number of faces shared with processor 101 = 443
    Number of faces shared with processor 102 = 380
    Number of faces shared with processor 231 = 571
    Number of processor patches = 13
    Number of processor faces = 13499
    Number of boundary faces = 17271

Processor 62
    Number of cells = 155766
    Number of points = 189806
    Number of faces shared with processor 55 = 638
    Number of faces shared with processor 56 = 190
    Number of faces shared with processor 57 = 1292
    Number of faces shared with processor 61 = 2375
    Number of faces shared with processor 64 = 1979
    Number of faces shared with processor 65 = 1769
    Number of faces shared with processor 75 = 199
    Number of faces shared with processor 222 = 382
    Number of faces shared with processor 101 = 1239
    Number of processor patches = 9
    Number of processor faces = 10063
    Number of boundary faces = 23151

Processor 63
    Number of cells = 158610
    Number of points = 171504
    Number of faces shared with processor 58 = 935
    Number of faces shared with processor 59 = 411
    Number of faces shared with processor 60 = 1809
    Number of faces shared with processor 61 = 1790
    Number of faces shared with processor 64 = 3613
    Number of faces shared with processor 71 = 379
    Number of faces shared with processor 222 = 62
    Number of faces shared with processor 223 = 334
    Number of faces shared with processor 226 = 53
    Number of faces shared with processor 231 = 2470
    Number of faces shared with processor 232 = 2853
    Number of processor patches = 11
    Number of processor faces = 14709
    Number of boundary faces = 5755

Processor 64
    Number of cells = 158509
    Number of points = 179476
    Number of faces shared with processor 56 = 2797
    Number of faces shared with processor 57 = 304
    Number of faces shared with processor 58 = 471
    Number of faces shared with processor 59 = 270
    Number of faces shared with processor 60 = 2006
    Number of faces shared with processor 61 = 2027
    Number of faces shared with processor 62 = 1979
    Number of faces shared with processor 63 = 3613
    Number of faces shared with processor 65 = 1208
    Number of faces shared with processor 71 = 2686
    Number of faces shared with processor 75 = 263
    Number of faces shared with processor 81 = 620
    Number of processor patches = 12
    Number of processor faces = 18244
    Number of boundary faces = 8479

Processor 65
    Number of cells = 155490
    Number of points = 185833
    Number of faces shared with processor 55 = 934
    Number of faces shared with processor 56 = 1061
    Number of faces shared with processor 62 = 1769
    Number of faces shared with processor 64 = 1208
    Number of faces shared with processor 66 = 2146
    Number of faces shared with processor 67 = 180
    Number of faces shared with processor 68 = 1355
    Number of faces shared with processor 70 = 883
    Number of faces shared with processor 71 = 626
    Number of faces shared with processor 73 = 695
    Number of faces shared with processor 74 = 1009
    Number of faces shared with processor 75 = 1560
    Number of faces shared with processor 100 = 61
    Number of faces shared with processor 101 = 822
    Number of processor patches = 14
    Number of processor faces = 14309
    Number of boundary faces = 19196

Processor 66
    Number of cells = 155685
    Number of points = 187974
    Number of faces shared with processor 52 = 405
    Number of faces shared with processor 53 = 790
    Number of faces shared with processor 55 = 741
    Number of faces shared with processor 65 = 2146
    Number of faces shared with processor 67 = 1226
    Number of faces shared with processor 68 = 689
    Number of faces shared with processor 69 = 700
    Number of faces shared with processor 70 = 1391
    Number of faces shared with processor 74 = 615
    Number of faces shared with processor 75 = 1482
    Number of faces shared with processor 76 = 134
    Number of faces shared with processor 97 = 593
    Number of faces shared with processor 98 = 537
    Number of faces shared with processor 100 = 1567
    Number of faces shared with processor 101 = 617
    Number of processor patches = 15
    Number of processor faces = 13633
    Number of boundary faces = 19959

Processor 67
    Number of cells = 156910
    Number of points = 187536
    Number of faces shared with processor 65 = 180
    Number of faces shared with processor 66 = 1226
    Number of faces shared with processor 69 = 407
    Number of faces shared with processor 70 = 536
    Number of faces shared with processor 75 = 593
    Number of faces shared with processor 76 = 596
    Number of faces shared with processor 77 = 825
    Number of faces shared with processor 100 = 982
    Number of faces shared with processor 101 = 2
    Number of processor patches = 9
    Number of processor faces = 5347
    Number of boundary faces = 24719

Processor 68
    Number of cells = 156001
    Number of points = 188396
    Number of faces shared with processor 52 = 301
    Number of faces shared with processor 54 = 613
    Number of faces shared with processor 56 = 1478
    Number of faces shared with processor 57 = 715
    Number of faces shared with processor 65 = 1355
    Number of faces shared with processor 66 = 689
    Number of faces shared with processor 69 = 832
    Number of faces shared with processor 70 = 2133
    Number of faces shared with processor 72 = 1785
    Number of faces shared with processor 73 = 688
    Number of faces shared with processor 126 = 118
    Number of faces shared with processor 127 = 550
    Number of processor patches = 12
    Number of processor faces = 11257
    Number of boundary faces = 18682

Processor 69
    Number of cells = 156358
    Number of points = 189774
    Number of faces shared with processor 52 = 366
    Number of faces shared with processor 53 = 540
    Number of faces shared with processor 66 = 700
    Number of faces shared with processor 67 = 407
    Number of faces shared with processor 68 = 832
    Number of faces shared with processor 70 = 2240
    Number of faces shared with processor 72 = 1135
    Number of faces shared with processor 73 = 538
    Number of faces shared with processor 76 = 1829
    Number of faces shared with processor 97 = 260
    Number of processor patches = 10
    Number of processor faces = 8847
    Number of boundary faces = 18979

Processor 70
    Number of cells = 155549
    Number of points = 187129
    Number of faces shared with processor 53 = 422
    Number of faces shared with processor 55 = 1343
    Number of faces shared with processor 65 = 883
    Number of faces shared with processor 66 = 1391
    Number of faces shared with processor 67 = 536
    Number of faces shared with processor 68 = 2133
    Number of faces shared with processor 69 = 2240
    Number of faces shared with processor 101 = 62
    Number of processor patches = 8
    Number of processor faces = 9010
    Number of boundary faces = 17992

Processor 71
    Number of cells = 158512
    Number of points = 172090
    Number of faces shared with processor 56 = 2208
    Number of faces shared with processor 58 = 1041
    Number of faces shared with processor 63 = 379
    Number of faces shared with processor 64 = 2686
    Number of faces shared with processor 65 = 626
    Number of faces shared with processor 72 = 1217
    Number of faces shared with processor 73 = 1224
    Number of faces shared with processor 74 = 980
    Number of faces shared with processor 75 = 98
    Number of faces shared with processor 81 = 1306
    Number of faces shared with processor 91 = 67
    Number of faces shared with processor 92 = 2396
    Number of faces shared with processor 93 = 56
    Number of faces shared with processor 110 = 768
    Number of faces shared with processor 111 = 1191
    Number of faces shared with processor 126 = 1018
    Number of processor patches = 16
    Number of processor faces = 17261
    Number of boundary faces = 4230

Processor 72
    Number of cells = 155548
    Number of points = 184506
    Number of faces shared with processor 52 = 694
    Number of faces shared with processor 56 = 1284
    Number of faces shared with processor 68 = 1785
    Number of faces shared with processor 69 = 1135
    Number of faces shared with processor 71 = 1217
    Number of faces shared with processor 73 = 2579
    Number of faces shared with processor 76 = 558
    Number of faces shared with processor 97 = 966
    Number of faces shared with processor 110 = 1429
    Number of faces shared with processor 116 = 586
    Number of faces shared with processor 126 = 2184
    Number of processor patches = 11
    Number of processor faces = 14417
    Number of boundary faces = 15104

Processor 73
    Number of cells = 156833
    Number of points = 189000
    Number of faces shared with processor 56 = 188
    Number of faces shared with processor 65 = 695
    Number of faces shared with processor 68 = 688
    Number of faces shared with processor 69 = 538
    Number of faces shared with processor 71 = 1224
    Number of faces shared with processor 72 = 2579
    Number of faces shared with processor 74 = 2524
    Number of faces shared with processor 76 = 1674
    Number of faces shared with processor 77 = 672
    Number of faces shared with processor 81 = 235
    Number of faces shared with processor 92 = 1219
    Number of faces shared with processor 97 = 121
    Number of faces shared with processor 110 = 99
    Number of processor patches = 13
    Number of processor faces = 12456
    Number of boundary faces = 18729

Processor 74
    Number of cells = 155484
    Number of points = 187907
    Number of faces shared with processor 65 = 1009
    Number of faces shared with processor 66 = 615
    Number of faces shared with processor 71 = 980
    Number of faces shared with processor 73 = 2524
    Number of faces shared with processor 75 = 2642
    Number of faces shared with processor 76 = 850
    Number of faces shared with processor 77 = 1206
    Number of faces shared with processor 81 = 691
    Number of processor patches = 8
    Number of processor faces = 10517
    Number of boundary faces = 19362

Processor 75
    Number of cells = 155504
    Number of points = 189520
    Number of faces shared with processor 61 = 830
    Number of faces shared with processor 62 = 199
    Number of faces shared with processor 64 = 263
    Number of faces shared with processor 65 = 1560
    Number of faces shared with processor 66 = 1482
    Number of faces shared with processor 67 = 593
    Number of faces shared with processor 71 = 98
    Number of faces shared with processor 74 = 2642
    Number of faces shared with processor 77 = 1911
    Number of faces shared with processor 81 = 38
    Number of faces shared with processor 93 = 453
    Number of faces shared with processor 100 = 149
    Number of faces shared with processor 101 = 176
    Number of processor patches = 13
    Number of processor faces = 10394
    Number of boundary faces = 17996

Processor 76
    Number of cells = 155697
    Number of points = 187827
    Number of faces shared with processor 66 = 134
    Number of faces shared with processor 67 = 596
    Number of faces shared with processor 69 = 1829
    Number of faces shared with processor 72 = 558
    Number of faces shared with processor 73 = 1674
    Number of faces shared with processor 74 = 850
    Number of faces shared with processor 77 = 2278
    Number of faces shared with processor 97 = 338
    Number of faces shared with processor 98 = 574
    Number of faces shared with processor 100 = 55
    Number of faces shared with processor 116 = 441
    Number of processor patches = 11
    Number of processor faces = 9327
    Number of boundary faces = 21552

Processor 77
    Number of cells = 155484
    Number of points = 187225
    Number of faces shared with processor 67 = 825
    Number of faces shared with processor 73 = 672
    Number of faces shared with processor 74 = 1206
    Number of faces shared with processor 75 = 1911
    Number of faces shared with processor 76 = 2278
    Number of faces shared with processor 92 = 558
    Number of faces shared with processor 93 = 1794
    Number of faces shared with processor 98 = 231
    Number of faces shared with processor 100 = 334
    Number of faces shared with processor 115 = 56
    Number of faces shared with processor 116 = 392
    Number of processor patches = 11
    Number of processor faces = 10257
    Number of boundary faces = 17283

Processor 78
    Number of cells = 156753
    Number of points = 190729
    Number of faces shared with processor 32 = 686
    Number of faces shared with processor 39 = 1318
    Number of faces shared with processor 45 = 19
    Number of faces shared with processor 79 = 160
    Number of faces shared with processor 80 = 2128
    Number of faces shared with processor 82 = 1920
    Number of faces shared with processor 83 = 778
    Number of faces shared with processor 84 = 2956
    Number of faces shared with processor 87 = 66
    Number of faces shared with processor 89 = 250
    Number of processor patches = 10
    Number of processor faces = 10281
    Number of boundary faces = 19092

Processor 79
    Number of cells = 158624
    Number of points = 189022
    Number of faces shared with processor 41 = 1252
    Number of faces shared with processor 78 = 160
    Number of faces shared with processor 80 = 3553
    Number of faces shared with processor 82 = 973
    Number of faces shared with processor 83 = 1771
    Number of faces shared with processor 87 = 244
    Number of faces shared with processor 91 = 1441
    Number of faces shared with processor 94 = 713
    Number of faces shared with processor 95 = 1318
    Number of faces shared with processor 96 = 159
    Number of faces shared with processor 103 = 91
    Number of processor patches = 11
    Number of processor faces = 11675
    Number of boundary faces = 17214

Processor 80
    Number of cells = 158204
    Number of points = 188596
    Number of faces shared with processor 78 = 2128
    Number of faces shared with processor 79 = 3553
    Number of faces shared with processor 82 = 468
    Number of faces shared with processor 84 = 2
    Number of faces shared with processor 87 = 810
    Number of faces shared with processor 89 = 1596
    Number of faces shared with processor 90 = 1554
    Number of faces shared with processor 91 = 302
    Number of faces shared with processor 102 = 258
    Number of faces shared with processor 103 = 1704
    Number of processor patches = 10
    Number of processor faces = 12375
    Number of boundary faces = 16372

Processor 81
    Number of cells = 155633
    Number of points = 184739
    Number of faces shared with processor 61 = 2281
    Number of faces shared with processor 64 = 620
    Number of faces shared with processor 71 = 1306
    Number of faces shared with processor 73 = 235
    Number of faces shared with processor 74 = 691
    Number of faces shared with processor 75 = 38
    Number of faces shared with processor 92 = 134
    Number of faces shared with processor 93 = 1796
    Number of processor patches = 8
    Number of processor faces = 7101
    Number of boundary faces = 27812

Processor 82
    Number of cells = 156357
    Number of points = 191787
    Number of faces shared with processor 29 = 3
    Number of faces shared with processor 34 = 140
    Number of faces shared with processor 36 = 106
    Number of faces shared with processor 39 = 2345
    Number of faces shared with processor 40 = 1450
    Number of faces shared with processor 41 = 1648
    Number of faces shared with processor 45 = 153
    Number of faces shared with processor 78 = 1920
    Number of faces shared with processor 79 = 973
    Number of faces shared with processor 80 = 468
    Number of faces shared with processor 83 = 1520
    Number of faces shared with processor 84 = 93
    Number of faces shared with processor 87 = 371
    Number of processor patches = 13
    Number of processor faces = 11190
    Number of boundary faces = 16868

Processor 83
    Number of cells = 158360
    Number of points = 190115
    Number of faces shared with processor 39 = 623
    Number of faces shared with processor 41 = 161
    Number of faces shared with processor 78 = 778
    Number of faces shared with processor 79 = 1771
    Number of faces shared with processor 82 = 1520
    Number of faces shared with processor 94 = 1269
    Number of processor patches = 6
    Number of processor faces = 6122
    Number of boundary faces = 24104

Processor 84
    Number of cells = 155828
    Number of points = 185715
    Number of faces shared with processor 2 = 1877
    Number of faces shared with processor 32 = 919
    Number of faces shared with processor 34 = 40
    Number of faces shared with processor 45 = 47
    Number of faces shared with processor 78 = 2956
    Number of faces shared with processor 80 = 2
    Number of faces shared with processor 82 = 93
    Number of faces shared with processor 85 = 112
    Number of faces shared with processor 86 = 2428
    Number of faces shared with processor 87 = 1322
    Number of faces shared with processor 88 = 31
    Number of faces shared with processor 89 = 1148
    Number of processor patches = 12
    Number of processor faces = 10975
    Number of boundary faces = 18681

Processor 85
    Number of cells = 157072
    Number of points = 191986
    Number of faces shared with processor 0 = 2129
    Number of faces shared with processor 2 = 919
    Number of faces shared with processor 5 = 1321
    Number of faces shared with processor 8 = 2459
    Number of faces shared with processor 11 = 290
    Number of faces shared with processor 168 = 157
    Number of faces shared with processor 84 = 112
    Number of faces shared with processor 86 = 3373
    Number of faces shared with processor 87 = 1205
    Number of faces shared with processor 88 = 825
    Number of processor patches = 10
    Number of processor faces = 12790
    Number of boundary faces = 16124

Processor 86
    Number of cells = 155932
    Number of points = 187385
    Number of faces shared with processor 0 = 823
    Number of faces shared with processor 2 = 124
    Number of faces shared with processor 84 = 2428
    Number of faces shared with processor 85 = 3373
    Number of faces shared with processor 87 = 606
    Number of faces shared with processor 88 = 1248
    Number of processor patches = 6
    Number of processor faces = 8602
    Number of boundary faces = 21980

Processor 87
    Number of cells = 158624
    Number of points = 177860
    Number of faces shared with processor 2 = 767
    Number of faces shared with processor 4 = 486
    Number of faces shared with processor 5 = 217
    Number of faces shared with processor 134 = 1597
    Number of faces shared with processor 34 = 222
    Number of faces shared with processor 168 = 280
    Number of faces shared with processor 41 = 304
    Number of faces shared with processor 175 = 1397
    Number of faces shared with processor 177 = 641
    Number of faces shared with processor 78 = 66
    Number of faces shared with processor 79 = 244
    Number of faces shared with processor 80 = 810
    Number of faces shared with processor 82 = 371
    Number of faces shared with processor 84 = 1322
    Number of faces shared with processor 85 = 1205
    Number of faces shared with processor 86 = 606
    Number of faces shared with processor 88 = 3425
    Number of faces shared with processor 89 = 1557
    Number of faces shared with processor 90 = 4469
    Number of faces shared with processor 103 = 477
    Number of faces shared with processor 113 = 788
    Number of faces shared with processor 114 = 299
    Number of faces shared with processor 115 = 113
    Number of processor patches = 23
    Number of processor faces = 21663
    Number of boundary faces = 6068

Processor 88
    Number of cells = 155979
    Number of points = 185178
    Number of faces shared with processor 134 = 2479
    Number of faces shared with processor 8 = 1374
    Number of faces shared with processor 140 = 129
    Number of faces shared with processor 168 = 136
    Number of faces shared with processor 175 = 182
    Number of faces shared with processor 84 = 31
    Number of faces shared with processor 85 = 825
    Number of faces shared with processor 86 = 1248
    Number of faces shared with processor 87 = 3425
    Number of faces shared with processor 89 = 108
    Number of faces shared with processor 90 = 1247
    Number of processor patches = 11
    Number of processor faces = 11184
    Number of boundary faces = 17237

Processor 89
    Number of cells = 157541
    Number of points = 185804
    Number of faces shared with processor 78 = 250
    Number of faces shared with processor 80 = 1596
    Number of faces shared with processor 84 = 1148
    Number of faces shared with processor 87 = 1557
    Number of faces shared with processor 88 = 108
    Number of faces shared with processor 90 = 2623
    Number of faces shared with processor 98 = 962
    Number of faces shared with processor 99 = 491
    Number of faces shared with processor 100 = 56
    Number of faces shared with processor 103 = 870
    Number of faces shared with processor 113 = 1352
    Number of faces shared with processor 114 = 206
    Number of faces shared with processor 115 = 1918
    Number of processor patches = 13
    Number of processor faces = 13137
    Number of boundary faces = 15957

Processor 90
    Number of cells = 157217
    Number of points = 179393
    Number of faces shared with processor 80 = 1554
    Number of faces shared with processor 87 = 4469
    Number of faces shared with processor 88 = 1247
    Number of faces shared with processor 89 = 2623
    Number of faces shared with processor 113 = 602
    Number of faces shared with processor 114 = 1088
    Number of processor patches = 6
    Number of processor faces = 11583
    Number of boundary faces = 15530

Processor 91
    Number of cells = 158605
    Number of points = 189402
    Number of faces shared with processor 41 = 318
    Number of faces shared with processor 58 = 676
    Number of faces shared with processor 195 = 27
    Number of faces shared with processor 196 = 1068
    Number of faces shared with processor 71 = 67
    Number of faces shared with processor 79 = 1441
    Number of faces shared with processor 80 = 302
    Number of faces shared with processor 221 = 923
    Number of faces shared with processor 95 = 2790
    Number of faces shared with processor 97 = 432
    Number of faces shared with processor 102 = 1982
    Number of faces shared with processor 103 = 274
    Number of faces shared with processor 107 = 8
    Number of faces shared with processor 111 = 571
    Number of faces shared with processor 245 = 1224
    Number of faces shared with processor 126 = 539
    Number of processor patches = 16
    Number of processor faces = 12642
    Number of boundary faces = 18245

Processor 92
    Number of cells = 156645
    Number of points = 185598
    Number of faces shared with processor 71 = 2396
    Number of faces shared with processor 73 = 1219
    Number of faces shared with processor 77 = 558
    Number of faces shared with processor 81 = 134
    Number of faces shared with processor 93 = 2385
    Number of faces shared with processor 97 = 410
    Number of faces shared with processor 110 = 1271
    Number of faces shared with processor 111 = 2424
    Number of faces shared with processor 115 = 1108
    Number of faces shared with processor 116 = 1783
    Number of processor patches = 10
    Number of processor faces = 13688
    Number of boundary faces = 15593

Processor 93
    Number of cells = 155578
    Number of points = 185611
    Number of faces shared with processor 61 = 778
    Number of faces shared with processor 71 = 56
    Number of faces shared with processor 75 = 453
    Number of faces shared with processor 77 = 1794
    Number of faces shared with processor 81 = 1796
    Number of faces shared with processor 92 = 2385
    Number of faces shared with processor 100 = 362
    Number of faces shared with processor 102 = 205
    Number of faces shared with processor 103 = 317
    Number of faces shared with processor 115 = 414
    Number of processor patches = 10
    Number of processor faces = 8560
    Number of boundary faces = 24739

Processor 94
    Number of cells = 157664
    Number of points = 185943
    Number of faces shared with processor 79 = 713
    Number of faces shared with processor 83 = 1269
    Number of faces shared with processor 95 = 2197
    Number of faces shared with processor 96 = 1576
    Number of processor patches = 4
    Number of processor faces = 5755
    Number of boundary faces = 24698

Processor 95
    Number of cells = 157869
    Number of points = 192444
    Number of faces shared with processor 41 = 692
    Number of faces shared with processor 79 = 1318
    Number of faces shared with processor 91 = 2790
    Number of faces shared with processor 94 = 2197
    Number of faces shared with processor 96 = 2089
    Number of faces shared with processor 245 = 3217
    Number of processor patches = 6
    Number of processor faces = 12303
    Number of boundary faces = 19559

Processor 96
    Number of cells = 156712
    Number of points = 188335
    Number of faces shared with processor 31 = 1035
    Number of faces shared with processor 41 = 1607
    Number of faces shared with processor 79 = 159
    Number of faces shared with processor 94 = 1576
    Number of faces shared with processor 95 = 2089
    Number of faces shared with processor 244 = 1972
    Number of faces shared with processor 245 = 1087
    Number of processor patches = 7
    Number of processor faces = 9525
    Number of boundary faces = 18905

Processor 97
    Number of cells = 155503
    Number of points = 190207
    Number of faces shared with processor 52 = 2077
    Number of faces shared with processor 66 = 593
    Number of faces shared with processor 69 = 260
    Number of faces shared with processor 72 = 966
    Number of faces shared with processor 73 = 121
    Number of faces shared with processor 76 = 338
    Number of faces shared with processor 91 = 432
    Number of faces shared with processor 92 = 410
    Number of faces shared with processor 98 = 2373
    Number of faces shared with processor 102 = 451
    Number of faces shared with processor 110 = 63
    Number of faces shared with processor 116 = 3324
    Number of processor patches = 12
    Number of processor faces = 11408
    Number of boundary faces = 22022

Processor 98
    Number of cells = 155495
    Number of points = 187062
    Number of faces shared with processor 66 = 537
    Number of faces shared with processor 76 = 574
    Number of faces shared with processor 77 = 231
    Number of faces shared with processor 89 = 962
    Number of faces shared with processor 97 = 2373
    Number of faces shared with processor 99 = 2895
    Number of faces shared with processor 100 = 1353
    Number of faces shared with processor 103 = 25
    Number of faces shared with processor 115 = 971
    Number of faces shared with processor 116 = 1639
    Number of processor patches = 10
    Number of processor faces = 11560
    Number of boundary faces = 19331

Processor 99
    Number of cells = 155534
    Number of points = 187996
    Number of faces shared with processor 89 = 491
    Number of faces shared with processor 98 = 2895
    Number of faces shared with processor 100 = 320
    Number of faces shared with processor 103 = 1591
    Number of processor patches = 4
    Number of processor faces = 5297
    Number of boundary faces = 23653

Processor 100
    Number of cells = 156316
    Number of points = 185902
    Number of faces shared with processor 61 = 39
    Number of faces shared with processor 65 = 61
    Number of faces shared with processor 66 = 1567
    Number of faces shared with processor 67 = 982
    Number of faces shared with processor 75 = 149
    Number of faces shared with processor 76 = 55
    Number of faces shared with processor 77 = 334
    Number of faces shared with processor 89 = 56
    Number of faces shared with processor 93 = 362
    Number of faces shared with processor 98 = 1353
    Number of faces shared with processor 99 = 320
    Number of faces shared with processor 101 = 1834
    Number of faces shared with processor 102 = 910
    Number of faces shared with processor 103 = 1524
    Number of faces shared with processor 115 = 60
    Number of processor patches = 15
    Number of processor faces = 9606
    Number of boundary faces = 18153

Processor 101
    Number of cells = 157502
    Number of points = 190800
    Number of faces shared with processor 55 = 777
    Number of faces shared with processor 61 = 443
    Number of faces shared with processor 62 = 1239
    Number of faces shared with processor 65 = 822
    Number of faces shared with processor 66 = 617
    Number of faces shared with processor 67 = 2
    Number of faces shared with processor 70 = 62
    Number of faces shared with processor 75 = 176
    Number of faces shared with processor 222 = 1122
    Number of faces shared with processor 100 = 1834
    Number of faces shared with processor 102 = 1254
    Number of processor patches = 11
    Number of processor faces = 8348
    Number of boundary faces = 19657

Processor 102
    Number of cells = 158540
    Number of points = 190101
    Number of faces shared with processor 61 = 380
    Number of faces shared with processor 80 = 258
    Number of faces shared with processor 91 = 1982
    Number of faces shared with processor 93 = 205
    Number of faces shared with processor 221 = 1198
    Number of faces shared with processor 222 = 1091
    Number of faces shared with processor 223 = 46
    Number of faces shared with processor 97 = 451
    Number of faces shared with processor 100 = 910
    Number of faces shared with processor 101 = 1254
    Number of faces shared with processor 103 = 2863
    Number of faces shared with processor 245 = 150
    Number of processor patches = 12
    Number of processor faces = 10788
    Number of boundary faces = 17491

Processor 103
    Number of cells = 157961
    Number of points = 188820
    Number of faces shared with processor 41 = 180
    Number of faces shared with processor 79 = 91
    Number of faces shared with processor 80 = 1704
    Number of faces shared with processor 87 = 477
    Number of faces shared with processor 89 = 870
    Number of faces shared with processor 91 = 274
    Number of faces shared with processor 93 = 317
    Number of faces shared with processor 98 = 25
    Number of faces shared with processor 99 = 1591
    Number of faces shared with processor 100 = 1524
    Number of faces shared with processor 102 = 2863
    Number of faces shared with processor 115 = 93
    Number of faces shared with processor 245 = 40
    Number of processor patches = 13
    Number of processor faces = 10049
    Number of boundary faces = 18185

Processor 104
    Number of cells = 158308
    Number of points = 177284
    Number of faces shared with processor 129 = 811
    Number of faces shared with processor 198 = 1246
    Number of faces shared with processor 105 = 3542
    Number of faces shared with processor 106 = 727
    Number of faces shared with processor 107 = 30
    Number of faces shared with processor 108 = 1478
    Number of faces shared with processor 109 = 3743
    Number of faces shared with processor 110 = 1316
    Number of faces shared with processor 126 = 3419
    Number of faces shared with processor 127 = 1036
    Number of processor patches = 10
    Number of processor faces = 17348
    Number of boundary faces = 7715

Processor 105
    Number of cells = 156620
    Number of points = 182815
    Number of faces shared with processor 128 = 712
    Number of faces shared with processor 129 = 4109
    Number of faces shared with processor 131 = 1838
    Number of faces shared with processor 132 = 58
    Number of faces shared with processor 133 = 93
    Number of faces shared with processor 150 = 684
    Number of faces shared with processor 104 = 3542
    Number of faces shared with processor 106 = 4692
    Number of faces shared with processor 108 = 3075
    Number of faces shared with processor 126 = 593
    Number of faces shared with processor 127 = 879
    Number of processor patches = 11
    Number of processor faces = 20275
    Number of boundary faces = 9185

Processor 106
    Number of cells = 156779
    Number of points = 169190
    Number of faces shared with processor 128 = 16
    Number of faces shared with processor 129 = 3387
    Number of faces shared with processor 131 = 299
    Number of faces shared with processor 132 = 344
    Number of faces shared with processor 151 = 1544
    Number of faces shared with processor 153 = 22
    Number of faces shared with processor 195 = 24
    Number of faces shared with processor 198 = 5656
    Number of faces shared with processor 200 = 35
    Number of faces shared with processor 104 = 727
    Number of faces shared with processor 105 = 4692
    Number of faces shared with processor 108 = 299
    Number of faces shared with processor 126 = 109
    Number of processor patches = 13
    Number of processor faces = 17154
    Number of boundary faces = 0

Processor 107
    Number of cells = 157883
    Number of points = 171223
    Number of faces shared with processor 177 = 1265
    Number of faces shared with processor 196 = 70
    Number of faces shared with processor 197 = 1998
    Number of faces shared with processor 198 = 1206
    Number of faces shared with processor 199 = 708
    Number of faces shared with processor 91 = 8
    Number of faces shared with processor 104 = 30
    Number of faces shared with processor 108 = 1036
    Number of faces shared with processor 109 = 5022
    Number of faces shared with processor 110 = 979
    Number of faces shared with processor 111 = 1262
    Number of faces shared with processor 112 = 3457
    Number of faces shared with processor 114 = 9
    Number of faces shared with processor 126 = 821
    Number of processor patches = 14
    Number of processor faces = 17871
    Number of boundary faces = 0

Processor 108
    Number of cells = 156669
    Number of points = 179924
    Number of faces shared with processor 131 = 223
    Number of faces shared with processor 132 = 521
    Number of faces shared with processor 133 = 2005
    Number of faces shared with processor 135 = 1299
    Number of faces shared with processor 177 = 995
    Number of faces shared with processor 198 = 2356
    Number of faces shared with processor 104 = 1478
    Number of faces shared with processor 105 = 3075
    Number of faces shared with processor 106 = 299
    Number of faces shared with processor 107 = 1036
    Number of faces shared with processor 109 = 2948
    Number of faces shared with processor 114 = 603
    Number of processor patches = 12
    Number of processor faces = 16838
    Number of boundary faces = 9240

Processor 109
    Number of cells = 158049
    Number of points = 179386
    Number of faces shared with processor 177 = 99
    Number of faces shared with processor 198 = 294
    Number of faces shared with processor 104 = 3743
    Number of faces shared with processor 107 = 5022
    Number of faces shared with processor 108 = 2948
    Number of faces shared with processor 110 = 3352
    Number of faces shared with processor 112 = 837
    Number of faces shared with processor 113 = 580
    Number of faces shared with processor 114 = 1323
    Number of faces shared with processor 115 = 1186
    Number of faces shared with processor 126 = 110
    Number of processor patches = 11
    Number of processor faces = 19494
    Number of boundary faces = 8533

Processor 110
    Number of cells = 158624
    Number of points = 174364
    Number of faces shared with processor 71 = 768
    Number of faces shared with processor 72 = 1429
    Number of faces shared with processor 73 = 99
    Number of faces shared with processor 92 = 1271
    Number of faces shared with processor 97 = 63
    Number of faces shared with processor 104 = 1316
    Number of faces shared with processor 107 = 979
    Number of faces shared with processor 109 = 3352
    Number of faces shared with processor 111 = 3488
    Number of faces shared with processor 112 = 466
    Number of faces shared with processor 115 = 1938
    Number of faces shared with processor 116 = 1446
    Number of faces shared with processor 126 = 2652
    Number of processor patches = 13
    Number of processor faces = 19267
    Number of boundary faces = 3977

Processor 111
    Number of cells = 158001
    Number of points = 171382
    Number of faces shared with processor 196 = 89
    Number of faces shared with processor 197 = 347
    Number of faces shared with processor 71 = 1191
    Number of faces shared with processor 91 = 571
    Number of faces shared with processor 92 = 2424
    Number of faces shared with processor 107 = 1262
    Number of faces shared with processor 110 = 3488
    Number of faces shared with processor 112 = 4158
    Number of faces shared with processor 113 = 209
    Number of faces shared with processor 115 = 1849
    Number of faces shared with processor 126 = 701
    Number of processor patches = 11
    Number of processor faces = 16289
    Number of boundary faces = 5048

Processor 112
    Number of cells = 156870
    Number of points = 168883
    Number of faces shared with processor 177 = 1203
    Number of faces shared with processor 197 = 1454
    Number of faces shared with processor 107 = 3457
    Number of faces shared with processor 109 = 837
    Number of faces shared with processor 110 = 466
    Number of faces shared with processor 111 = 4158
    Number of faces shared with processor 113 = 1607
    Number of faces shared with processor 114 = 96
    Number of faces shared with processor 115 = 513
    Number of processor patches = 9
    Number of processor faces = 13791
    Number of boundary faces = 3567

Processor 113
    Number of cells = 157047
    Number of points = 182963
    Number of faces shared with processor 177 = 762
    Number of faces shared with processor 87 = 788
    Number of faces shared with processor 89 = 1352
    Number of faces shared with processor 90 = 602
    Number of faces shared with processor 109 = 580
    Number of faces shared with processor 111 = 209
    Number of faces shared with processor 112 = 1607
    Number of faces shared with processor 114 = 4307
    Number of faces shared with processor 115 = 3808
    Number of processor patches = 9
    Number of processor faces = 14015
    Number of boundary faces = 11175

Processor 114
    Number of cells = 155895
    Number of points = 185016
    Number of faces shared with processor 134 = 1430
    Number of faces shared with processor 135 = 1702
    Number of faces shared with processor 177 = 851
    Number of faces shared with processor 87 = 299
    Number of faces shared with processor 89 = 206
    Number of faces shared with processor 90 = 1088
    Number of faces shared with processor 107 = 9
    Number of faces shared with processor 108 = 603
    Number of faces shared with processor 109 = 1323
    Number of faces shared with processor 112 = 96
    Number of faces shared with processor 113 = 4307
    Number of processor patches = 11
    Number of processor faces = 11914
    Number of boundary faces = 15688

Processor 115
    Number of cells = 157280
    Number of points = 185866
    Number of faces shared with processor 77 = 56
    Number of faces shared with processor 87 = 113
    Number of faces shared with processor 89 = 1918
    Number of faces shared with processor 92 = 1108
    Number of faces shared with processor 93 = 414
    Number of faces shared with processor 98 = 971
    Number of faces shared with processor 100 = 60
    Number of faces shared with processor 103 = 93
    Number of faces shared with processor 109 = 1186
    Number of faces shared with processor 110 = 1938
    Number of faces shared with processor 111 = 1849
    Number of faces shared with processor 112 = 513
    Number of faces shared with processor 113 = 3808
    Number of faces shared with processor 116 = 1653
    Number of processor patches = 14
    Number of processor faces = 15680
    Number of boundary faces = 13228

Processor 116
    Number of cells = 155456
    Number of points = 191649
    Number of faces shared with processor 52 = 1032
    Number of faces shared with processor 72 = 586
    Number of faces shared with processor 76 = 441
    Number of faces shared with processor 77 = 392
    Number of faces shared with processor 92 = 1783
    Number of faces shared with processor 97 = 3324
    Number of faces shared with processor 98 = 1639
    Number of faces shared with processor 110 = 1446
    Number of faces shared with processor 115 = 1653
    Number of faces shared with processor 126 = 1041
    Number of processor patches = 10
    Number of processor faces = 13337
    Number of boundary faces = 20188

Processor 117
    Number of cells = 156655
    Number of points = 185627
    Number of faces shared with processor 209 = 463
    Number of faces shared with processor 211 = 513
    Number of faces shared with processor 212 = 2497
    Number of faces shared with processor 213 = 301
    Number of faces shared with processor 345 = 1638
    Number of faces shared with processor 118 = 757
    Number of faces shared with processor 119 = 544
    Number of faces shared with processor 120 = 1019
    Number of faces shared with processor 121 = 505
    Number of faces shared with processor 122 = 643
    Number of faces shared with processor 123 = 1475
    Number of faces shared with processor 124 = 1406
    Number of processor patches = 12
    Number of processor faces = 11761
    Number of boundary faces = 18751

Processor 118
    Number of cells = 158551
    Number of points = 176545
    Number of faces shared with processor 56 = 1640
    Number of faces shared with processor 57 = 463
    Number of faces shared with processor 59 = 726
    Number of faces shared with processor 60 = 1753
    Number of faces shared with processor 117 = 757
    Number of faces shared with processor 119 = 2416
    Number of faces shared with processor 120 = 1205
    Number of faces shared with processor 121 = 1637
    Number of faces shared with processor 122 = 833
    Number of faces shared with processor 123 = 1608
    Number of faces shared with processor 124 = 157
    Number of processor patches = 11
    Number of processor faces = 13195
    Number of boundary faces = 10190

Processor 119
    Number of cells = 158439
    Number of points = 176827
    Number of faces shared with processor 59 = 2054
    Number of faces shared with processor 60 = 1464
    Number of faces shared with processor 212 = 1928
    Number of faces shared with processor 213 = 2961
    Number of faces shared with processor 217 = 123
    Number of faces shared with processor 218 = 209
    Number of faces shared with processor 117 = 544
    Number of faces shared with processor 118 = 2416
    Number of faces shared with processor 120 = 2208
    Number of processor patches = 9
    Number of processor faces = 13907
    Number of boundary faces = 11109

Processor 120
    Number of cells = 157952
    Number of points = 177417
    Number of faces shared with processor 59 = 22
    Number of faces shared with processor 195 = 39
    Number of faces shared with processor 212 = 2757
    Number of faces shared with processor 345 = 1102
    Number of faces shared with processor 346 = 358
    Number of faces shared with processor 117 = 1019
    Number of faces shared with processor 118 = 1205
    Number of faces shared with processor 119 = 2208
    Number of faces shared with processor 121 = 2610
    Number of faces shared with processor 122 = 3021
    Number of processor patches = 10
    Number of processor faces = 14341
    Number of boundary faces = 9744

Processor 121
    Number of cells = 157763
    Number of points = 175549
    Number of faces shared with processor 152 = 647
    Number of faces shared with processor 153 = 562
    Number of faces shared with processor 59 = 88
    Number of faces shared with processor 195 = 79
    Number of faces shared with processor 212 = 17
    Number of faces shared with processor 346 = 149
    Number of faces shared with processor 117 = 505
    Number of faces shared with processor 118 = 1637
    Number of faces shared with processor 120 = 2610
    Number of faces shared with processor 122 = 4663
    Number of faces shared with processor 123 = 542
    Number of faces shared with processor 124 = 4196
    Number of faces shared with processor 125 = 1227
    Number of processor patches = 13
    Number of processor faces = 16922
    Number of boundary faces = 5903

Processor 122
    Number of cells = 155988
    Number of points = 178594
    Number of faces shared with processor 152 = 1037
    Number of faces shared with processor 345 = 197
    Number of faces shared with processor 346 = 1307
    Number of faces shared with processor 117 = 643
    Number of faces shared with processor 118 = 833
    Number of faces shared with processor 120 = 3021
    Number of faces shared with processor 121 = 4663
    Number of faces shared with processor 124 = 22
    Number of processor patches = 8
    Number of processor faces = 11723
    Number of boundary faces = 16288

Processor 123
    Number of cells = 157367
    Number of points = 185637
    Number of faces shared with processor 152 = 1264
    Number of faces shared with processor 153 = 1082
    Number of faces shared with processor 155 = 1127
    Number of faces shared with processor 54 = 554
    Number of faces shared with processor 56 = 1230
    Number of faces shared with processor 57 = 1005
    Number of faces shared with processor 59 = 222
    Number of faces shared with processor 117 = 1475
    Number of faces shared with processor 118 = 1608
    Number of faces shared with processor 121 = 542
    Number of faces shared with processor 124 = 2202
    Number of faces shared with processor 125 = 1866
    Number of faces shared with processor 127 = 1709
    Number of processor patches = 13
    Number of processor faces = 15886
    Number of boundary faces = 14532

Processor 124
    Number of cells = 156124
    Number of points = 170786
    Number of faces shared with processor 128 = 2248
    Number of faces shared with processor 153 = 1472
    Number of faces shared with processor 58 = 26
    Number of faces shared with processor 59 = 567
    Number of faces shared with processor 195 = 197
    Number of faces shared with processor 212 = 21
    Number of faces shared with processor 117 = 1406
    Number of faces shared with processor 118 = 157
    Number of faces shared with processor 121 = 4196
    Number of faces shared with processor 122 = 22
    Number of faces shared with processor 123 = 2202
    Number of faces shared with processor 125 = 4429
    Number of faces shared with processor 126 = 222
    Number of faces shared with processor 127 = 1121
    Number of processor patches = 14
    Number of processor faces = 18286
    Number of boundary faces = 1399

Processor 125
    Number of cells = 155538
    Number of points = 182541
    Number of faces shared with processor 128 = 2235
    Number of faces shared with processor 153 = 477
    Number of faces shared with processor 155 = 912
    Number of faces shared with processor 121 = 1227
    Number of faces shared with processor 123 = 1866
    Number of faces shared with processor 124 = 4429
    Number of faces shared with processor 127 = 1919
    Number of processor patches = 7
    Number of processor faces = 13065
    Number of boundary faces = 15862

Processor 126
    Number of cells = 157965
    Number of points = 179849
    Number of faces shared with processor 128 = 47
    Number of faces shared with processor 52 = 1096
    Number of faces shared with processor 56 = 1364
    Number of faces shared with processor 58 = 261
    Number of faces shared with processor 59 = 74
    Number of faces shared with processor 195 = 161
    Number of faces shared with processor 68 = 118
    Number of faces shared with processor 196 = 199
    Number of faces shared with processor 198 = 141
    Number of faces shared with processor 71 = 1018
    Number of faces shared with processor 200 = 17
    Number of faces shared with processor 72 = 2184
    Number of faces shared with processor 91 = 539
    Number of faces shared with processor 104 = 3419
    Number of faces shared with processor 105 = 593
    Number of faces shared with processor 106 = 109
    Number of faces shared with processor 107 = 821
    Number of faces shared with processor 109 = 110
    Number of faces shared with processor 110 = 2652
    Number of faces shared with processor 111 = 701
    Number of faces shared with processor 116 = 1041
    Number of faces shared with processor 124 = 222
    Number of faces shared with processor 127 = 4272
    Number of processor patches = 23
    Number of processor faces = 21159
    Number of boundary faces = 4812

Processor 127
    Number of cells = 158384
    Number of points = 180107
    Number of faces shared with processor 128 = 1782
    Number of faces shared with processor 129 = 1646
    Number of faces shared with processor 52 = 327
    Number of faces shared with processor 54 = 1704
    Number of faces shared with processor 56 = 1407
    Number of faces shared with processor 57 = 103
    Number of faces shared with processor 59 = 142
    Number of faces shared with processor 68 = 550
    Number of faces shared with processor 104 = 1036
    Number of faces shared with processor 105 = 879
    Number of faces shared with processor 123 = 1709
    Number of faces shared with processor 124 = 1121
    Number of faces shared with processor 125 = 1919
    Number of faces shared with processor 126 = 4272
    Number of processor patches = 14
    Number of processor faces = 18597
    Number of boundary faces = 7475

Processor 128
    Number of cells = 155885
    Number of points = 175110
    Number of faces shared with processor 129 = 5015
    Number of faces shared with processor 150 = 1498
    Number of faces shared with processor 151 = 1032
    Number of faces shared with processor 153 = 1114
    Number of faces shared with processor 155 = 1297
    Number of faces shared with processor 195 = 16
    Number of faces shared with processor 105 = 712
    Number of faces shared with processor 106 = 16
    Number of faces shared with processor 124 = 2248
    Number of faces shared with processor 125 = 2235
    Number of faces shared with processor 126 = 47
    Number of faces shared with processor 127 = 1782
    Number of processor patches = 12
    Number of processor faces = 17012
    Number of boundary faces = 5932

Processor 129
    Number of cells = 156616
    Number of points = 176870
    Number of faces shared with processor 128 = 5015
    Number of faces shared with processor 131 = 219
    Number of faces shared with processor 150 = 2517
    Number of faces shared with processor 151 = 685
    Number of faces shared with processor 153 = 260
    Number of faces shared with processor 195 = 4
    Number of faces shared with processor 104 = 811
    Number of faces shared with processor 105 = 4109
    Number of faces shared with processor 106 = 3387
    Number of faces shared with processor 127 = 1646
    Number of processor patches = 10
    Number of processor faces = 18653
    Number of boundary faces = 7227

Processor 130
    Number of cells = 155655
    Number of points = 177883
    Number of faces shared with processor 131 = 1555
    Number of faces shared with processor 132 = 1618
    Number of faces shared with processor 133 = 2215
    Number of faces shared with processor 136 = 893
    Number of faces shared with processor 138 = 2027
    Number of faces shared with processor 139 = 438
    Number of faces shared with processor 140 = 277
    Number of faces shared with processor 148 = 2696
    Number of faces shared with processor 149 = 969
    Number of processor patches = 9
    Number of processor faces = 12688
    Number of boundary faces = 11532

Processor 131
    Number of cells = 155633
    Number of points = 180087
    Number of faces shared with processor 129 = 219
    Number of faces shared with processor 130 = 1555
    Number of faces shared with processor 132 = 1510
    Number of faces shared with processor 133 = 2398
    Number of faces shared with processor 149 = 1513
    Number of faces shared with processor 150 = 2165
    Number of faces shared with processor 151 = 538
    Number of faces shared with processor 105 = 1838
    Number of faces shared with processor 106 = 299
    Number of faces shared with processor 108 = 223
    Number of processor patches = 10
    Number of processor faces = 12258
    Number of boundary faces = 10488

Processor 132
    Number of cells = 157834
    Number of points = 170579
    Number of faces shared with processor 130 = 1618
    Number of faces shared with processor 131 = 1510
    Number of faces shared with processor 133 = 1091
    Number of faces shared with processor 135 = 17
    Number of faces shared with processor 139 = 1968
    Number of faces shared with processor 140 = 2379
    Number of faces shared with processor 148 = 705
    Number of faces shared with processor 149 = 344
    Number of faces shared with processor 151 = 1665
    Number of faces shared with processor 164 = 1229
    Number of faces shared with processor 176 = 963
    Number of faces shared with processor 177 = 1084
    Number of faces shared with processor 195 = 639
    Number of faces shared with processor 198 = 636
    Number of faces shared with processor 199 = 2037
    Number of faces shared with processor 200 = 2962
    Number of faces shared with processor 105 = 58
    Number of faces shared with processor 106 = 344
    Number of faces shared with processor 108 = 521
    Number of processor patches = 19
    Number of processor faces = 21770
    Number of boundary faces = 0

Processor 133
    Number of cells = 155671
    Number of points = 179941
    Number of faces shared with processor 130 = 2215
    Number of faces shared with processor 131 = 2398
    Number of faces shared with processor 132 = 1091
    Number of faces shared with processor 135 = 3376
    Number of faces shared with processor 136 = 797
    Number of faces shared with processor 140 = 386
    Number of faces shared with processor 177 = 123
    Number of faces shared with processor 105 = 93
    Number of faces shared with processor 108 = 2005
    Number of processor patches = 9
    Number of processor faces = 12484
    Number of boundary faces = 14661

Processor 134
    Number of cells = 155718
    Number of points = 179066
    Number of faces shared with processor 135 = 3116
    Number of faces shared with processor 136 = 1657
    Number of faces shared with processor 8 = 1227
    Number of faces shared with processor 140 = 951
    Number of faces shared with processor 175 = 110
    Number of faces shared with processor 177 = 419
    Number of faces shared with processor 87 = 1597
    Number of faces shared with processor 88 = 2479
    Number of faces shared with processor 114 = 1430
    Number of processor patches = 9
    Number of processor faces = 12986
    Number of boundary faces = 14646

Processor 135
    Number of cells = 155865
    Number of points = 178643
    Number of faces shared with processor 132 = 17
    Number of faces shared with processor 133 = 3376
    Number of faces shared with processor 134 = 3116
    Number of faces shared with processor 136 = 728
    Number of faces shared with processor 140 = 810
    Number of faces shared with processor 177 = 915
    Number of faces shared with processor 108 = 1299
    Number of faces shared with processor 114 = 1702
    Number of processor patches = 8
    Number of processor faces = 11963
    Number of boundary faces = 14327

Processor 136
    Number of cells = 155767
    Number of points = 182355
    Number of faces shared with processor 130 = 893
    Number of faces shared with processor 133 = 797
    Number of faces shared with processor 134 = 1657
    Number of faces shared with processor 135 = 728
    Number of faces shared with processor 7 = 1158
    Number of faces shared with processor 8 = 1671
    Number of faces shared with processor 137 = 924
    Number of faces shared with processor 138 = 2559
    Number of faces shared with processor 140 = 1058
    Number of faces shared with processor 142 = 53
    Number of faces shared with processor 146 = 1197
    Number of faces shared with processor 23 = 1387
    Number of faces shared with processor 24 = 1093
    Number of processor patches = 13
    Number of processor faces = 15175
    Number of boundary faces = 15000

Processor 137
    Number of cells = 158032
    Number of points = 183176
    Number of faces shared with processor 7 = 564
    Number of faces shared with processor 136 = 924
    Number of faces shared with processor 138 = 4560
    Number of faces shared with processor 10 = 333
    Number of faces shared with processor 139 = 749
    Number of faces shared with processor 141 = 1325
    Number of faces shared with processor 142 = 687
    Number of faces shared with processor 146 = 1893
    Number of faces shared with processor 148 = 1202
    Number of faces shared with processor 23 = 377
    Number of faces shared with processor 24 = 3559
    Number of processor patches = 11
    Number of processor faces = 16173
    Number of boundary faces = 9628

Processor 138
    Number of cells = 155934
    Number of points = 181838
    Number of faces shared with processor 130 = 2027
    Number of faces shared with processor 7 = 1271
    Number of faces shared with processor 136 = 2559
    Number of faces shared with processor 137 = 4560
    Number of faces shared with processor 139 = 1159
    Number of faces shared with processor 140 = 384
    Number of faces shared with processor 142 = 464
    Number of faces shared with processor 148 = 1593
    Number of processor patches = 8
    Number of processor faces = 14017
    Number of boundary faces = 12358

Processor 139
    Number of cells = 158624
    Number of points = 171735
    Number of faces shared with processor 130 = 438
    Number of faces shared with processor 132 = 1968
    Number of faces shared with processor 137 = 749
    Number of faces shared with processor 138 = 1159
    Number of faces shared with processor 140 = 2343
    Number of faces shared with processor 141 = 1779
    Number of faces shared with processor 142 = 2634
    Number of faces shared with processor 148 = 772
    Number of faces shared with processor 163 = 2665
    Number of faces shared with processor 164 = 1343
    Number of faces shared with processor 165 = 21
    Number of faces shared with processor 167 = 1058
    Number of faces shared with processor 195 = 1552
    Number of faces shared with processor 198 = 1194
    Number of faces shared with processor 200 = 25
    Number of processor patches = 15
    Number of processor faces = 19700
    Number of boundary faces = 0

Processor 140
    Number of cells = 158087
    Number of points = 169761
    Number of faces shared with processor 130 = 277
    Number of faces shared with processor 132 = 2379
    Number of faces shared with processor 133 = 386
    Number of faces shared with processor 134 = 951
    Number of faces shared with processor 135 = 810
    Number of faces shared with processor 136 = 1058
    Number of faces shared with processor 8 = 707
    Number of faces shared with processor 138 = 384
    Number of faces shared with processor 139 = 2343
    Number of faces shared with processor 142 = 1207
    Number of faces shared with processor 163 = 2287
    Number of faces shared with processor 164 = 948
    Number of faces shared with processor 167 = 425
    Number of faces shared with processor 168 = 2581
    Number of faces shared with processor 175 = 1539
    Number of faces shared with processor 176 = 3021
    Number of faces shared with processor 177 = 1486
    Number of faces shared with processor 88 = 129
    Number of processor patches = 18
    Number of processor faces = 22918
    Number of boundary faces = 0

Processor 141
    Number of cells = 158624
    Number of points = 172505
    Number of faces shared with processor 137 = 1325
    Number of faces shared with processor 9 = 39
    Number of faces shared with processor 10 = 1150
    Number of faces shared with processor 139 = 1779
    Number of faces shared with processor 142 = 4903
    Number of faces shared with processor 16 = 207
    Number of faces shared with processor 146 = 301
    Number of faces shared with processor 19 = 791
    Number of faces shared with processor 148 = 248
    Number of faces shared with processor 23 = 551
    Number of faces shared with processor 24 = 4081
    Number of faces shared with processor 25 = 1733
    Number of faces shared with processor 165 = 111
    Number of faces shared with processor 195 = 918
    Number of faces shared with processor 198 = 123
    Number of faces shared with processor 351 = 127
    Number of processor patches = 16
    Number of processor faces = 18387
    Number of boundary faces = 0

Processor 142
    Number of cells = 158450
    Number of points = 171696
    Number of faces shared with processor 7 = 1107
    Number of faces shared with processor 136 = 53
    Number of faces shared with processor 8 = 87
    Number of faces shared with processor 137 = 687
    Number of faces shared with processor 9 = 3552
    Number of faces shared with processor 138 = 464
    Number of faces shared with processor 10 = 1270
    Number of faces shared with processor 139 = 2634
    Number of faces shared with processor 140 = 1207
    Number of faces shared with processor 141 = 4903
    Number of faces shared with processor 16 = 34
    Number of faces shared with processor 165 = 51
    Number of faces shared with processor 167 = 1346
    Number of faces shared with processor 168 = 499
    Number of processor patches = 14
    Number of processor faces = 17894
    Number of boundary faces = 0

Processor 143
    Number of cells = 158397
    Number of points = 183008
    Number of faces shared with processor 144 = 3424
    Number of faces shared with processor 145 = 1209
    Number of faces shared with processor 146 = 2280
    Number of faces shared with processor 19 = 2475
    Number of faces shared with processor 148 = 18
    Number of faces shared with processor 23 = 1612
    Number of faces shared with processor 195 = 193
    Number of faces shared with processor 340 = 764
    Number of faces shared with processor 342 = 3340
    Number of processor patches = 9
    Number of processor faces = 15315
    Number of boundary faces = 8923

Processor 144
    Number of cells = 156432
    Number of points = 176620
    Number of faces shared with processor 143 = 3424
    Number of faces shared with processor 145 = 4477
    Number of faces shared with processor 146 = 1523
    Number of faces shared with processor 147 = 4220
    Number of faces shared with processor 148 = 334
    Number of faces shared with processor 151 = 86
    Number of faces shared with processor 154 = 1352
    Number of faces shared with processor 195 = 149
    Number of processor patches = 8
    Number of processor faces = 15565
    Number of boundary faces = 10076

Processor 145
    Number of cells = 157411
    Number of points = 177203
    Number of faces shared with processor 143 = 1209
    Number of faces shared with processor 144 = 4477
    Number of faces shared with processor 152 = 264
    Number of faces shared with processor 153 = 892
    Number of faces shared with processor 154 = 4134
    Number of faces shared with processor 195 = 211
    Number of faces shared with processor 340 = 2417
    Number of faces shared with processor 348 = 1458
    Number of processor patches = 8
    Number of processor faces = 15062
    Number of boundary faces = 8264

Processor 146
    Number of cells = 158429
    Number of points = 179534
    Number of faces shared with processor 136 = 1197
    Number of faces shared with processor 137 = 1893
    Number of faces shared with processor 141 = 301
    Number of faces shared with processor 143 = 2280
    Number of faces shared with processor 144 = 1523
    Number of faces shared with processor 19 = 203
    Number of faces shared with processor 147 = 2013
    Number of faces shared with processor 148 = 2963
    Number of faces shared with processor 23 = 3067
    Number of faces shared with processor 195 = 83
    Number of processor patches = 10
    Number of processor faces = 15523
    Number of boundary faces = 8566

Processor 147
    Number of cells = 156580
    Number of points = 173607
    Number of faces shared with processor 144 = 4220
    Number of faces shared with processor 146 = 2013
    Number of faces shared with processor 148 = 3778
    Number of faces shared with processor 149 = 3054
    Number of faces shared with processor 151 = 649
    Number of faces shared with processor 154 = 1432
    Number of processor patches = 6
    Number of processor faces = 15146
    Number of boundary faces = 8654

Processor 148
    Number of cells = 158427
    Number of points = 178905
    Number of faces shared with processor 130 = 2696
    Number of faces shared with processor 132 = 705
    Number of faces shared with processor 137 = 1202
    Number of faces shared with processor 138 = 1593
    Number of faces shared with processor 139 = 772
    Number of faces shared with processor 141 = 248
    Number of faces shared with processor 143 = 18
    Number of faces shared with processor 144 = 334
    Number of faces shared with processor 146 = 2963
    Number of faces shared with processor 147 = 3778
    Number of faces shared with processor 149 = 1913
    Number of faces shared with processor 151 = 446
    Number of faces shared with processor 195 = 438
    Number of processor patches = 13
    Number of processor faces = 17106
    Number of boundary faces = 9378

Processor 149
    Number of cells = 156464
    Number of points = 177233
    Number of faces shared with processor 130 = 969
    Number of faces shared with processor 131 = 1513
    Number of faces shared with processor 132 = 344
    Number of faces shared with processor 147 = 3054
    Number of faces shared with processor 148 = 1913
    Number of faces shared with processor 150 = 2190
    Number of faces shared with processor 151 = 2397
    Number of faces shared with processor 154 = 464
    Number of faces shared with processor 155 = 474
    Number of processor patches = 9
    Number of processor faces = 13318
    Number of boundary faces = 11315

Processor 150
    Number of cells = 155577
    Number of points = 183433
    Number of faces shared with processor 128 = 1498
    Number of faces shared with processor 129 = 2517
    Number of faces shared with processor 131 = 2165
    Number of faces shared with processor 149 = 2190
    Number of faces shared with processor 151 = 2376
    Number of faces shared with processor 155 = 820
    Number of faces shared with processor 105 = 684
    Number of processor patches = 7
    Number of processor faces = 12250
    Number of boundary faces = 12804

Processor 151
    Number of cells = 158266
    Number of points = 174313
    Number of faces shared with processor 128 = 1032
    Number of faces shared with processor 129 = 685
    Number of faces shared with processor 131 = 538
    Number of faces shared with processor 132 = 1665
    Number of faces shared with processor 144 = 86
    Number of faces shared with processor 147 = 649
    Number of faces shared with processor 148 = 446
    Number of faces shared with processor 149 = 2397
    Number of faces shared with processor 150 = 2376
    Number of faces shared with processor 153 = 3833
    Number of faces shared with processor 154 = 1884
    Number of faces shared with processor 155 = 2261
    Number of faces shared with processor 195 = 1101
    Number of faces shared with processor 198 = 233
    Number of faces shared with processor 200 = 1016
    Number of faces shared with processor 106 = 1544
    Number of processor patches = 16
    Number of processor faces = 21746
    Number of boundary faces = 0

Processor 152
    Number of cells = 158171
    Number of points = 184901
    Number of faces shared with processor 145 = 264
    Number of faces shared with processor 153 = 3187
    Number of faces shared with processor 154 = 532
    Number of faces shared with processor 155 = 946
    Number of faces shared with processor 346 = 1146
    Number of faces shared with processor 347 = 2784
    Number of faces shared with processor 348 = 1055
    Number of faces shared with processor 121 = 647
    Number of faces shared with processor 122 = 1037
    Number of faces shared with processor 123 = 1264
    Number of processor patches = 10
    Number of processor faces = 12862
    Number of boundary faces = 13713

Processor 153
    Number of cells = 155885
    Number of points = 172385
    Number of faces shared with processor 128 = 1114
    Number of faces shared with processor 129 = 260
    Number of faces shared with processor 145 = 892
    Number of faces shared with processor 151 = 3833
    Number of faces shared with processor 152 = 3187
    Number of faces shared with processor 154 = 1384
    Number of faces shared with processor 155 = 3284
    Number of faces shared with processor 195 = 1121
    Number of faces shared with processor 346 = 52
    Number of faces shared with processor 347 = 276
    Number of faces shared with processor 348 = 32
    Number of faces shared with processor 106 = 22
    Number of faces shared with processor 121 = 562
    Number of faces shared with processor 123 = 1082
    Number of faces shared with processor 124 = 1472
    Number of faces shared with processor 125 = 477
    Number of processor patches = 16
    Number of processor faces = 19050
    Number of boundary faces = 0

Processor 154
    Number of cells = 157727
    Number of points = 181133
    Number of faces shared with processor 144 = 1352
    Number of faces shared with processor 145 = 4134
    Number of faces shared with processor 147 = 1432
    Number of faces shared with processor 149 = 464
    Number of faces shared with processor 151 = 1884
    Number of faces shared with processor 152 = 532
    Number of faces shared with processor 153 = 1384
    Number of faces shared with processor 155 = 2188
    Number of faces shared with processor 195 = 36
    Number of faces shared with processor 348 = 820
    Number of processor patches = 10
    Number of processor faces = 14226
    Number of boundary faces = 12105

Processor 155
    Number of cells = 155562
    Number of points = 192135
    Number of faces shared with processor 128 = 1297
    Number of faces shared with processor 149 = 474
    Number of faces shared with processor 150 = 820
    Number of faces shared with processor 151 = 2261
    Number of faces shared with processor 152 = 946
    Number of faces shared with processor 153 = 3284
    Number of faces shared with processor 154 = 2188
    Number of faces shared with processor 123 = 1127
    Number of faces shared with processor 125 = 912
    Number of processor patches = 9
    Number of processor faces = 13309
    Number of boundary faces = 16179

Processor 156
    Number of cells = 158325
    Number of points = 170109
    Number of faces shared with processor 157 = 2749
    Number of faces shared with processor 158 = 2635
    Number of faces shared with processor 160 = 1905
    Number of faces shared with processor 162 = 1737
    Number of faces shared with processor 163 = 3302
    Number of faces shared with processor 164 = 2694
    Number of faces shared with processor 167 = 1849
    Number of faces shared with processor 169 = 1104
    Number of faces shared with processor 180 = 160
    Number of faces shared with processor 198 = 265
    Number of processor patches = 10
    Number of processor faces = 18400
    Number of boundary faces = 0

Processor 157
    Number of cells = 158485
    Number of points = 171691
    Number of faces shared with processor 156 = 2749
    Number of faces shared with processor 158 = 4135
    Number of faces shared with processor 159 = 357
    Number of faces shared with processor 160 = 2847
    Number of faces shared with processor 161 = 1033
    Number of faces shared with processor 164 = 920
    Number of faces shared with processor 165 = 53
    Number of faces shared with processor 167 = 52
    Number of faces shared with processor 169 = 161
    Number of faces shared with processor 198 = 189
    Number of faces shared with processor 201 = 3499
    Number of faces shared with processor 202 = 95
    Number of faces shared with processor 206 = 754
    Number of faces shared with processor 207 = 730
    Number of processor patches = 14
    Number of processor faces = 17574
    Number of boundary faces = 0

Processor 158
    Number of cells = 157782
    Number of points = 169970
    Number of faces shared with processor 156 = 2635
    Number of faces shared with processor 157 = 4135
    Number of faces shared with processor 159 = 2806
    Number of faces shared with processor 160 = 1283
    Number of faces shared with processor 162 = 1243
    Number of faces shared with processor 169 = 4875
    Number of faces shared with processor 170 = 100
    Number of faces shared with processor 174 = 2014
    Number of faces shared with processor 180 = 1220
    Number of faces shared with processor 201 = 48
    Number of faces shared with processor 206 = 740
    Number of faces shared with processor 207 = 247
    Number of processor patches = 12
    Number of processor faces = 21346
    Number of boundary faces = 0

Processor 159
    Number of cells = 158357
    Number of points = 170178
    Number of faces shared with processor 157 = 357
    Number of faces shared with processor 158 = 2806
    Number of faces shared with processor 160 = 3451
    Number of faces shared with processor 161 = 2890
    Number of faces shared with processor 162 = 673
    Number of faces shared with processor 172 = 1706
    Number of faces shared with processor 174 = 2185
    Number of faces shared with processor 180 = 288
    Number of faces shared with processor 181 = 2475
    Number of faces shared with processor 207 = 1061
    Number of processor patches = 10
    Number of processor faces = 17892
    Number of boundary faces = 2246

Processor 160
    Number of cells = 158054
    Number of points = 169544
    Number of faces shared with processor 156 = 1905
    Number of faces shared with processor 157 = 2847
    Number of faces shared with processor 158 = 1283
    Number of faces shared with processor 159 = 3451
    Number of faces shared with processor 161 = 3261
    Number of faces shared with processor 162 = 2439
    Number of faces shared with processor 165 = 38
    Number of faces shared with processor 166 = 1037
    Number of faces shared with processor 167 = 1246
    Number of faces shared with processor 181 = 249
    Number of faces shared with processor 202 = 7
    Number of processor patches = 11
    Number of processor faces = 17763
    Number of boundary faces = 0

Processor 161
    Number of cells = 155823
    Number of points = 175601
    Number of faces shared with processor 157 = 1033
    Number of faces shared with processor 159 = 2890
    Number of faces shared with processor 160 = 3261
    Number of faces shared with processor 162 = 1454
    Number of faces shared with processor 165 = 264
    Number of faces shared with processor 166 = 1002
    Number of faces shared with processor 201 = 289
    Number of faces shared with processor 202 = 1842
    Number of faces shared with processor 207 = 2206
    Number of processor patches = 9
    Number of processor faces = 14241
    Number of boundary faces = 12117

Processor 162
    Number of cells = 158617
    Number of points = 175192
    Number of faces shared with processor 156 = 1737
    Number of faces shared with processor 158 = 1243
    Number of faces shared with processor 159 = 673
    Number of faces shared with processor 160 = 2439
    Number of faces shared with processor 161 = 1454
    Number of faces shared with processor 163 = 2306
    Number of faces shared with processor 164 = 36
    Number of faces shared with processor 165 = 736
    Number of faces shared with processor 166 = 2297
    Number of faces shared with processor 167 = 1895
    Number of faces shared with processor 168 = 536
    Number of faces shared with processor 175 = 702
    Number of faces shared with processor 176 = 956
    Number of faces shared with processor 180 = 3257
    Number of faces shared with processor 181 = 3333
    Number of faces shared with processor 202 = 862
    Number of processor patches = 16
    Number of processor faces = 24462
    Number of boundary faces = 3814

Processor 163
    Number of cells = 158061
    Number of points = 170164
    Number of faces shared with processor 139 = 2665
    Number of faces shared with processor 140 = 2287
    Number of faces shared with processor 156 = 3302
    Number of faces shared with processor 162 = 2306
    Number of faces shared with processor 164 = 3376
    Number of faces shared with processor 167 = 4361
    Number of faces shared with processor 168 = 883
    Number of faces shared with processor 175 = 69
    Number of faces shared with processor 176 = 778
    Number of faces shared with processor 180 = 740
    Number of faces shared with processor 198 = 461
    Number of processor patches = 11
    Number of processor faces = 21228
    Number of boundary faces = 0

Processor 164
    Number of cells = 158624
    Number of points = 172675
    Number of faces shared with processor 132 = 1229
    Number of faces shared with processor 139 = 1343
    Number of faces shared with processor 140 = 948
    Number of faces shared with processor 156 = 2694
    Number of faces shared with processor 157 = 920
    Number of faces shared with processor 162 = 36
    Number of faces shared with processor 163 = 3376
    Number of faces shared with processor 169 = 2440
    Number of faces shared with processor 170 = 117
    Number of faces shared with processor 171 = 1177
    Number of faces shared with processor 176 = 1090
    Number of faces shared with processor 180 = 2365
    Number of faces shared with processor 195 = 226
    Number of faces shared with processor 198 = 1372
    Number of faces shared with processor 199 = 1124
    Number of faces shared with processor 200 = 1935
    Number of faces shared with processor 201 = 290
    Number of processor patches = 17
    Number of processor faces = 22682
    Number of boundary faces = 0

Processor 165
    Number of cells = 158059
    Number of points = 180692
    Number of faces shared with processor 3 = 802
    Number of faces shared with processor 4 = 2690
    Number of faces shared with processor 9 = 69
    Number of faces shared with processor 139 = 21
    Number of faces shared with processor 141 = 111
    Number of faces shared with processor 142 = 51
    Number of faces shared with processor 16 = 139
    Number of faces shared with processor 26 = 678
    Number of faces shared with processor 157 = 53
    Number of faces shared with processor 160 = 38
    Number of faces shared with processor 161 = 264
    Number of faces shared with processor 162 = 736
    Number of faces shared with processor 166 = 2984
    Number of faces shared with processor 167 = 1656
    Number of faces shared with processor 168 = 1623
    Number of faces shared with processor 198 = 195
    Number of faces shared with processor 201 = 91
    Number of faces shared with processor 202 = 68
    Number of faces shared with processor 351 = 143
    Number of processor patches = 19
    Number of processor faces = 12412
    Number of boundary faces = 13728

Processor 166
    Number of cells = 157429
    Number of points = 171556
    Number of faces shared with processor 160 = 1037
    Number of faces shared with processor 161 = 1002
    Number of faces shared with processor 162 = 2297
    Number of faces shared with processor 165 = 2984
    Number of faces shared with processor 167 = 2622
    Number of faces shared with processor 168 = 2151
    Number of faces shared with processor 175 = 1302
    Number of faces shared with processor 181 = 1708
    Number of processor patches = 8
    Number of processor faces = 15103
    Number of boundary faces = 7789

Processor 167
    Number of cells = 158151
    Number of points = 171695
    Number of faces shared with processor 9 = 302
    Number of faces shared with processor 139 = 1058
    Number of faces shared with processor 140 = 425
    Number of faces shared with processor 142 = 1346
    Number of faces shared with processor 156 = 1849
    Number of faces shared with processor 157 = 52
    Number of faces shared with processor 160 = 1246
    Number of faces shared with processor 162 = 1895
    Number of faces shared with processor 163 = 4361
    Number of faces shared with processor 165 = 1656
    Number of faces shared with processor 166 = 2622
    Number of faces shared with processor 168 = 3658
    Number of faces shared with processor 198 = 159
    Number of processor patches = 13
    Number of processor faces = 20629
    Number of boundary faces = 0

Processor 168
    Number of cells = 158285
    Number of points = 170277
    Number of faces shared with processor 3 = 179
    Number of faces shared with processor 4 = 2031
    Number of faces shared with processor 5 = 1459
    Number of faces shared with processor 7 = 8
    Number of faces shared with processor 8 = 1049
    Number of faces shared with processor 9 = 1478
    Number of faces shared with processor 140 = 2581
    Number of faces shared with processor 142 = 499
    Number of faces shared with processor 162 = 536
    Number of faces shared with processor 163 = 883
    Number of faces shared with processor 165 = 1623
    Number of faces shared with processor 166 = 2151
    Number of faces shared with processor 167 = 3658
    Number of faces shared with processor 175 = 2979
    Number of faces shared with processor 85 = 157
    Number of faces shared with processor 87 = 280
    Number of faces shared with processor 88 = 136
    Number of processor patches = 17
    Number of processor faces = 21687
    Number of boundary faces = 1354

Processor 169
    Number of cells = 158319
    Number of points = 171003
    Number of faces shared with processor 156 = 1104
    Number of faces shared with processor 157 = 161
    Number of faces shared with processor 158 = 4875
    Number of faces shared with processor 164 = 2440
    Number of faces shared with processor 170 = 4492
    Number of faces shared with processor 171 = 2448
    Number of faces shared with processor 173 = 969
    Number of faces shared with processor 174 = 1983
    Number of faces shared with processor 180 = 1815
    Number of faces shared with processor 200 = 120
    Number of faces shared with processor 201 = 44
    Number of faces shared with processor 206 = 445
    Number of processor patches = 12
    Number of processor faces = 20896
    Number of boundary faces = 0

Processor 170
    Number of cells = 157110
    Number of points = 171350
    Number of faces shared with processor 158 = 100
    Number of faces shared with processor 164 = 117
    Number of faces shared with processor 169 = 4492
    Number of faces shared with processor 171 = 3005
    Number of faces shared with processor 173 = 3026
    Number of faces shared with processor 195 = 180
    Number of faces shared with processor 196 = 316
    Number of faces shared with processor 200 = 1148
    Number of faces shared with processor 201 = 980
    Number of faces shared with processor 205 = 153
    Number of faces shared with processor 206 = 4085
    Number of processor patches = 11
    Number of processor faces = 17602
    Number of boundary faces = 0

Processor 171
    Number of cells = 157198
    Number of points = 168568
    Number of faces shared with processor 164 = 1177
    Number of faces shared with processor 169 = 2448
    Number of faces shared with processor 170 = 3005
    Number of faces shared with processor 173 = 1918
    Number of faces shared with processor 174 = 106
    Number of faces shared with processor 178 = 2301
    Number of faces shared with processor 180 = 1734
    Number of faces shared with processor 196 = 180
    Number of faces shared with processor 199 = 1585
    Number of faces shared with processor 200 = 2964
    Number of processor patches = 10
    Number of processor faces = 17418
    Number of boundary faces = 0

Processor 172
    Number of cells = 155599
    Number of points = 168881
    Number of faces shared with processor 159 = 1706
    Number of faces shared with processor 173 = 2820
    Number of faces shared with processor 174 = 3690
    Number of faces shared with processor 179 = 2151
    Number of faces shared with processor 181 = 1271
    Number of faces shared with processor 196 = 571
    Number of faces shared with processor 206 = 1194
    Number of faces shared with processor 207 = 1304
    Number of processor patches = 8
    Number of processor faces = 14707
    Number of boundary faces = 6251

Processor 173
    Number of cells = 157268
    Number of points = 168762
    Number of faces shared with processor 169 = 969
    Number of faces shared with processor 170 = 3026
    Number of faces shared with processor 171 = 1918
    Number of faces shared with processor 172 = 2820
    Number of faces shared with processor 174 = 3853
    Number of faces shared with processor 178 = 2001
    Number of faces shared with processor 179 = 1342
    Number of faces shared with processor 196 = 369
    Number of faces shared with processor 206 = 834
    Number of faces shared with processor 207 = 122
    Number of processor patches = 10
    Number of processor faces = 17254
    Number of boundary faces = 0

Processor 174
    Number of cells = 157552
    Number of points = 168686
    Number of faces shared with processor 158 = 2014
    Number of faces shared with processor 159 = 2185
    Number of faces shared with processor 169 = 1983
    Number of faces shared with processor 171 = 106
    Number of faces shared with processor 172 = 3690
    Number of faces shared with processor 173 = 3853
    Number of faces shared with processor 178 = 1159
    Number of faces shared with processor 179 = 914
    Number of faces shared with processor 180 = 2746
    Number of faces shared with processor 181 = 1294
    Number of faces shared with processor 206 = 126
    Number of faces shared with processor 207 = 442
    Number of processor patches = 12
    Number of processor faces = 20512
    Number of boundary faces = 0

Processor 175
    Number of cells = 157270
    Number of points = 169274
    Number of faces shared with processor 4 = 140
    Number of faces shared with processor 134 = 110
    Number of faces shared with processor 140 = 1539
    Number of faces shared with processor 162 = 702
    Number of faces shared with processor 163 = 69
    Number of faces shared with processor 166 = 1302
    Number of faces shared with processor 168 = 2979
    Number of faces shared with processor 176 = 3047
    Number of faces shared with processor 177 = 3627
    Number of faces shared with processor 179 = 1064
    Number of faces shared with processor 181 = 1778
    Number of faces shared with processor 197 = 436
    Number of faces shared with processor 87 = 1397
    Number of faces shared with processor 88 = 182
    Number of processor patches = 14
    Number of processor faces = 18372
    Number of boundary faces = 5176

Processor 176
    Number of cells = 157890
    Number of points = 169836
    Number of faces shared with processor 132 = 963
    Number of faces shared with processor 140 = 3021
    Number of faces shared with processor 162 = 956
    Number of faces shared with processor 163 = 778
    Number of faces shared with processor 164 = 1090
    Number of faces shared with processor 175 = 3047
    Number of faces shared with processor 177 = 3354
    Number of faces shared with processor 178 = 2482
    Number of faces shared with processor 179 = 298
    Number of faces shared with processor 180 = 3186
    Number of faces shared with processor 181 = 595
    Number of faces shared with processor 197 = 421
    Number of faces shared with processor 199 = 3251
    Number of processor patches = 13
    Number of processor faces = 23442
    Number of boundary faces = 0

Processor 177
    Number of cells = 157335
    Number of points = 169339
    Number of faces shared with processor 132 = 1084
    Number of faces shared with processor 133 = 123
    Number of faces shared with processor 134 = 419
    Number of faces shared with processor 135 = 915
    Number of faces shared with processor 140 = 1486
    Number of faces shared with processor 175 = 3627
    Number of faces shared with processor 176 = 3354
    Number of faces shared with processor 197 = 2526
    Number of faces shared with processor 198 = 174
    Number of faces shared with processor 199 = 2247
    Number of faces shared with processor 87 = 641
    Number of faces shared with processor 107 = 1265
    Number of faces shared with processor 108 = 995
    Number of faces shared with processor 109 = 99
    Number of faces shared with processor 112 = 1203
    Number of faces shared with processor 113 = 762
    Number of faces shared with processor 114 = 851
    Number of processor patches = 17
    Number of processor faces = 21771
    Number of boundary faces = 1763

Processor 178
    Number of cells = 156022
    Number of points = 167000
    Number of faces shared with processor 171 = 2301
    Number of faces shared with processor 173 = 2001
    Number of faces shared with processor 174 = 1159
    Number of faces shared with processor 176 = 2482
    Number of faces shared with processor 179 = 4231
    Number of faces shared with processor 180 = 2642
    Number of faces shared with processor 181 = 189
    Number of faces shared with processor 196 = 152
    Number of faces shared with processor 197 = 992
    Number of faces shared with processor 199 = 3029
    Number of processor patches = 10
    Number of processor faces = 19178
    Number of boundary faces = 0

Processor 179
    Number of cells = 156921
    Number of points = 168614
    Number of faces shared with processor 172 = 2151
    Number of faces shared with processor 173 = 1342
    Number of faces shared with processor 174 = 914
    Number of faces shared with processor 175 = 1064
    Number of faces shared with processor 176 = 298
    Number of faces shared with processor 178 = 4231
    Number of faces shared with processor 181 = 1621
    Number of faces shared with processor 196 = 952
    Number of faces shared with processor 197 = 1458
    Number of processor patches = 9
    Number of processor faces = 14031
    Number of boundary faces = 6065

Processor 180
    Number of cells = 157750
    Number of points = 169250
    Number of faces shared with processor 156 = 160
    Number of faces shared with processor 158 = 1220
    Number of faces shared with processor 159 = 288
    Number of faces shared with processor 162 = 3257
    Number of faces shared with processor 163 = 740
    Number of faces shared with processor 164 = 2365
    Number of faces shared with processor 169 = 1815
    Number of faces shared with processor 171 = 1734
    Number of faces shared with processor 174 = 2746
    Number of faces shared with processor 176 = 3186
    Number of faces shared with processor 178 = 2642
    Number of faces shared with processor 181 = 2004
    Number of faces shared with processor 199 = 411
    Number of processor patches = 13
    Number of processor faces = 22568
    Number of boundary faces = 0

Processor 181
    Number of cells = 157325
    Number of points = 168295
    Number of faces shared with processor 159 = 2475
    Number of faces shared with processor 160 = 249
    Number of faces shared with processor 162 = 3333
    Number of faces shared with processor 166 = 1708
    Number of faces shared with processor 172 = 1271
    Number of faces shared with processor 174 = 1294
    Number of faces shared with processor 175 = 1778
    Number of faces shared with processor 176 = 595
    Number of faces shared with processor 178 = 189
    Number of faces shared with processor 179 = 1621
    Number of faces shared with processor 180 = 2004
    Number of processor patches = 11
    Number of processor faces = 16517
    Number of boundary faces = 5011

Processor 182
    Number of cells = 155698
    Number of points = 181298
    Number of faces shared with processor 183 = 847
    Number of faces shared with processor 184 = 2045
    Number of faces shared with processor 188 = 2043
    Number of faces shared with processor 191 = 53
    Number of faces shared with processor 192 = 670
    Number of faces shared with processor 194 = 1345
    Number of faces shared with processor 195 = 44
    Number of processor patches = 7
    Number of processor faces = 7047
    Number of boundary faces = 20360

Processor 183
    Number of cells = 155620
    Number of points = 180651
    Number of faces shared with processor 182 = 847
    Number of faces shared with processor 184 = 2673
    Number of faces shared with processor 186 = 907
    Number of faces shared with processor 187 = 1152
    Number of faces shared with processor 195 = 2012
    Number of faces shared with processor 201 = 188
    Number of faces shared with processor 203 = 798
    Number of faces shared with processor 204 = 1953
    Number of processor patches = 8
    Number of processor faces = 10530
    Number of boundary faces = 19470

Processor 184
    Number of cells = 158143
    Number of points = 178960
    Number of faces shared with processor 182 = 2045
    Number of faces shared with processor 183 = 2673
    Number of faces shared with processor 186 = 2251
    Number of faces shared with processor 187 = 2235
    Number of faces shared with processor 188 = 1307
    Number of faces shared with processor 189 = 630
    Number of faces shared with processor 191 = 16
    Number of faces shared with processor 192 = 1301
    Number of faces shared with processor 195 = 194
    Number of faces shared with processor 201 = 1225
    Number of faces shared with processor 204 = 950
    Number of faces shared with processor 205 = 20
    Number of processor patches = 12
    Number of processor faces = 14847
    Number of boundary faces = 11587

Processor 185
    Number of cells = 155484
    Number of points = 180709
    Number of faces shared with processor 186 = 1300
    Number of faces shared with processor 187 = 2845
    Number of faces shared with processor 189 = 68
    Number of faces shared with processor 190 = 1271
    Number of faces shared with processor 191 = 5
    Number of faces shared with processor 201 = 92
    Number of faces shared with processor 202 = 171
    Number of faces shared with processor 203 = 1583
    Number of processor patches = 8
    Number of processor faces = 7335
    Number of boundary faces = 20251

Processor 186
    Number of cells = 155758
    Number of points = 180086
    Number of faces shared with processor 183 = 907
    Number of faces shared with processor 184 = 2251
    Number of faces shared with processor 185 = 1300
    Number of faces shared with processor 187 = 3107
    Number of faces shared with processor 188 = 1056
    Number of faces shared with processor 189 = 1289
    Number of faces shared with processor 190 = 300
    Number of processor patches = 7
    Number of processor faces = 10210
    Number of boundary faces = 19318

Processor 187
    Number of cells = 157162
    Number of points = 176259
    Number of faces shared with processor 183 = 1152
    Number of faces shared with processor 184 = 2235
    Number of faces shared with processor 185 = 2845
    Number of faces shared with processor 186 = 3107
    Number of faces shared with processor 189 = 2236
    Number of faces shared with processor 190 = 87
    Number of faces shared with processor 191 = 146
    Number of faces shared with processor 192 = 344
    Number of faces shared with processor 201 = 2635
    Number of faces shared with processor 203 = 1395
    Number of processor patches = 10
    Number of processor faces = 16182
    Number of boundary faces = 8745

Processor 188
    Number of cells = 155582
    Number of points = 179659
    Number of faces shared with processor 182 = 2043
    Number of faces shared with processor 184 = 1307
    Number of faces shared with processor 186 = 1056
    Number of faces shared with processor 189 = 2834
    Number of faces shared with processor 192 = 244
    Number of faces shared with processor 193 = 1220
    Number of faces shared with processor 194 = 262
    Number of processor patches = 7
    Number of processor faces = 8966
    Number of boundary faces = 19380

Processor 189
    Number of cells = 157365
    Number of points = 181634
    Number of faces shared with processor 184 = 630
    Number of faces shared with processor 185 = 68
    Number of faces shared with processor 186 = 1289
    Number of faces shared with processor 187 = 2236
    Number of faces shared with processor 188 = 2834
    Number of faces shared with processor 190 = 3082
    Number of faces shared with processor 191 = 378
    Number of faces shared with processor 192 = 2356
    Number of faces shared with processor 193 = 1077
    Number of processor patches = 9
    Number of processor faces = 13950
    Number of boundary faces = 15609

Processor 190
    Number of cells = 155660
    Number of points = 181651
    Number of faces shared with processor 185 = 1271
    Number of faces shared with processor 186 = 300
    Number of faces shared with processor 187 = 87
    Number of faces shared with processor 189 = 3082
    Number of faces shared with processor 191 = 162
    Number of faces shared with processor 192 = 2175
    Number of processor patches = 6
    Number of processor faces = 7077
    Number of boundary faces = 20982

Processor 191
    Number of cells = 158523
    Number of points = 177994
    Number of faces shared with processor 282 = 757
    Number of faces shared with processor 182 = 53
    Number of faces shared with processor 184 = 16
    Number of faces shared with processor 185 = 5
    Number of faces shared with processor 58 = 6
    Number of faces shared with processor 187 = 146
    Number of faces shared with processor 189 = 378
    Number of faces shared with processor 190 = 162
    Number of faces shared with processor 192 = 2976
    Number of faces shared with processor 193 = 309
    Number of faces shared with processor 194 = 567
    Number of faces shared with processor 195 = 80
    Number of faces shared with processor 196 = 19
    Number of faces shared with processor 201 = 561
    Number of faces shared with processor 205 = 22
    Number of processor patches = 15
    Number of processor faces = 6057
    Number of boundary faces = 12997

Processor 192
    Number of cells = 158359
    Number of points = 183808
    Number of faces shared with processor 182 = 670
    Number of faces shared with processor 184 = 1301
    Number of faces shared with processor 187 = 344
    Number of faces shared with processor 188 = 244
    Number of faces shared with processor 189 = 2356
    Number of faces shared with processor 190 = 2175
    Number of faces shared with processor 191 = 2976
    Number of faces shared with processor 193 = 2083
    Number of faces shared with processor 194 = 363
    Number of faces shared with processor 201 = 78
    Number of processor patches = 10
    Number of processor faces = 12590
    Number of boundary faces = 16327

Processor 193
    Number of cells = 155949
    Number of points = 180864
    Number of faces shared with processor 188 = 1220
    Number of faces shared with processor 189 = 1077
    Number of faces shared with processor 191 = 309
    Number of faces shared with processor 192 = 2083
    Number of faces shared with processor 194 = 2615
    Number of processor patches = 5
    Number of processor faces = 7304
    Number of boundary faces = 20400

Processor 194
    Number of cells = 156474
    Number of points = 181951
    Number of faces shared with processor 182 = 1345
    Number of faces shared with processor 188 = 262
    Number of faces shared with processor 191 = 567
    Number of faces shared with processor 192 = 363
    Number of faces shared with processor 193 = 2615
    Number of processor patches = 5
    Number of processor faces = 5152
    Number of boundary faces = 21641

Processor 195
    Number of cells = 157729
    Number of points = 182444
    Number of faces shared with processor 128 = 16
    Number of faces shared with processor 129 = 4
    Number of faces shared with processor 132 = 639
    Number of faces shared with processor 139 = 1552
    Number of faces shared with processor 141 = 918
    Number of faces shared with processor 143 = 193
    Number of faces shared with processor 144 = 149
    Number of faces shared with processor 145 = 211
    Number of faces shared with processor 146 = 83
    Number of faces shared with processor 19 = 792
    Number of faces shared with processor 148 = 438
    Number of faces shared with processor 151 = 1101
    Number of faces shared with processor 153 = 1121
    Number of faces shared with processor 154 = 36
    Number of faces shared with processor 282 = 1455
    Number of faces shared with processor 164 = 226
    Number of faces shared with processor 170 = 180
    Number of faces shared with processor 182 = 44
    Number of faces shared with processor 183 = 2012
    Number of faces shared with processor 184 = 194
    Number of faces shared with processor 58 = 183
    Number of faces shared with processor 191 = 80
    Number of faces shared with processor 196 = 237
    Number of faces shared with processor 198 = 1093
    Number of faces shared with processor 200 = 2332
    Number of faces shared with processor 201 = 492
    Number of faces shared with processor 204 = 1176
    Number of faces shared with processor 205 = 702
    Number of faces shared with processor 210 = 335
    Number of faces shared with processor 338 = 76
    Number of faces shared with processor 339 = 27
    Number of faces shared with processor 212 = 270
    Number of faces shared with processor 340 = 103
    Number of faces shared with processor 343 = 20
    Number of faces shared with processor 344 = 123
    Number of faces shared with processor 345 = 7
    Number of faces shared with processor 346 = 52
    Number of faces shared with processor 347 = 87
    Number of faces shared with processor 91 = 27
    Number of faces shared with processor 348 = 41
    Number of faces shared with processor 349 = 39
    Number of faces shared with processor 350 = 175
    Number of faces shared with processor 351 = 972
    Number of faces shared with processor 361 = 80
    Number of faces shared with processor 106 = 24
    Number of faces shared with processor 120 = 39
    Number of faces shared with processor 121 = 79
    Number of faces shared with processor 124 = 197
    Number of faces shared with processor 126 = 161
    Number of processor patches = 49
    Number of processor faces = 20593
    Number of boundary faces = 8404

Processor 196
    Number of cells = 155500
    Number of points = 181165
    Number of faces shared with processor 282 = 3
    Number of faces shared with processor 170 = 316
    Number of faces shared with processor 171 = 180
    Number of faces shared with processor 172 = 571
    Number of faces shared with processor 173 = 369
    Number of faces shared with processor 178 = 152
    Number of faces shared with processor 179 = 952
    Number of faces shared with processor 58 = 43
    Number of faces shared with processor 191 = 19
    Number of faces shared with processor 195 = 237
    Number of faces shared with processor 197 = 1573
    Number of faces shared with processor 198 = 31
    Number of faces shared with processor 199 = 174
    Number of faces shared with processor 200 = 544
    Number of faces shared with processor 201 = 42
    Number of faces shared with processor 205 = 676
    Number of faces shared with processor 206 = 1171
    Number of faces shared with processor 91 = 1068
    Number of faces shared with processor 107 = 70
    Number of faces shared with processor 111 = 89
    Number of faces shared with processor 126 = 199
    Number of processor patches = 21
    Number of processor faces = 8479
    Number of boundary faces = 19742

Processor 197
    Number of cells = 157231
    Number of points = 169147
    Number of faces shared with processor 175 = 436
    Number of faces shared with processor 176 = 421
    Number of faces shared with processor 177 = 2526
    Number of faces shared with processor 178 = 992
    Number of faces shared with processor 179 = 1458
    Number of faces shared with processor 196 = 1573
    Number of faces shared with processor 199 = 1330
    Number of faces shared with processor 107 = 1998
    Number of faces shared with processor 111 = 347
    Number of faces shared with processor 112 = 1454
    Number of processor patches = 10
    Number of processor faces = 12535
    Number of boundary faces = 4790

Processor 198
    Number of cells = 158230
    Number of points = 174320
    Number of faces shared with processor 132 = 636
    Number of faces shared with processor 139 = 1194
    Number of faces shared with processor 141 = 123
    Number of faces shared with processor 151 = 233
    Number of faces shared with processor 156 = 265
    Number of faces shared with processor 157 = 189
    Number of faces shared with processor 163 = 461
    Number of faces shared with processor 164 = 1372
    Number of faces shared with processor 165 = 195
    Number of faces shared with processor 167 = 159
    Number of faces shared with processor 177 = 174
    Number of faces shared with processor 195 = 1093
    Number of faces shared with processor 196 = 31
    Number of faces shared with processor 199 = 1341
    Number of faces shared with processor 200 = 1322
    Number of faces shared with processor 201 = 506
    Number of faces shared with processor 351 = 447
    Number of faces shared with processor 104 = 1246
    Number of faces shared with processor 106 = 5656
    Number of faces shared with processor 107 = 1206
    Number of faces shared with processor 108 = 2356
    Number of faces shared with processor 109 = 294
    Number of faces shared with processor 126 = 141
    Number of processor patches = 23
    Number of processor faces = 20640
    Number of boundary faces = 0

Processor 199
    Number of cells = 157930
    Number of points = 170576
    Number of faces shared with processor 132 = 2037
    Number of faces shared with processor 164 = 1124
    Number of faces shared with processor 171 = 1585
    Number of faces shared with processor 176 = 3251
    Number of faces shared with processor 177 = 2247
    Number of faces shared with processor 178 = 3029
    Number of faces shared with processor 180 = 411
    Number of faces shared with processor 196 = 174
    Number of faces shared with processor 197 = 1330
    Number of faces shared with processor 198 = 1341
    Number of faces shared with processor 200 = 4168
    Number of faces shared with processor 107 = 708
    Number of processor patches = 12
    Number of processor faces = 21405
    Number of boundary faces = 0

Processor 200
    Number of cells = 157491
    Number of points = 172063
    Number of faces shared with processor 132 = 2962
    Number of faces shared with processor 139 = 25
    Number of faces shared with processor 151 = 1016
    Number of faces shared with processor 164 = 1935
    Number of faces shared with processor 169 = 120
    Number of faces shared with processor 170 = 1148
    Number of faces shared with processor 171 = 2964
    Number of faces shared with processor 195 = 2332
    Number of faces shared with processor 196 = 544
    Number of faces shared with processor 198 = 1322
    Number of faces shared with processor 199 = 4168
    Number of faces shared with processor 201 = 30
    Number of faces shared with processor 106 = 35
    Number of faces shared with processor 126 = 17
    Number of processor patches = 14
    Number of processor faces = 18618
    Number of boundary faces = 0

Processor 201
    Number of cells = 158521
    Number of points = 175589
    Number of faces shared with processor 282 = 153
    Number of faces shared with processor 157 = 3499
    Number of faces shared with processor 158 = 48
    Number of faces shared with processor 161 = 289
    Number of faces shared with processor 164 = 290
    Number of faces shared with processor 165 = 91
    Number of faces shared with processor 169 = 44
    Number of faces shared with processor 170 = 980
    Number of faces shared with processor 183 = 188
    Number of faces shared with processor 184 = 1225
    Number of faces shared with processor 185 = 92
    Number of faces shared with processor 187 = 2635
    Number of faces shared with processor 191 = 561
    Number of faces shared with processor 192 = 78
    Number of faces shared with processor 195 = 492
    Number of faces shared with processor 196 = 42
    Number of faces shared with processor 198 = 506
    Number of faces shared with processor 200 = 30
    Number of faces shared with processor 202 = 1068
    Number of faces shared with processor 203 = 1280
    Number of faces shared with processor 204 = 3086
    Number of faces shared with processor 205 = 207
    Number of faces shared with processor 206 = 2510
    Number of faces shared with processor 207 = 769
    Number of faces shared with processor 351 = 118
    Number of processor patches = 25
    Number of processor faces = 20281
    Number of boundary faces = 223

Processor 202
    Number of cells = 155393
    Number of points = 181067
    Number of faces shared with processor 157 = 95
    Number of faces shared with processor 160 = 7
    Number of faces shared with processor 161 = 1842
    Number of faces shared with processor 162 = 862
    Number of faces shared with processor 165 = 68
    Number of faces shared with processor 185 = 171
    Number of faces shared with processor 201 = 1068
    Number of faces shared with processor 203 = 3185
    Number of faces shared with processor 207 = 654
    Number of processor patches = 9
    Number of processor faces = 7952
    Number of boundary faces = 20140

Processor 203
    Number of cells = 155484
    Number of points = 180137
    Number of faces shared with processor 183 = 798
    Number of faces shared with processor 185 = 1583
    Number of faces shared with processor 187 = 1395
    Number of faces shared with processor 201 = 1280
    Number of faces shared with processor 202 = 3185
    Number of faces shared with processor 204 = 1687
    Number of faces shared with processor 207 = 1005
    Number of processor patches = 7
    Number of processor faces = 10933
    Number of boundary faces = 19236

Processor 204
    Number of cells = 155392
    Number of points = 178405
    Number of faces shared with processor 183 = 1953
    Number of faces shared with processor 184 = 950
    Number of faces shared with processor 195 = 1176
    Number of faces shared with processor 201 = 3086
    Number of faces shared with processor 203 = 1687
    Number of faces shared with processor 205 = 3680
    Number of faces shared with processor 206 = 860
    Number of faces shared with processor 207 = 1376
    Number of processor patches = 8
    Number of processor faces = 14768
    Number of boundary faces = 14771

Processor 205
    Number of cells = 152358
    Number of points = 177498
    Number of faces shared with processor 170 = 153
    Number of faces shared with processor 184 = 20
    Number of faces shared with processor 191 = 22
    Number of faces shared with processor 195 = 702
    Number of faces shared with processor 196 = 676
    Number of faces shared with processor 201 = 207
    Number of faces shared with processor 204 = 3680
    Number of faces shared with processor 206 = 2736
    Number of faces shared with processor 207 = 893
    Number of processor patches = 9
    Number of processor faces = 9089
    Number of boundary faces = 19115

Processor 206
    Number of cells = 155729
    Number of points = 175106
    Number of faces shared with processor 157 = 754
    Number of faces shared with processor 158 = 740
    Number of faces shared with processor 169 = 445
    Number of faces shared with processor 170 = 4085
    Number of faces shared with processor 172 = 1194
    Number of faces shared with processor 173 = 834
    Number of faces shared with processor 174 = 126
    Number of faces shared with processor 196 = 1171
    Number of faces shared with processor 201 = 2510
    Number of faces shared with processor 204 = 860
    Number of faces shared with processor 205 = 2736
    Number of faces shared with processor 207 = 3085
    Number of processor patches = 12
    Number of processor faces = 18540
    Number of boundary faces = 7925

Processor 207
    Number of cells = 155858
    Number of points = 177541
    Number of faces shared with processor 157 = 730
    Number of faces shared with processor 158 = 247
    Number of faces shared with processor 159 = 1061
    Number of faces shared with processor 161 = 2206
    Number of faces shared with processor 172 = 1304
    Number of faces shared with processor 173 = 122
    Number of faces shared with processor 174 = 442
    Number of faces shared with processor 201 = 769
    Number of faces shared with processor 202 = 654
    Number of faces shared with processor 203 = 1005
    Number of faces shared with processor 204 = 1376
    Number of faces shared with processor 205 = 893
    Number of faces shared with processor 206 = 3085
    Number of processor patches = 13
    Number of processor faces = 13894
    Number of boundary faces = 14483

Processor 208
    Number of cells = 158105
    Number of points = 187583
    Number of faces shared with processor 282 = 62
    Number of faces shared with processor 284 = 7
    Number of faces shared with processor 209 = 1072
    Number of faces shared with processor 210 = 2073
    Number of faces shared with processor 211 = 697
    Number of faces shared with processor 214 = 1933
    Number of faces shared with processor 215 = 107
    Number of faces shared with processor 216 = 1500
    Number of faces shared with processor 357 = 2745
    Number of faces shared with processor 358 = 1448
    Number of faces shared with processor 359 = 1491
    Number of faces shared with processor 360 = 1018
    Number of faces shared with processor 363 = 3
    Number of processor patches = 13
    Number of processor faces = 14156
    Number of boundary faces = 14652

Processor 209
    Number of cells = 156511
    Number of points = 179800
    Number of faces shared with processor 208 = 1072
    Number of faces shared with processor 210 = 5406
    Number of faces shared with processor 211 = 3819
    Number of faces shared with processor 212 = 2861
    Number of faces shared with processor 215 = 59
    Number of faces shared with processor 216 = 1659
    Number of faces shared with processor 217 = 94
    Number of faces shared with processor 345 = 1401
    Number of faces shared with processor 360 = 1510
    Number of faces shared with processor 117 = 463
    Number of processor patches = 10
    Number of processor faces = 18344
    Number of boundary faces = 8385

Processor 210
    Number of cells = 155702
    Number of points = 183675
    Number of faces shared with processor 282 = 368
    Number of faces shared with processor 58 = 33
    Number of faces shared with processor 195 = 335
    Number of faces shared with processor 208 = 2073
    Number of faces shared with processor 209 = 5406
    Number of faces shared with processor 211 = 43
    Number of faces shared with processor 212 = 311
    Number of faces shared with processor 215 = 243
    Number of faces shared with processor 216 = 41
    Number of faces shared with processor 345 = 225
    Number of faces shared with processor 217 = 66
    Number of faces shared with processor 357 = 1636
    Number of faces shared with processor 360 = 3368
    Number of faces shared with processor 361 = 1436
    Number of faces shared with processor 363 = 48
    Number of processor patches = 15
    Number of processor faces = 15632
    Number of boundary faces = 8920

Processor 211
    Number of cells = 157966
    Number of points = 180186
    Number of faces shared with processor 208 = 697
    Number of faces shared with processor 209 = 3819
    Number of faces shared with processor 210 = 43
    Number of faces shared with processor 212 = 2165
    Number of faces shared with processor 213 = 1552
    Number of faces shared with processor 216 = 2576
    Number of faces shared with processor 217 = 269
    Number of faces shared with processor 218 = 1538
    Number of faces shared with processor 360 = 558
    Number of faces shared with processor 117 = 513
    Number of processor patches = 10
    Number of processor faces = 13730
    Number of boundary faces = 14253

Processor 212
    Number of cells = 158441
    Number of points = 171794
    Number of faces shared with processor 58 = 62
    Number of faces shared with processor 59 = 239
    Number of faces shared with processor 195 = 270
    Number of faces shared with processor 209 = 2861
    Number of faces shared with processor 210 = 311
    Number of faces shared with processor 211 = 2165
    Number of faces shared with processor 213 = 2332
    Number of faces shared with processor 345 = 1504
    Number of faces shared with processor 217 = 457
    Number of faces shared with processor 117 = 2497
    Number of faces shared with processor 119 = 1928
    Number of faces shared with processor 120 = 2757
    Number of faces shared with processor 121 = 17
    Number of faces shared with processor 124 = 21
    Number of processor patches = 14
    Number of processor faces = 17421
    Number of boundary faces = 863

Processor 213
    Number of cells = 156192
    Number of points = 180770
    Number of faces shared with processor 59 = 200
    Number of faces shared with processor 211 = 1552
    Number of faces shared with processor 212 = 2332
    Number of faces shared with processor 217 = 433
    Number of faces shared with processor 218 = 2461
    Number of faces shared with processor 117 = 301
    Number of faces shared with processor 119 = 2961
    Number of processor patches = 7
    Number of processor faces = 10240
    Number of boundary faces = 14637

Processor 214
    Number of cells = 157520
    Number of points = 182718
    Number of faces shared with processor 272 = 746
    Number of faces shared with processor 284 = 67
    Number of faces shared with processor 299 = 1438
    Number of faces shared with processor 305 = 858
    Number of faces shared with processor 306 = 1201
    Number of faces shared with processor 308 = 171
    Number of faces shared with processor 208 = 1933
    Number of faces shared with processor 215 = 2297
    Number of faces shared with processor 216 = 1642
    Number of faces shared with processor 358 = 987
    Number of processor patches = 10
    Number of processor faces = 11340
    Number of boundary faces = 14369

Processor 215
    Number of cells = 157612
    Number of points = 173525
    Number of faces shared with processor 269 = 962
    Number of faces shared with processor 270 = 99
    Number of faces shared with processor 272 = 1364
    Number of faces shared with processor 282 = 109
    Number of faces shared with processor 284 = 3619
    Number of faces shared with processor 288 = 14
    Number of faces shared with processor 290 = 272
    Number of faces shared with processor 299 = 217
    Number of faces shared with processor 306 = 162
    Number of faces shared with processor 308 = 459
    Number of faces shared with processor 58 = 656
    Number of faces shared with processor 208 = 107
    Number of faces shared with processor 209 = 59
    Number of faces shared with processor 210 = 243
    Number of faces shared with processor 214 = 2297
    Number of faces shared with processor 216 = 2200
    Number of faces shared with processor 217 = 894
    Number of faces shared with processor 219 = 1908
    Number of faces shared with processor 220 = 1925
    Number of faces shared with processor 358 = 1
    Number of processor patches = 20
    Number of processor faces = 17567
    Number of boundary faces = 4389

Processor 216
    Number of cells = 158054
    Number of points = 178493
    Number of faces shared with processor 208 = 1500
    Number of faces shared with processor 209 = 1659
    Number of faces shared with processor 210 = 41
    Number of faces shared with processor 211 = 2576
    Number of faces shared with processor 214 = 1642
    Number of faces shared with processor 215 = 2200
    Number of faces shared with processor 217 = 505
    Number of faces shared with processor 218 = 1550
    Number of faces shared with processor 219 = 1368
    Number of processor patches = 9
    Number of processor faces = 13041
    Number of boundary faces = 11919

Processor 217
    Number of cells = 158624
    Number of points = 176894
    Number of faces shared with processor 58 = 1443
    Number of faces shared with processor 59 = 1665
    Number of faces shared with processor 209 = 94
    Number of faces shared with processor 210 = 66
    Number of faces shared with processor 211 = 269
    Number of faces shared with processor 212 = 457
    Number of faces shared with processor 213 = 433
    Number of faces shared with processor 215 = 894
    Number of faces shared with processor 216 = 505
    Number of faces shared with processor 218 = 3627
    Number of faces shared with processor 219 = 2550
    Number of faces shared with processor 220 = 2576
    Number of faces shared with processor 227 = 144
    Number of faces shared with processor 232 = 3075
    Number of faces shared with processor 233 = 1080
    Number of faces shared with processor 119 = 123
    Number of processor patches = 16
    Number of processor faces = 19001
    Number of boundary faces = 6860

Processor 218
    Number of cells = 157675
    Number of points = 176235
    Number of faces shared with processor 59 = 2003
    Number of faces shared with processor 211 = 1538
    Number of faces shared with processor 213 = 2461
    Number of faces shared with processor 216 = 1550
    Number of faces shared with processor 217 = 3627
    Number of faces shared with processor 219 = 1772
    Number of faces shared with processor 232 = 430
    Number of faces shared with processor 119 = 209
    Number of processor patches = 8
    Number of processor faces = 13590
    Number of boundary faces = 11714

Processor 219
    Number of cells = 156988
    Number of points = 175478
    Number of faces shared with processor 272 = 2076
    Number of faces shared with processor 215 = 1908
    Number of faces shared with processor 216 = 1368
    Number of faces shared with processor 217 = 2550
    Number of faces shared with processor 218 = 1772
    Number of faces shared with processor 220 = 2643
    Number of processor patches = 6
    Number of processor faces = 12317
    Number of boundary faces = 11424

Processor 220
    Number of cells = 158373
    Number of points = 172980
    Number of faces shared with processor 267 = 176
    Number of faces shared with processor 269 = 2026
    Number of faces shared with processor 272 = 574
    Number of faces shared with processor 58 = 1484
    Number of faces shared with processor 215 = 1925
    Number of faces shared with processor 217 = 2576
    Number of faces shared with processor 219 = 2643
    Number of faces shared with processor 227 = 2109
    Number of faces shared with processor 229 = 84
    Number of faces shared with processor 232 = 101
    Number of faces shared with processor 233 = 2537
    Number of processor patches = 11
    Number of processor faces = 16235
    Number of boundary faces = 6290

Processor 221
    Number of cells = 157798
    Number of points = 187867
    Number of faces shared with processor 61 = 26
    Number of faces shared with processor 91 = 923
    Number of faces shared with processor 222 = 1424
    Number of faces shared with processor 223 = 1411
    Number of faces shared with processor 225 = 1248
    Number of faces shared with processor 102 = 1198
    Number of faces shared with processor 241 = 804
    Number of faces shared with processor 242 = 639
    Number of faces shared with processor 243 = 139
    Number of faces shared with processor 245 = 2007
    Number of faces shared with processor 246 = 641
    Number of processor patches = 11
    Number of processor faces = 10460
    Number of boundary faces = 16342

Processor 222
    Number of cells = 156171
    Number of points = 184767
    Number of faces shared with processor 61 = 1446
    Number of faces shared with processor 62 = 382
    Number of faces shared with processor 63 = 62
    Number of faces shared with processor 221 = 1424
    Number of faces shared with processor 223 = 2593
    Number of faces shared with processor 101 = 1122
    Number of faces shared with processor 102 = 1091
    Number of processor patches = 7
    Number of processor faces = 8120
    Number of boundary faces = 17608

Processor 223
    Number of cells = 155808
    Number of points = 183034
    Number of faces shared with processor 61 = 513
    Number of faces shared with processor 63 = 334
    Number of faces shared with processor 221 = 1411
    Number of faces shared with processor 222 = 2593
    Number of faces shared with processor 225 = 1163
    Number of faces shared with processor 226 = 1529
    Number of faces shared with processor 102 = 46
    Number of faces shared with processor 231 = 1318
    Number of processor patches = 8
    Number of processor faces = 8907
    Number of boundary faces = 17913

Processor 224
    Number of cells = 155484
    Number of points = 180351
    Number of faces shared with processor 225 = 1080
    Number of faces shared with processor 226 = 2111
    Number of faces shared with processor 228 = 1237
    Number of faces shared with processor 229 = 2403
    Number of faces shared with processor 230 = 569
    Number of faces shared with processor 233 = 479
    Number of faces shared with processor 234 = 223
    Number of faces shared with processor 236 = 447
    Number of faces shared with processor 239 = 654
    Number of processor patches = 9
    Number of processor faces = 9203
    Number of boundary faces = 16144

Processor 225
    Number of cells = 155807
    Number of points = 185281
    Number of faces shared with processor 221 = 1248
    Number of faces shared with processor 223 = 1163
    Number of faces shared with processor 224 = 1080
    Number of faces shared with processor 226 = 1747
    Number of faces shared with processor 229 = 503
    Number of faces shared with processor 234 = 34
    Number of faces shared with processor 239 = 460
    Number of faces shared with processor 240 = 1659
    Number of faces shared with processor 241 = 1920
    Number of faces shared with processor 242 = 56
    Number of faces shared with processor 243 = 211
    Number of processor patches = 11
    Number of processor faces = 10081
    Number of boundary faces = 17006

Processor 226
    Number of cells = 155629
    Number of points = 179949
    Number of faces shared with processor 63 = 53
    Number of faces shared with processor 223 = 1529
    Number of faces shared with processor 224 = 2111
    Number of faces shared with processor 225 = 1747
    Number of faces shared with processor 229 = 461
    Number of faces shared with processor 230 = 1077
    Number of faces shared with processor 231 = 989
    Number of faces shared with processor 232 = 82
    Number of faces shared with processor 233 = 14
    Number of processor patches = 9
    Number of processor faces = 8063
    Number of boundary faces = 17451

Processor 227
    Number of cells = 155596
    Number of points = 180712
    Number of faces shared with processor 267 = 1022
    Number of faces shared with processor 269 = 115
    Number of faces shared with processor 271 = 882
    Number of faces shared with processor 272 = 150
    Number of faces shared with processor 217 = 144
    Number of faces shared with processor 220 = 2109
    Number of faces shared with processor 229 = 1820
    Number of faces shared with processor 233 = 1936
    Number of processor patches = 8
    Number of processor faces = 8178
    Number of boundary faces = 18528

Processor 228
    Number of cells = 154104
    Number of points = 180905
    Number of faces shared with processor 266 = 1135
    Number of faces shared with processor 267 = 2653
    Number of faces shared with processor 224 = 1237
    Number of faces shared with processor 229 = 3066
    Number of faces shared with processor 234 = 15
    Number of faces shared with processor 236 = 3508
    Number of processor patches = 6
    Number of processor faces = 11614
    Number of boundary faces = 16297

Processor 229
    Number of cells = 155484
    Number of points = 181092
    Number of faces shared with processor 258 = 64
    Number of faces shared with processor 259 = 514
    Number of faces shared with processor 266 = 53
    Number of faces shared with processor 267 = 897
    Number of faces shared with processor 319 = 51
    Number of faces shared with processor 323 = 237
    Number of faces shared with processor 220 = 84
    Number of faces shared with processor 224 = 2403
    Number of faces shared with processor 225 = 503
    Number of faces shared with processor 226 = 461
    Number of faces shared with processor 227 = 1820
    Number of faces shared with processor 228 = 3066
    Number of faces shared with processor 230 = 38
    Number of faces shared with processor 233 = 1077
    Number of faces shared with processor 234 = 554
    Number of faces shared with processor 236 = 1205
    Number of faces shared with processor 237 = 176
    Number of faces shared with processor 365 = 124
    Number of faces shared with processor 367 = 156
    Number of faces shared with processor 240 = 26
    Number of faces shared with processor 368 = 1168
    Number of faces shared with processor 369 = 131
    Number of faces shared with processor 370 = 308
    Number of faces shared with processor 243 = 551
    Number of faces shared with processor 371 = 687
    Number of faces shared with processor 372 = 84
    Number of faces shared with processor 247 = 92
    Number of faces shared with processor 253 = 866
    Number of faces shared with processor 255 = 486
    Number of processor patches = 29
    Number of processor faces = 17882
    Number of boundary faces = 15797

Processor 230
    Number of cells = 155537
    Number of points = 178925
    Number of faces shared with processor 224 = 569
    Number of faces shared with processor 226 = 1077
    Number of faces shared with processor 229 = 38
    Number of faces shared with processor 231 = 1463
    Number of faces shared with processor 232 = 1619
    Number of faces shared with processor 233 = 1941
    Number of processor patches = 6
    Number of processor faces = 6707
    Number of boundary faces = 17902

Processor 231
    Number of cells = 155941
    Number of points = 181986
    Number of faces shared with processor 60 = 656
    Number of faces shared with processor 61 = 571
    Number of faces shared with processor 63 = 2470
    Number of faces shared with processor 223 = 1318
    Number of faces shared with processor 226 = 989
    Number of faces shared with processor 230 = 1463
    Number of faces shared with processor 232 = 598
    Number of processor patches = 7
    Number of processor faces = 8065
    Number of boundary faces = 18715

Processor 232
    Number of cells = 158013
    Number of points = 173838
    Number of faces shared with processor 58 = 831
    Number of faces shared with processor 59 = 2470
    Number of faces shared with processor 60 = 213
    Number of faces shared with processor 63 = 2853
    Number of faces shared with processor 217 = 3075
    Number of faces shared with processor 218 = 430
    Number of faces shared with processor 220 = 101
    Number of faces shared with processor 226 = 82
    Number of faces shared with processor 230 = 1619
    Number of faces shared with processor 231 = 598
    Number of faces shared with processor 233 = 3962
    Number of processor patches = 11
    Number of processor faces = 16234
    Number of boundary faces = 7368

Processor 233
    Number of cells = 156640
    Number of points = 178211
    Number of faces shared with processor 58 = 79
    Number of faces shared with processor 217 = 1080
    Number of faces shared with processor 220 = 2537
    Number of faces shared with processor 224 = 479
    Number of faces shared with processor 226 = 14
    Number of faces shared with processor 227 = 1936
    Number of faces shared with processor 229 = 1077
    Number of faces shared with processor 230 = 1941
    Number of faces shared with processor 232 = 3962
    Number of processor patches = 9
    Number of processor faces = 13105
    Number of boundary faces = 13682

Processor 234
    Number of cells = 157832
    Number of points = 186871
    Number of faces shared with processor 258 = 1739
    Number of faces shared with processor 224 = 223
    Number of faces shared with processor 225 = 34
    Number of faces shared with processor 228 = 15
    Number of faces shared with processor 229 = 554
    Number of faces shared with processor 235 = 1932
    Number of faces shared with processor 236 = 1097
    Number of faces shared with processor 237 = 1193
    Number of faces shared with processor 239 = 1602
    Number of faces shared with processor 240 = 1235
    Number of faces shared with processor 243 = 479
    Number of faces shared with processor 253 = 172
    Number of faces shared with processor 254 = 52
    Number of faces shared with processor 255 = 1097
    Number of processor patches = 14
    Number of processor faces = 11424
    Number of boundary faces = 24231

Processor 235
    Number of cells = 156556
    Number of points = 186358
    Number of faces shared with processor 258 = 518
    Number of faces shared with processor 234 = 1932
    Number of faces shared with processor 236 = 3684
    Number of faces shared with processor 237 = 2007
    Number of faces shared with processor 238 = 1629
    Number of faces shared with processor 239 = 137
    Number of faces shared with processor 250 = 381
    Number of faces shared with processor 251 = 1218
    Number of processor patches = 8
    Number of processor faces = 11506
    Number of boundary faces = 24921

Processor 236
    Number of cells = 155560
    Number of points = 184865
    Number of faces shared with processor 258 = 1045
    Number of faces shared with processor 266 = 2227
    Number of faces shared with processor 267 = 5
    Number of faces shared with processor 224 = 447
    Number of faces shared with processor 228 = 3508
    Number of faces shared with processor 229 = 1205
    Number of faces shared with processor 234 = 1097
    Number of faces shared with processor 235 = 3684
    Number of faces shared with processor 237 = 267
    Number of faces shared with processor 238 = 112
    Number of faces shared with processor 239 = 515
    Number of faces shared with processor 251 = 104
    Number of faces shared with processor 252 = 511
    Number of processor patches = 13
    Number of processor faces = 14727
    Number of boundary faces = 14684

Processor 237
    Number of cells = 156105
    Number of points = 184434
    Number of faces shared with processor 229 = 176
    Number of faces shared with processor 234 = 1193
    Number of faces shared with processor 235 = 2007
    Number of faces shared with processor 236 = 267
    Number of faces shared with processor 238 = 2671
    Number of faces shared with processor 239 = 404
    Number of faces shared with processor 250 = 181
    Number of faces shared with processor 253 = 859
    Number of faces shared with processor 255 = 1881
    Number of processor patches = 9
    Number of processor faces = 9639
    Number of boundary faces = 25154

Processor 238
    Number of cells = 155492
    Number of points = 185361
    Number of faces shared with processor 235 = 1629
    Number of faces shared with processor 236 = 112
    Number of faces shared with processor 237 = 2671
    Number of faces shared with processor 239 = 2562
    Number of faces shared with processor 250 = 1550
    Number of faces shared with processor 253 = 416
    Number of processor patches = 6
    Number of processor faces = 8940
    Number of boundary faces = 22953

Processor 239
    Number of cells = 155896
    Number of points = 182648
    Number of faces shared with processor 224 = 654
    Number of faces shared with processor 225 = 460
    Number of faces shared with processor 234 = 1602
    Number of faces shared with processor 235 = 137
    Number of faces shared with processor 236 = 515
    Number of faces shared with processor 237 = 404
    Number of faces shared with processor 238 = 2562
    Number of faces shared with processor 240 = 2317
    Number of faces shared with processor 243 = 235
    Number of faces shared with processor 253 = 772
    Number of processor patches = 10
    Number of processor faces = 9658
    Number of boundary faces = 19310

Processor 240
    Number of cells = 157909
    Number of points = 184749
    Number of faces shared with processor 225 = 1659
    Number of faces shared with processor 229 = 26
    Number of faces shared with processor 234 = 1235
    Number of faces shared with processor 239 = 2317
    Number of faces shared with processor 241 = 946
    Number of faces shared with processor 242 = 1402
    Number of faces shared with processor 243 = 2312
    Number of processor patches = 7
    Number of processor faces = 9897
    Number of boundary faces = 17209

Processor 241
    Number of cells = 155484
    Number of points = 184257
    Number of faces shared with processor 221 = 804
    Number of faces shared with processor 225 = 1920
    Number of faces shared with processor 240 = 946
    Number of faces shared with processor 242 = 2980
    Number of faces shared with processor 243 = 465
    Number of faces shared with processor 246 = 985
    Number of processor patches = 6
    Number of processor faces = 8100
    Number of boundary faces = 20378

Processor 242
    Number of cells = 155542
    Number of points = 186996
    Number of faces shared with processor 221 = 639
    Number of faces shared with processor 225 = 56
    Number of faces shared with processor 240 = 1402
    Number of faces shared with processor 241 = 2980
    Number of faces shared with processor 243 = 310
    Number of faces shared with processor 245 = 997
    Number of faces shared with processor 246 = 2318
    Number of processor patches = 7
    Number of processor faces = 8702
    Number of boundary faces = 21512

Processor 243
    Number of cells = 157771
    Number of points = 186169
    Number of faces shared with processor 31 = 252
    Number of faces shared with processor 318 = 89
    Number of faces shared with processor 319 = 86
    Number of faces shared with processor 321 = 26
    Number of faces shared with processor 322 = 1522
    Number of faces shared with processor 323 = 1367
    Number of faces shared with processor 221 = 139
    Number of faces shared with processor 225 = 211
    Number of faces shared with processor 229 = 551
    Number of faces shared with processor 234 = 479
    Number of faces shared with processor 239 = 235
    Number of faces shared with processor 240 = 2312
    Number of faces shared with processor 241 = 465
    Number of faces shared with processor 242 = 310
    Number of faces shared with processor 244 = 462
    Number of faces shared with processor 245 = 193
    Number of faces shared with processor 246 = 2063
    Number of faces shared with processor 253 = 1251
    Number of processor patches = 18
    Number of processor faces = 12013
    Number of boundary faces = 16180

Processor 244
    Number of cells = 155680
    Number of points = 184763
    Number of faces shared with processor 31 = 597
    Number of faces shared with processor 322 = 1884
    Number of faces shared with processor 96 = 1972
    Number of faces shared with processor 243 = 462
    Number of faces shared with processor 245 = 417
    Number of faces shared with processor 246 = 2528
    Number of processor patches = 6
    Number of processor faces = 7860
    Number of boundary faces = 20949

Processor 245
    Number of cells = 158491
    Number of points = 187237
    Number of faces shared with processor 31 = 140
    Number of faces shared with processor 41 = 291
    Number of faces shared with processor 91 = 1224
    Number of faces shared with processor 221 = 2007
    Number of faces shared with processor 95 = 3217
    Number of faces shared with processor 96 = 1087
    Number of faces shared with processor 102 = 150
    Number of faces shared with processor 103 = 40
    Number of faces shared with processor 242 = 997
    Number of faces shared with processor 243 = 193
    Number of faces shared with processor 244 = 417
    Number of faces shared with processor 246 = 1695
    Number of processor patches = 12
    Number of processor faces = 11458
    Number of boundary faces = 21068

Processor 246
    Number of cells = 155896
    Number of points = 185572
    Number of faces shared with processor 221 = 641
    Number of faces shared with processor 241 = 985
    Number of faces shared with processor 242 = 2318
    Number of faces shared with processor 243 = 2063
    Number of faces shared with processor 244 = 2528
    Number of faces shared with processor 245 = 1695
    Number of processor patches = 6
    Number of processor faces = 10230
    Number of boundary faces = 19787

Processor 247
    Number of cells = 157749
    Number of points = 182763
    Number of faces shared with processor 256 = 1584
    Number of faces shared with processor 257 = 108
    Number of faces shared with processor 259 = 189
    Number of faces shared with processor 260 = 429
    Number of faces shared with processor 261 = 1064
    Number of faces shared with processor 390 = 1518
    Number of faces shared with processor 268 = 184
    Number of faces shared with processor 396 = 82
    Number of faces shared with processor 229 = 92
    Number of faces shared with processor 364 = 89
    Number of faces shared with processor 368 = 99
    Number of faces shared with processor 369 = 1505
    Number of faces shared with processor 248 = 727
    Number of faces shared with processor 249 = 681
    Number of faces shared with processor 251 = 1165
    Number of faces shared with processor 379 = 2089
    Number of faces shared with processor 252 = 586
    Number of processor patches = 17
    Number of processor faces = 12191
    Number of boundary faces = 17020

Processor 248
    Number of cells = 156235
    Number of points = 182597
    Number of faces shared with processor 259 = 474
    Number of faces shared with processor 260 = 918
    Number of faces shared with processor 266 = 298
    Number of faces shared with processor 247 = 727
    Number of faces shared with processor 249 = 2028
    Number of faces shared with processor 252 = 1029
    Number of processor patches = 6
    Number of processor faces = 5474
    Number of boundary faces = 22867

Processor 249
    Number of cells = 158061
    Number of points = 184876
    Number of faces shared with processor 256 = 1524
    Number of faces shared with processor 257 = 360
    Number of faces shared with processor 247 = 681
    Number of faces shared with processor 248 = 2028
    Number of faces shared with processor 250 = 650
    Number of faces shared with processor 251 = 673
    Number of faces shared with processor 254 = 676
    Number of processor patches = 7
    Number of processor faces = 6592
    Number of boundary faces = 22500

Processor 250
    Number of cells = 156178
    Number of points = 191873
    Number of faces shared with processor 235 = 381
    Number of faces shared with processor 237 = 181
    Number of faces shared with processor 238 = 1550
    Number of faces shared with processor 249 = 650
    Number of faces shared with processor 251 = 3746
    Number of faces shared with processor 254 = 1582
    Number of faces shared with processor 255 = 1207
    Number of processor patches = 7
    Number of processor faces = 9297
    Number of boundary faces = 21856

Processor 251
    Number of cells = 155800
    Number of points = 191297
    Number of faces shared with processor 258 = 514
    Number of faces shared with processor 235 = 1218
    Number of faces shared with processor 236 = 104
    Number of faces shared with processor 247 = 1165
    Number of faces shared with processor 249 = 673
    Number of faces shared with processor 250 = 3746
    Number of faces shared with processor 252 = 2491
    Number of faces shared with processor 254 = 249
    Number of processor patches = 8
    Number of processor faces = 10160
    Number of boundary faces = 20105

Processor 252
    Number of cells = 155503
    Number of points = 187976
    Number of faces shared with processor 258 = 1464
    Number of faces shared with processor 259 = 996
    Number of faces shared with processor 260 = 591
    Number of faces shared with processor 266 = 1037
    Number of faces shared with processor 236 = 511
    Number of faces shared with processor 247 = 586
    Number of faces shared with processor 248 = 1029
    Number of faces shared with processor 251 = 2491
    Number of processor patches = 8
    Number of processor faces = 8705
    Number of boundary faces = 22135

Processor 253
    Number of cells = 157860
    Number of points = 183183
    Number of faces shared with processor 323 = 1000
    Number of faces shared with processor 229 = 866
    Number of faces shared with processor 234 = 172
    Number of faces shared with processor 237 = 859
    Number of faces shared with processor 238 = 416
    Number of faces shared with processor 239 = 772
    Number of faces shared with processor 368 = 186
    Number of faces shared with processor 243 = 1251
    Number of faces shared with processor 371 = 1485
    Number of faces shared with processor 255 = 1090
    Number of processor patches = 10
    Number of processor faces = 8097
    Number of boundary faces = 16261

Processor 254
    Number of cells = 157894
    Number of points = 189716
    Number of faces shared with processor 256 = 683
    Number of faces shared with processor 257 = 558
    Number of faces shared with processor 258 = 1159
    Number of faces shared with processor 259 = 743
    Number of faces shared with processor 234 = 52
    Number of faces shared with processor 249 = 676
    Number of faces shared with processor 250 = 1582
    Number of faces shared with processor 251 = 249
    Number of faces shared with processor 255 = 2265
    Number of processor patches = 9
    Number of processor faces = 7967
    Number of boundary faces = 22931

Processor 255
    Number of cells = 156517
    Number of points = 189084
    Number of faces shared with processor 257 = 650
    Number of faces shared with processor 258 = 294
    Number of faces shared with processor 259 = 213
    Number of faces shared with processor 229 = 486
    Number of faces shared with processor 234 = 1097
    Number of faces shared with processor 237 = 1881
    Number of faces shared with processor 368 = 1188
    Number of faces shared with processor 250 = 1207
    Number of faces shared with processor 253 = 1090
    Number of faces shared with processor 254 = 2265
    Number of processor patches = 10
    Number of processor faces = 10371
    Number of boundary faces = 20356

Processor 256
    Number of cells = 156479
    Number of points = 186810
    Number of faces shared with processor 257 = 2825
    Number of faces shared with processor 258 = 636
    Number of faces shared with processor 259 = 1468
    Number of faces shared with processor 261 = 529
    Number of faces shared with processor 266 = 964
    Number of faces shared with processor 268 = 136
    Number of faces shared with processor 369 = 383
    Number of faces shared with processor 247 = 1584
    Number of faces shared with processor 249 = 1524
    Number of faces shared with processor 254 = 683
    Number of processor patches = 10
    Number of processor faces = 10732
    Number of boundary faces = 21347

Processor 257
    Number of cells = 157991
    Number of points = 189152
    Number of faces shared with processor 256 = 2825
    Number of faces shared with processor 258 = 158
    Number of faces shared with processor 259 = 436
    Number of faces shared with processor 368 = 1730
    Number of faces shared with processor 369 = 1312
    Number of faces shared with processor 247 = 108
    Number of faces shared with processor 249 = 360
    Number of faces shared with processor 254 = 558
    Number of faces shared with processor 255 = 650
    Number of processor patches = 9
    Number of processor faces = 8137
    Number of boundary faces = 19837

Processor 258
    Number of cells = 155759
    Number of points = 188001
    Number of faces shared with processor 256 = 636
    Number of faces shared with processor 257 = 158
    Number of faces shared with processor 259 = 2658
    Number of faces shared with processor 266 = 478
    Number of faces shared with processor 229 = 64
    Number of faces shared with processor 234 = 1739
    Number of faces shared with processor 235 = 518
    Number of faces shared with processor 236 = 1045
    Number of faces shared with processor 251 = 514
    Number of faces shared with processor 252 = 1464
    Number of faces shared with processor 254 = 1159
    Number of faces shared with processor 255 = 294
    Number of processor patches = 12
    Number of processor faces = 10727
    Number of boundary faces = 23023

Processor 259
    Number of cells = 157638
    Number of points = 188870
    Number of faces shared with processor 256 = 1468
    Number of faces shared with processor 257 = 436
    Number of faces shared with processor 258 = 2658
    Number of faces shared with processor 260 = 476
    Number of faces shared with processor 266 = 2000
    Number of faces shared with processor 268 = 365
    Number of faces shared with processor 229 = 514
    Number of faces shared with processor 368 = 69
    Number of faces shared with processor 247 = 189
    Number of faces shared with processor 248 = 474
    Number of faces shared with processor 252 = 996
    Number of faces shared with processor 254 = 743
    Number of faces shared with processor 255 = 213
    Number of processor patches = 13
    Number of processor faces = 10601
    Number of boundary faces = 17384

Processor 260
    Number of cells = 155484
    Number of points = 191092
    Number of faces shared with processor 259 = 476
    Number of faces shared with processor 261 = 333
    Number of faces shared with processor 263 = 489
    Number of faces shared with processor 265 = 485
    Number of faces shared with processor 266 = 1970
    Number of faces shared with processor 268 = 1663
    Number of faces shared with processor 284 = 1028
    Number of faces shared with processor 285 = 500
    Number of faces shared with processor 292 = 2094
    Number of faces shared with processor 293 = 209
    Number of faces shared with processor 294 = 227
    Number of faces shared with processor 300 = 918
    Number of faces shared with processor 247 = 429
    Number of faces shared with processor 248 = 918
    Number of faces shared with processor 379 = 131
    Number of faces shared with processor 252 = 591
    Number of processor patches = 16
    Number of processor faces = 12461
    Number of boundary faces = 21275

Processor 261
    Number of cells = 155611
    Number of points = 178160
    Number of faces shared with processor 256 = 529
    Number of faces shared with processor 260 = 333
    Number of faces shared with processor 262 = 1950
    Number of faces shared with processor 266 = 695
    Number of faces shared with processor 268 = 2705
    Number of faces shared with processor 295 = 1042
    Number of faces shared with processor 247 = 1064
    Number of faces shared with processor 379 = 754
    Number of processor patches = 8
    Number of processor faces = 9072
    Number of boundary faces = 16119

Processor 262
    Number of cells = 156049
    Number of points = 178028
    Number of faces shared with processor 261 = 1950
    Number of faces shared with processor 263 = 2445
    Number of faces shared with processor 264 = 683
    Number of faces shared with processor 268 = 117
    Number of faces shared with processor 283 = 132
    Number of faces shared with processor 285 = 40
    Number of faces shared with processor 286 = 193
    Number of faces shared with processor 295 = 1082
    Number of faces shared with processor 378 = 1656
    Number of faces shared with processor 379 = 1695
    Number of processor patches = 10
    Number of processor faces = 9993
    Number of boundary faces = 16117

Processor 263
    Number of cells = 156182
    Number of points = 183914
    Number of faces shared with processor 260 = 489
    Number of faces shared with processor 262 = 2445
    Number of faces shared with processor 264 = 1495
    Number of faces shared with processor 265 = 1466
    Number of faces shared with processor 285 = 941
    Number of faces shared with processor 286 = 448
    Number of faces shared with processor 287 = 572
    Number of faces shared with processor 292 = 2116
    Number of faces shared with processor 295 = 492
    Number of faces shared with processor 296 = 557
    Number of processor patches = 10
    Number of processor faces = 11021
    Number of boundary faces = 15534

Processor 264
    Number of cells = 155484
    Number of points = 184923
    Number of faces shared with processor 262 = 683
    Number of faces shared with processor 263 = 1495
    Number of faces shared with processor 265 = 2831
    Number of faces shared with processor 276 = 3045
    Number of faces shared with processor 280 = 361
    Number of faces shared with processor 283 = 813
    Number of faces shared with processor 285 = 915
    Number of faces shared with processor 378 = 760
    Number of processor patches = 8
    Number of processor faces = 10903
    Number of boundary faces = 16579

Processor 265
    Number of cells = 155731
    Number of points = 188160
    Number of faces shared with processor 260 = 485
    Number of faces shared with processor 263 = 1466
    Number of faces shared with processor 264 = 2831
    Number of faces shared with processor 280 = 1420
    Number of faces shared with processor 281 = 83
    Number of faces shared with processor 283 = 15
    Number of faces shared with processor 284 = 1586
    Number of faces shared with processor 285 = 768
    Number of processor patches = 8
    Number of processor faces = 8654
    Number of boundary faces = 17938

Processor 266
    Number of cells = 155579
    Number of points = 188233
    Number of faces shared with processor 256 = 964
    Number of faces shared with processor 258 = 478
    Number of faces shared with processor 259 = 2000
    Number of faces shared with processor 260 = 1970
    Number of faces shared with processor 261 = 695
    Number of faces shared with processor 267 = 969
    Number of faces shared with processor 268 = 2091
    Number of faces shared with processor 228 = 1135
    Number of faces shared with processor 229 = 53
    Number of faces shared with processor 236 = 2227
    Number of faces shared with processor 248 = 298
    Number of faces shared with processor 252 = 1037
    Number of processor patches = 12
    Number of processor faces = 13917
    Number of boundary faces = 17664

Processor 267
    Number of cells = 155282
    Number of points = 182327
    Number of faces shared with processor 266 = 969
    Number of faces shared with processor 268 = 2521
    Number of faces shared with processor 269 = 869
    Number of faces shared with processor 270 = 128
    Number of faces shared with processor 271 = 3371
    Number of faces shared with processor 307 = 403
    Number of faces shared with processor 220 = 176
    Number of faces shared with processor 227 = 1022
    Number of faces shared with processor 228 = 2653
    Number of faces shared with processor 229 = 897
    Number of faces shared with processor 236 = 5
    Number of processor patches = 11
    Number of processor faces = 13014
    Number of boundary faces = 16004

Processor 268
    Number of cells = 155666
    Number of points = 184719
    Number of faces shared with processor 256 = 136
    Number of faces shared with processor 259 = 365
    Number of faces shared with processor 260 = 1663
    Number of faces shared with processor 261 = 2705
    Number of faces shared with processor 262 = 117
    Number of faces shared with processor 266 = 2091
    Number of faces shared with processor 267 = 2521
    Number of faces shared with processor 270 = 267
    Number of faces shared with processor 286 = 30
    Number of faces shared with processor 289 = 13
    Number of faces shared with processor 295 = 1218
    Number of faces shared with processor 307 = 634
    Number of faces shared with processor 247 = 184
    Number of faces shared with processor 379 = 14
    Number of processor patches = 14
    Number of processor faces = 11958
    Number of boundary faces = 16567

Processor 269
    Number of cells = 155861
    Number of points = 180441
    Number of faces shared with processor 267 = 869
    Number of faces shared with processor 270 = 3562
    Number of faces shared with processor 271 = 1955
    Number of faces shared with processor 272 = 3143
    Number of faces shared with processor 289 = 149
    Number of faces shared with processor 290 = 654
    Number of faces shared with processor 295 = 21
    Number of faces shared with processor 305 = 531
    Number of faces shared with processor 307 = 1352
    Number of faces shared with processor 308 = 70
    Number of faces shared with processor 215 = 962
    Number of faces shared with processor 220 = 2026
    Number of faces shared with processor 227 = 115
    Number of processor patches = 13
    Number of processor faces = 15409
    Number of boundary faces = 12240

Processor 270
    Number of cells = 155927
    Number of points = 187497
    Number of faces shared with processor 267 = 128
    Number of faces shared with processor 268 = 267
    Number of faces shared with processor 269 = 3562
    Number of faces shared with processor 284 = 110
    Number of faces shared with processor 286 = 1054
    Number of faces shared with processor 287 = 1019
    Number of faces shared with processor 289 = 918
    Number of faces shared with processor 290 = 983
    Number of faces shared with processor 295 = 50
    Number of faces shared with processor 307 = 12
    Number of faces shared with processor 215 = 99
    Number of processor patches = 11
    Number of processor faces = 8202
    Number of boundary faces = 22990

Processor 271
    Number of cells = 155539
    Number of points = 183445
    Number of faces shared with processor 267 = 3371
    Number of faces shared with processor 269 = 1955
    Number of faces shared with processor 272 = 1757
    Number of faces shared with processor 307 = 399
    Number of faces shared with processor 227 = 882
    Number of processor patches = 5
    Number of processor faces = 8364
    Number of boundary faces = 18594

Processor 272
    Number of cells = 157499
    Number of points = 183166
    Number of faces shared with processor 269 = 3143
    Number of faces shared with processor 271 = 1757
    Number of faces shared with processor 305 = 438
    Number of faces shared with processor 306 = 1855
    Number of faces shared with processor 307 = 652
    Number of faces shared with processor 308 = 199
    Number of faces shared with processor 214 = 746
    Number of faces shared with processor 215 = 1364
    Number of faces shared with processor 219 = 2076
    Number of faces shared with processor 220 = 574
    Number of faces shared with processor 227 = 150
    Number of processor patches = 11
    Number of processor faces = 12954
    Number of boundary faces = 15353

Processor 273
    Number of cells = 158624
    Number of points = 186931
    Number of faces shared with processor 388 = 1306
    Number of faces shared with processor 274 = 3932
    Number of faces shared with processor 275 = 173
    Number of faces shared with processor 276 = 836
    Number of faces shared with processor 279 = 1403
    Number of faces shared with processor 280 = 1424
    Number of faces shared with processor 282 = 150
    Number of faces shared with processor 283 = 333
    Number of faces shared with processor 353 = 1773
    Number of processor patches = 9
    Number of processor faces = 11330
    Number of boundary faces = 16339

Processor 274
    Number of cells = 157654
    Number of points = 185568
    Number of faces shared with processor 388 = 561
    Number of faces shared with processor 273 = 3932
    Number of faces shared with processor 275 = 2890
    Number of faces shared with processor 276 = 691
    Number of faces shared with processor 277 = 715
    Number of faces shared with processor 283 = 124
    Number of processor patches = 6
    Number of processor faces = 8913
    Number of boundary faces = 20918

Processor 275
    Number of cells = 157299
    Number of points = 186121
    Number of faces shared with processor 388 = 677
    Number of faces shared with processor 273 = 173
    Number of faces shared with processor 274 = 2890
    Number of faces shared with processor 277 = 1264
    Number of faces shared with processor 283 = 142
    Number of faces shared with processor 380 = 2109
    Number of processor patches = 6
    Number of processor faces = 7255
    Number of boundary faces = 20981

Processor 276
    Number of cells = 155931
    Number of points = 186764
    Number of faces shared with processor 264 = 3045
    Number of faces shared with processor 273 = 836
    Number of faces shared with processor 274 = 691
    Number of faces shared with processor 277 = 2463
    Number of faces shared with processor 278 = 443
    Number of faces shared with processor 280 = 780
    Number of faces shared with processor 283 = 778
    Number of faces shared with processor 378 = 872
    Number of processor patches = 8
    Number of processor faces = 9908
    Number of boundary faces = 20558

Processor 277
    Number of cells = 155484
    Number of points = 183635
    Number of faces shared with processor 274 = 715
    Number of faces shared with processor 275 = 1264
    Number of faces shared with processor 276 = 2463
    Number of faces shared with processor 278 = 3121
    Number of faces shared with processor 283 = 415
    Number of faces shared with processor 380 = 617
    Number of faces shared with processor 381 = 125
    Number of processor patches = 7
    Number of processor faces = 8720
    Number of boundary faces = 21388

Processor 278
    Number of cells = 155491
    Number of points = 184174
    Number of faces shared with processor 276 = 443
    Number of faces shared with processor 277 = 3121
    Number of faces shared with processor 283 = 820
    Number of faces shared with processor 377 = 243
    Number of faces shared with processor 378 = 1608
    Number of faces shared with processor 379 = 52
    Number of faces shared with processor 380 = 24
    Number of faces shared with processor 381 = 1750
    Number of processor patches = 8
    Number of processor faces = 8061
    Number of boundary faces = 20112

Processor 279
    Number of cells = 158425
    Number of points = 186665
    Number of faces shared with processor 273 = 1403
    Number of faces shared with processor 280 = 2582
    Number of faces shared with processor 281 = 1724
    Number of faces shared with processor 282 = 258
    Number of faces shared with processor 352 = 16
    Number of faces shared with processor 353 = 2813
    Number of faces shared with processor 358 = 2866
    Number of faces shared with processor 359 = 195
    Number of processor patches = 8
    Number of processor faces = 11857
    Number of boundary faces = 13456

Processor 280
    Number of cells = 157924
    Number of points = 195155
    Number of faces shared with processor 264 = 361
    Number of faces shared with processor 265 = 1420
    Number of faces shared with processor 273 = 1424
    Number of faces shared with processor 276 = 780
    Number of faces shared with processor 279 = 2582
    Number of faces shared with processor 281 = 2737
    Number of faces shared with processor 282 = 168
    Number of faces shared with processor 283 = 131
    Number of faces shared with processor 284 = 226
    Number of faces shared with processor 285 = 50
    Number of processor patches = 10
    Number of processor faces = 9879
    Number of boundary faces = 15884

Processor 281
    Number of cells = 158420
    Number of points = 194212
    Number of faces shared with processor 265 = 83
    Number of faces shared with processor 279 = 1724
    Number of faces shared with processor 280 = 2737
    Number of faces shared with processor 282 = 148
    Number of faces shared with processor 284 = 2593
    Number of faces shared with processor 299 = 403
    Number of faces shared with processor 300 = 74
    Number of faces shared with processor 301 = 1676
    Number of faces shared with processor 358 = 1727
    Number of processor patches = 9
    Number of processor faces = 11165
    Number of boundary faces = 12609

Processor 282
    Number of cells = 158427
    Number of points = 173665
    Number of faces shared with processor 385 = 357
    Number of faces shared with processor 386 = 128
    Number of faces shared with processor 388 = 130
    Number of faces shared with processor 389 = 130
    Number of faces shared with processor 273 = 150
    Number of faces shared with processor 279 = 258
    Number of faces shared with processor 280 = 168
    Number of faces shared with processor 281 = 148
    Number of faces shared with processor 283 = 2734
    Number of faces shared with processor 284 = 471
    Number of faces shared with processor 285 = 1319
    Number of faces shared with processor 58 = 158
    Number of faces shared with processor 191 = 757
    Number of faces shared with processor 195 = 1455
    Number of faces shared with processor 196 = 3
    Number of faces shared with processor 201 = 153
    Number of faces shared with processor 331 = 54
    Number of faces shared with processor 332 = 59
    Number of faces shared with processor 333 = 95
    Number of faces shared with processor 208 = 62
    Number of faces shared with processor 210 = 368
    Number of faces shared with processor 338 = 90
    Number of faces shared with processor 215 = 109
    Number of faces shared with processor 349 = 91
    Number of faces shared with processor 350 = 11
    Number of faces shared with processor 351 = 1764
    Number of faces shared with processor 352 = 161
    Number of faces shared with processor 353 = 118
    Number of faces shared with processor 354 = 87
    Number of faces shared with processor 355 = 26
    Number of faces shared with processor 356 = 39
    Number of faces shared with processor 358 = 100
    Number of faces shared with processor 359 = 127
    Number of faces shared with processor 361 = 98
    Number of faces shared with processor 362 = 140
    Number of faces shared with processor 363 = 57
    Number of faces shared with processor 383 = 499
    Number of processor patches = 37
    Number of processor faces = 12674
    Number of boundary faces = 1446

Processor 283
    Number of cells = 156231
    Number of points = 182147
    Number of faces shared with processor 385 = 203
    Number of faces shared with processor 388 = 403
    Number of faces shared with processor 389 = 183
    Number of faces shared with processor 262 = 132
    Number of faces shared with processor 264 = 813
    Number of faces shared with processor 265 = 15
    Number of faces shared with processor 273 = 333
    Number of faces shared with processor 274 = 124
    Number of faces shared with processor 275 = 142
    Number of faces shared with processor 276 = 778
    Number of faces shared with processor 277 = 415
    Number of faces shared with processor 278 = 820
    Number of faces shared with processor 280 = 131
    Number of faces shared with processor 282 = 2734
    Number of faces shared with processor 285 = 1689
    Number of faces shared with processor 378 = 573
    Number of faces shared with processor 379 = 874
    Number of faces shared with processor 380 = 455
    Number of faces shared with processor 381 = 847
    Number of faces shared with processor 382 = 498
    Number of faces shared with processor 383 = 2269
    Number of processor patches = 21
    Number of processor faces = 14431
    Number of boundary faces = 16808

Processor 284
    Number of cells = 156046
    Number of points = 174622
    Number of faces shared with processor 260 = 1028
    Number of faces shared with processor 265 = 1586
    Number of faces shared with processor 270 = 110
    Number of faces shared with processor 280 = 226
    Number of faces shared with processor 281 = 2593
    Number of faces shared with processor 282 = 471
    Number of faces shared with processor 285 = 2243
    Number of faces shared with processor 287 = 645
    Number of faces shared with processor 288 = 61
    Number of faces shared with processor 290 = 217
    Number of faces shared with processor 292 = 180
    Number of faces shared with processor 294 = 33
    Number of faces shared with processor 299 = 197
    Number of faces shared with processor 300 = 1168
    Number of faces shared with processor 301 = 648
    Number of faces shared with processor 308 = 554
    Number of faces shared with processor 58 = 327
    Number of faces shared with processor 208 = 7
    Number of faces shared with processor 214 = 67
    Number of faces shared with processor 215 = 3619
    Number of faces shared with processor 358 = 311
    Number of processor patches = 21
    Number of processor faces = 16291
    Number of boundary faces = 5312

Processor 285
    Number of cells = 155484
    Number of points = 181936
    Number of faces shared with processor 260 = 500
    Number of faces shared with processor 262 = 40
    Number of faces shared with processor 263 = 941
    Number of faces shared with processor 264 = 915
    Number of faces shared with processor 265 = 768
    Number of faces shared with processor 280 = 50
    Number of faces shared with processor 282 = 1319
    Number of faces shared with processor 283 = 1689
    Number of faces shared with processor 284 = 2243
    Number of faces shared with processor 287 = 632
    Number of faces shared with processor 292 = 725
    Number of faces shared with processor 308 = 9
    Number of faces shared with processor 58 = 825
    Number of processor patches = 13
    Number of processor faces = 10656
    Number of boundary faces = 19358

Processor 286
    Number of cells = 156049
    Number of points = 184797
    Number of faces shared with processor 262 = 193
    Number of faces shared with processor 263 = 448
    Number of faces shared with processor 268 = 30
    Number of faces shared with processor 270 = 1054
    Number of faces shared with processor 287 = 2239
    Number of faces shared with processor 289 = 1056
    Number of faces shared with processor 292 = 1196
    Number of faces shared with processor 295 = 173
    Number of faces shared with processor 296 = 57
    Number of faces shared with processor 297 = 59
    Number of processor patches = 10
    Number of processor faces = 6505
    Number of boundary faces = 26880

Processor 287
    Number of cells = 157374
    Number of points = 188454
    Number of faces shared with processor 263 = 572
    Number of faces shared with processor 270 = 1019
    Number of faces shared with processor 284 = 645
    Number of faces shared with processor 285 = 632
    Number of faces shared with processor 286 = 2239
    Number of faces shared with processor 288 = 1241
    Number of faces shared with processor 290 = 2295
    Number of faces shared with processor 291 = 235
    Number of faces shared with processor 292 = 1620
    Number of faces shared with processor 293 = 1708
    Number of processor patches = 10
    Number of processor faces = 12206
    Number of boundary faces = 18951

Processor 288
    Number of cells = 158566
    Number of points = 190938
    Number of faces shared with processor 284 = 61
    Number of faces shared with processor 287 = 1241
    Number of faces shared with processor 290 = 1221
    Number of faces shared with processor 291 = 1205
    Number of faces shared with processor 292 = 389
    Number of faces shared with processor 293 = 1734
    Number of faces shared with processor 294 = 1385
    Number of faces shared with processor 305 = 380
    Number of faces shared with processor 308 = 2344
    Number of faces shared with processor 309 = 1534
    Number of faces shared with processor 310 = 718
    Number of faces shared with processor 215 = 14
    Number of processor patches = 12
    Number of processor faces = 12226
    Number of boundary faces = 19079

Processor 289
    Number of cells = 156031
    Number of points = 188300
    Number of faces shared with processor 268 = 13
    Number of faces shared with processor 269 = 149
    Number of faces shared with processor 270 = 918
    Number of faces shared with processor 286 = 1056
    Number of faces shared with processor 290 = 400
    Number of faces shared with processor 291 = 4039
    Number of faces shared with processor 292 = 33
    Number of faces shared with processor 293 = 1044
    Number of faces shared with processor 295 = 893
    Number of faces shared with processor 296 = 170
    Number of faces shared with processor 297 = 726
    Number of faces shared with processor 298 = 301
    Number of faces shared with processor 305 = 141
    Number of faces shared with processor 307 = 1605
    Number of faces shared with processor 309 = 801
    Number of processor patches = 15
    Number of processor faces = 12289
    Number of boundary faces = 19056

Processor 290
    Number of cells = 157080
    Number of points = 188894
    Number of faces shared with processor 269 = 654
    Number of faces shared with processor 270 = 983
    Number of faces shared with processor 284 = 217
    Number of faces shared with processor 287 = 2295
    Number of faces shared with processor 288 = 1221
    Number of faces shared with processor 289 = 400
    Number of faces shared with processor 291 = 3911
    Number of faces shared with processor 292 = 111
    Number of faces shared with processor 293 = 772
    Number of faces shared with processor 305 = 646
    Number of faces shared with processor 308 = 225
    Number of faces shared with processor 215 = 272
    Number of processor patches = 12
    Number of processor faces = 11707
    Number of boundary faces = 17341

Processor 291
    Number of cells = 156258
    Number of points = 191364
    Number of faces shared with processor 287 = 235
    Number of faces shared with processor 288 = 1205
    Number of faces shared with processor 289 = 4039
    Number of faces shared with processor 290 = 3911
    Number of faces shared with processor 293 = 822
    Number of faces shared with processor 295 = 27
    Number of faces shared with processor 297 = 219
    Number of faces shared with processor 298 = 567
    Number of faces shared with processor 305 = 1317
    Number of faces shared with processor 307 = 18
    Number of faces shared with processor 309 = 460
    Number of processor patches = 11
    Number of processor faces = 12820
    Number of boundary faces = 18521

Processor 292
    Number of cells = 157965
    Number of points = 191475
    Number of faces shared with processor 260 = 2094
    Number of faces shared with processor 263 = 2116
    Number of faces shared with processor 284 = 180
    Number of faces shared with processor 285 = 725
    Number of faces shared with processor 286 = 1196
    Number of faces shared with processor 287 = 1620
    Number of faces shared with processor 288 = 389
    Number of faces shared with processor 289 = 33
    Number of faces shared with processor 290 = 111
    Number of faces shared with processor 293 = 1449
    Number of faces shared with processor 294 = 365
    Number of faces shared with processor 296 = 1015
    Number of faces shared with processor 297 = 249
    Number of faces shared with processor 300 = 1187
    Number of faces shared with processor 308 = 119
    Number of processor patches = 15
    Number of processor faces = 12848
    Number of boundary faces = 21378

Processor 293
    Number of cells = 158429
    Number of points = 191872
    Number of faces shared with processor 260 = 209
    Number of faces shared with processor 287 = 1708
    Number of faces shared with processor 288 = 1734
    Number of faces shared with processor 289 = 1044
    Number of faces shared with processor 290 = 772
    Number of faces shared with processor 291 = 822
    Number of faces shared with processor 292 = 1449
    Number of faces shared with processor 294 = 2025
    Number of faces shared with processor 296 = 234
    Number of faces shared with processor 297 = 730
    Number of faces shared with processor 298 = 342
    Number of processor patches = 11
    Number of processor faces = 11069
    Number of boundary faces = 20673

Processor 294
    Number of cells = 157924
    Number of points = 192260
    Number of faces shared with processor 260 = 227
    Number of faces shared with processor 284 = 33
    Number of faces shared with processor 288 = 1385
    Number of faces shared with processor 292 = 365
    Number of faces shared with processor 293 = 2025
    Number of faces shared with processor 296 = 215
    Number of faces shared with processor 297 = 1225
    Number of faces shared with processor 298 = 402
    Number of faces shared with processor 300 = 1113
    Number of faces shared with processor 303 = 103
    Number of faces shared with processor 304 = 90
    Number of faces shared with processor 308 = 1017
    Number of faces shared with processor 310 = 2815
    Number of faces shared with processor 311 = 417
    Number of processor patches = 14
    Number of processor faces = 11432
    Number of boundary faces = 20283

Processor 295
    Number of cells = 156499
    Number of points = 189695
    Number of faces shared with processor 261 = 1042
    Number of faces shared with processor 262 = 1082
    Number of faces shared with processor 263 = 492
    Number of faces shared with processor 268 = 1218
    Number of faces shared with processor 269 = 21
    Number of faces shared with processor 270 = 50
    Number of faces shared with processor 286 = 173
    Number of faces shared with processor 289 = 893
    Number of faces shared with processor 291 = 27
    Number of faces shared with processor 296 = 2285
    Number of faces shared with processor 297 = 1446
    Number of faces shared with processor 298 = 665
    Number of faces shared with processor 303 = 182
    Number of faces shared with processor 307 = 1160
    Number of faces shared with processor 311 = 68
    Number of processor patches = 15
    Number of processor faces = 10804
    Number of boundary faces = 15519

Processor 296
    Number of cells = 158406
    Number of points = 190301
    Number of faces shared with processor 263 = 557
    Number of faces shared with processor 286 = 57
    Number of faces shared with processor 289 = 170
    Number of faces shared with processor 292 = 1015
    Number of faces shared with processor 293 = 234
    Number of faces shared with processor 294 = 215
    Number of faces shared with processor 295 = 2285
    Number of faces shared with processor 297 = 2425
    Number of faces shared with processor 300 = 381
    Number of faces shared with processor 303 = 2206
    Number of faces shared with processor 307 = 3
    Number of faces shared with processor 311 = 573
    Number of processor patches = 12
    Number of processor faces = 10121
    Number of boundary faces = 17491

Processor 297
    Number of cells = 155921
    Number of points = 187602
    Number of faces shared with processor 286 = 59
    Number of faces shared with processor 289 = 726
    Number of faces shared with processor 291 = 219
    Number of faces shared with processor 292 = 249
    Number of faces shared with processor 293 = 730
    Number of faces shared with processor 294 = 1225
    Number of faces shared with processor 295 = 1446
    Number of faces shared with processor 296 = 2425
    Number of faces shared with processor 298 = 2108
    Number of faces shared with processor 303 = 67
    Number of faces shared with processor 310 = 8
    Number of faces shared with processor 311 = 1019
    Number of processor patches = 12
    Number of processor faces = 10281
    Number of boundary faces = 20874

Processor 298
    Number of cells = 158454
    Number of points = 191449
    Number of faces shared with processor 289 = 301
    Number of faces shared with processor 291 = 567
    Number of faces shared with processor 293 = 342
    Number of faces shared with processor 294 = 402
    Number of faces shared with processor 295 = 665
    Number of faces shared with processor 297 = 2108
    Number of faces shared with processor 307 = 313
    Number of faces shared with processor 309 = 490
    Number of faces shared with processor 310 = 266
    Number of faces shared with processor 311 = 1562
    Number of processor patches = 10
    Number of processor faces = 7016
    Number of boundary faces = 27065

Processor 299
    Number of cells = 158218
    Number of points = 193301
    Number of faces shared with processor 281 = 403
    Number of faces shared with processor 284 = 197
    Number of faces shared with processor 300 = 320
    Number of faces shared with processor 301 = 2681
    Number of faces shared with processor 302 = 3774
    Number of faces shared with processor 303 = 561
    Number of faces shared with processor 304 = 1240
    Number of faces shared with processor 305 = 644
    Number of faces shared with processor 308 = 963
    Number of faces shared with processor 214 = 1438
    Number of faces shared with processor 215 = 217
    Number of faces shared with processor 358 = 1253
    Number of processor patches = 12
    Number of processor faces = 13691
    Number of boundary faces = 16121

Processor 300
    Number of cells = 157195
    Number of points = 192880
    Number of faces shared with processor 260 = 918
    Number of faces shared with processor 281 = 74
    Number of faces shared with processor 284 = 1168
    Number of faces shared with processor 292 = 1187
    Number of faces shared with processor 294 = 1113
    Number of faces shared with processor 296 = 381
    Number of faces shared with processor 299 = 320
    Number of faces shared with processor 301 = 3523
    Number of faces shared with processor 302 = 58
    Number of faces shared with processor 303 = 622
    Number of faces shared with processor 304 = 1264
    Number of faces shared with processor 308 = 253
    Number of faces shared with processor 310 = 265
    Number of processor patches = 13
    Number of processor faces = 11146
    Number of boundary faces = 21324

Processor 301
    Number of cells = 156242
    Number of points = 192698
    Number of faces shared with processor 281 = 1676
    Number of faces shared with processor 284 = 648
    Number of faces shared with processor 299 = 2681
    Number of faces shared with processor 300 = 3523
    Number of faces shared with processor 302 = 1633
    Number of faces shared with processor 308 = 1157
    Number of processor patches = 6
    Number of processor faces = 11318
    Number of boundary faces = 17558

Processor 302
    Number of cells = 155920
    Number of points = 187453
    Number of faces shared with processor 299 = 3774
    Number of faces shared with processor 300 = 58
    Number of faces shared with processor 301 = 1633
    Number of faces shared with processor 303 = 1896
    Number of faces shared with processor 304 = 1781
    Number of faces shared with processor 305 = 1616
    Number of faces shared with processor 306 = 64
    Number of faces shared with processor 311 = 199
    Number of processor patches = 8
    Number of processor faces = 11021
    Number of boundary faces = 18159

Processor 303
    Number of cells = 157207
    Number of points = 191245
    Number of faces shared with processor 294 = 103
    Number of faces shared with processor 295 = 182
    Number of faces shared with processor 296 = 2206
    Number of faces shared with processor 297 = 67
    Number of faces shared with processor 299 = 561
    Number of faces shared with processor 300 = 622
    Number of faces shared with processor 302 = 1896
    Number of faces shared with processor 304 = 3437
    Number of faces shared with processor 305 = 1463
    Number of faces shared with processor 306 = 1483
    Number of faces shared with processor 307 = 962
    Number of faces shared with processor 309 = 26
    Number of faces shared with processor 311 = 586
    Number of processor patches = 13
    Number of processor faces = 13594
    Number of boundary faces = 17648

Processor 304
    Number of cells = 157077
    Number of points = 191032
    Number of faces shared with processor 294 = 90
    Number of faces shared with processor 299 = 1240
    Number of faces shared with processor 300 = 1264
    Number of faces shared with processor 302 = 1781
    Number of faces shared with processor 303 = 3437
    Number of faces shared with processor 310 = 915
    Number of faces shared with processor 311 = 1927
    Number of processor patches = 7
    Number of processor faces = 10654
    Number of boundary faces = 17492

Processor 305
    Number of cells = 158293
    Number of points = 193978
    Number of faces shared with processor 269 = 531
    Number of faces shared with processor 272 = 438
    Number of faces shared with processor 288 = 380
    Number of faces shared with processor 289 = 141
    Number of faces shared with processor 290 = 646
    Number of faces shared with processor 291 = 1317
    Number of faces shared with processor 299 = 644
    Number of faces shared with processor 302 = 1616
    Number of faces shared with processor 303 = 1463
    Number of faces shared with processor 306 = 3159
    Number of faces shared with processor 308 = 973
    Number of faces shared with processor 309 = 1318
    Number of faces shared with processor 214 = 858
    Number of processor patches = 13
    Number of processor faces = 13484
    Number of boundary faces = 20186

Processor 306
    Number of cells = 158535
    Number of points = 194178
    Number of faces shared with processor 272 = 1855
    Number of faces shared with processor 302 = 64
    Number of faces shared with processor 303 = 1483
    Number of faces shared with processor 305 = 3159
    Number of faces shared with processor 307 = 2240
    Number of faces shared with processor 308 = 914
    Number of faces shared with processor 309 = 846
    Number of faces shared with processor 311 = 519
    Number of faces shared with processor 214 = 1201
    Number of faces shared with processor 215 = 162
    Number of processor patches = 10
    Number of processor faces = 12443
    Number of boundary faces = 21237

Processor 307
    Number of cells = 155708
    Number of points = 186114
    Number of faces shared with processor 267 = 403
    Number of faces shared with processor 268 = 634
    Number of faces shared with processor 269 = 1352
    Number of faces shared with processor 270 = 12
    Number of faces shared with processor 271 = 399
    Number of faces shared with processor 272 = 652
    Number of faces shared with processor 289 = 1605
    Number of faces shared with processor 291 = 18
    Number of faces shared with processor 295 = 1160
    Number of faces shared with processor 296 = 3
    Number of faces shared with processor 298 = 313
    Number of faces shared with processor 303 = 962
    Number of faces shared with processor 306 = 2240
    Number of faces shared with processor 309 = 1121
    Number of faces shared with processor 311 = 162
    Number of processor patches = 15
    Number of processor faces = 11036
    Number of boundary faces = 21622

Processor 308
    Number of cells = 158624
    Number of points = 187876
    Number of faces shared with processor 269 = 70
    Number of faces shared with processor 272 = 199
    Number of faces shared with processor 284 = 554
    Number of faces shared with processor 285 = 9
    Number of faces shared with processor 288 = 2344
    Number of faces shared with processor 290 = 225
    Number of faces shared with processor 292 = 119
    Number of faces shared with processor 294 = 1017
    Number of faces shared with processor 299 = 963
    Number of faces shared with processor 300 = 253
    Number of faces shared with processor 301 = 1157
    Number of faces shared with processor 305 = 973
    Number of faces shared with processor 306 = 914
    Number of faces shared with processor 309 = 1432
    Number of faces shared with processor 310 = 1226
    Number of faces shared with processor 214 = 171
    Number of faces shared with processor 215 = 459
    Number of processor patches = 17
    Number of processor faces = 12085
    Number of boundary faces = 17228

Processor 309
    Number of cells = 158491
    Number of points = 194783
    Number of faces shared with processor 288 = 1534
    Number of faces shared with processor 289 = 801
    Number of faces shared with processor 291 = 460
    Number of faces shared with processor 298 = 490
    Number of faces shared with processor 303 = 26
    Number of faces shared with processor 305 = 1318
    Number of faces shared with processor 306 = 846
    Number of faces shared with processor 307 = 1121
    Number of faces shared with processor 308 = 1432
    Number of faces shared with processor 310 = 1809
    Number of faces shared with processor 311 = 1199
    Number of processor patches = 11
    Number of processor faces = 11036
    Number of boundary faces = 20538

Processor 310
    Number of cells = 157800
    Number of points = 190702
    Number of faces shared with processor 288 = 718
    Number of faces shared with processor 294 = 2815
    Number of faces shared with processor 297 = 8
    Number of faces shared with processor 298 = 266
    Number of faces shared with processor 300 = 265
    Number of faces shared with processor 304 = 915
    Number of faces shared with processor 308 = 1226
    Number of faces shared with processor 309 = 1809
    Number of faces shared with processor 311 = 2776
    Number of processor patches = 9
    Number of processor faces = 10798
    Number of boundary faces = 18197

Processor 311
    Number of cells = 158138
    Number of points = 190869
    Number of faces shared with processor 294 = 417
    Number of faces shared with processor 295 = 68
    Number of faces shared with processor 296 = 573
    Number of faces shared with processor 297 = 1019
    Number of faces shared with processor 298 = 1562
    Number of faces shared with processor 302 = 199
    Number of faces shared with processor 303 = 586
    Number of faces shared with processor 304 = 1927
    Number of faces shared with processor 306 = 519
    Number of faces shared with processor 307 = 162
    Number of faces shared with processor 309 = 1199
    Number of faces shared with processor 310 = 2776
    Number of processor patches = 12
    Number of processor faces = 11007
    Number of boundary faces = 20426

Processor 312
    Number of cells = 158624
    Number of points = 178075
    Number of faces shared with processor 14 = 1027
    Number of faces shared with processor 15 = 413
    Number of faces shared with processor 16 = 546
    Number of faces shared with processor 17 = 643
    Number of faces shared with processor 18 = 3240
    Number of faces shared with processor 26 = 282
    Number of faces shared with processor 27 = 706
    Number of faces shared with processor 28 = 2244
    Number of faces shared with processor 42 = 923
    Number of faces shared with processor 315 = 342
    Number of faces shared with processor 316 = 2820
    Number of faces shared with processor 318 = 1618
    Number of processor patches = 12
    Number of processor faces = 14804
    Number of boundary faces = 11200

Processor 313
    Number of cells = 157937
    Number of points = 172374
    Number of faces shared with processor 16 = 30
    Number of faces shared with processor 18 = 1904
    Number of faces shared with processor 19 = 89
    Number of faces shared with processor 20 = 683
    Number of faces shared with processor 21 = 2508
    Number of faces shared with processor 314 = 4050
    Number of faces shared with processor 315 = 1417
    Number of faces shared with processor 316 = 102
    Number of faces shared with processor 326 = 1479
    Number of faces shared with processor 328 = 3643
    Number of faces shared with processor 330 = 51
    Number of faces shared with processor 341 = 1290
    Number of faces shared with processor 343 = 82
    Number of faces shared with processor 351 = 164
    Number of processor patches = 14
    Number of processor faces = 17492
    Number of boundary faces = 2054

Processor 314
    Number of cells = 155901
    Number of points = 178612
    Number of faces shared with processor 17 = 1177
    Number of faces shared with processor 18 = 1608
    Number of faces shared with processor 20 = 1471
    Number of faces shared with processor 21 = 2125
    Number of faces shared with processor 313 = 4050
    Number of faces shared with processor 315 = 1080
    Number of faces shared with processor 328 = 997
    Number of processor patches = 7
    Number of processor faces = 12508
    Number of boundary faces = 15940

Processor 315
    Number of cells = 158322
    Number of points = 177429
    Number of faces shared with processor 18 = 2082
    Number of faces shared with processor 312 = 342
    Number of faces shared with processor 313 = 1417
    Number of faces shared with processor 314 = 1080
    Number of faces shared with processor 316 = 2818
    Number of faces shared with processor 317 = 1460
    Number of faces shared with processor 325 = 1158
    Number of faces shared with processor 326 = 2480
    Number of faces shared with processor 328 = 708
    Number of processor patches = 9
    Number of processor faces = 13545
    Number of boundary faces = 12073

Processor 316
    Number of cells = 158415
    Number of points = 176717
    Number of faces shared with processor 16 = 592
    Number of faces shared with processor 18 = 738
    Number of faces shared with processor 26 = 1375
    Number of faces shared with processor 312 = 2820
    Number of faces shared with processor 313 = 102
    Number of faces shared with processor 315 = 2818
    Number of faces shared with processor 317 = 3409
    Number of faces shared with processor 318 = 2115
    Number of faces shared with processor 320 = 167
    Number of faces shared with processor 326 = 692
    Number of faces shared with processor 351 = 74
    Number of faces shared with processor 373 = 374
    Number of processor patches = 12
    Number of processor faces = 15276
    Number of boundary faces = 9204

Processor 317
    Number of cells = 158165
    Number of points = 176284
    Number of faces shared with processor 26 = 463
    Number of faces shared with processor 315 = 1460
    Number of faces shared with processor 316 = 3409
    Number of faces shared with processor 318 = 350
    Number of faces shared with processor 320 = 3327
    Number of faces shared with processor 325 = 1820
    Number of faces shared with processor 326 = 1231
    Number of faces shared with processor 373 = 261
    Number of faces shared with processor 375 = 1866
    Number of processor patches = 9
    Number of processor faces = 14187
    Number of boundary faces = 10624

Processor 318
    Number of cells = 158624
    Number of points = 175216
    Number of faces shared with processor 26 = 904
    Number of faces shared with processor 27 = 3053
    Number of faces shared with processor 28 = 333
    Number of faces shared with processor 31 = 1398
    Number of faces shared with processor 312 = 1618
    Number of faces shared with processor 316 = 2115
    Number of faces shared with processor 317 = 350
    Number of faces shared with processor 319 = 2724
    Number of faces shared with processor 320 = 1460
    Number of faces shared with processor 321 = 1639
    Number of faces shared with processor 324 = 62
    Number of faces shared with processor 243 = 89
    Number of processor patches = 12
    Number of processor faces = 15745
    Number of boundary faces = 8183

Processor 319
    Number of cells = 158490
    Number of points = 171420
    Number of faces shared with processor 26 = 859
    Number of faces shared with processor 318 = 2724
    Number of faces shared with processor 320 = 4128
    Number of faces shared with processor 321 = 641
    Number of faces shared with processor 322 = 39
    Number of faces shared with processor 323 = 563
    Number of faces shared with processor 324 = 1312
    Number of faces shared with processor 229 = 51
    Number of faces shared with processor 370 = 2487
    Number of faces shared with processor 243 = 86
    Number of faces shared with processor 371 = 365
    Number of faces shared with processor 372 = 690
    Number of faces shared with processor 375 = 229
    Number of processor patches = 13
    Number of processor faces = 14174
    Number of boundary faces = 6500

Processor 320
    Number of cells = 158617
    Number of points = 177470
    Number of faces shared with processor 26 = 1763
    Number of faces shared with processor 316 = 167
    Number of faces shared with processor 317 = 3327
    Number of faces shared with processor 318 = 1460
    Number of faces shared with processor 319 = 4128
    Number of faces shared with processor 324 = 1204
    Number of faces shared with processor 370 = 650
    Number of faces shared with processor 372 = 602
    Number of faces shared with processor 373 = 903
    Number of faces shared with processor 375 = 3395
    Number of processor patches = 10
    Number of processor faces = 17599
    Number of boundary faces = 9887

Processor 321
    Number of cells = 157213
    Number of points = 183234
    Number of faces shared with processor 31 = 799
    Number of faces shared with processor 318 = 1639
    Number of faces shared with processor 319 = 641
    Number of faces shared with processor 322 = 1603
    Number of faces shared with processor 323 = 608
    Number of faces shared with processor 324 = 1446
    Number of faces shared with processor 243 = 26
    Number of processor patches = 7
    Number of processor faces = 6762
    Number of boundary faces = 18887

Processor 322
    Number of cells = 156032
    Number of points = 181309
    Number of faces shared with processor 31 = 1388
    Number of faces shared with processor 319 = 39
    Number of faces shared with processor 321 = 1603
    Number of faces shared with processor 323 = 1729
    Number of faces shared with processor 243 = 1522
    Number of faces shared with processor 244 = 1884
    Number of processor patches = 6
    Number of processor faces = 8165
    Number of boundary faces = 17727

Processor 323
    Number of cells = 156286
    Number of points = 180547
    Number of faces shared with processor 319 = 563
    Number of faces shared with processor 321 = 608
    Number of faces shared with processor 322 = 1729
    Number of faces shared with processor 324 = 1920
    Number of faces shared with processor 229 = 237
    Number of faces shared with processor 243 = 1367
    Number of faces shared with processor 371 = 1864
    Number of faces shared with processor 253 = 1000
    Number of processor patches = 8
    Number of processor faces = 9288
    Number of boundary faces = 16107

Processor 324
    Number of cells = 157455
    Number of points = 181878
    Number of faces shared with processor 318 = 62
    Number of faces shared with processor 319 = 1312
    Number of faces shared with processor 320 = 1204
    Number of faces shared with processor 321 = 1446
    Number of faces shared with processor 323 = 1920
    Number of faces shared with processor 371 = 798
    Number of faces shared with processor 372 = 979
    Number of processor patches = 7
    Number of processor faces = 7721
    Number of boundary faces = 18679

Processor 325
    Number of cells = 156175
    Number of points = 183441
    Number of faces shared with processor 315 = 1158
    Number of faces shared with processor 317 = 1820
    Number of faces shared with processor 326 = 3175
    Number of faces shared with processor 327 = 464
    Number of faces shared with processor 334 = 1427
    Number of faces shared with processor 375 = 986
    Number of faces shared with processor 376 = 1252
    Number of processor patches = 7
    Number of processor faces = 10282
    Number of boundary faces = 18213

Processor 326
    Number of cells = 158615
    Number of points = 173962
    Number of faces shared with processor 313 = 1479
    Number of faces shared with processor 315 = 2480
    Number of faces shared with processor 316 = 692
    Number of faces shared with processor 317 = 1231
    Number of faces shared with processor 325 = 3175
    Number of faces shared with processor 327 = 3771
    Number of faces shared with processor 328 = 3422
    Number of faces shared with processor 330 = 306
    Number of faces shared with processor 334 = 1947
    Number of faces shared with processor 337 = 885
    Number of faces shared with processor 351 = 169
    Number of faces shared with processor 373 = 883
    Number of faces shared with processor 375 = 225
    Number of faces shared with processor 376 = 469
    Number of processor patches = 14
    Number of processor faces = 21134
    Number of boundary faces = 862

Processor 327
    Number of cells = 158273
    Number of points = 179214
    Number of faces shared with processor 325 = 464
    Number of faces shared with processor 326 = 3771
    Number of faces shared with processor 328 = 1035
    Number of faces shared with processor 330 = 2686
    Number of faces shared with processor 332 = 817
    Number of faces shared with processor 333 = 362
    Number of faces shared with processor 334 = 2180
    Number of faces shared with processor 336 = 1555
    Number of faces shared with processor 337 = 2272
    Number of processor patches = 9
    Number of processor faces = 15142
    Number of boundary faces = 12716

Processor 328
    Number of cells = 157183
    Number of points = 180927
    Number of faces shared with processor 313 = 3643
    Number of faces shared with processor 314 = 997
    Number of faces shared with processor 315 = 708
    Number of faces shared with processor 326 = 3422
    Number of faces shared with processor 327 = 1035
    Number of faces shared with processor 330 = 1811
    Number of faces shared with processor 341 = 1363
    Number of processor patches = 7
    Number of processor faces = 12979
    Number of boundary faces = 14630

Processor 329
    Number of cells = 156531
    Number of points = 180151
    Number of faces shared with processor 330 = 3248
    Number of faces shared with processor 333 = 37
    Number of faces shared with processor 338 = 4643
    Number of faces shared with processor 339 = 1950
    Number of faces shared with processor 341 = 1343
    Number of faces shared with processor 343 = 500
    Number of faces shared with processor 351 = 84
    Number of processor patches = 7
    Number of processor faces = 11805
    Number of boundary faces = 11835

Processor 330
    Number of cells = 156033
    Number of points = 179659
    Number of faces shared with processor 313 = 51
    Number of faces shared with processor 326 = 306
    Number of faces shared with processor 327 = 2686
    Number of faces shared with processor 328 = 1811
    Number of faces shared with processor 329 = 3248
    Number of faces shared with processor 332 = 437
    Number of faces shared with processor 333 = 1775
    Number of faces shared with processor 337 = 147
    Number of faces shared with processor 338 = 1021
    Number of faces shared with processor 341 = 2961
    Number of faces shared with processor 343 = 249
    Number of faces shared with processor 351 = 119
    Number of processor patches = 12
    Number of processor faces = 14811
    Number of boundary faces = 11822

Processor 331
    Number of cells = 157515
    Number of points = 190163
    Number of faces shared with processor 385 = 1284
    Number of faces shared with processor 386 = 94
    Number of faces shared with processor 282 = 54
    Number of faces shared with processor 332 = 2919
    Number of faces shared with processor 335 = 2832
    Number of faces shared with processor 336 = 707
    Number of faces shared with processor 337 = 86
    Number of faces shared with processor 351 = 28
    Number of faces shared with processor 354 = 984
    Number of faces shared with processor 355 = 1923
    Number of faces shared with processor 383 = 1420
    Number of processor patches = 11
    Number of processor faces = 12331
    Number of boundary faces = 13177

Processor 332
    Number of cells = 155893
    Number of points = 186926
    Number of faces shared with processor 282 = 59
    Number of faces shared with processor 327 = 817
    Number of faces shared with processor 330 = 437
    Number of faces shared with processor 331 = 2919
    Number of faces shared with processor 333 = 4768
    Number of faces shared with processor 336 = 2957
    Number of faces shared with processor 337 = 188
    Number of faces shared with processor 351 = 15
    Number of faces shared with processor 354 = 1326
    Number of processor patches = 9
    Number of processor faces = 13486
    Number of boundary faces = 12588

Processor 333
    Number of cells = 157733
    Number of points = 186452
    Number of faces shared with processor 282 = 95
    Number of faces shared with processor 327 = 362
    Number of faces shared with processor 329 = 37
    Number of faces shared with processor 330 = 1775
    Number of faces shared with processor 332 = 4768
    Number of faces shared with processor 336 = 308
    Number of faces shared with processor 337 = 215
    Number of faces shared with processor 338 = 3155
    Number of faces shared with processor 351 = 115
    Number of faces shared with processor 354 = 1848
    Number of processor patches = 10
    Number of processor faces = 12678
    Number of boundary faces = 11183

Processor 334
    Number of cells = 157326
    Number of points = 177511
    Number of faces shared with processor 325 = 1427
    Number of faces shared with processor 326 = 1947
    Number of faces shared with processor 327 = 2180
    Number of faces shared with processor 335 = 2048
    Number of faces shared with processor 336 = 880
    Number of faces shared with processor 337 = 2791
    Number of faces shared with processor 373 = 342
    Number of faces shared with processor 376 = 3425
    Number of processor patches = 8
    Number of processor faces = 15040
    Number of boundary faces = 10979

Processor 335
    Number of cells = 157694
    Number of points = 187939
    Number of faces shared with processor 384 = 1359
    Number of faces shared with processor 385 = 1499
    Number of faces shared with processor 331 = 2832
    Number of faces shared with processor 334 = 2048
    Number of faces shared with processor 336 = 2545
    Number of faces shared with processor 337 = 1516
    Number of faces shared with processor 373 = 12
    Number of faces shared with processor 376 = 438
    Number of processor patches = 8
    Number of processor faces = 12249
    Number of boundary faces = 15402

Processor 336
    Number of cells = 156049
    Number of points = 186890
    Number of faces shared with processor 327 = 1555
    Number of faces shared with processor 331 = 707
    Number of faces shared with processor 332 = 2957
    Number of faces shared with processor 333 = 308
    Number of faces shared with processor 334 = 880
    Number of faces shared with processor 335 = 2545
    Number of faces shared with processor 337 = 3324
    Number of processor patches = 7
    Number of processor faces = 12276
    Number of boundary faces = 16420

Processor 337
    Number of cells = 156299
    Number of points = 181654
    Number of faces shared with processor 384 = 12
    Number of faces shared with processor 385 = 106
    Number of faces shared with processor 326 = 885
    Number of faces shared with processor 327 = 2272
    Number of faces shared with processor 330 = 147
    Number of faces shared with processor 331 = 86
    Number of faces shared with processor 332 = 188
    Number of faces shared with processor 333 = 215
    Number of faces shared with processor 334 = 2791
    Number of faces shared with processor 335 = 1516
    Number of faces shared with processor 336 = 3324
    Number of faces shared with processor 351 = 369
    Number of faces shared with processor 373 = 194
    Number of processor patches = 13
    Number of processor faces = 12105
    Number of boundary faces = 8963

Processor 338
    Number of cells = 156989
    Number of points = 183162
    Number of faces shared with processor 282 = 90
    Number of faces shared with processor 195 = 76
    Number of faces shared with processor 329 = 4643
    Number of faces shared with processor 330 = 1021
    Number of faces shared with processor 333 = 3155
    Number of faces shared with processor 339 = 1970
    Number of faces shared with processor 340 = 17
    Number of faces shared with processor 343 = 1166
    Number of faces shared with processor 349 = 1420
    Number of faces shared with processor 350 = 1760
    Number of faces shared with processor 351 = 25
    Number of faces shared with processor 354 = 1363
    Number of faces shared with processor 362 = 13
    Number of processor patches = 13
    Number of processor faces = 16719
    Number of boundary faces = 12647

Processor 339
    Number of cells = 155913
    Number of points = 177592
    Number of faces shared with processor 195 = 27
    Number of faces shared with processor 329 = 1950
    Number of faces shared with processor 338 = 1970
    Number of faces shared with processor 340 = 2368
    Number of faces shared with processor 343 = 1899
    Number of faces shared with processor 348 = 761
    Number of faces shared with processor 350 = 1895
    Number of processor patches = 7
    Number of processor faces = 10870
    Number of boundary faces = 14630

Processor 340
    Number of cells = 155916
    Number of points = 178947
    Number of faces shared with processor 143 = 764
    Number of faces shared with processor 145 = 2417
    Number of faces shared with processor 19 = 30
    Number of faces shared with processor 195 = 103
    Number of faces shared with processor 338 = 17
    Number of faces shared with processor 339 = 2368
    Number of faces shared with processor 342 = 2119
    Number of faces shared with processor 343 = 1068
    Number of faces shared with processor 348 = 2317
    Number of faces shared with processor 350 = 23
    Number of processor patches = 10
    Number of processor faces = 11226
    Number of boundary faces = 14249

Processor 341
    Number of cells = 155753
    Number of points = 182167
    Number of faces shared with processor 21 = 735
    Number of faces shared with processor 313 = 1290
    Number of faces shared with processor 328 = 1363
    Number of faces shared with processor 329 = 1343
    Number of faces shared with processor 330 = 2961
    Number of faces shared with processor 343 = 2507
    Number of processor patches = 6
    Number of processor faces = 10199
    Number of boundary faces = 17195

Processor 342
    Number of cells = 156405
    Number of points = 183849
    Number of faces shared with processor 143 = 3340
    Number of faces shared with processor 19 = 3216
    Number of faces shared with processor 21 = 1372
    Number of faces shared with processor 340 = 2119
    Number of faces shared with processor 343 = 2926
    Number of processor patches = 5
    Number of processor faces = 12973
    Number of boundary faces = 12013

Processor 343
    Number of cells = 157990
    Number of points = 180657
    Number of faces shared with processor 19 = 289
    Number of faces shared with processor 21 = 1388
    Number of faces shared with processor 313 = 82
    Number of faces shared with processor 195 = 20
    Number of faces shared with processor 329 = 500
    Number of faces shared with processor 330 = 249
    Number of faces shared with processor 338 = 1166
    Number of faces shared with processor 339 = 1899
    Number of faces shared with processor 340 = 1068
    Number of faces shared with processor 341 = 2507
    Number of faces shared with processor 342 = 2926
    Number of faces shared with processor 351 = 85
    Number of processor patches = 12
    Number of processor faces = 12179
    Number of boundary faces = 10914

Processor 344
    Number of cells = 157427
    Number of points = 181064
    Number of faces shared with processor 195 = 123
    Number of faces shared with processor 345 = 2501
    Number of faces shared with processor 346 = 2177
    Number of faces shared with processor 347 = 1188
    Number of faces shared with processor 349 = 2282
    Number of faces shared with processor 350 = 810
    Number of faces shared with processor 361 = 1608
    Number of processor patches = 7
    Number of processor faces = 10689
    Number of boundary faces = 11274

Processor 345
    Number of cells = 156618
    Number of points = 180028
    Number of faces shared with processor 195 = 7
    Number of faces shared with processor 209 = 1401
    Number of faces shared with processor 210 = 225
    Number of faces shared with processor 212 = 1504
    Number of faces shared with processor 344 = 2501
    Number of faces shared with processor 346 = 1658
    Number of faces shared with processor 360 = 1139
    Number of faces shared with processor 361 = 1397
    Number of faces shared with processor 117 = 1638
    Number of faces shared with processor 120 = 1102
    Number of faces shared with processor 122 = 197
    Number of processor patches = 11
    Number of processor faces = 12769
    Number of boundary faces = 13749

Processor 346
    Number of cells = 156444
    Number of points = 181203
    Number of faces shared with processor 152 = 1146
    Number of faces shared with processor 153 = 52
    Number of faces shared with processor 195 = 52
    Number of faces shared with processor 344 = 2177
    Number of faces shared with processor 345 = 1658
    Number of faces shared with processor 347 = 4294
    Number of faces shared with processor 120 = 358
    Number of faces shared with processor 121 = 149
    Number of faces shared with processor 122 = 1307
    Number of processor patches = 9
    Number of processor faces = 11193
    Number of boundary faces = 14164

Processor 347
    Number of cells = 157164
    Number of points = 179539
    Number of faces shared with processor 152 = 2784
    Number of faces shared with processor 153 = 276
    Number of faces shared with processor 195 = 87
    Number of faces shared with processor 344 = 1188
    Number of faces shared with processor 346 = 4294
    Number of faces shared with processor 348 = 2736
    Number of faces shared with processor 350 = 1525
    Number of processor patches = 7
    Number of processor faces = 12890
    Number of boundary faces = 10827

Processor 348
    Number of cells = 157142
    Number of points = 180364
    Number of faces shared with processor 145 = 1458
    Number of faces shared with processor 152 = 1055
    Number of faces shared with processor 153 = 32
    Number of faces shared with processor 154 = 820
    Number of faces shared with processor 195 = 41
    Number of faces shared with processor 339 = 761
    Number of faces shared with processor 340 = 2317
    Number of faces shared with processor 347 = 2736
    Number of faces shared with processor 350 = 1947
    Number of processor patches = 9
    Number of processor faces = 11167
    Number of boundary faces = 14822

Processor 349
    Number of cells = 155486
    Number of points = 180132
    Number of faces shared with processor 282 = 91
    Number of faces shared with processor 195 = 39
    Number of faces shared with processor 338 = 1420
    Number of faces shared with processor 344 = 2282
    Number of faces shared with processor 350 = 3135
    Number of faces shared with processor 354 = 535
    Number of faces shared with processor 361 = 2463
    Number of faces shared with processor 362 = 3233
    Number of processor patches = 8
    Number of processor faces = 13198
    Number of boundary faces = 13519

Processor 350
    Number of cells = 155484
    Number of points = 177335
    Number of faces shared with processor 282 = 11
    Number of faces shared with processor 195 = 175
    Number of faces shared with processor 338 = 1760
    Number of faces shared with processor 339 = 1895
    Number of faces shared with processor 340 = 23
    Number of faces shared with processor 344 = 810
    Number of faces shared with processor 347 = 1525
    Number of faces shared with processor 348 = 1947
    Number of faces shared with processor 349 = 3135
    Number of processor patches = 9
    Number of processor faces = 11281
    Number of boundary faces = 13934

Processor 351
    Number of cells = 157070
    Number of points = 183379
    Number of faces shared with processor 385 = 607
    Number of faces shared with processor 386 = 45
    Number of faces shared with processor 141 = 127
    Number of faces shared with processor 16 = 258
    Number of faces shared with processor 19 = 473
    Number of faces shared with processor 20 = 1
    Number of faces shared with processor 21 = 6
    Number of faces shared with processor 282 = 1764
    Number of faces shared with processor 26 = 1245
    Number of faces shared with processor 165 = 143
    Number of faces shared with processor 313 = 164
    Number of faces shared with processor 316 = 74
    Number of faces shared with processor 195 = 972
    Number of faces shared with processor 198 = 447
    Number of faces shared with processor 326 = 169
    Number of faces shared with processor 329 = 84
    Number of faces shared with processor 201 = 118
    Number of faces shared with processor 330 = 119
    Number of faces shared with processor 331 = 28
    Number of faces shared with processor 332 = 15
    Number of faces shared with processor 333 = 115
    Number of faces shared with processor 337 = 369
    Number of faces shared with processor 338 = 25
    Number of faces shared with processor 343 = 85
    Number of faces shared with processor 352 = 2943
    Number of faces shared with processor 353 = 497
    Number of faces shared with processor 355 = 720
    Number of faces shared with processor 356 = 1639
    Number of faces shared with processor 359 = 1139
    Number of faces shared with processor 373 = 1360
    Number of faces shared with processor 383 = 1062
    Number of processor patches = 31
    Number of processor faces = 16813
    Number of boundary faces = 14880

Processor 352
    Number of cells = 158582
    Number of points = 182673
    Number of faces shared with processor 386 = 258
    Number of faces shared with processor 388 = 1771
    Number of faces shared with processor 389 = 1558
    Number of faces shared with processor 279 = 16
    Number of faces shared with processor 282 = 161
    Number of faces shared with processor 351 = 2943
    Number of faces shared with processor 353 = 3900
    Number of faces shared with processor 355 = 2043
    Number of faces shared with processor 356 = 138
    Number of faces shared with processor 358 = 746
    Number of faces shared with processor 359 = 739
    Number of processor patches = 11
    Number of processor faces = 14273
    Number of boundary faces = 14161

Processor 353
    Number of cells = 158546
    Number of points = 180420
    Number of faces shared with processor 388 = 1484
    Number of faces shared with processor 273 = 1773
    Number of faces shared with processor 279 = 2813
    Number of faces shared with processor 282 = 118
    Number of faces shared with processor 351 = 497
    Number of faces shared with processor 352 = 3900
    Number of faces shared with processor 358 = 584
    Number of processor patches = 7
    Number of processor faces = 11169
    Number of boundary faces = 14149

Processor 354
    Number of cells = 157560
    Number of points = 181869
    Number of faces shared with processor 282 = 87
    Number of faces shared with processor 331 = 984
    Number of faces shared with processor 332 = 1326
    Number of faces shared with processor 333 = 1848
    Number of faces shared with processor 338 = 1363
    Number of faces shared with processor 349 = 535
    Number of faces shared with processor 355 = 1143
    Number of faces shared with processor 356 = 1897
    Number of faces shared with processor 362 = 2605
    Number of processor patches = 9
    Number of processor faces = 11788
    Number of boundary faces = 13917

Processor 355
    Number of cells = 156793
    Number of points = 183594
    Number of faces shared with processor 386 = 733
    Number of faces shared with processor 389 = 257
    Number of faces shared with processor 282 = 26
    Number of faces shared with processor 331 = 1923
    Number of faces shared with processor 351 = 720
    Number of faces shared with processor 352 = 2043
    Number of faces shared with processor 354 = 1143
    Number of faces shared with processor 356 = 1901
    Number of faces shared with processor 383 = 1575
    Number of processor patches = 9
    Number of processor faces = 10321
    Number of boundary faces = 15964

Processor 356
    Number of cells = 156609
    Number of points = 179220
    Number of faces shared with processor 282 = 39
    Number of faces shared with processor 351 = 1639
    Number of faces shared with processor 352 = 138
    Number of faces shared with processor 354 = 1897
    Number of faces shared with processor 355 = 1901
    Number of faces shared with processor 359 = 1300
    Number of faces shared with processor 362 = 942
    Number of faces shared with processor 363 = 1754
    Number of processor patches = 8
    Number of processor faces = 9610
    Number of boundary faces = 15837

Processor 357
    Number of cells = 156269
    Number of points = 190958
    Number of faces shared with processor 208 = 2745
    Number of faces shared with processor 210 = 1636
    Number of faces shared with processor 359 = 2290
    Number of faces shared with processor 360 = 1152
    Number of faces shared with processor 361 = 85
    Number of faces shared with processor 363 = 2522
    Number of processor patches = 6
    Number of processor faces = 10430
    Number of boundary faces = 14369

Processor 358
    Number of cells = 158624
    Number of points = 186344
    Number of faces shared with processor 279 = 2866
    Number of faces shared with processor 281 = 1727
    Number of faces shared with processor 282 = 100
    Number of faces shared with processor 284 = 311
    Number of faces shared with processor 299 = 1253
    Number of faces shared with processor 208 = 1448
    Number of faces shared with processor 214 = 987
    Number of faces shared with processor 215 = 1
    Number of faces shared with processor 352 = 746
    Number of faces shared with processor 353 = 584
    Number of faces shared with processor 359 = 2742
    Number of processor patches = 11
    Number of processor faces = 12765
    Number of boundary faces = 13192

Processor 359
    Number of cells = 158229
    Number of points = 185767
    Number of faces shared with processor 279 = 195
    Number of faces shared with processor 282 = 127
    Number of faces shared with processor 208 = 1491
    Number of faces shared with processor 351 = 1139
    Number of faces shared with processor 352 = 739
    Number of faces shared with processor 356 = 1300
    Number of faces shared with processor 357 = 2290
    Number of faces shared with processor 358 = 2742
    Number of faces shared with processor 363 = 1487
    Number of processor patches = 9
    Number of processor faces = 11510
    Number of boundary faces = 15108

Processor 360
    Number of cells = 155484
    Number of points = 189186
    Number of faces shared with processor 208 = 1018
    Number of faces shared with processor 209 = 1510
    Number of faces shared with processor 210 = 3368
    Number of faces shared with processor 211 = 558
    Number of faces shared with processor 345 = 1139
    Number of faces shared with processor 357 = 1152
    Number of faces shared with processor 361 = 2789
    Number of faces shared with processor 363 = 545
    Number of processor patches = 8
    Number of processor faces = 12079
    Number of boundary faces = 17978

Processor 361
    Number of cells = 156435
    Number of points = 184885
    Number of faces shared with processor 282 = 98
    Number of faces shared with processor 195 = 80
    Number of faces shared with processor 210 = 1436
    Number of faces shared with processor 344 = 1608
    Number of faces shared with processor 345 = 1397
    Number of faces shared with processor 349 = 2463
    Number of faces shared with processor 357 = 85
    Number of faces shared with processor 360 = 2789
    Number of faces shared with processor 362 = 806
    Number of faces shared with processor 363 = 2327
    Number of processor patches = 10
    Number of processor faces = 13089
    Number of boundary faces = 9757

Processor 362
    Number of cells = 155740
    Number of points = 178691
    Number of faces shared with processor 282 = 140
    Number of faces shared with processor 338 = 13
    Number of faces shared with processor 349 = 3233
    Number of faces shared with processor 354 = 2605
    Number of faces shared with processor 356 = 942
    Number of faces shared with processor 361 = 806
    Number of faces shared with processor 363 = 3124
    Number of processor patches = 7
    Number of processor faces = 10863
    Number of boundary faces = 14021

Processor 363
    Number of cells = 155895
    Number of points = 181634
    Number of faces shared with processor 282 = 57
    Number of faces shared with processor 208 = 3
    Number of faces shared with processor 210 = 48
    Number of faces shared with processor 356 = 1754
    Number of faces shared with processor 357 = 2522
    Number of faces shared with processor 359 = 1487
    Number of faces shared with processor 360 = 545
    Number of faces shared with processor 361 = 2327
    Number of faces shared with processor 362 = 3124
    Number of processor patches = 9
    Number of processor faces = 11867
    Number of boundary faces = 12963

Processor 364
    Number of cells = 156725
    Number of points = 186392
    Number of faces shared with processor 390 = 192
    Number of faces shared with processor 392 = 831
    Number of faces shared with processor 393 = 36
    Number of faces shared with processor 396 = 1526
    Number of faces shared with processor 397 = 1287
    Number of faces shared with processor 400 = 272
    Number of faces shared with processor 365 = 398
    Number of faces shared with processor 366 = 1542
    Number of faces shared with processor 369 = 482
    Number of faces shared with processor 247 = 89
    Number of processor patches = 10
    Number of processor faces = 6655
    Number of boundary faces = 26025

Processor 365
    Number of cells = 156320
    Number of points = 177161
    Number of faces shared with processor 397 = 737
    Number of faces shared with processor 399 = 231
    Number of faces shared with processor 405 = 1256
    Number of faces shared with processor 229 = 124
    Number of faces shared with processor 364 = 398
    Number of faces shared with processor 366 = 2309
    Number of faces shared with processor 367 = 1283
    Number of faces shared with processor 368 = 113
    Number of faces shared with processor 369 = 1397
    Number of faces shared with processor 370 = 2030
    Number of faces shared with processor 373 = 893
    Number of faces shared with processor 374 = 2081
    Number of processor patches = 12
    Number of processor faces = 12852
    Number of boundary faces = 10737

Processor 366
    Number of cells = 155764
    Number of points = 190040
    Number of faces shared with processor 391 = 64
    Number of faces shared with processor 392 = 780
    Number of faces shared with processor 397 = 640
    Number of faces shared with processor 399 = 486
    Number of faces shared with processor 405 = 2106
    Number of faces shared with processor 413 = 87
    Number of faces shared with processor 414 = 1283
    Number of faces shared with processor 364 = 1542
    Number of faces shared with processor 365 = 2309
    Number of faces shared with processor 369 = 1523
    Number of processor patches = 10
    Number of processor faces = 10820
    Number of boundary faces = 22135

Processor 367
    Number of cells = 156167
    Number of points = 182436
    Number of faces shared with processor 229 = 156
    Number of faces shared with processor 365 = 1283
    Number of faces shared with processor 368 = 3149
    Number of faces shared with processor 369 = 245
    Number of faces shared with processor 370 = 1623
    Number of faces shared with processor 371 = 795
    Number of faces shared with processor 372 = 1553
    Number of processor patches = 7
    Number of processor faces = 8804
    Number of boundary faces = 18730

Processor 368
    Number of cells = 157600
    Number of points = 184463
    Number of faces shared with processor 257 = 1730
    Number of faces shared with processor 259 = 69
    Number of faces shared with processor 229 = 1168
    Number of faces shared with processor 365 = 113
    Number of faces shared with processor 367 = 3149
    Number of faces shared with processor 369 = 1960
    Number of faces shared with processor 371 = 903
    Number of faces shared with processor 247 = 99
    Number of faces shared with processor 253 = 186
    Number of faces shared with processor 255 = 1188
    Number of processor patches = 10
    Number of processor faces = 10565
    Number of boundary faces = 16402

Processor 369
    Number of cells = 158398
    Number of points = 186117
    Number of faces shared with processor 256 = 383
    Number of faces shared with processor 257 = 1312
    Number of faces shared with processor 390 = 870
    Number of faces shared with processor 392 = 583
    Number of faces shared with processor 414 = 423
    Number of faces shared with processor 229 = 131
    Number of faces shared with processor 364 = 482
    Number of faces shared with processor 365 = 1397
    Number of faces shared with processor 366 = 1523
    Number of faces shared with processor 367 = 245
    Number of faces shared with processor 368 = 1960
    Number of faces shared with processor 247 = 1505
    Number of processor patches = 12
    Number of processor faces = 10814
    Number of boundary faces = 16467

Processor 370
    Number of cells = 158514
    Number of points = 174455
    Number of faces shared with processor 319 = 2487
    Number of faces shared with processor 320 = 650
    Number of faces shared with processor 229 = 308
    Number of faces shared with processor 365 = 2030
    Number of faces shared with processor 367 = 1623
    Number of faces shared with processor 372 = 2123
    Number of faces shared with processor 373 = 1128
    Number of faces shared with processor 374 = 1930
    Number of faces shared with processor 375 = 2141
    Number of processor patches = 9
    Number of processor faces = 14420
    Number of boundary faces = 7821

Processor 371
    Number of cells = 158436
    Number of points = 183634
    Number of faces shared with processor 319 = 365
    Number of faces shared with processor 323 = 1864
    Number of faces shared with processor 324 = 798
    Number of faces shared with processor 229 = 687
    Number of faces shared with processor 367 = 795
    Number of faces shared with processor 368 = 903
    Number of faces shared with processor 372 = 1983
    Number of faces shared with processor 253 = 1485
    Number of processor patches = 8
    Number of processor faces = 8880
    Number of boundary faces = 16648

Processor 372
    Number of cells = 157997
    Number of points = 183153
    Number of faces shared with processor 319 = 690
    Number of faces shared with processor 320 = 602
    Number of faces shared with processor 324 = 979
    Number of faces shared with processor 229 = 84
    Number of faces shared with processor 367 = 1553
    Number of faces shared with processor 370 = 2123
    Number of faces shared with processor 371 = 1983
    Number of processor patches = 7
    Number of processor faces = 8014
    Number of boundary faces = 18714

Processor 373
    Number of cells = 158841
    Number of points = 173037
    Number of faces shared with processor 384 = 1033
    Number of faces shared with processor 385 = 2929
    Number of faces shared with processor 397 = 770
    Number of faces shared with processor 398 = 558
    Number of faces shared with processor 399 = 151
    Number of faces shared with processor 403 = 68
    Number of faces shared with processor 405 = 538
    Number of faces shared with processor 26 = 1137
    Number of faces shared with processor 316 = 374
    Number of faces shared with processor 317 = 261
    Number of faces shared with processor 320 = 903
    Number of faces shared with processor 326 = 883
    Number of faces shared with processor 334 = 342
    Number of faces shared with processor 335 = 12
    Number of faces shared with processor 337 = 194
    Number of faces shared with processor 351 = 1360
    Number of faces shared with processor 365 = 893
    Number of faces shared with processor 370 = 1128
    Number of faces shared with processor 374 = 1304
    Number of faces shared with processor 375 = 918
    Number of faces shared with processor 376 = 1222
    Number of processor patches = 21
    Number of processor faces = 16978
    Number of boundary faces = 3130

Processor 374
    Number of cells = 157177
    Number of points = 179562
    Number of faces shared with processor 384 = 1787
    Number of faces shared with processor 404 = 517
    Number of faces shared with processor 405 = 1974
    Number of faces shared with processor 365 = 2081
    Number of faces shared with processor 370 = 1930
    Number of faces shared with processor 373 = 1304
    Number of faces shared with processor 375 = 1940
    Number of faces shared with processor 376 = 1936
    Number of processor patches = 8
    Number of processor faces = 13469
    Number of boundary faces = 14191

Processor 375
    Number of cells = 158471
    Number of points = 176313
    Number of faces shared with processor 26 = 5
    Number of faces shared with processor 317 = 1866
    Number of faces shared with processor 319 = 229
    Number of faces shared with processor 320 = 3395
    Number of faces shared with processor 325 = 986
    Number of faces shared with processor 326 = 225
    Number of faces shared with processor 370 = 2141
    Number of faces shared with processor 373 = 918
    Number of faces shared with processor 374 = 1940
    Number of faces shared with processor 376 = 3003
    Number of processor patches = 10
    Number of processor faces = 14708
    Number of boundary faces = 9947

Processor 376
    Number of cells = 157188
    Number of points = 175811
    Number of faces shared with processor 384 = 1332
    Number of faces shared with processor 325 = 1252
    Number of faces shared with processor 326 = 469
    Number of faces shared with processor 334 = 3425
    Number of faces shared with processor 335 = 438
    Number of faces shared with processor 373 = 1222
    Number of faces shared with processor 374 = 1936
    Number of faces shared with processor 375 = 3003
    Number of processor patches = 8
    Number of processor faces = 13077
    Number of boundary faces = 10844

Processor 377
    Number of cells = 157815
    Number of points = 183625
    Number of faces shared with processor 390 = 1398
    Number of faces shared with processor 396 = 728
    Number of faces shared with processor 400 = 267
    Number of faces shared with processor 278 = 243
    Number of faces shared with processor 409 = 111
    Number of faces shared with processor 410 = 778
    Number of faces shared with processor 378 = 1006
    Number of faces shared with processor 379 = 2880
    Number of faces shared with processor 381 = 1926
    Number of faces shared with processor 382 = 1251
    Number of processor patches = 10
    Number of processor faces = 10588
    Number of boundary faces = 16467

Processor 378
    Number of cells = 155658
    Number of points = 179774
    Number of faces shared with processor 262 = 1656
    Number of faces shared with processor 264 = 760
    Number of faces shared with processor 276 = 872
    Number of faces shared with processor 278 = 1608
    Number of faces shared with processor 283 = 573
    Number of faces shared with processor 377 = 1006
    Number of faces shared with processor 379 = 2157
    Number of processor patches = 7
    Number of processor faces = 8632
    Number of boundary faces = 17099

Processor 379
    Number of cells = 155806
    Number of points = 177959
    Number of faces shared with processor 260 = 131
    Number of faces shared with processor 261 = 754
    Number of faces shared with processor 262 = 1695
    Number of faces shared with processor 390 = 491
    Number of faces shared with processor 268 = 14
    Number of faces shared with processor 396 = 115
    Number of faces shared with processor 278 = 52
    Number of faces shared with processor 283 = 874
    Number of faces shared with processor 247 = 2089
    Number of faces shared with processor 377 = 2880
    Number of faces shared with processor 378 = 2157
    Number of faces shared with processor 381 = 278
    Number of faces shared with processor 382 = 251
    Number of processor patches = 13
    Number of processor faces = 11781
    Number of boundary faces = 15838

Processor 380
    Number of cells = 158136
    Number of points = 193789
    Number of faces shared with processor 388 = 1797
    Number of faces shared with processor 389 = 919
    Number of faces shared with processor 275 = 2109
    Number of faces shared with processor 277 = 617
    Number of faces shared with processor 278 = 24
    Number of faces shared with processor 283 = 455
    Number of faces shared with processor 381 = 1931
    Number of faces shared with processor 382 = 1152
    Number of faces shared with processor 383 = 1203
    Number of processor patches = 9
    Number of processor faces = 10207
    Number of boundary faces = 18678

Processor 381
    Number of cells = 158195
    Number of points = 190640
    Number of faces shared with processor 277 = 125
    Number of faces shared with processor 278 = 1750
    Number of faces shared with processor 283 = 847
    Number of faces shared with processor 377 = 1926
    Number of faces shared with processor 379 = 278
    Number of faces shared with processor 380 = 1931
    Number of faces shared with processor 382 = 2384
    Number of processor patches = 7
    Number of processor faces = 9241
    Number of boundary faces = 17882

Processor 382
    Number of cells = 158624
    Number of points = 190123
    Number of faces shared with processor 385 = 519
    Number of faces shared with processor 387 = 1071
    Number of faces shared with processor 389 = 33
    Number of faces shared with processor 396 = 378
    Number of faces shared with processor 397 = 1138
    Number of faces shared with processor 398 = 566
    Number of faces shared with processor 410 = 1542
    Number of faces shared with processor 411 = 650
    Number of faces shared with processor 283 = 498
    Number of faces shared with processor 377 = 1251
    Number of faces shared with processor 379 = 251
    Number of faces shared with processor 380 = 1152
    Number of faces shared with processor 381 = 2384
    Number of faces shared with processor 383 = 795
    Number of processor patches = 14
    Number of processor faces = 12228
    Number of boundary faces = 15217

Processor 383
    Number of cells = 155749
    Number of points = 186741
    Number of faces shared with processor 385 = 2070
    Number of faces shared with processor 386 = 1741
    Number of faces shared with processor 387 = 1048
    Number of faces shared with processor 389 = 249
    Number of faces shared with processor 397 = 178
    Number of faces shared with processor 282 = 499
    Number of faces shared with processor 283 = 2269
    Number of faces shared with processor 331 = 1420
    Number of faces shared with processor 351 = 1062
    Number of faces shared with processor 355 = 1575
    Number of faces shared with processor 380 = 1203
    Number of faces shared with processor 382 = 795
    Number of processor patches = 12
    Number of processor faces = 14109
    Number of boundary faces = 18744

Processor 384
    Number of cells = 158615
    Number of points = 182507
    Number of faces shared with processor 385 = 2025
    Number of faces shared with processor 386 = 1348
    Number of faces shared with processor 403 = 534
    Number of faces shared with processor 404 = 1183
    Number of faces shared with processor 405 = 164
    Number of faces shared with processor 406 = 14
    Number of faces shared with processor 407 = 1193
    Number of faces shared with processor 335 = 1359
    Number of faces shared with processor 337 = 12
    Number of faces shared with processor 373 = 1033
    Number of faces shared with processor 374 = 1787
    Number of faces shared with processor 376 = 1332
    Number of processor patches = 12
    Number of processor faces = 11984
    Number of boundary faces = 13799

Processor 385
    Number of cells = 158624
    Number of points = 179437
    Number of faces shared with processor 384 = 2025
    Number of faces shared with processor 386 = 1892
    Number of faces shared with processor 387 = 1351
    Number of faces shared with processor 389 = 158
    Number of faces shared with processor 397 = 787
    Number of faces shared with processor 398 = 1543
    Number of faces shared with processor 403 = 350
    Number of faces shared with processor 282 = 357
    Number of faces shared with processor 411 = 19
    Number of faces shared with processor 283 = 203
    Number of faces shared with processor 331 = 1284
    Number of faces shared with processor 335 = 1499
    Number of faces shared with processor 337 = 106
    Number of faces shared with processor 351 = 607
    Number of faces shared with processor 373 = 2929
    Number of faces shared with processor 382 = 519
    Number of faces shared with processor 383 = 2070
    Number of processor patches = 17
    Number of processor faces = 17699
    Number of boundary faces = 5186

Processor 386
    Number of cells = 158624
    Number of points = 186370
    Number of faces shared with processor 384 = 1348
    Number of faces shared with processor 385 = 1892
    Number of faces shared with processor 387 = 1818
    Number of faces shared with processor 389 = 3232
    Number of faces shared with processor 403 = 76
    Number of faces shared with processor 407 = 1018
    Number of faces shared with processor 282 = 128
    Number of faces shared with processor 331 = 94
    Number of faces shared with processor 351 = 45
    Number of faces shared with processor 352 = 258
    Number of faces shared with processor 355 = 733
    Number of faces shared with processor 383 = 1741
    Number of processor patches = 12
    Number of processor faces = 12383
    Number of boundary faces = 11978

Processor 387
    Number of cells = 158440
    Number of points = 192892
    Number of faces shared with processor 385 = 1351
    Number of faces shared with processor 386 = 1818
    Number of faces shared with processor 389 = 2890
    Number of faces shared with processor 398 = 297
    Number of faces shared with processor 403 = 405
    Number of faces shared with processor 406 = 542
    Number of faces shared with processor 407 = 864
    Number of faces shared with processor 408 = 1165
    Number of faces shared with processor 411 = 1216
    Number of faces shared with processor 382 = 1071
    Number of faces shared with processor 383 = 1048
    Number of processor patches = 11
    Number of processor faces = 12667
    Number of boundary faces = 12557

Processor 388
    Number of cells = 158614
    Number of points = 185059
    Number of faces shared with processor 389 = 3384
    Number of faces shared with processor 273 = 1306
    Number of faces shared with processor 274 = 561
    Number of faces shared with processor 275 = 677
    Number of faces shared with processor 282 = 130
    Number of faces shared with processor 283 = 403
    Number of faces shared with processor 352 = 1771
    Number of faces shared with processor 353 = 1484
    Number of faces shared with processor 380 = 1797
    Number of processor patches = 9
    Number of processor faces = 11513
    Number of boundary faces = 13652

Processor 389
    Number of cells = 158624
    Number of points = 193266
    Number of faces shared with processor 385 = 158
    Number of faces shared with processor 386 = 3232
    Number of faces shared with processor 387 = 2890
    Number of faces shared with processor 388 = 3384
    Number of faces shared with processor 282 = 130
    Number of faces shared with processor 283 = 183
    Number of faces shared with processor 352 = 1558
    Number of faces shared with processor 355 = 257
    Number of faces shared with processor 380 = 919
    Number of faces shared with processor 382 = 33
    Number of faces shared with processor 383 = 249
    Number of processor patches = 11
    Number of processor faces = 12993
    Number of boundary faces = 13317

Processor 390
    Number of cells = 156116
    Number of points = 185567
    Number of faces shared with processor 392 = 1187
    Number of faces shared with processor 393 = 1920
    Number of faces shared with processor 394 = 487
    Number of faces shared with processor 396 = 285
    Number of faces shared with processor 400 = 325
    Number of faces shared with processor 409 = 773
    Number of faces shared with processor 414 = 992
    Number of faces shared with processor 364 = 192
    Number of faces shared with processor 369 = 870
    Number of faces shared with processor 247 = 1518
    Number of faces shared with processor 377 = 1398
    Number of faces shared with processor 379 = 491
    Number of processor patches = 12
    Number of processor faces = 10438
    Number of boundary faces = 16778

Processor 391
    Number of cells = 158442
    Number of points = 189676
    Number of faces shared with processor 392 = 1763
    Number of faces shared with processor 393 = 306
    Number of faces shared with processor 394 = 16
    Number of faces shared with processor 395 = 326
    Number of faces shared with processor 399 = 3076
    Number of faces shared with processor 401 = 324
    Number of faces shared with processor 405 = 1016
    Number of faces shared with processor 409 = 914
    Number of faces shared with processor 413 = 1731
    Number of faces shared with processor 366 = 64
    Number of processor patches = 10
    Number of processor faces = 9536
    Number of boundary faces = 20828

Processor 392
    Number of cells = 158123
    Number of points = 193168
    Number of faces shared with processor 390 = 1187
    Number of faces shared with processor 391 = 1763
    Number of faces shared with processor 393 = 2570
    Number of faces shared with processor 394 = 418
    Number of faces shared with processor 395 = 138
    Number of faces shared with processor 399 = 496
    Number of faces shared with processor 400 = 1513
    Number of faces shared with processor 413 = 595
    Number of faces shared with processor 414 = 778
    Number of faces shared with processor 364 = 831
    Number of faces shared with processor 366 = 780
    Number of faces shared with processor 369 = 583
    Number of processor patches = 12
    Number of processor faces = 11652
    Number of boundary faces = 18354

Processor 393
    Number of cells = 155484
    Number of points = 190754
    Number of faces shared with processor 390 = 1920
    Number of faces shared with processor 391 = 306
    Number of faces shared with processor 392 = 2570
    Number of faces shared with processor 394 = 2235
    Number of faces shared with processor 395 = 1318
    Number of faces shared with processor 399 = 186
    Number of faces shared with processor 400 = 1996
    Number of faces shared with processor 401 = 758
    Number of faces shared with processor 364 = 36
    Number of processor patches = 9
    Number of processor faces = 11325
    Number of boundary faces = 16320

Processor 394
    Number of cells = 156485
    Number of points = 186564
    Number of faces shared with processor 390 = 487
    Number of faces shared with processor 391 = 16
    Number of faces shared with processor 392 = 418
    Number of faces shared with processor 393 = 2235
    Number of faces shared with processor 395 = 2549
    Number of faces shared with processor 400 = 173
    Number of faces shared with processor 402 = 220
    Number of faces shared with processor 409 = 63
    Number of faces shared with processor 410 = 175
    Number of faces shared with processor 412 = 753
    Number of faces shared with processor 413 = 255
    Number of faces shared with processor 414 = 637
    Number of faces shared with processor 415 = 1687
    Number of processor patches = 13
    Number of processor faces = 9668
    Number of boundary faces = 22214

Processor 395
    Number of cells = 156918
    Number of points = 189228
    Number of faces shared with processor 391 = 326
    Number of faces shared with processor 392 = 138
    Number of faces shared with processor 393 = 1318
    Number of faces shared with processor 394 = 2549
    Number of faces shared with processor 400 = 98
    Number of faces shared with processor 401 = 336
    Number of faces shared with processor 402 = 695
    Number of faces shared with processor 412 = 276
    Number of faces shared with processor 413 = 404
    Number of faces shared with processor 415 = 143
    Number of processor patches = 10
    Number of processor faces = 6283
    Number of boundary faces = 26392

Processor 396
    Number of cells = 155935
    Number of points = 186841
    Number of faces shared with processor 390 = 285
    Number of faces shared with processor 397 = 2312
    Number of faces shared with processor 398 = 355
    Number of faces shared with processor 400 = 1071
    Number of faces shared with processor 410 = 909
    Number of faces shared with processor 364 = 1526
    Number of faces shared with processor 247 = 82
    Number of faces shared with processor 377 = 728
    Number of faces shared with processor 379 = 115
    Number of faces shared with processor 382 = 378
    Number of processor patches = 10
    Number of processor faces = 7761
    Number of boundary faces = 26360

Processor 397
    Number of cells = 157643
    Number of points = 186331
    Number of faces shared with processor 385 = 787
    Number of faces shared with processor 396 = 2312
    Number of faces shared with processor 398 = 2789
    Number of faces shared with processor 399 = 1808
    Number of faces shared with processor 410 = 68
    Number of faces shared with processor 364 = 1287
    Number of faces shared with processor 365 = 737
    Number of faces shared with processor 366 = 640
    Number of faces shared with processor 373 = 770
    Number of faces shared with processor 382 = 1138
    Number of faces shared with processor 383 = 178
    Number of processor patches = 11
    Number of processor faces = 12514
    Number of boundary faces = 16292

Processor 398
    Number of cells = 158624
    Number of points = 191029
    Number of faces shared with processor 385 = 1543
    Number of faces shared with processor 387 = 297
    Number of faces shared with processor 396 = 355
    Number of faces shared with processor 397 = 2789
    Number of faces shared with processor 399 = 1848
    Number of faces shared with processor 400 = 336
    Number of faces shared with processor 401 = 3406
    Number of faces shared with processor 402 = 1557
    Number of faces shared with processor 403 = 1983
    Number of faces shared with processor 405 = 222
    Number of faces shared with processor 406 = 543
    Number of faces shared with processor 409 = 235
    Number of faces shared with processor 410 = 1082
    Number of faces shared with processor 411 = 1768
    Number of faces shared with processor 373 = 558
    Number of faces shared with processor 382 = 566
    Number of processor patches = 16
    Number of processor faces = 19088
    Number of boundary faces = 14320

Processor 399
    Number of cells = 158624
    Number of points = 191436
    Number of faces shared with processor 391 = 3076
    Number of faces shared with processor 392 = 496
    Number of faces shared with processor 393 = 186
    Number of faces shared with processor 397 = 1808
    Number of faces shared with processor 398 = 1848
    Number of faces shared with processor 400 = 1157
    Number of faces shared with processor 401 = 2287
    Number of faces shared with processor 402 = 81
    Number of faces shared with processor 403 = 126
    Number of faces shared with processor 405 = 442
    Number of faces shared with processor 409 = 701
    Number of faces shared with processor 365 = 231
    Number of faces shared with processor 366 = 486
    Number of faces shared with processor 373 = 151
    Number of processor patches = 14
    Number of processor faces = 13076
    Number of boundary faces = 17863

Processor 400
    Number of cells = 157033
    Number of points = 188073
    Number of faces shared with processor 390 = 325
    Number of faces shared with processor 392 = 1513
    Number of faces shared with processor 393 = 1996
    Number of faces shared with processor 394 = 173
    Number of faces shared with processor 395 = 98
    Number of faces shared with processor 396 = 1071
    Number of faces shared with processor 398 = 336
    Number of faces shared with processor 399 = 1157
    Number of faces shared with processor 401 = 1587
    Number of faces shared with processor 402 = 800
    Number of faces shared with processor 409 = 107
    Number of faces shared with processor 410 = 1154
    Number of faces shared with processor 364 = 272
    Number of faces shared with processor 377 = 267
    Number of processor patches = 14
    Number of processor faces = 10856
    Number of boundary faces = 18467

Processor 401
    Number of cells = 157841
    Number of points = 190782
    Number of faces shared with processor 391 = 324
    Number of faces shared with processor 393 = 758
    Number of faces shared with processor 395 = 336
    Number of faces shared with processor 398 = 3406
    Number of faces shared with processor 399 = 2287
    Number of faces shared with processor 400 = 1587
    Number of faces shared with processor 402 = 2589
    Number of faces shared with processor 403 = 7
    Number of processor patches = 8
    Number of processor faces = 11294
    Number of boundary faces = 19836

Processor 402
    Number of cells = 156360
    Number of points = 191465
    Number of faces shared with processor 394 = 220
    Number of faces shared with processor 395 = 695
    Number of faces shared with processor 398 = 1557
    Number of faces shared with processor 399 = 81
    Number of faces shared with processor 400 = 800
    Number of faces shared with processor 401 = 2589
    Number of faces shared with processor 403 = 969
    Number of faces shared with processor 409 = 683
    Number of faces shared with processor 410 = 749
    Number of faces shared with processor 412 = 2371
    Number of processor patches = 10
    Number of processor faces = 10714
    Number of boundary faces = 20486

Processor 403
    Number of cells = 158624
    Number of points = 188702
    Number of faces shared with processor 384 = 534
    Number of faces shared with processor 385 = 350
    Number of faces shared with processor 386 = 76
    Number of faces shared with processor 387 = 405
    Number of faces shared with processor 398 = 1983
    Number of faces shared with processor 399 = 126
    Number of faces shared with processor 401 = 7
    Number of faces shared with processor 402 = 969
    Number of faces shared with processor 404 = 612
    Number of faces shared with processor 405 = 1130
    Number of faces shared with processor 406 = 1629
    Number of faces shared with processor 407 = 461
    Number of faces shared with processor 409 = 2230
    Number of faces shared with processor 412 = 748
    Number of faces shared with processor 413 = 861
    Number of faces shared with processor 373 = 68
    Number of processor patches = 16
    Number of processor faces = 12189
    Number of boundary faces = 17637

Processor 404
    Number of cells = 156362
    Number of points = 195042
    Number of faces shared with processor 384 = 1183
    Number of faces shared with processor 403 = 612
    Number of faces shared with processor 405 = 2160
    Number of faces shared with processor 406 = 1278
    Number of faces shared with processor 407 = 1901
    Number of faces shared with processor 408 = 475
    Number of faces shared with processor 413 = 411
    Number of faces shared with processor 414 = 2026
    Number of faces shared with processor 415 = 54
    Number of faces shared with processor 374 = 517
    Number of processor patches = 10
    Number of processor faces = 10617
    Number of boundary faces = 19369

Processor 405
    Number of cells = 157800
    Number of points = 190076
    Number of faces shared with processor 384 = 164
    Number of faces shared with processor 391 = 1016
    Number of faces shared with processor 398 = 222
    Number of faces shared with processor 399 = 442
    Number of faces shared with processor 403 = 1130
    Number of faces shared with processor 404 = 2160
    Number of faces shared with processor 409 = 231
    Number of faces shared with processor 413 = 584
    Number of faces shared with processor 414 = 773
    Number of faces shared with processor 365 = 1256
    Number of faces shared with processor 366 = 2106
    Number of faces shared with processor 373 = 538
    Number of faces shared with processor 374 = 1974
    Number of processor patches = 13
    Number of processor faces = 12596
    Number of boundary faces = 19303

Processor 406
    Number of cells = 155485
    Number of points = 189429
    Number of faces shared with processor 384 = 14
    Number of faces shared with processor 387 = 542
    Number of faces shared with processor 398 = 543
    Number of faces shared with processor 403 = 1629
    Number of faces shared with processor 404 = 1278
    Number of faces shared with processor 407 = 1958
    Number of faces shared with processor 408 = 2947
    Number of faces shared with processor 411 = 945
    Number of faces shared with processor 413 = 73
    Number of faces shared with processor 415 = 106
    Number of processor patches = 10
    Number of processor faces = 10035
    Number of boundary faces = 19459

Processor 407
    Number of cells = 156079
    Number of points = 188022
    Number of faces shared with processor 384 = 1193
    Number of faces shared with processor 386 = 1018
    Number of faces shared with processor 387 = 864
    Number of faces shared with processor 403 = 461
    Number of faces shared with processor 404 = 1901
    Number of faces shared with processor 406 = 1958
    Number of faces shared with processor 408 = 2797
    Number of processor patches = 7
    Number of processor faces = 10192
    Number of boundary faces = 16426

Processor 408
    Number of cells = 157622
    Number of points = 194386
    Number of faces shared with processor 387 = 1165
    Number of faces shared with processor 404 = 475
    Number of faces shared with processor 406 = 2947
    Number of faces shared with processor 407 = 2797
    Number of faces shared with processor 409 = 1938
    Number of faces shared with processor 411 = 1635
    Number of faces shared with processor 412 = 826
    Number of faces shared with processor 413 = 256
    Number of faces shared with processor 414 = 931
    Number of faces shared with processor 415 = 754
    Number of processor patches = 10
    Number of processor faces = 13724
    Number of boundary faces = 16793

Processor 409
    Number of cells = 157491
    Number of points = 191762
    Number of faces shared with processor 390 = 773
    Number of faces shared with processor 391 = 914
    Number of faces shared with processor 394 = 63
    Number of faces shared with processor 398 = 235
    Number of faces shared with processor 399 = 701
    Number of faces shared with processor 400 = 107
    Number of faces shared with processor 402 = 683
    Number of faces shared with processor 403 = 2230
    Number of faces shared with processor 405 = 231
    Number of faces shared with processor 408 = 1938
    Number of faces shared with processor 410 = 1565
    Number of faces shared with processor 411 = 1439
    Number of faces shared with processor 412 = 655
    Number of faces shared with processor 413 = 1476
    Number of faces shared with processor 414 = 815
    Number of faces shared with processor 415 = 722
    Number of faces shared with processor 377 = 111
    Number of processor patches = 17
    Number of processor faces = 14658
    Number of boundary faces = 18660

Processor 410
    Number of cells = 157311
    Number of points = 190398
    Number of faces shared with processor 394 = 175
    Number of faces shared with processor 396 = 909
    Number of faces shared with processor 397 = 68
    Number of faces shared with processor 398 = 1082
    Number of faces shared with processor 400 = 1154
    Number of faces shared with processor 402 = 749
    Number of faces shared with processor 409 = 1565
    Number of faces shared with processor 411 = 2044
    Number of faces shared with processor 412 = 609
    Number of faces shared with processor 415 = 6
    Number of faces shared with processor 377 = 778
    Number of faces shared with processor 382 = 1542
    Number of processor patches = 12
    Number of processor faces = 10681
    Number of boundary faces = 22879

Processor 411
    Number of cells = 156807
    Number of points = 192815
    Number of faces shared with processor 385 = 19
    Number of faces shared with processor 387 = 1216
    Number of faces shared with processor 398 = 1768
    Number of faces shared with processor 406 = 945
    Number of faces shared with processor 408 = 1635
    Number of faces shared with processor 409 = 1439
    Number of faces shared with processor 410 = 2044
    Number of faces shared with processor 382 = 650
    Number of processor patches = 8
    Number of processor faces = 9716
    Number of boundary faces = 21714

Processor 412
    Number of cells = 156913
    Number of points = 188744
    Number of faces shared with processor 394 = 753
    Number of faces shared with processor 395 = 276
    Number of faces shared with processor 402 = 2371
    Number of faces shared with processor 403 = 748
    Number of faces shared with processor 408 = 826
    Number of faces shared with processor 409 = 655
    Number of faces shared with processor 410 = 609
    Number of faces shared with processor 413 = 2035
    Number of faces shared with processor 415 = 2779
    Number of processor patches = 9
    Number of processor faces = 11052
    Number of boundary faces = 18241

Processor 413
    Number of cells = 158255
    Number of points = 193667
    Number of faces shared with processor 391 = 1731
    Number of faces shared with processor 392 = 595
    Number of faces shared with processor 394 = 255
    Number of faces shared with processor 395 = 404
    Number of faces shared with processor 403 = 861
    Number of faces shared with processor 404 = 411
    Number of faces shared with processor 405 = 584
    Number of faces shared with processor 406 = 73
    Number of faces shared with processor 408 = 256
    Number of faces shared with processor 409 = 1476
    Number of faces shared with processor 412 = 2035
    Number of faces shared with processor 414 = 891
    Number of faces shared with processor 415 = 1278
    Number of faces shared with processor 366 = 87
    Number of processor patches = 14
    Number of processor faces = 10937
    Number of boundary faces = 20285

Processor 414
    Number of cells = 156830
    Number of points = 188056
    Number of faces shared with processor 390 = 992
    Number of faces shared with processor 392 = 778
    Number of faces shared with processor 394 = 637
    Number of faces shared with processor 404 = 2026
    Number of faces shared with processor 405 = 773
    Number of faces shared with processor 408 = 931
    Number of faces shared with processor 409 = 815
    Number of faces shared with processor 413 = 891
    Number of faces shared with processor 415 = 2707
    Number of faces shared with processor 366 = 1283
    Number of faces shared with processor 369 = 423
    Number of processor patches = 11
    Number of processor faces = 12256
    Number of boundary faces = 19201

Processor 415
    Number of cells = 155484
    Number of points = 189876
    Number of faces shared with processor 394 = 1687
    Number of faces shared with processor 395 = 143
    Number of faces shared with processor 404 = 54
    Number of faces shared with processor 406 = 106
    Number of faces shared with processor 408 = 754
    Number of faces shared with processor 409 = 722
    Number of faces shared with processor 410 = 6
    Number of faces shared with processor 412 = 2779
    Number of faces shared with processor 413 = 1278
    Number of faces shared with processor 414 = 2707
    Number of processor patches = 10
    Number of processor faces = 10236
    Number of boundary faces = 18042

Number of processor faces = 2690403
Max number of cells = 158841 (1.137359260418245% above average 157054.7235576923)
Max number of processor patches = 49 (341.7858690940616% above average 11.09134615384615)
Max number of faces between processors = 24462 (89.12021730573449% above average 12934.62980769231)

Time = constant
--> FOAM Warning : 
    From bool Foam::IOobject::readHeader(Foam::dictionary&, Foam::Istream&)
    in file db/IOobject/IOobjectReadHeader.C at line 118
    Reading "constant/README.md" at line 1
    First token could not be read or is not 'FoamFile'

Check header is of the form:

/*--------------------------------*- C++ -*----------------------------------*\
| =========                 |                                                 |
| \\      /  F ield         | OpenFOAM: The Open Source CFD Toolbox           |
|  \\    /   O peration     | Version:  2512                                  |
|   \\  /    A nd           | Website:  www.openfoam.com                      |
|    \\/     M anipulation  |                                                 |
\*---------------------------------------------------------------------------*/
FoamFile
{
    version     2.0;
    format      ascii;
    arch        "LSB;label=32;scalar=64";
    class       IOobject;
    location    "constant";
    object      README.md;
}
// * * * * * * * * * * * * * * * * * * * * * * * * * * * * * * * * * * * * * //


Processor 0: field transfer
Processor 1: field transfer
Processor 2: field transfer
Processor 3: field transfer
Processor 4: field transfer
Processor 5: field transfer
Processor 6: field transfer
Processor 7: field transfer
Processor 8: field transfer
Processor 9: field transfer
Processor 10: field transfer
Processor 11: field transfer
Processor 12: field transfer
Processor 13: field transfer
Processor 14: field transfer
Processor 15: field transfer
Processor 16: field transfer
Processor 17: field transfer
Processor 18: field transfer
Processor 19: field transfer
Processor 20: field transfer
Processor 21: field transfer
Processor 22: field transfer
Processor 23: field transfer
Processor 24: field transfer
Processor 25: field transfer
Processor 26: field transfer
Processor 27: field transfer
Processor 28: field transfer
Processor 29: field transfer
Processor 30: field transfer
Processor 31: field transfer
Processor 32: field transfer
Processor 33: field transfer
Processor 34: field transfer
Processor 35: field transfer
Processor 36: field transfer
Processor 37: field transfer
Processor 38: field transfer
Processor 39: field transfer
Processor 40: field transfer
Processor 41: field transfer
Processor 42: field transfer
Processor 43: field transfer
Processor 44: field transfer
Processor 45: field transfer
Processor 46: field transfer
Processor 47: field transfer
Processor 48: field transfer
Processor 49: field transfer
Processor 50: field transfer
Processor 51: field transfer
Processor 52: field transfer
Processor 53: field transfer
Processor 54: field transfer
Processor 55: field transfer
Processor 56: field transfer
Processor 57: field transfer
Processor 58: field transfer
Processor 59: field transfer
Processor 60: field transfer
Processor 61: field transfer
Processor 62: field transfer
Processor 63: field transfer
Processor 64: field transfer
Processor 65: field transfer
Processor 66: field transfer
Processor 67: field transfer
Processor 68: field transfer
Processor 69: field transfer
Processor 70: field transfer
Processor 71: field transfer
Processor 72: field transfer
Processor 73: field transfer
Processor 74: field transfer
Processor 75: field transfer
Processor 76: field transfer
Processor 77: field transfer
Processor 78: field transfer
Processor 79: field transfer
Processor 80: field transfer
Processor 81: field transfer
Processor 82: field transfer
Processor 83: field transfer
Processor 84: field transfer
Processor 85: field transfer
Processor 86: field transfer
Processor 87: field transfer
Processor 88: field transfer
Processor 89: field transfer
Processor 90: field transfer
Processor 91: field transfer
Processor 92: field transfer
Processor 93: field transfer
Processor 94: field transfer
Processor 95: field transfer
Processor 96: field transfer
Processor 97: field transfer
Processor 98: field transfer
Processor 99: field transfer
Processor 100: field transfer
Processor 101: field transfer
Processor 102: field transfer
Processor 103: field transfer
Processor 104: field transfer
Processor 105: field transfer
Processor 106: field transfer
Processor 107: field transfer
Processor 108: field transfer
Processor 109: field transfer
Processor 110: field transfer
Processor 111: field transfer
Processor 112: field transfer
Processor 113: field transfer
Processor 114: field transfer
Processor 115: field transfer
Processor 116: field transfer
Processor 117: field transfer
Processor 118: field transfer
Processor 119: field transfer
Processor 120: field transfer
Processor 121: field transfer
Processor 122: field transfer
Processor 123: field transfer
Processor 124: field transfer
Processor 125: field transfer
Processor 126: field transfer
Processor 127: field transfer
Processor 128: field transfer
Processor 129: field transfer
Processor 130: field transfer
Processor 131: field transfer
Processor 132: field transfer
Processor 133: field transfer
Processor 134: field transfer
Processor 135: field transfer
Processor 136: field transfer
Processor 137: field transfer
Processor 138: field transfer
Processor 139: field transfer
Processor 140: field transfer
Processor 141: field transfer
Processor 142: field transfer
Processor 143: field transfer
Processor 144: field transfer
Processor 145: field transfer
Processor 146: field transfer
Processor 147: field transfer
Processor 148: field transfer
Processor 149: field transfer
Processor 150: field transfer
Processor 151: field transfer
Processor 152: field transfer
Processor 153: field transfer
Processor 154: field transfer
Processor 155: field transfer
Processor 156: field transfer
Processor 157: field transfer
Processor 158: field transfer
Processor 159: field transfer
Processor 160: field transfer
Processor 161: field transfer
Processor 162: field transfer
Processor 163: field transfer
Processor 164: field transfer
Processor 165: field transfer
Processor 166: field transfer
Processor 167: field transfer
Processor 168: field transfer
Processor 169: field transfer
Processor 170: field transfer
Processor 171: field transfer
Processor 172: field transfer
Processor 173: field transfer
Processor 174: field transfer
Processor 175: field transfer
Processor 176: field transfer
Processor 177: field transfer
Processor 178: field transfer
Processor 179: field transfer
Processor 180: field transfer
Processor 181: field transfer
Processor 182: field transfer
Processor 183: field transfer
Processor 184: field transfer
Processor 185: field transfer
Processor 186: field transfer
Processor 187: field transfer
Processor 188: field transfer
Processor 189: field transfer
Processor 190: field transfer
Processor 191: field transfer
Processor 192: field transfer
Processor 193: field transfer
Processor 194: field transfer
Processor 195: field transfer
Processor 196: field transfer
Processor 197: field transfer
Processor 198: field transfer
Processor 199: field transfer
Processor 200: field transfer
Processor 201: field transfer
Processor 202: field transfer
Processor 203: field transfer
Processor 204: field transfer
Processor 205: field transfer
Processor 206: field transfer
Processor 207: field transfer
Processor 208: field transfer
Processor 209: field transfer
Processor 210: field transfer
Processor 211: field transfer
Processor 212: field transfer
Processor 213: field transfer
Processor 214: field transfer
Processor 215: field transfer
Processor 216: field transfer
Processor 217: field transfer
Processor 218: field transfer
Processor 219: field transfer
Processor 220: field transfer
Processor 221: field transfer
Processor 222: field transfer
Processor 223: field transfer
Processor 224: field transfer
Processor 225: field transfer
Processor 226: field transfer
Processor 227: field transfer
Processor 228: field transfer
Processor 229: field transfer
Processor 230: field transfer
Processor 231: field transfer
Processor 232: field transfer
Processor 233: field transfer
Processor 234: field transfer
Processor 235: field transfer
Processor 236: field transfer
Processor 237: field transfer
Processor 238: field transfer
Processor 239: field transfer
Processor 240: field transfer
Processor 241: field transfer
Processor 242: field transfer
Processor 243: field transfer
Processor 244: field transfer
Processor 245: field transfer
Processor 246: field transfer
Processor 247: field transfer
Processor 248: field transfer
Processor 249: field transfer
Processor 250: field transfer
Processor 251: field transfer
Processor 252: field transfer
Processor 253: field transfer
Processor 254: field transfer
Processor 255: field transfer
Processor 256: field transfer
Processor 257: field transfer
Processor 258: field transfer
Processor 259: field transfer
Processor 260: field transfer
Processor 261: field transfer
Processor 262: field transfer
Processor 263: field transfer
Processor 264: field transfer
Processor 265: field transfer
Processor 266: field transfer
Processor 267: field transfer
Processor 268: field transfer
Processor 269: field transfer
Processor 270: field transfer
Processor 271: field transfer
Processor 272: field transfer
Processor 273: field transfer
Processor 274: field transfer
Processor 275: field transfer
Processor 276: field transfer
Processor 277: field transfer
Processor 278: field transfer
Processor 279: field transfer
Processor 280: field transfer
Processor 281: field transfer
Processor 282: field transfer
Processor 283: field transfer
Processor 284: field transfer
Processor 285: field transfer
Processor 286: field transfer
Processor 287: field transfer
Processor 288: field transfer
Processor 289: field transfer
Processor 290: field transfer
Processor 291: field transfer
Processor 292: field transfer
Processor 293: field transfer
Processor 294: field transfer
Processor 295: field transfer
Processor 296: field transfer
Processor 297: field transfer
Processor 298: field transfer
Processor 299: field transfer
Processor 300: field transfer
Processor 301: field transfer
Processor 302: field transfer
Processor 303: field transfer
Processor 304: field transfer
Processor 305: field transfer
Processor 306: field transfer
Processor 307: field transfer
Processor 308: field transfer
Processor 309: field transfer
Processor 310: field transfer
Processor 311: field transfer
Processor 312: field transfer
Processor 313: field transfer
Processor 314: field transfer
Processor 315: field transfer
Processor 316: field transfer
Processor 317: field transfer
Processor 318: field transfer
Processor 319: field transfer
Processor 320: field transfer
Processor 321: field transfer
Processor 322: field transfer
Processor 323: field transfer
Processor 324: field transfer
Processor 325: field transfer
Processor 326: field transfer
Processor 327: field transfer
Processor 328: field transfer
Processor 329: field transfer
Processor 330: field transfer
Processor 331: field transfer
Processor 332: field transfer
Processor 333: field transfer
Processor 334: field transfer
Processor 335: field transfer
Processor 336: field transfer
Processor 337: field transfer
Processor 338: field transfer
Processor 339: field transfer
Processor 340: field transfer
Processor 341: field transfer
Processor 342: field transfer
Processor 343: field transfer
Processor 344: field transfer
Processor 345: field transfer
Processor 346: field transfer
Processor 347: field transfer
Processor 348: field transfer
Processor 349: field transfer
Processor 350: field transfer
Processor 351: field transfer
Processor 352: field transfer
Processor 353: field transfer
Processor 354: field transfer
Processor 355: field transfer
Processor 356: field transfer
Processor 357: field transfer
Processor 358: field transfer
Processor 359: field transfer
Processor 360: field transfer
Processor 361: field transfer
Processor 362: field transfer
Processor 363: field transfer
Processor 364: field transfer
Processor 365: field transfer
Processor 366: field transfer
Processor 367: field transfer
Processor 368: field transfer
Processor 369: field transfer
Processor 370: field transfer
Processor 371: field transfer
Processor 372: field transfer
Processor 373: field transfer
Processor 374: field transfer
Processor 375: field transfer
Processor 376: field transfer
Processor 377: field transfer
Processor 378: field transfer
Processor 379: field transfer
Processor 380: field transfer
Processor 381: field transfer
Processor 382: field transfer
Processor 383: field transfer
Processor 384: field transfer
Processor 385: field transfer
Processor 386: field transfer
Processor 387: field transfer
Processor 388: field transfer
Processor 389: field transfer
Processor 390: field transfer
Processor 391: field transfer
Processor 392: field transfer
Processor 393: field transfer
Processor 394: field transfer
Processor 395: field transfer
Processor 396: field transfer
Processor 397: field transfer
Processor 398: field transfer
Processor 399: field transfer
Processor 400: field transfer
Processor 401: field transfer
Processor 402: field transfer
Processor 403: field transfer
Processor 404: field transfer
Processor 405: field transfer
Processor 406: field transfer
Processor 407: field transfer
Processor 408: field transfer
Processor 409: field transfer
Processor 410: field transfer
Processor 411: field transfer
Processor 412: field transfer
Processor 413: field transfer
Processor 414: field transfer
Processor 415: field transfer

End

